,rcn,nperco,cmn,n_updis,cdn,sdnco,fixco,bc3_bsn,shallst_n,erorgp,soln_con,sol_no3,sol_orgn,kden,kno3,al
real_0000,1.435408584445365,0.9773816262282655,0.007608535193504336,7.882718851865637,0.6049754816750619,1.0856710869452701,0.0,0.23095087552820767,0.1,5.356463924814954,3.8354195397792665,7.1340042578466925,6151.0895728200285,0.07586733650707787,88.0569806562394,31.339436233194803
real_0001,1.6864878487935884,0.9719241528036029,0.009184478587011524,6.7274497177928625,0.0,1.0653737346679006,0.015325995028005022,0.4288190830837995,0.12817999099396782,9.963295335458511,4.0006872414911525,18.493511469480225,6940.0334252565135,0.09892472187519273,92.17675881834158,32.06051374735121
real_0002,0.8049807774723701,0.9965744390358529,0.008465694645632208,9.3504823444566,0.12412688346828141,1.089208031783664,0.0013409297169235414,0.13510874058461786,0.7159580512565593,9.972534779826006,3.758111401076667,2.034426565274468,6544.701076921305,0.09181456221308949,87.21072979702565,26.740879828440598
real_0003,1.3174442972645584,1.0,0.007526954307888381,19.77213410812287,0.47270709127742117,1.0938346318067929,0.019289765722151193,0.16721820668245332,0.9610731664284481,6.949222006833151,3.556992452075781,1.5588705034532162,6868.817020829692,0.08449613983445835,88.8249412988538,27.609563852351506
real_0004,1.1423233148960692,1.0,0.007394220070640721,18.54131435763054,0.4302216135043418,1.093945583724577,0.018687153002502198,0.1370541591872642,0.9412921309281346,7.057466402362484,3.534304214333828,1.5955340380188345,6843.140392121027,0.08420827021663986,90.60143841723816,28.89928673705621
real_0005,1.1268343908871021,0.9996269218179973,0.005798599579963248,14.463629855974126,0.05648144989391809,1.0781255791067823,0.019600299103624964,0.4914261537121243,0.11599083338574177,10.0,3.5705344940088537,19.682843675864643,7067.805174043943,0.08647861921265462,91.86115857978331,35.19597739966715
real_0006,0.8557867756035612,1.0,0.008504871375863709,5.297993139731079,0.15092049758167883,1.086079166772147,0.0,0.35187443252121664,2.286267262496878,9.577458505237662,4.086333883432604,19.14337470347031,5917.149955833717,0.11519310846296854,94.67745086313361,31.455029371154406
real_0007,2.719868858300848,0.9993153489813861,0.005314238759470398,5.985355002599119,0.08110927403339514,1.0973183750631268,0.007369202046913469,0.4674533310589952,0.11877610538042671,4.200505318163367,3.5536999376014,2.6997554081224626,9697.948704842514,0.1296119325585622,96.55166142814016,39.16227670935762
real_0008,1.1455214974033874,0.9983549762616531,0.009719987292258736,5.568146913832826,1.2469234547193468,1.0862417398251045,0.0020407369130444287,0.1562564579467515,0.12597486082084464,4.708640752712857,3.7199880562803966,2.1286463598511287,7877.664972691875,0.12544649295056612,99.37690065409812,28.382849064779908
real_0009,1.4213654452851245,0.9752150917039207,0.007886277913992611,7.131855547635316,0.5961719948318649,1.0854689816483822,0.006117506850293354,0.2379553105262541,0.1,5.54355990854253,3.851603091149532,6.787785556268968,6132.853517875328,0.07484324349217625,88.02759265004869,30.616481652974247
real_0010,0.67950838750107,0.9994487955848306,0.01,22.774400213492306,1.0996531690992917,1.0848893282609697,0.0027987044921914356,0.8194369450038255,0.1,10.0,3.730519816468763,2.889765942938386,6716.723150984034,0.11489838058222038,99.39640954006792,37.81393683270625
real_0011,1.0505361838635563,0.9981303845589855,0.008379128448917033,15.155397782393631,0.08919091936994569,1.0845921748572016,0.0,0.4996258667626585,0.38909674193609695,10.0,3.817334809857957,8.937231809780346,6979.550046562266,0.09503040880240943,91.49961923474378,30.333554122300793
real_0012,1.1620287625539494,1.0,0.0061957012275304655,5.0,0.4189831059147194,1.0858898740774854,0.009259383349968984,0.27069485246288755,0.104931274880905,9.224503471846623,3.8481441949923987,9.653005483991251,6838.8891384962,0.09098632524713367,86.97127852614763,43.139691990588105
real_0013,1.2000383143556983,1.0,0.006080850230923681,5.370070784354856,0.5493642658301798,1.0866515901698772,0.0038236375514200385,0.25444849749224663,0.11450709787991363,10.0,3.8295241531638795,8.433186136652925,6907.715744336224,0.0899363185805651,87.19201361610266,43.326476769895464
real_0014,1.0768723412771575,1.0,0.008735801295198218,8.13641355351375,0.7430909702554946,1.072744823629543,0.11715397901418356,0.2461805464981118,0.12563808749530983,9.772914610949098,3.55131745400299,3.551919051409007,6817.026437652855,0.08990845515020054,94.00933630259857,24.026458302667564
real_0015,1.798863881350994,0.9721079202472152,0.009033661979491375,7.097111144342099,0.012675045184928888,1.0665341300749984,0.011637086043639593,0.4714776778785567,0.12101605797312809,10.0,3.992256726753777,16.80597691840634,6880.917941225452,0.09948731152375134,93.62944747247018,33.54013646878772
real_0016,0.6427221671127834,1.0,0.00980313685296083,25.892454426517233,1.1122979593678202,1.0854616636943857,0.009668260029248879,0.7871413284106704,0.113641071823578,10.0,3.661523349626182,2.7923583618226013,6656.95046451055,0.11277819021584766,99.0929809029118,37.835516734543496
real_0017,0.9249499205123186,1.0,0.008621005348650946,12.610003023596233,0.13195723531477604,1.086252041872185,0.036605180266402304,0.24460163485245753,0.11344735045529683,7.474926249735686,3.5192565101324353,3.730971947003879,6531.549004049169,0.08830044893414889,91.02115885389597,30.764166388131652
real_0018,0.9962498854647684,0.9956391081594598,0.008104605222538997,10.00655419244216,0.28730439219636245,1.0768681919650505,0.02144902291860399,0.2604847255853597,0.24868144060608444,9.810107574552687,3.8242548861883394,5.437914997992957,6756.3443169597585,0.09488723558105233,95.95960905558194,32.25063906804252
real_0019,0.5309084342230136,1.0,0.009250431802115995,16.66965117198107,1.1578789354848638,1.0848719050137832,0.017543909881947553,0.07781119182111643,1.2115415454877072,10.0,3.4968996468942146,11.357981113184024,6784.784449170023,0.09024084339874787,90.85100032164243,23.24845745137967
real_0020,0.6483483421610546,1.0,0.009827440130419291,22.614343986300895,1.0729184113220291,1.0839238420490425,0.0,0.8942790133128496,0.11365542729032588,10.0,3.7168928808138206,2.936841896771583,6696.239773384157,0.11440952631353138,100.0,37.15846069813801
real_0021,0.6200468389652458,1.0,0.005577219758270697,5.318861485326327,0.03420134589720613,1.0901189287074111,0.010345702164702764,0.25558903107473374,0.12182627601772456,4.847019761532339,3.3320616808013805,5.899852839775993,7159.509451181008,0.10419440083790169,100.0,25.483558222462722
real_0022,1.1771067721128605,1.0,0.009918890661438714,5.1058176264488955,1.1949759867063643,1.0863517287481428,0.007840800059831395,0.14944896578563555,0.11984071018599675,5.296944624713332,3.7568091688341894,2.4424660352498684,7789.436865565564,0.1293480233825639,99.47739057316664,29.33145777982275
real_0023,1.4796486486272187,1.0,0.00847808416994841,12.357367450799664,0.36401039685111025,1.0880322325552119,0.04124691732171781,0.171259730835532,0.1,10.0,3.7582347307003547,7.122773466622642,6898.991836423077,0.08960041964036289,94.43287964544689,25.449744010338627
real_0024,1.8284866239339348,0.9705188336677193,0.008888412997663407,6.535597815400414,0.03013672461756789,1.0654822380055062,0.015877504714739286,0.5138086195826247,0.1344387657812558,10.0,3.9757483077933915,17.944263357727767,6882.0788817015455,0.09917693187025853,92.17788346905927,33.21600261152649
real_0025,2.631016510957595,1.0,0.008351676164564108,6.9234126552124415,0.37946169258344775,1.0835825299434922,0.0,1.4738297377694203,0.1,3.67836957622627,3.62009843751689,2.7391459287768813,5216.725961059981,0.07171641918253202,90.65465486736264,42.91077387317602
real_0026,2.030309231187912,0.9989755709262763,0.00893243386279085,6.495270250756488,0.8242793329957709,1.093953247539634,4.45951418218709e-05,0.2135009696098873,0.18180034154929797,10.0,3.396863218500284,11.321859021591672,8932.869778190048,0.07444151309822877,57.19324452954502,32.7046379220386
real_0027,1.4213244707629251,0.9976427090217884,0.008171644970964023,11.914678888753775,0.2832778713573523,1.0645516805731867,0.16649981038502087,0.18669198842278126,0.12763745117194356,9.197765572277781,3.8170722846152336,3.496008136536279,6715.512124865555,0.09253740297778473,91.84358734157792,35.869058743961965
real_0028,1.187344325557458,1.0,0.007330771106166715,13.204835517354027,0.3992824705518494,1.0922176274257807,0.018232848308406897,0.22232724487238503,0.1,10.0,3.9702705098148954,3.0480573234779547,7084.7884942225655,0.10061150478704065,88.67850444630027,27.38523391133412
real_0029,0.5061326322727653,1.0,0.009341454640658558,17.21548420861343,1.2645362552059791,1.0861837609494438,0.02150532017819255,0.07783396496651954,1.0633129949605205,10.0,3.5054576938822675,10.477211483512633,6865.716161046563,0.08966578679375617,91.4118182490505,23.878919825399034
real_0030,0.559337874220639,1.0,0.009326559214331438,17.620719400665624,1.2070085065904312,1.0858751573532968,0.015780018341929276,0.07353473922813822,1.0801839866792409,9.111909439623215,3.511247986915731,10.052754377488222,6660.0635464504985,0.09213391640984028,91.53247938294088,22.860754366273024
real_0031,0.8064625874360766,1.0,0.00845163791173291,13.930248237104388,0.045540037170953916,1.0943871675694803,0.05173247261878348,0.177035071892317,0.1483922912668055,8.343078967444633,3.856659447068203,8.021414106640337,6100.16107018332,0.08651999766746316,98.19493651964451,28.38737699391649
real_0032,1.5475250826759972,0.9776816656693644,0.007801385593707179,7.963263826536645,0.6704279710236116,1.085030751941245,0.0,0.25066272960156527,0.11742711620682203,5.502384278418691,3.8701743077768986,7.123555811237385,6400.157471137513,0.07359736245164453,89.61022051222282,31.62187489517618
real_0033,1.2679821108472549,1.0,0.007170051697411274,12.249147214688099,0.42151557374939397,1.0912725520323117,0.013765824275705198,0.22712793955509636,0.10334194011559078,9.917167511685308,3.972826494310076,3.5758668676196046,7091.965902235043,0.10101808563901431,87.04796753496953,27.366749575185256
real_0034,0.5197765173085492,1.0,0.008298149003188395,21.522092527990218,0.07859289345479663,1.0991794247289792,0.006155842500970871,0.6201458135965804,0.12844993828369572,9.021751115350696,4.019088126388894,7.2088408275622875,5430.5430448555235,0.0843433524750445,96.73620737901294,33.51044278163875
real_0035,0.7225255971340002,0.9979859761627916,0.00869405312706237,5.0,0.13055367576525923,1.0868887442001964,0.0045821743950665555,0.31412397962929745,2.3374882683643263,9.70611085886723,4.059791674590255,21.32983865118959,6010.695368670181,0.11234685940962817,96.74782356841288,32.56504844477972
real_0036,1.1260334876477551,0.9970472033694008,0.006017241360530401,14.979016947046773,0.18889761848036513,1.0769339533195281,0.014450716371429353,0.5616709559889794,0.11166856059695832,9.473715577144903,3.478977534753171,22.48248543370735,7294.957074916912,0.08679988247402959,93.08231135818296,34.08394592377672
real_0037,1.1277718846744624,0.9949352225729581,0.008230438030626331,9.490205589713018,0.24540508055701632,1.0765473854825525,0.019704681304814488,0.2901279418129895,0.24849817292338341,9.97495947008417,3.8061203499350196,7.4548702669329865,6925.981350949315,0.09038323947046158,96.32048917401549,33.32737566408537
real_0038,1.0656071790236339,0.9067486940046485,0.006947477224479233,12.120419759752483,0.2515816554722083,1.0943121887458853,0.1275352789793997,0.12034301811090715,0.18787639815536888,9.97334151562096,3.679319733762758,8.803662441719101,6251.898282903179,0.10281320454871276,96.46726594455215,22.136562443762813
real_0039,2.6476596907302796,0.9999057019631421,0.008666182612588783,7.575842174238296,0.40339172586967975,1.0862074065675371,0.016096949905062115,1.4238108037918622,0.11247884900941285,3.762024484021569,3.619623726559812,2.7776471123907314,5225.62366103502,0.07082246143272192,90.19496351570231,42.74597019314706
real_0040,1.1149114611040345,0.9998531491116498,0.007956927834495149,10.226694316205696,0.6863618946510534,1.0829582623591782,0.0076023360235082426,0.4116552352711735,0.5697267265469014,4.373408212101618,3.9679569828157817,2.8852931351635878,5867.150635275789,0.07356825787008128,92.24368564480093,29.939233470276015
real_0041,1.2601457446156377,1.0,0.0059397880505599665,5.0,0.5520808214816606,1.0861954732313532,0.0030638944572921483,0.2432285043907208,0.13074591690220083,9.413944928284927,3.7821189626826115,8.259402219190441,6943.052595566652,0.0882381434330627,88.44785045513935,43.04100056526253
real_0042,2.594261258207464,1.0,0.005408700853729285,5.8559605746897425,0.09377162944030494,1.0982913048760536,0.009126881557109666,0.5326610168730052,0.12040940357987802,4.406430425111639,3.5682372825030364,2.7394255593925743,9340.234293422272,0.13317607549884156,95.51751906772155,39.77413505896264
real_0043,0.5512320126695083,1.0,0.00550302715646314,5.639751171923242,0.046431938155640354,1.0908436720878183,0.00598964183342616,0.28123140200026253,0.12240180165727783,4.807523393698878,3.327431658039161,6.116624950492736,7214.457709322635,0.10407492536023231,98.07182418390047,25.17426221865781
real_0044,0.7374680543382883,1.0,0.00882972362027859,5.514016149288233,0.1932080996203549,1.0865245588486483,0.004777423240948272,0.3080804879930742,2.5254064837835015,9.468363988446965,4.067072075728895,23.82091084607112,5858.597399018716,0.11169052950747212,94.81571083431511,32.33410017685988
real_0045,0.9754487926782376,1.0,0.008298713335457831,16.392737825480978,0.0900439634762926,1.0858785253633916,0.0,0.49489514446791105,0.35210439333041366,9.547669641052849,3.7470815510644297,8.596703695344546,6999.506424396104,0.09344231474477131,92.1514531044052,31.376031136051004
real_0046,0.5458051792577685,0.9996262603545729,0.009079747077230438,16.36436494199399,1.3355885713206703,1.0853754548156584,0.021471999499532428,0.08022733770501853,1.1171140704893827,10.0,3.465503907217365,9.09530663734725,6751.126516161419,0.08785898076854903,92.52809812910267,23.515136349113295
real_0047,0.5,0.9980063180102634,0.008602877052751827,21.526528655185324,0.23263443447937024,1.096644850438499,0.009107993956681092,0.7355959828329226,0.1312304948125613,9.431661679887991,4.097843755934941,6.72225993703214,5443.85493788145,0.0806835355018185,96.71654973879124,33.95586190590817
real_0048,2.565665721625403,0.9997217832214236,0.005411495350190417,6.400117577136722,0.022863028426330458,1.09709525277959,0.0,0.4743776710213698,0.12956336523819273,4.447771479335138,3.5898398637214206,3.1088845987163953,9375.40238144877,0.12824272711684237,96.7260919801203,39.70519141475873
real_0049,1.7636649306584342,0.9724297896508411,0.008934703072234769,6.110211260971759,0.017052806438962374,1.0671977417622869,0.01338724457481575,0.4633132911124755,0.13484060677677415,9.412403680311819,3.992065250296792,19.17725359794231,6934.604848171754,0.1015938446225178,93.74782281390475,32.97586651436324
real_0050,1.2204295726804852,0.9976970907812983,0.006112644808585531,5.112193408706238,0.5534758696023939,1.0857143392921573,0.006457990098612624,0.2844855611405114,0.10725777397224852,8.6960885537197,3.784697332491319,8.956458459051472,7019.396386851778,0.08944791295333028,86.16208765050241,42.25561673088654
real_0051,1.2809911390006632,1.0,0.009928394713199288,5.417020694125316,1.2483371505855803,1.085029823539847,0.0,0.1406568473158421,0.10369265434600441,5.137074104991921,3.751747975563114,2.084610515306653,7863.944263735715,0.12704673116333817,99.75939089572366,28.963388752105825
real_0052,0.5,1.0,0.0052878847726515535,5.397295992413984,0.012637819172225694,1.090132520824439,0.011254441438783007,0.2624087941657085,0.1409705978691182,4.779904020325367,3.377377064041026,6.619043792728894,7138.0416374806355,0.10342653510111866,100.0,25.582133530942066
real_0053,0.5309762689992304,0.9967091305586773,0.009126313644352957,16.176215540554864,1.2931156744344385,1.0862884490117866,0.014735777018702791,0.07292175772746393,1.1897850521694047,10.0,3.4866180932124995,9.046040102728579,6734.961014313789,0.08895831394793537,89.80350249937517,23.8457211266772
real_0054,1.0479071223166752,0.9997740317752718,0.008158172483054626,12.606161611738559,0.035419688116372694,1.0868032111471349,0.0561103469513334,0.31902853350090227,0.1436963066524341,9.695661854516477,3.3170797913477292,8.967375310564007,6793.640155524579,0.10563108890964715,100.0,35.499294420112186
real_0055,0.7018401353165875,1.0,0.004945563767263194,6.999024330300497,0.6778015101220731,1.0867122303589576,0.005835323010067776,0.29404413693172154,0.17808231573995895,10.0,4.528150155061162,9.042584962278264,6604.837238133745,0.08110357827681873,93.2782509770319,39.113946007254434
real_0056,1.1682775641532386,1.0,0.00716511509564007,11.578040801920865,0.3880381598332565,1.0914067557345624,0.02131401685997644,0.19848226603451063,0.1,10.0,3.9900747064225235,3.0594630503711895,7113.065989491587,0.10379739706268791,87.88954143555726,26.902794164137145
real_0057,1.11428944240708,1.0,0.00810511478944276,9.931500359650553,0.6664802755052861,1.0839325166649312,0.0026811423769515525,0.4874969102379879,0.8101556459251804,4.123784822663982,3.974534731140732,3.036041775688647,5750.093644135548,0.07162120934498167,92.81631613344176,30.878340777009036
real_0058,1.2294213679332362,1.0,0.006054332806402706,5.014266669689483,0.4982088751815402,1.0852920802300607,0.005946328993446692,0.2573020302808463,0.12041305297713235,9.555104947216286,3.8191441321495545,9.188254544082886,6839.85018094584,0.0924623152899066,87.15850875555057,42.64709735383309
real_0059,2.6595051214932575,0.998443542757473,0.00533606507314761,6.106841782706319,0.06448191974001546,1.0972451040018394,0.0060591939516146595,0.47958455758898316,0.12061441428203956,4.362135469172803,3.5266654893504774,2.7481915239415966,9668.133331416082,0.12856967470275993,95.66186386546637,40.23281177623801
real_0060,1.376862123483408,0.9980039758427952,0.00816963510703049,13.20609937158267,0.31179646280413953,1.0892254018445564,0.05162734432809392,0.16405938973563075,0.10958384080181982,10.0,3.762843516446428,6.641427520217148,6832.14066457705,0.09182793940603157,93.08401529870312,25.192469568145818
real_0061,1.2568853979563168,1.0,0.006231041927968395,5.045251829389237,0.4044215656903871,1.0864900089211786,0.009150752813541116,0.2545566545815776,0.11516073419105158,9.694172457611225,3.834970555003902,9.3685368139213,6867.822322299177,0.08984327608108597,86.48041373071169,43.06323011617478
real_0062,0.5913084803389139,1.0,0.005572962978973783,5.3712355644471605,0.012328784751766214,1.08976504420525,0.012970926532243097,0.25555796072078446,0.12053186741593477,4.962832958311367,3.348292882982509,6.615903628113132,7091.166380836945,0.1058691356384829,99.85225360924228,25.02417000630382
real_0063,0.6114458282425121,1.0,0.008622297438793024,6.6256445932592305,0.4421524868827466,1.089694790167878,0.014826759233674191,0.2046882455367108,0.11625341481623586,3.7834685372471806,4.011282476575924,3.229006290393863,5829.358732747529,0.08416637610259611,94.70363676983716,40.580552125596775
real_0064,1.9583138171142964,1.0,0.008435506871875961,5.744550772772226,0.8136295962710639,1.092655791341814,0.0023014059942846146,0.1760365699657169,0.17667698431852624,9.544532396633208,3.4885816402657444,9.885634290881056,9042.81122489739,0.07391650226236936,56.44600371202632,34.030353879698744
real_0065,0.9297544902698436,0.9997564530051635,0.008100228319385123,15.305436785227313,0.1855076895733758,1.098162320880855,0.0019711173643631465,0.33286111359060994,0.11200055965303025,10.0,3.7019157236057527,8.474761825582483,6747.336463114125,0.102766507633661,91.35964803843925,31.853633909386772
real_0066,0.5666336248402402,0.9977083439346365,0.008482979509138374,21.23936835613625,0.1960736666623494,1.0955881724828929,0.013623134193855153,0.6643258725389174,0.15798199175395616,8.613485730019658,4.062483414812364,6.9871053520906345,5414.954893664254,0.08167097490389261,95.2700944768612,34.37394732402306
real_0067,0.638010922333217,0.999412249547312,0.005225768631437434,5.479599973070027,0.07821427871753862,1.0907596695809494,0.004897815049924382,0.2492163142312193,0.13027449436182,4.701345827406867,3.352030773428611,5.913014837225804,7304.805849000238,0.10617754338279707,99.09338549997608,25.882089247456243
real_0068,0.8504254169876608,1.0,0.008734083307136787,5.452557249152956,0.18932960398083365,1.0853639809952742,0.0,0.34106554459012,1.7977870070594162,9.976934651848541,4.076581209013756,19.780857681007912,5846.277742816899,0.11309569810056676,93.84668824672609,31.31397818525263
real_0069,0.6034641006824581,0.9996277904622755,0.00889045594171971,16.104000806518005,1.2801908800585913,1.084919364955704,0.015048234181522697,0.08136901009081543,1.215035011761164,10.0,3.460248646657484,10.97062018160105,6882.535191947914,0.0894017878394075,89.80488034327175,23.443020079960874
real_0070,1.4411053333981327,0.9989355985529288,0.008194644728124034,11.368272575816134,0.36442898601750084,1.0636123810138833,0.17040694252911137,0.17278280946829283,0.11624205776765842,9.563590716405017,3.7699721648558224,3.632149858598149,6827.020629784359,0.08899783029520478,91.5768278389781,35.190624866978794
real_0071,1.294955148352942,1.0,0.009877795479872116,5.4170114106925595,1.2546779595197561,1.0853181208780713,0.0005765261063205981,0.13931951903260412,0.11187010196711014,5.003547903065704,3.755766782713398,2.230953211287355,7861.43273226223,0.12636938295436137,100.0,28.49454276878559
real_0072,0.5656165400323006,0.9990717791690167,0.009150665737750825,17.558844243351235,1.2507756729368849,1.0849987105523395,0.01766907526440568,0.0787882058017488,1.2069109102200064,9.986056194126776,3.4798004986289204,10.255202900988046,6881.10439745217,0.08720278967202666,90.96887223735362,23.583023867866647
real_0073,0.9742474315505926,0.9988431886758675,0.00843860008366838,13.301441667209515,0.1094905775632109,1.0856656880509192,0.04459313995287612,0.25643010896738994,0.1,7.785979492089288,3.555422355822966,3.844719038615352,6773.7110481948175,0.08603331292676404,88.91835456215428,30.713714904762842
real_0074,2.5557692924727937,1.0,0.005512164190491931,5.993240996381381,0.09718379251572122,1.097027558566356,0.007331792649477741,0.4673040824725366,0.12461439995527121,4.0122220184743815,3.572341496494985,2.758664585073379,9714.501291250246,0.129747212433753,95.44782047135875,38.327038450558916
real_0075,1.042270797557815,0.9992595849689059,0.0080038717723768,13.173344184610302,0.0,1.085115780160326,0.05292945658687957,0.3212090855402357,0.14565259361569052,10.0,3.3008061158776907,8.896037980966124,6951.104119597943,0.10118180186719436,98.49623661108548,36.56105277737618
real_0076,0.9111506282325009,1.0,0.008305256970082655,15.61856964007779,0.12707956286044111,1.0974154989461267,0.0,0.35477999477739924,0.10474915932450324,9.948446287677294,3.7330090644632774,8.876329258388312,6853.189338670859,0.10072603326442699,90.79894881562052,31.982700778011793
real_0077,0.8621700021214629,1.0,0.008282476344550337,15.076797039135977,0.106744214044458,1.095174191667437,0.05707163147077064,0.1901790808756053,0.13265987217537648,8.617172212649118,3.8214070809976084,8.290074034224789,5988.6751316633345,0.08667786513520478,98.83853059611859,28.79516044698044
real_0078,0.8476891935946799,0.9890973285294927,0.007904317540487229,15.99338832191101,0.6404746868030667,1.0918254611115583,0.05035953072973228,0.09096551014774827,0.2546207808136423,4.510154518181352,4.048893276519704,3.5120933745863248,5982.910661170317,0.07670790383813124,90.44473874064167,22.999841623480428
real_0079,0.9202732699964753,0.9991136200534446,0.00843037824190062,9.025458116626607,0.10415468385652846,1.0893940012695922,0.0,0.1379130492456129,0.7181239879541483,9.836072995005603,3.7547587514428766,1.8982550639961273,6332.896469439543,0.08926739136259534,86.97376738073248,26.49754405801244
real_0080,1.4457082036377873,1.0,0.008399516858091701,13.399332123296114,0.39379594409297797,1.088695916113334,0.041968056275708335,0.18579895378427355,0.10083962411696235,9.766829407970516,3.7440091607391226,6.670267170433381,6872.477198311856,0.08858513286089946,92.4718866366362,25.207200696914615
real_0081,1.268342124851375,0.9978596094030431,0.007382078210461842,20.261942764797066,0.497445006149395,1.0935635049175811,0.01798987604308541,0.1396873912179777,0.8326618666202988,7.3654728393929885,3.5146857700851486,1.5203301250898698,6743.992755225055,0.08722943168609759,91.73498765015464,29.118285460698974
real_0082,1.2428156971086248,0.9961014136899087,0.008045488322896067,10.479393432396595,0.6862993136742073,1.082666141149525,0.007643926492263215,0.4563792196097403,0.7111519018051873,4.103812215019313,3.9341329427594176,3.154242464994133,5643.116160608294,0.07498481393998487,93.72507117401578,30.96170646169637
real_0083,1.1600369935324826,0.991394737358915,0.008210237194493692,9.592756122611034,0.17527711574972385,1.0761872398315024,0.026522918369973326,0.285465337539495,0.23724707300861755,10.0,3.8184397480518704,6.018847747665837,6865.289942103209,0.09279758020460188,98.82547780915347,32.753530727028085
real_0084,2.6605057663718843,1.0,0.00863056111417984,7.530381610047271,0.3759588688961857,1.0849282385099905,0.010160068004073907,1.3684784622992545,0.1,3.722360670781439,3.700393631828525,2.9274931055025353,5359.715449785453,0.07084379926294081,92.85985860155778,42.58727361970446
real_0085,2.490395271212939,1.0,0.0053593870158503655,6.356176130147884,0.0,1.098903886355807,0.006201518902228105,0.5162721872363718,0.1365747411824844,4.289592274685735,3.5961707180889064,3.024952606663485,9463.199259218387,0.12523679575744073,96.27101543181253,40.29659462329526
real_0086,1.4368083234075555,0.9749773769838522,0.0075275430342046515,7.911301176929846,0.6918668003839957,1.0866788760577222,0.0017036739305935273,0.24574978602749167,0.10471654529656219,5.331410973738761,3.8323201709320935,7.831837603007443,6119.839345368515,0.07070400043706798,88.59583828921745,30.90314911481894
real_0087,0.657132916361896,1.0,0.008292869163991039,6.982465008341638,0.3033692353416675,1.094406434771115,0.046775244791425766,0.12657524529212807,0.2602640966828535,9.092778051695856,4.0324612963992434,3.9504868397702837,6490.038262198571,0.1000291552735517,88.99075301888142,30.03581395546059
real_0088,1.7500156308088877,0.9688810066719659,0.009028322007227453,6.511769285791885,0.03816591978445211,1.067998289851398,0.013207798797566974,0.4448211996235389,0.12067519838426673,9.35831783405614,3.994258533069869,17.15687655311603,7003.963934905725,0.09789160582259611,93.0155437345883,32.98933176697789
real_0089,1.144177826355705,0.9955532557286846,0.007901177302547222,10.312200465428353,0.23182987154005696,1.0754576735267123,0.02289863998543767,0.2742422070015639,0.2989829622966648,9.548797699913965,3.8282301489451993,6.3414152253450675,6966.822653050895,0.0919741900132943,97.29179197183504,34.55518531357982
real_0090,1.2409867165922972,1.0,0.0072419163733158445,19.239937482872538,0.3946398027508209,1.0938039798672248,0.017175654323540363,0.16046430462462075,0.8540510083570455,6.533164091643917,3.5407018181997834,1.5266857757059138,6749.288693125184,0.08402552124321727,92.92076573383672,30.250778256661903
real_0091,1.382776407365373,0.9979227829781429,0.008205393619457144,11.809445895659792,0.36372317609815485,1.0646659491725896,0.160104094078487,0.17416735105901346,0.13164849969861908,9.331257868448194,3.8054199725501756,3.568569452520138,6701.139296838493,0.09117535818018847,89.3278472740409,35.89008639111743
real_0092,1.0147620418154444,0.9941244486546835,0.008216418976811905,10.160833944935197,0.2649880755982915,1.075394168271915,0.021204776058406632,0.2775827102002081,0.279306799180483,9.719207366862792,3.8632136151234886,6.469063967087919,6688.242169597995,0.09053546584955094,99.63442748115544,33.6825317780086
real_0093,2.0139602421140794,0.9986132766626534,0.008891837283309442,6.4196443587667895,0.8136937748416229,1.0929593032917182,0.00043152276482523715,0.2271294405190068,0.18539775772187195,9.449189869214997,3.4714991187031456,10.020235961661259,8627.06971106798,0.07502604791229725,56.64485731392798,34.22131239425343
real_0094,0.5,0.9983527376169417,0.008580342017118924,21.32311311919842,0.19879522929181392,1.0970151308049372,0.009615426323449647,0.6694671118892859,0.12352670348744044,8.57442658992689,4.041247413712083,6.183081868942197,5313.788590360032,0.08278292697979264,99.08721582081702,33.465361683544245
real_0095,1.0177407881255998,0.9085470702701121,0.007034898087755834,11.469004017243828,0.432989178078372,1.0955474956123163,0.12815713085099575,0.14049030324840703,0.2061213609433034,9.282275538699931,3.649072731886565,9.748871900541028,6455.812481965447,0.10066181907962238,97.12392302015955,21.18225814983539
real_0096,1.1665220068578581,0.9491492315155816,0.0069225004709779735,15.394145899516428,0.03186082109350204,1.0845520542264195,0.09721123360769635,0.15675461363567456,0.5399481929710911,4.517626349184612,3.5424022224994776,3.6128973163669635,8549.76571912029,0.12282360560067254,91.12443798259284,28.501963999222827
real_0097,2.630185375458081,1.0,0.005600661969351496,6.5331361412098214,0.12326594102301358,1.0983941907732153,0.0,0.4795975931941731,0.12546683694418975,4.5457869914279465,3.5534534941242377,2.8293474914502217,9629.654696101039,0.13282078925550586,94.89105707965342,40.066935642903395
real_0098,2.6542519939337454,0.999381246162121,0.008446863905819805,7.021358917674555,0.38845213082853725,1.0850795078184863,0.0023838897645276852,1.375912603412797,0.1,3.862620289559023,3.687561031901424,2.5723913634658495,5190.467366975027,0.06928109152159322,90.09908741231558,42.46168320346978
real_0099,0.814369239749577,1.0,0.008231646786600048,12.861009340530323,0.14703294598734978,1.0855275082204068,0.038754241589133404,0.21872586936103158,0.1,7.7894361539005885,3.560763272004573,3.5121458974553543,6603.910917066711,0.08836085332948847,88.09436034641963,31.08219964514746
real_0100,1.08232027903562,0.9948895269764042,0.008240051940983512,9.980152389135839,0.25901437426298685,1.0770450502205764,0.025929167127569982,0.2898226119622768,0.2816542162333895,9.6542202243068,3.8232195991384623,6.70313684741547,6768.30759284527,0.0910878644296057,98.0253987558801,31.991822607045183
real_0101,1.2092620718829596,1.0,0.01,5.564707078529219,1.1239725724525949,1.0861080677320547,0.008148449629052522,0.14671130482223116,0.1107127263472694,4.74387386583107,3.746036866061435,2.145579933992764,7915.7702504103645,0.12790967825482183,99.75514295586018,28.946162493583767
real_0102,1.4398138953640511,0.9998281567222906,0.007998342869024882,11.611615786522957,0.34656808974756687,1.0644775713859511,0.17095403207255544,0.19783655611930606,0.11127835824747966,9.314358761152487,3.7440858889259148,3.6353659741675965,6654.124728032417,0.08962613899668394,89.79400792367407,35.294544521679015
real_0103,1.8789386272512816,1.0,0.004922143973120676,6.172599179370103,0.06987964236006344,1.0886454861712567,0.020291252541624703,0.3044906594931038,0.1,9.984848108891304,3.3531729270111272,10.007991556077759,6085.510491424032,0.06750790960674123,95.4852199640479,35.98370036798907
real_0104,1.3128489774172198,1.0,0.008422411264999926,11.336029775625084,0.3167426063705532,1.063075043968831,0.16682792781858355,0.15210129056717767,0.11939540713366195,9.994144445524814,3.779623946921956,3.6973681110944523,6824.158172110374,0.09071720086056766,87.68118526023564,36.300277793735255
real_0105,1.746283067082029,0.9796590111673604,0.008960309996358546,6.587216678778502,0.0,1.0655819348680167,0.015314170262132007,0.47459346820220366,0.12984780748517338,10.0,3.9457736140652804,18.967590568897442,7014.172822443278,0.09975677249452095,93.17807157180268,33.56968534302385
real_0106,1.8068668304589628,0.9753719509188107,0.008789124372235179,6.258663755555708,0.0,1.0655400271859765,0.014992689530664117,0.5670621122408727,0.11589616580069885,10.0,4.018797001103147,19.591246077463666,6962.010567457871,0.09571924217912897,91.29686210221908,33.465421901529254
real_0107,0.7991095747546163,0.9986973160331282,0.008691750356832808,9.743945352656413,0.14548522127712224,1.091230494520534,0.0024840359642672467,0.1371144475349041,0.7887136498444802,9.744494165001798,3.7497571682979784,2.023037966443831,6496.396058209678,0.08480297647978284,90.39253931838309,25.62642135854915
real_0108,1.114509585831385,1.0,0.008017556512371128,13.171601914632733,0.028613043615522367,1.0870402789604139,0.04985742530963557,0.30646237304750923,0.14451465159395308,10.0,3.282634669481721,8.714010829642602,6957.346756498641,0.10444007698838856,100.0,36.52761868166003
real_0109,2.589850072605356,0.9993335542434388,0.005306374135776359,5.945632787763298,0.1080725557398698,1.0973275660338777,0.004085363212513587,0.5078078429137621,0.12309410133585222,4.309399196439002,3.531643923246434,3.0338165338873893,9523.853635336263,0.13246620815803725,97.11225848553512,40.271415780800176
real_0110,1.0955315574423101,0.9082459475372789,0.007046916266589583,11.474968971536017,0.3510647219242359,1.096239328715899,0.13087051556984144,0.12930844896206795,0.1849281078649207,9.892211490000891,3.636338665626613,9.84490314931609,6358.773975570356,0.10340899534105479,94.96666247290578,22.653505119008052
real_0111,1.7473163532744307,0.9754775187100231,0.00870000192881295,6.490706572698859,0.0,1.0671100414019778,0.01762852677838656,0.43847899667690743,0.14095074742674635,10.0,4.006369584809305,18.574095124127474,7168.215821124536,0.10024926912616101,89.29909171787284,34.45658399091915
real_0112,1.229049357238145,1.0,0.007298674363095804,12.007952507059565,0.4242143758965195,1.0918020984920136,0.018284824177720038,0.20749767815974304,0.1,9.400399693393442,3.968219483136497,2.7381171803052817,7051.053745209583,0.10079773385039341,88.22131503654282,26.445907609634975
real_0113,0.5978803773948598,1.0,0.009405642825923639,17.939311505144413,1.2033915902872436,1.0847713357731963,0.015703095598265028,0.08047420113450465,1.0851988446215117,9.91798436247638,3.48400228014634,9.138345228427221,6969.28974215689,0.08820745861101031,90.9960259533134,22.94819499806592
real_0114,0.6739381341069621,1.0,0.00989366572752761,22.70063026936036,1.0194052197060812,1.086443339465867,0.0,0.7580086002894675,0.1,10.0,3.7159745594652787,2.7762383460726445,6640.012555764378,0.11521101320070491,98.70473864788237,37.279746710760634
real_0115,0.9200971887516705,0.9918159398159817,0.0076819732458610936,16.059054565920228,0.6565278521998617,1.091111843084215,0.04468442159031819,0.08624158393966147,0.21225208927385905,4.496281148419671,3.987332827426721,3.616431021754845,5970.056806603155,0.07618566563602841,90.92515056254337,22.297749728506435
real_0116,0.7005254092784564,1.0,0.005042750316130995,7.438851751509627,0.5919564183163929,1.0863695737546306,0.001903866501150982,0.3265689783490143,0.17658410880016526,9.776625918318814,4.549836668816433,7.756972932761816,6772.981455479817,0.0839857833047209,93.1201032868845,39.45371058181444
real_0117,0.8875583452818339,0.9964323733755325,0.00828995334478003,13.434070965129882,0.1367172442838947,1.085391972457955,0.03602349790407358,0.2325359819078126,0.1,7.596020776816777,3.5454131863185117,3.939903417489814,6721.251760131143,0.08908273977069685,87.97054145472576,30.941123976241688
real_0118,1.1429684357487462,0.9477477351561971,0.006808485231449056,14.634615337587302,0.05999103259552123,1.0836677479833612,0.09590006928846438,0.1620909728146956,0.6611587177820996,4.645386782451959,3.5170546715165316,4.15350384473875,8606.419237742053,0.12498592106528292,93.07003993165468,28.370318573764195
real_0119,1.4324224764715343,0.9733852553235809,0.007695425746672383,7.599962992760784,0.6956869754810614,1.0840009010851506,0.0012152815929288643,0.2244136603609051,0.10367653784243776,5.084653331595605,3.8407142122701226,7.165958799424712,6238.0498339910455,0.07392385589348006,88.47346886478766,30.37901590569544
real_0120,1.2279608050781876,0.9973434834071838,0.0075093508142248175,18.287599190878552,0.4158090908041379,1.0935294806566784,0.008128140574432183,0.14668325626759476,0.9704963799376192,7.142887438941465,3.5342320856092835,1.6318940163983608,6894.54355609681,0.08184938453348528,89.6205619931032,28.430804538139714
real_0121,0.9314198680621055,0.9998924145243577,0.00828234395831571,10.554253990100376,0.07469129685807208,1.0899917139232955,0.0011671070182692864,0.12054456615031647,0.7391816904312175,10.0,3.7871885491349793,1.8170117547047095,6422.778390071884,0.09192091184717663,89.27810457391598,25.898625541135154
real_0122,0.8259188640961889,1.0,0.00868321731530722,10.373590946742839,0.10647857815318791,1.093024683450734,0.0,0.14396788661518128,0.7253239723492808,10.0,3.7280897547889036,2.01129659858544,6446.682206726826,0.08958805720166929,91.18840399314334,26.28059028983547
real_0123,1.032452677618966,0.9987226570494393,0.00797814858075482,12.95587793573455,0.09666398136960791,1.0854128347318837,0.0555625693566407,0.289526768170631,0.11529464361443115,9.699182065449227,3.290029228412775,8.38775636376283,6910.60769483736,0.10162684217552444,99.94899851968393,35.4809468739568
real_0124,1.2589818207873162,0.9978466463580439,0.005882536987042627,14.943480331331516,0.1733937678913876,1.0763076320761804,0.01781872000087651,0.5094772870531454,0.12352137190450327,9.948155554974505,3.539524594979832,19.907392585112277,7113.290179499844,0.08767851244282619,93.46883547072015,34.676555036537266
real_0125,0.8699704773401227,0.9887238979845279,0.007577646740224331,16.030254569082796,0.6935347536241907,1.0915626183823508,0.04733404106268272,0.09516075982484695,0.2053554864116753,4.58655317267897,4.026193666900855,3.3674411487711935,6038.806493990432,0.07674901996137332,90.2608534752085,22.103287406012747
real_0126,0.7194916771049139,0.9992504655973895,0.009004824686706202,5.3845833117901565,0.16454388982341853,1.0876569848850202,0.0,0.36918074867896983,2.160084343005789,9.88396221527211,4.108128396460589,23.123733395699624,5879.139909812966,0.11416282229570106,94.7198585984269,30.644488935032864
real_0127,1.7869491788299454,0.9727267423036928,0.009111511530975063,6.470127013156422,0.0,1.066080976298013,0.015503160523255087,0.48694698545413223,0.1383141647892988,10.0,3.978818206145731,18.342338421391613,6899.951357200093,0.09778228303062221,93.25076970487993,33.74060985403566
real_0128,0.9513618584582995,0.9911101926569744,0.007871158006970911,16.35021852598071,0.6809172132595205,1.0916116326843597,0.04771916240603766,0.09603451971894411,0.21035037722237818,4.749553122443511,4.092433354614282,3.9285083332144137,6031.125560588593,0.07902711731918385,91.49417315306455,22.16426715826319
real_0129,2.6236356410639585,1.0,0.008249076476269141,7.596999906195336,0.3142105523224846,1.0835650112757829,0.007967589284950678,1.392182969057614,0.1,3.6528573341438917,3.6777367090204125,2.863536221829915,5229.67108316284,0.06927999833198974,92.05195728055175,43.203380101696446
real_0130,0.9761987106238713,0.9893395998410837,0.007852476623868426,15.780836987112801,0.6416948899217997,1.0906252854327623,0.04096375161964488,0.08690927530995939,0.1883046863265583,4.763681324295089,4.050415365003472,4.043071190396833,6070.155382855727,0.07912627789625536,91.44669517795661,22.086280648687822
real_0131,1.2312548695610195,1.0,0.007305620293423383,11.339604542293959,0.4122899655492175,1.090762666882748,0.015553775133077052,0.20565781587306275,0.1,9.536697755250184,3.98941735088912,3.053775548473299,7062.595921235198,0.10274002180491813,86.65436511151563,27.40577979116299
real_0132,1.4833873833658202,0.9753100416953332,0.007525298571953007,6.999985437652083,0.6965617794267276,1.083664367006003,0.0,0.22445255593893215,0.11671740809598426,5.155977299195952,3.8374255723928554,6.623876850044395,6163.516879618029,0.07376202064607638,88.12954013091549,30.68891058927599
real_0133,0.9364841727117453,0.9877112952735493,0.007731367926076222,15.432132787361574,0.6372562368417917,1.0912523246778731,0.04717832447849276,0.08554252514614392,0.21281489649321897,4.563805436023764,4.043864200461654,3.1513910413183552,5860.134161502377,0.07591268764910032,90.52643717394795,22.194445866131122
real_0134,1.537903571646016,0.996392544007215,0.008129232872628752,11.442006801211114,0.26064143655090943,1.0621298861049615,0.16529916497986843,0.18062582761858667,0.1,9.544270476452056,3.821260728531305,3.7919500620305384,6734.457792561696,0.09091958364999182,88.9269483944727,36.13757285891181
real_0135,0.7066884630228583,0.9999773095571705,0.008396195031469593,7.4991453218130175,0.31615787196793144,1.0946764791208274,0.05205873006789208,0.11622093672767965,0.21873283598263168,8.98276506505886,4.017261393230464,3.921300564948242,6264.824669156689,0.09919908573268525,88.96048313186766,29.13624429156019
real_0136,0.7515607128260187,0.9995930085987732,0.00836181200464968,9.379626746469025,1.2530724884284181,1.086096028853065,0.028951766922272464,0.2628573928359737,0.10741647881342492,10.0,3.479621753520129,3.67151481762612,7100.078655049697,0.06336306409529571,55.652458475408125,27.815261463871295
real_0137,0.768894858797102,0.9998095143781423,0.005116607396275908,7.566107317571754,0.5812145828186756,1.0856139216662095,0.00011188947740442979,0.30072811043165915,0.17497224704210604,10.0,4.543689130128041,8.462703414446151,6737.849143549378,0.08160079417990929,91.98290014546593,38.978396788891146
real_0138,0.92343767229976,0.9999484601645751,0.00847294787996364,13.939414716608441,0.10830775626904943,1.097112858728467,0.0,0.35730848224075495,0.1,9.621701795243625,3.7242056652544684,9.76494694544978,6894.514015783465,0.10103694289965238,90.70084033881733,33.015609700366625
real_0139,1.2138393988262124,1.0,0.007551830180454645,19.819323295738865,0.44346242889840964,1.09327117401557,0.018235305603675242,0.13600769203739174,1.109735904013466,6.8635926750393255,3.561231594794262,1.6238966556150973,6702.023091936751,0.0812630802949443,89.9978630723648,28.696158854614616
real_0140,1.029052858315235,1.0,0.008069090100822976,16.622364527485583,0.09358891134227416,1.086575415594272,0.002230477553903245,0.5519228521174824,0.3836179368340069,10.0,3.7543713488691934,8.095721983746543,6813.472927186152,0.09597816342645323,91.69691842239104,31.992602747037363
real_0141,0.7293253854786547,0.9979534976255102,0.008460494367277785,14.459287257085752,0.0,1.0951738061787912,0.060093947777204504,0.1759634626960605,0.14938948650152858,8.25923722717229,3.855329951539354,8.023222574402753,6114.922911796744,0.0876858631746967,100.0,28.561482046948054
real_0142,0.9879869769135936,0.9069893895522146,0.006954234611658613,11.408933123026767,0.30759424212015074,1.0960103672643537,0.12644044605779023,0.14641617561308973,0.19210275218658035,9.865456484968723,3.6384561567199776,9.12686813319257,6330.317660220437,0.0993922815437211,94.57793608333557,22.812160607752464
real_0143,1.9302066974671444,0.9979862478606609,0.00854819247945293,5.722383498286206,0.8585754492390479,1.0925684859351297,0.0,0.19797497590738905,0.18765498464563585,10.0,3.4818405878046703,10.682549077300724,8863.078282595572,0.07421140196565575,57.5326965573404,32.871722402422506
real_0144,0.9212286427172234,1.0,0.008516225701031258,15.79021798485897,0.039970247199834566,1.0861095061362023,0.0026422325771269187,0.5070282050478971,0.36205242934820003,9.878353117047931,3.8023104678643382,9.201834970000801,7074.494553240004,0.09664035189978315,92.42166788834355,30.653301223814136
real_0145,1.205583519842953,0.9986090218059616,0.00597668613536686,14.15415952273216,0.05546438996101075,1.0777037035671155,0.0229369353352972,0.5130575631577416,0.1112605235806736,9.996992224272365,3.4600162567575077,22.781314058101,7280.211242509544,0.08675261377541407,94.19091567062804,34.34996756029936
real_0146,0.713536183022971,0.9992055320934691,0.004989810721067028,7.164901181910256,0.6051113500330946,1.0863818001606371,0.002000651416449635,0.31798609895653224,0.19153809932068866,10.0,4.543266472363723,8.864366461529315,6583.643105263811,0.08014208856226336,93.77750144067717,38.64938240993943
real_0147,0.8256093988766916,0.9953922130420759,0.008561846464472144,13.76658865907644,0.0643169169246286,1.0942665210860434,0.04615324025014131,0.16960510224076372,0.12532421221965165,8.39260175040448,3.8482675245089975,8.548234604369288,6017.804878581104,0.08642005865430397,98.26708108145498,27.730861772560807
real_0148,1.3461888594297238,0.9968614795627614,0.007941860910578526,12.71392879977576,0.35205015653157856,1.0636376253334556,0.16569535974244048,0.16827292295511798,0.13240322207408256,10.0,3.790238005030368,3.465800913723868,6758.216603035581,0.0912928667920274,89.63402659826869,36.08540100669491
real_0149,0.5682649341961084,0.9984656609561965,0.005027636704676374,7.432495422750038,0.5047251206941166,1.085624755814961,0.0,0.3023633690609936,0.1848049163830835,10.0,4.603061299744747,8.210534594031321,6704.341410661798,0.08011314109969675,92.11017940385771,39.443595786496935
real_0150,1.1858358862937415,0.9952887401151431,0.0060016255797807295,14.331672695285846,0.1438387707904295,1.0776327539761925,0.016009833392063275,0.499307026613584,0.12678349644226503,9.420255293106878,3.4558844629815937,24.91254177546207,7019.085338712587,0.0863764371711512,93.25090774626544,34.428521896401634
real_0151,1.0279591777710881,0.908395804329995,0.006906534679786615,10.797868338945545,0.26396119431722326,1.095035800108582,0.12592485560795316,0.11695918680132106,0.1860506493603697,9.584347444583646,3.587932860075355,10.473081267765165,6456.301037219985,0.09766379806358685,94.21156503617082,21.7144661892919
real_0152,1.4790257608872235,1.0,0.008557476156403001,11.765499664748246,0.3575654515566115,1.0879366012958303,0.038983021972314194,0.16091948185704852,0.1,9.711708128143757,3.7623422807289786,7.892127444077329,6893.615647745289,0.0916528420545526,94.22928462202881,24.29068721149469
real_0153,1.0881185462557192,0.9085738061450905,0.00674141170153803,11.223889882759735,0.2934510820213277,1.0945873344392103,0.13153534685423532,0.14092645055263414,0.1847121133613642,9.667886541664021,3.636113242804558,9.179200953167024,6582.50797756717,0.09989054955381342,93.51265083308846,22.88661806573878
real_0154,1.2153955474948601,1.0,0.007639853808047101,18.70111681554668,0.4096312322062079,1.0920747132066944,0.019761430055494824,0.12684789765115148,0.9633358894549771,6.973090810698513,3.5462010566113564,1.4838882246799905,6713.670036092697,0.0824884227312866,90.09231269107227,28.606636522107387
real_0155,0.9191345272358504,0.9987548691216008,0.008642299252444734,9.251579647134486,0.07126879799440518,1.091382534029128,0.0,0.11915642403641,0.766565486170357,10.0,3.748005808933287,2.0238984881418496,6539.852701733652,0.08961306061372935,90.43764742097342,25.727227754035347
real_0156,0.9435572006187919,0.9984117289464077,0.008324424920210032,13.469734574869506,0.08355149895543479,1.085722047670491,0.0391119113897427,0.26698667995907455,0.1,8.086826241614604,3.5854574161329977,4.083936777880223,6518.933325461814,0.08387769738075247,90.47372535936938,31.533797190740454
real_0157,1.2145084008980318,1.0,0.007328367154018184,11.423702080113767,0.39207718216940374,1.0909290496279918,0.014004050245800464,0.20377551457807422,0.1,10.0,3.9423094135598395,3.10653740262873,7011.136938419407,0.1012555139934205,87.3225423034828,27.295567856629788
real_0158,0.6258840591043704,0.9971715585631249,0.009561336424013831,22.316625618828155,1.1253557287341334,1.085838132682415,0.0009700857741396919,0.8699882772871292,0.1,9.844816872107035,3.7243121200701452,2.914959484596415,6717.004987697482,0.11228427106403219,100.0,38.879781468166726
real_0159,1.767374039208292,0.974521758511908,0.009101045627804878,6.417481389783276,0.0,1.0655876752238487,0.0158931188318533,0.49706252550812535,0.13934279084647186,9.295349034795393,3.9699901101669552,17.84721631317095,7079.22384469586,0.09842675338604773,91.90586963071691,32.935154547605904
real_0160,0.9720177344860564,1.0,0.008451612319009639,16.365169042300433,0.10083708503774999,1.08475994308824,0.004264268299146778,0.526716174921536,0.35948746411079135,10.0,3.7912975749330813,8.114306283010162,6808.071381734044,0.09868084544742192,94.41181879999006,31.98932580515413
real_0161,0.9222300854794055,0.9997284312170084,0.008516248905489496,10.181188900514172,0.09887493179473411,1.0914159824779455,0.0,0.1180077436354352,0.7199400373964008,10.0,3.7021051736166934,1.9264464601072893,6445.814717113933,0.08832899944904751,88.15127946490871,27.11052791630811
real_0162,1.9920988449372048,1.0,0.008746696516486064,6.2205616238383,0.805828406237635,1.0921461052543433,0.004480976426723018,0.20460824078629777,0.2010333949960331,10.0,3.444939489470495,10.230298425231611,8653.122702916355,0.07511346403204243,56.11462177823467,33.235756326399425
real_0163,2.0389923632059044,0.9988539794818929,0.008732530784299187,6.431195885055224,0.799399830897343,1.092247283285495,0.0,0.18753212191412771,0.17546278762678352,10.0,3.450520314360624,11.372004337826597,8785.638377870693,0.07342202378000644,58.77533422901036,33.108270365287204
real_0164,1.1946844656139477,1.0,0.007479098867178131,18.225677473717678,0.39101328467410007,1.0930625006369261,0.01224241186499836,0.1635467679316664,1.048948271697084,7.306487236210518,3.5595022459642727,1.4816064127036073,6806.9796134920025,0.08484326649408937,89.76961423163878,29.456335425030534
real_0165,1.4125753907576801,0.9995847862827812,0.008113165761269584,12.428670914873923,0.36486771743245355,1.0648017692844935,0.17065930053541664,0.15933236204064555,0.11082910611850465,9.965036613098613,3.755447618499029,3.5330341598007546,6685.331345025244,0.08812430482348205,87.64445334849064,36.058556458949035
real_0166,0.7597208958583815,0.9976479113855623,0.008410837934064247,7.307458434996484,0.28336142713530366,1.0957358140940658,0.05631259900595934,0.11677231376728953,0.25332567198509937,8.403645419542976,4.018494691082916,3.8272256145586776,6386.969424829951,0.10079911809823776,89.49669522412205,28.561324141424894
real_0167,1.102175937293001,1.0,0.008276464201358951,9.972923907426836,0.5952854528682644,1.0825336170206232,0.006483171409139076,0.43319494519986257,0.7010154805874149,4.114312471245942,3.927400645249774,3.3545244605527866,5598.509510980514,0.07367695740688446,89.61205183556444,29.399169486253363
real_0168,0.8804464712435686,0.9980177043984175,0.008326029342339019,15.277175891025655,0.09116528195889989,1.0972292457578525,0.0,0.3192434254379112,0.1,9.966772042583507,3.71153589608937,9.901975928017562,6843.133048054784,0.10501154901242844,91.26513200928397,31.119598554516312
real_0169,1.7201307708523206,0.9986153691462287,0.004977454685131591,6.319710800156532,0.0044888937979685115,1.0887872300351598,0.017334760656863818,0.3297096998983353,0.11266578906255606,9.731559555797865,3.37335730314417,10.132816668162485,6300.61208353009,0.06864849570112742,95.78754740786002,35.79804794925873
real_0170,1.3206307945272322,0.9759252807193652,0.008069703550220212,7.55086711625646,0.6959037945085186,1.086650012171502,0.0,0.28202285078781125,0.1,5.4728275389800425,3.8890933034646165,6.704459013373539,6159.354459940928,0.07317531053695261,88.09049340018319,30.862061188495417
real_0171,1.4054756400449162,0.9762173057767161,0.007530418134262202,7.564990404963225,0.5707376963466724,1.0851591162782872,0.001969147866433732,0.23507689560912184,0.1071434096060617,5.445326303526852,3.83981661281651,6.872811571162433,6076.070093029744,0.07482890694294993,88.57611727419861,30.919408900599105
real_0172,1.8149921417993204,0.9726580526867897,0.009114051257158393,5.777691443903969,0.0,1.0642660359072562,0.012814105777445073,0.43939959662478817,0.13139344978955714,9.625287205456827,4.004569816261641,17.60436499738414,6954.9761501838075,0.1041002349521032,92.75718013928406,32.26475001678895
real_0173,1.022428302427699,1.0,0.009059279801667278,8.342055555579625,0.8306118263652323,1.0739720442804956,0.11126540356305563,0.2206856664395878,0.11417471761045793,10.0,3.6169419190493044,3.6213145683538315,6602.618914849371,0.0866387563650692,92.33171311310403,23.557521339431307
real_0174,2.5811077061763683,1.0,0.005248772440129,5.342542515261012,0.1349967992786853,1.0989847410292146,0.004087760769505271,0.4818494946665383,0.11642428636590413,4.373945703331396,3.5050917651679545,2.8960601912709114,9356.857712210925,0.12775109421578296,93.90644560629435,39.63431266321916
real_0175,0.5989437080195538,1.0,0.009459985690273653,17.089932851869417,1.220197769317813,1.086663768523871,0.017575156424321677,0.0784382255648959,1.3109158855188967,9.411268717314867,3.499081779452516,9.704846274706693,6952.044543058536,0.08848968246631622,90.51080704792446,22.784886361059662
real_0176,1.105080388428099,1.0,0.00899804070514359,8.281109619035314,0.76410299663624,1.0751350498096601,0.11960408003968005,0.24380151931573824,0.11880619262412405,9.965997616961854,3.6067714505177064,3.528059898840012,6725.3763738863645,0.08849532891845685,93.48764599502164,24.257095427036248
real_0177,1.2007863437103958,1.0,0.008425503308027344,10.040781414542133,0.709378860002029,1.082675171462863,0.005031891836490961,0.4689376601234041,0.7261873551270922,4.230593108617945,3.950181629126687,3.2956861757361113,5816.764733467214,0.07318184591107162,92.42045512425658,30.384090667168607
real_0178,0.5693778772838909,0.9965358280342325,0.008298854350328705,19.899740971863036,0.1067181341586304,1.0978199009031964,0.015755862906437056,0.6742520634145104,0.1485973813173738,9.10373538097556,4.036990140686826,6.920067662803319,5432.178158564001,0.08089601131973911,95.92685725899052,35.454191563963825
real_0179,0.6667239404787455,0.9994144598713436,0.009771285261074528,22.29877536626926,1.0318226678556037,1.084630177979522,0.0030131529091530617,0.8700996320198022,0.1140094971627476,9.882269810170698,3.71792247112553,2.7822500357305175,6652.878673970157,0.11805080079190863,100.0,37.695283466604074
real_0180,1.4125592576532167,0.9984030955904382,0.008453437642408109,13.553689096433908,0.3350580577061143,1.088637016627846,0.042772615393114055,0.16857952162094753,0.10659862348940917,10.0,3.752588369839019,8.171552324164567,6950.663360647983,0.08794146487304468,93.60726786440506,25.276032165042373
real_0181,1.1738640834961982,1.0,0.008336877051198252,9.349701237219412,0.745024288011584,1.0824753437526253,0.00880502622636015,0.43153744434529734,0.6254417123684992,4.216651149262642,3.9524040337370834,3.832824920549829,5490.21068420731,0.07335165270357157,93.3970364281551,29.57088614359712
real_0182,0.9629752842427075,0.9989474691516339,0.008241160001000855,13.448255981619457,0.0,1.0857613741505745,0.0496077351693814,0.3362544308409356,0.13057602451446043,9.54900175424869,3.2823982348413376,8.059687666578883,6974.634325998348,0.10402708705883,100.0,35.22414179780916
real_0183,2.5254488092201495,0.9996939601132085,0.005348502937143319,6.102663851702905,0.08705140169423745,1.096916283692985,0.015268007098502366,0.48968081643519296,0.11509981294835737,4.147117594522065,3.563428241759429,2.606916137397298,9471.903388841629,0.12957858905168287,95.71293688950433,39.706607908640315
real_0184,1.02050989895195,1.0,0.007901254745828217,12.129728752302185,0.043286220876972974,1.0869791696087185,0.05511342807085485,0.3409882137942104,0.14705156554704218,10.0,3.2689539683563233,8.193989706324377,7088.688190789974,0.1004076489023151,98.21289772466024,35.26857194804264
real_0185,0.584303650736635,0.9996873994830863,0.009221010579914509,17.1149704476283,1.329077414724129,1.0860519540697795,0.018655789308543717,0.08408448616036139,1.1993473393502474,10.0,3.4674688972694456,9.600600678064604,6917.304815291428,0.08678601524791173,91.32778509801793,23.18014201259957
real_0186,1.2925278447769084,1.0,0.008417835987284518,9.733186887690314,0.663828868342761,1.0836984753052745,0.006611953556752132,0.42294489287964376,0.6270738727965535,4.236788911203762,3.9600801929024696,3.3949398871240533,5598.233331519854,0.07331345799070078,92.3778303093019,29.599376045147146
real_0187,0.537303457453619,0.9995721918472157,0.005562903777642831,5.684669644745893,0.028282101412991402,1.0894742026586328,0.016636023707426967,0.2291619753407973,0.12468751800744193,5.05452978272424,3.3439572424836106,6.387064232093921,7302.71209758546,0.10336561551888108,99.79249991396463,24.691935813330147
real_0188,1.1706643232791443,0.9466594534606554,0.006933555123285858,16.087540512775323,0.06956308960546748,1.0841240438297794,0.09844974571375449,0.15079003684187298,0.4957364126601807,4.8587899901055085,3.5771542988711094,3.847908158255502,8669.668030772715,0.12439059497888548,93.50828425986761,28.77789909944596
real_0189,0.6638710491502144,1.0,0.008270678575296187,6.725637843936484,0.2387839202059422,1.0951311401424484,0.042987898206626705,0.11671052236522245,0.2471018822042122,8.903259280972218,3.9754704129199294,4.2011116699126605,6334.186736387117,0.09829154386648627,89.3440819586575,29.063620980495795
real_0190,2.5953005405325236,1.0,0.00524143297795256,6.008855660445272,0.12242916535627947,1.0981363769316332,0.009529353148698093,0.5130715579339907,0.10900629016594265,4.221097003594384,3.5534628123580285,2.707693923726416,9501.462150392463,0.1315033142536571,97.08851488087548,38.96711740033176
real_0191,2.616331169939011,1.0,0.008346789415032588,7.033074948648989,0.31735437774435893,1.085949862535489,0.0076189028234513465,1.421683642366555,0.10451424216630328,4.046866797281891,3.6307686548973215,2.784003802445276,5175.176564715067,0.06954697713265158,92.92559063276298,43.10875125653894
real_0192,0.7604081484433693,1.0,0.008090255438459591,9.167175742333495,1.2836722274513874,1.087353734517238,0.030523215645569108,0.27605244973512116,0.11209206629181899,10.0,3.5122917081460088,3.828663467113068,7177.22219963975,0.06411678055505535,57.50399357334975,27.0978013663379
real_0193,0.6557267474399879,1.0,0.005520743460773338,5.151320850656891,0.019662101410470995,1.0899439558032762,0.0037985135075032372,0.2570937901196877,0.14854218727543442,4.731568760163257,3.2987532368695254,5.5225841450018756,7219.830071277289,0.10741590816831147,98.78480061538161,26.443512604202972
real_0194,0.583579763324769,1.0,0.00864866543134141,7.08622957685438,0.3914756832686322,1.0882078696610662,0.004405462003097726,0.19497001625856505,0.12467470859204,3.75617217243515,3.9503659467329206,3.0505608693578554,5771.699445646809,0.08255023153191489,92.20843584615872,40.943451272608584
real_0195,0.7342710093443247,0.9978802658967489,0.008719387170419122,5.216873233451872,0.14181577560376069,1.0850554551059801,0.0,0.35856305750297335,2.116568405434982,10.0,4.039597859337198,19.635233802250262,6022.658524715013,0.11243394236776479,95.45010035765509,30.78580167017443
real_0196,0.892066972525192,0.9998381431295393,0.007816287272999373,14.230005207653496,0.12217104853749228,1.0979219951293706,0.0004074048413369089,0.3612208824187041,0.11734649128461429,9.430447549396632,3.696458423011544,9.511036041868657,6995.673810710398,0.09986191185701061,91.11785254113386,32.77729436180253
real_0197,0.8982737916111392,1.0,0.008164541841153275,12.809685965460787,0.12855756401449717,1.0853433163027337,0.03901482701915001,0.2395988990949777,0.1,7.930713607007654,3.5641318199362395,3.71195631286787,6690.4104953898395,0.08537380431159348,88.62840181970634,31.417100922186574
real_0198,0.9688284715927821,1.0,0.008418684091127712,14.459758199686236,0.10666488385853436,1.0962075032493204,0.007829313859692787,0.3849013811659331,0.10113628282967221,9.670905723483425,3.710969873639538,9.414223742853206,7024.6613822213485,0.1006627578700037,92.33257781325447,33.021036950968146
real_0199,0.6048893047214585,1.0,0.008557603121271544,6.235028330868789,0.43072780577753655,1.091666441947755,0.010327467964654547,0.19382849771512006,0.11943016675710885,3.895636830314266,3.9688998108196736,2.91531686819216,5801.226580155591,0.08198503379219983,93.74407667696349,41.313768623138984
real_0200,0.6249925302599864,1.0,0.00553318957700123,5.493045748638281,0.050731392080103174,1.0915385061613194,0.009190605992955549,0.2460198928016439,0.10578108113996014,4.709076907792955,3.2897317127223533,5.559867421252194,7204.035697718067,0.10110243521760748,99.47255683544344,26.120432636960846
real_0201,0.518550259840712,1.0,0.00808716950781168,20.111630747786652,0.15846818367514548,1.0971192957416651,0.011020006883756782,0.6239951788668868,0.13225601871808934,8.716938247241089,4.092127905810655,7.3774276814667505,5524.744268917827,0.08195430734543366,98.09014136336121,34.57738755406406
real_0202,1.1065503497419886,1.0,0.008246793365183571,11.608553122154685,0.028240250701786613,1.0860384365560085,0.05206835181903801,0.33704102852851214,0.1270848857305089,9.73787849449855,3.2821034416135744,7.254584386931173,6948.558548168862,0.10278669172964254,98.62114845748943,36.30319480027403
real_0203,2.5534005382521006,1.0,0.005316904646054153,6.01524704946648,0.114478979961375,1.097345741344498,0.008319522364166002,0.528838821151233,0.12622616697504946,4.333680824351452,3.5745721058249615,3.0778417583647535,9481.770459256517,0.129956265558869,95.3363756663487,39.82722354195052
real_0204,0.5,0.9993448526355909,0.009131700627942184,16.211708333274995,1.3480421956072466,1.0855992844095494,0.015769133883739735,0.07975891600049174,1.080632352624722,10.0,3.4669070903639394,8.557796691582269,6983.914189226058,0.09074048833850293,92.0095919362218,22.340168673296905
real_0205,1.106840352908601,0.9097665733941029,0.007276926318289887,10.984136913419965,0.31297395686978896,1.0963728103462311,0.12744735853173852,0.1470811872730186,0.21086751954259828,10.0,3.5883494357604735,9.694909415383922,6558.183378245738,0.10353228978929123,95.34152226301767,22.28182692381804
real_0206,1.1956196147558535,0.9946022483170613,0.006334270322650992,5.0,0.4924071856968917,1.0861334252934278,0.009310072970658546,0.22806307664486908,0.12251754666782971,9.820455176857083,3.807633263813809,8.424058545394313,6887.836958732686,0.0912404519342073,88.4460575513261,43.17156407982795
real_0207,0.6717172978326856,1.0,0.008613592119130329,6.347843371103636,0.45740885985037705,1.0909430061763112,7.597738169514649e-05,0.1917617780680821,0.13056054188474006,3.8418882821381746,4.005218530645846,3.536285781940321,5723.7266119856295,0.08522006300364292,96.10528010651352,41.12743159163356
real_0208,1.1701799464989895,0.9398001254825218,0.006766546395236723,17.020762337234622,0.03127205807530553,1.0852928267242545,0.09507294465002285,0.15772221112461657,0.5619168677926266,4.822707517679337,3.5243170108557496,4.713794216705969,8861.157881101693,0.12561801520446494,92.30300514614017,28.51424597199301
real_0209,1.7698585621157337,0.970629617497782,0.008854475023780133,6.594164826796514,0.0,1.0651068529323624,0.00783897346247171,0.4560902130544434,0.13121131340598777,10.0,3.9731146666504844,15.278567772803253,7053.875402948087,0.10332356211314662,89.06213975504484,32.41641481004565
real_0210,1.1684064652935477,0.9473520956138185,0.006903867292095281,15.74297893860512,0.0,1.0849657620246107,0.09809054704631735,0.18366568551198253,0.5501431403422296,4.5475565555805115,3.4989743359332324,3.984911235246059,8733.335928559609,0.12802195945183334,91.03038838248158,28.72497454286515
real_0211,1.1370289073606787,1.0,0.008819451938132859,7.311394229304018,0.8088944907477617,1.0734575165756626,0.1236567949986897,0.2529300093735066,0.10346769301158608,9.95687520720015,3.62700082157679,3.0977150286081825,6710.118251269577,0.09063812650707945,95.27112185002464,24.176485363820987
real_0212,1.8830353800214052,0.9716629661005302,0.008843242120731839,6.3891908048064305,0.0,1.0640442142782784,0.017203731041815246,0.4653305169149082,0.14473355576269728,9.380641368093128,3.9501067813952564,18.30072875451061,7012.137217184685,0.1015263107238273,89.9397790461538,33.420579883124205
real_0213,0.5466721214963539,0.9986884060016468,0.009329589459994953,17.73330908466282,1.2329664834897094,1.0837403780616177,0.02305225499828637,0.08014341021858408,1.2420676708281873,10.0,3.466478780519103,9.534414574175683,6831.45206556122,0.08853869264664928,90.39963140952499,22.944416595277914
real_0214,1.220820549039279,1.0,0.006148916417367108,5.0,0.5133165053894355,1.084996467836597,0.0018887665569582725,0.22759362836201477,0.15032506909924773,10.0,3.823762609879471,9.017516417278367,6830.850706110761,0.08997194291571303,87.44937572948405,42.18817165574204
real_0215,1.107302556102333,0.9082564830849273,0.007273456003079906,11.825429496040456,0.36535631079888065,1.095529258978817,0.13012216606341365,0.12916348685947118,0.1932316673265485,9.990336374061707,3.5819833638142273,8.621664356100098,6435.38583914208,0.09946269531999903,96.84928068038724,21.856777292005887
real_0216,0.7182917484034016,1.0,0.008804078297515925,5.0,0.15626641324851684,1.0865398143887284,0.0,0.3537193666066709,2.144159085858103,9.281408441231264,4.0926313606648534,22.297628729740275,5974.4140158287455,0.11511373114702413,93.50203991947589,31.289591053387642
real_0217,1.4573114807360765,0.9751904638945604,0.008004650779598164,7.2883003992766,0.5654077732198663,1.0853055083159353,0.0005164635928257313,0.23282528525635232,0.1,5.49369094447892,3.8710920368724797,6.003581235260414,6124.491042259135,0.07301242262714866,88.38552716315156,31.40175736388668
real_0218,0.5417904029282654,1.0,0.009142896937691207,17.112736472741208,1.175467441995791,1.08695974925842,0.020247599125116478,0.07595291645542554,1.2035063730709292,9.68771317886092,3.506113520830592,10.50375860442798,6911.97716947007,0.08856056489369897,90.70926611898322,23.057764219327208
real_0219,0.5160893265368154,1.0,0.008441376174474087,21.39561203850684,0.14748066803587415,1.096098392413368,0.01117391960307652,0.7141171448597856,0.13696296373955605,8.595756110720249,4.087272143099102,6.8670274197525165,5528.219126635787,0.07942299232240803,97.8775988031771,32.88695121043809
real_0220,0.8890947849679761,1.0,0.008242639130688153,12.83064852634454,0.040414903321406126,1.0856383486876298,0.03442487850095899,0.2595339807387288,0.1,7.910396223154572,3.552072727818153,3.324729002128646,6706.209850372604,0.0882819472916272,89.28382789993994,30.18882554211747
real_0221,0.5,0.9981538202784946,0.008943438342080485,17.354162412122967,1.2427372139977626,1.0856602706047864,0.0117584807102155,0.08265421899993777,1.2946358976093861,10.0,3.4582952691395104,10.754787697802433,6809.471037372407,0.08851509778093801,91.96386655023434,24.352302341589176
real_0222,2.464719490488931,0.9997978971290167,0.005375690324987035,6.053752526634738,0.03780829934923422,1.0968689088534624,0.0,0.475504085671969,0.11887870474384869,4.28425323521295,3.542156192285335,2.8231719469332526,9568.914802892019,0.13068392455057729,94.52011602311416,39.28072387637294
real_0223,1.1482986155482726,0.9999344099228523,0.01,5.179601986713314,1.1755899645169368,1.0856723564060784,0.0032837309015827376,0.1418576937360198,0.12103125800093097,4.893769150392616,3.7174036837105824,2.4392460782425003,7861.406114685547,0.12951880748728636,100.0,29.87683402543051
real_0224,1.0135206550246338,0.9971443336220648,0.008842851068063276,8.08460503047172,0.758681666408031,1.0724272669569734,0.1241571665626275,0.2414715370933681,0.1210802724483204,10.0,3.5948690754605344,3.793110139677382,6632.92404653774,0.08961241335728097,94.89399119507618,23.651885553923623
real_0225,0.702176501504387,0.9995287925190166,0.00811912234766996,7.337099418703937,0.28008113002704826,1.0968327447164699,0.05505722066206763,0.11716226724950506,0.24795182986428072,8.568203446107207,4.040376505961628,3.844465473340341,6461.94676943099,0.10330640274026268,89.70036534707441,29.26792640629408
real_0226,1.517892543526972,0.998632984265087,0.007877835648842157,12.362009278618121,0.4042590533115239,1.0633620472037757,0.16006174572467202,0.16493875080213788,0.11286779244360821,9.324143308579272,3.8367869050261287,3.5006841919503917,6734.699142965401,0.08779261900836459,90.67982435659935,36.087505300435126
real_0227,0.9647705533244775,0.9928985398262575,0.007536336145191049,15.873245743861844,0.6760700767945451,1.0927632483385754,0.05299172755691439,0.08916766204144914,0.2422380085544159,4.678707502977796,4.052248489107823,3.460668378547717,6106.631148541733,0.08085865848592341,90.92681466184135,21.72661197662137
real_0228,1.1380281388762816,1.0,0.007022203074077627,12.074554183262292,0.4172877947064313,1.0915843701872385,0.025370280004155775,0.1987407099625454,0.1,10.0,4.017157180306579,3.3419149775306067,7235.263523444067,0.10508062549130266,89.02984953239621,28.33575991279141
real_0229,1.2233917537066585,0.9994791291338485,0.01,5.29567195484894,1.1848187703057185,1.0864613739475217,0.0,0.13053366103447764,0.11427248846100227,4.975415847214038,3.7350853047749175,2.210928291791364,7924.684321413544,0.12672171375478486,100.0,29.09936930890179
real_0230,0.5222512553657013,0.9998044274910789,0.009271634844958451,17.326564514267304,1.232099885430656,1.085377931609127,0.015873733852817935,0.08112330706305373,1.1105902608323246,9.516066971242871,3.4724784888855957,9.781721533806744,6854.922004588162,0.09109903093973487,91.1955811183825,23.43684443719935
real_0231,1.1684749666670224,0.9967269600633496,0.005840862672471233,14.908618638731534,0.1293988244139277,1.0772757359486094,0.0274878528622531,0.5537768012852614,0.13223988964317795,10.0,3.5020489328910553,21.932475292850768,7159.385594518854,0.08518526054958894,92.6433481807191,34.550535848471256
real_0232,1.805598843229511,1.0,0.004813278843255463,7.055318528555897,0.061191520205110664,1.088709064693209,0.028501595094450816,0.3370016092449809,0.10768535468970022,9.083626639326615,3.345998598601944,9.059400074348625,6084.09975164449,0.06755411305393638,94.0824716652515,35.834486002033664
real_0233,1.2443455389874178,0.998158667603672,0.0061403495560947985,5.0,0.47524464741484856,1.085894016553288,5.7053884512658914e-06,0.2474969775707447,0.11558467625060516,9.548307379608321,3.8157209674105648,9.754261770026131,6738.536423966934,0.0923397538763772,88.42066501775335,44.05563751488809
real_0234,1.0214713483866829,0.9980815388703278,0.008009725676165796,13.235269894386375,0.001392775609620474,1.0865209751093499,0.056071179338091665,0.3285339393220921,0.14443614799754861,9.784708571232567,3.2590282440534604,8.737584036040486,6880.1286878716855,0.09886118821040082,100.0,36.112266372747726
real_0235,1.0915575786745997,1.0,0.009180211356308511,7.273540739324169,0.7106710862153391,1.0730710371913754,0.10706946662354419,0.2590230438535324,0.11827457681262933,10.0,3.560624900539916,3.4046223684670363,6733.450689014556,0.0900210081085855,93.17272845045387,25.184467369447564
real_0236,0.82164409751683,0.9992405322059512,0.008324092765151765,10.008135365175606,0.09622308616418432,1.0905113108025433,0.0,0.127796688209222,0.7301694914796791,10.0,3.7532015039081617,1.8753188878896665,6274.333714387209,0.09030504411368286,89.99721641408681,26.136026443277228
real_0237,1.208634907857014,0.9973903717782343,0.007332709184158469,20.582715179895988,0.48300961207568543,1.0925484897538493,0.02194493971786634,0.14696200214401997,1.0050627207298954,7.277358717298873,3.55280657088344,1.4508255858106842,6688.971539770781,0.08665703626032394,87.44894790852973,29.469412546981037
real_0238,0.8503474454334368,1.0,0.00857387107503064,7.419183581160129,0.28620643768949217,1.0975349711035853,0.04959071201516211,0.13094245404458946,0.25640109818580903,8.477598368334288,3.990013942430105,3.6923416634280697,6387.084392864759,0.09798008361041323,89.50630318223493,29.65430546220234
real_0239,2.63448392460548,1.0,0.008549600889228046,7.363820443495799,0.4255840310049198,1.0849491815023578,0.0069761266508712345,1.419550732437422,0.10181723835180122,3.8875047510325165,3.675689019896277,2.691362106703819,5174.347274307049,0.07138786182644646,92.36715233407541,41.97720544219973
real_0240,1.0052682321972617,0.9971806330742878,0.0084382700628732,12.876380743302427,0.05690525674945895,1.0868795484291451,0.04378740371195815,0.2347750188550086,0.1,7.791719159085608,3.5428476424252846,4.036289073581801,6569.0910519851,0.08482776903317145,89.31622914764397,31.198812584785323
real_0241,0.9127738554080159,0.9916186737504357,0.007750948641407314,16.202245417073893,0.6590995195787772,1.0910056083728388,0.05117646085383762,0.09063908644117337,0.2050598474632645,4.457688065411158,4.042186847102348,3.385695632967746,5883.863015704002,0.07693538788248744,90.89162537629818,22.202737894888255
real_0242,1.4700076581586583,0.9765488428632131,0.00779526287324707,7.299422428926715,0.6343792697395634,1.085364638400504,0.006770946605112473,0.22226572972331216,0.10261663000136859,5.748434007365586,3.8926267379726878,6.932826091276847,6289.461210638622,0.0723747639304716,85.8089121367151,30.52182716941239
real_0243,0.8772635843974728,1.0,0.008669881546452301,9.571614796599667,0.08431099902636366,1.0895671356794936,0.0038466849190359246,0.1234402104462124,0.7661246376118809,9.507633155802639,3.7577237247733026,1.6500610354160252,6498.099927999112,0.08778280390347014,89.3564196179545,26.693871964015177
real_0244,2.6143157805128157,1.0,0.00835571876421959,7.214614373007246,0.35186736652256645,1.084667155492767,0.013403492393881257,1.3373559026764101,0.1,3.864777364297411,3.678912289736106,2.9393863861925382,5151.8024337268,0.0698980621392674,91.65274023569556,42.676165754891265
real_0245,0.7216837262051151,0.997413529504467,0.008931231665404625,5.2708764718847725,0.1834380949475473,1.0866161609401277,0.0036541122943380038,0.30986014127239914,2.5257124673897846,10.0,4.110834903236374,20.93694479386903,5949.21947990646,0.11167661111188033,94.72272020027151,31.055238060217697
real_0246,1.2346650429100186,1.0,0.006009548907223811,5.0,0.5422696785594414,1.0870517267897524,0.006409934575328784,0.2653430444756277,0.11204922731859636,9.793321847539167,3.789826682276269,8.656488030589076,6886.0810078293125,0.09121006507011925,88.13225386454089,43.10784486048118
real_0247,1.1646645667332618,0.9994426160339925,0.007429368818416879,18.51526335699406,0.5065117171403216,1.093205196165518,0.017680746437398306,0.15119779176335424,0.9777055941690788,6.8748591089071835,3.5065546994614203,1.523863222544546,6670.0585373102085,0.08275892848152719,89.83997508719567,28.978013788395756
real_0248,1.8106944889310368,0.9729147669443323,0.00893617332998627,6.191715039452878,0.0,1.0671220779709485,0.01330542937466127,0.4509314184633861,0.1362167466101989,10.0,3.9586153534956883,17.206134981857847,6915.0806253840965,0.09817535874902435,91.50590787541255,33.02634888771154
real_0249,0.7422952511248567,1.0,0.005032732171527039,7.226021340427285,0.6107144347346365,1.0867756846500365,0.0,0.33222043528496403,0.2108151613207393,9.467150782418747,4.543570897814013,6.739861541899698,6796.717052830454,0.08084966577590431,91.99942975215957,39.526451696512495
real_0250,1.2243565219251702,1.0,0.009995869222751494,5.48278849435117,1.1756276852592131,1.0869343990755393,0.0,0.13494970843288692,0.10336604923578092,4.995057615543084,3.681695159679501,2.283744450449232,7812.01842074593,0.12700455977887953,99.74532629043765,28.685332477128533
real_0251,1.024188356580598,1.0,0.007942938740760741,12.922388707160101,0.029242926980293557,1.0862234019252133,0.05244020508648129,0.3163602774859701,0.13014518550057075,9.804067551845787,3.2785575643042746,8.878490958821454,6860.805173488809,0.10164783319774799,98.43936750097151,37.71636019039107
real_0252,1.2288379495960233,1.0,0.009806705425827593,5.586074664760573,1.173328409344741,1.0875364429845586,0.0022669419054768933,0.1378960036184224,0.10279513642618261,4.889015741309619,3.728623808116444,2.1026065721267173,7849.361402917369,0.12633455017006437,97.72240351056836,28.24495876319721
real_0253,0.9310760007316379,0.9997978847334006,0.008195617226296716,15.042941395942911,0.15325761331933546,1.096416909228735,0.005859999493303451,0.36423269463357166,0.11259926382861675,10.0,3.7187701935463777,8.472144858839743,6909.856710244036,0.10205790374250825,89.76857069828193,32.242479834227595
real_0254,0.928125352155766,1.0,0.008377804610823788,10.086175536610785,0.17253885468307875,1.0900050829169137,0.00012060844713541604,0.12443004412624051,0.6797815461267597,10.0,3.745776339049516,1.7651869078502909,6284.895182107913,0.09117811183840574,91.49955334233961,26.196927971277994
real_0255,0.8379405077626378,1.0,0.008401387315483323,13.38070695025897,0.08588853674331076,1.0847049861851499,0.044251587576351226,0.2542312167619161,0.1,7.645705344403844,3.541163139074163,3.706634446058826,6620.9433585882725,0.08519847328252149,89.15444109626019,32.2497708894844
real_0256,2.553768485873466,1.0,0.005220369266938558,6.09278715261307,0.0,1.0992897219300517,0.008210967574870925,0.48180069771059075,0.10457560897533423,4.479319745447307,3.560298192118516,3.1588892096181547,9582.51301192589,0.12730123209844285,95.72867528979357,39.149777994982266
real_0257,1.3382011775230984,0.975434849645104,0.007849690750631045,7.209530664171853,0.6148224714132414,1.0858067351840017,0.0005014913920591298,0.2325233126803248,0.10271120721184579,5.386944824670658,3.8737766961248945,6.70437025102051,6188.927496037197,0.07403634594786268,88.52889331370027,31.25774875904415
real_0258,1.127700842138099,1.0,0.008101570623717767,11.236666942139072,0.7328829787242117,1.0832163008431508,0.006895003688637145,0.42744472056579924,0.6754624604435341,4.0598491925264035,3.9361139597306645,2.915282880031673,5841.789822563236,0.07421718193965368,90.71181305872739,30.19131023898348
real_0259,0.9779875898315801,0.991086809521443,0.007655424651083304,15.858087857229078,0.6719135675436589,1.092145770109861,0.04622153517265911,0.09418436002127213,0.1747000236152248,4.690973743841191,4.027799695235014,3.484830301148006,6003.71366358023,0.07558366523447758,91.82358980182757,22.3904336723184
real_0260,1.8224625954852196,0.9724607537900872,0.00880637845942869,6.385807820625164,0.009503114266695641,1.0665727494652988,0.019647723657573446,0.5050230205069057,0.15318178897292972,9.895453437773117,3.917191277402022,17.722689041025724,7112.033633792271,0.09873042566664443,89.24504130593836,33.94921368135231
real_0261,1.1674531296678952,0.9992365976311556,0.008480002094274273,10.381771323267424,0.7243613088319102,1.0850317329655499,0.007062379586856647,0.47047050958563597,0.6314263699642378,4.087879938177183,3.927251560045362,3.387744844853208,5884.123879940896,0.07268901654141843,92.12027805109214,30.747911336279433
real_0262,0.6401933712729317,1.0,0.008361739176808712,7.341492657119947,0.3153946403128541,1.0944983990271788,0.04467402520731505,0.1435533651775898,0.26527785232269707,8.82389809133262,3.9968098405019448,4.223017412883155,6468.939898290208,0.10036461517727717,90.08773465274173,29.113447956179446
real_0263,1.3035334412324864,1.0,0.008453079694378553,12.165026680837839,0.3922667568866482,1.0882505690074484,0.04389864482480834,0.1881222893235061,0.1,10.0,3.7861845277629897,5.971046916672371,6908.7396399156205,0.08896470046132049,94.05149317251322,24.74592537264711
real_0264,0.934075204990345,1.0,0.008579202858580149,16.402584229528916,0.0985170928755639,1.0855049627940279,0.0076122407035603724,0.49557538110271343,0.4272082702690921,9.457095601927664,3.7470686223032375,8.602020826200441,6976.5850789709775,0.09756509700618358,91.77307452161138,30.430113558528316
real_0265,1.03214107196262,0.9924301937823607,0.007443568702483138,16.112294304616857,0.7088940355682347,1.0896023042162288,0.04647490638207524,0.09086430514290295,0.2105859593644243,4.467085919511978,4.027223963502962,3.2100561265329643,5867.665577098707,0.07539304925537817,88.7019543886735,22.255511851417655
real_0266,0.5654059395234515,0.9993095935917089,0.009076456872524445,16.718085756611885,1.2623382479139502,1.0862568453733954,0.01892782372952286,0.08240900390390687,1.0869383079897768,10.0,3.454372602315633,8.790650460244674,6842.6532586574,0.08643610691760542,89.8665090595309,22.71488868745695
real_0267,0.9182161917172261,1.0,0.008554181590507986,15.797421261868092,0.14617932400636321,1.0965865940761625,0.0022201705599932593,0.33273027462530275,0.10152028940868847,9.717950132862729,3.702861246721373,8.924258942925682,6843.187700151202,0.10023607455517977,90.14589755243412,32.471667337128814
real_0268,0.8780886285912252,1.0,0.008354974615937974,8.899034011877887,1.268034390449272,1.087103741461241,0.025871300229450007,0.2772186717031474,0.11424215222543478,10.0,3.497744544874667,3.94059711174328,7074.327921184734,0.06370832214303809,56.420336555444635,26.547343595641642
real_0269,0.7742442727624961,0.9977256441652552,0.008345175691787268,8.181855383546075,1.2567972094991606,1.0883824102226276,0.03216452531647949,0.2635526530033541,0.10625659332404219,10.0,3.4971730811466544,3.4355497133132618,6980.910935728427,0.062299341598770076,57.659982266713435,27.749937913560732
real_0270,0.7019647278342473,1.0,0.008394979892481528,7.8565371963443065,0.3620605982410652,1.0954412083705347,0.04384696477831666,0.12674369315367864,0.2447164176566571,8.313048498772961,4.017977544292706,4.250729699279851,6351.65607199927,0.09966694774943514,88.7952983021268,28.396801647202523
real_0271,1.8011987055705738,0.9990776970686877,0.005098052377858686,6.737237755244148,0.04714324108471858,1.0888376121074328,0.023718393551632758,0.31620622001419896,0.11120692711839367,9.516725308443165,3.319072883187903,9.565963796458753,6194.252888387673,0.06742143725737991,95.18181237544407,35.540813586659915
real_0272,1.1999169217445786,0.9969515420667857,0.007982059836904023,10.17878555361595,0.7165810241639986,1.08357365369574,0.008851435573709203,0.5153244769719332,0.6615938510502783,4.442573687674878,3.940208946211508,3.207667337274219,5669.276384499039,0.07310441515507803,92.94295651897204,29.34274623415586
real_0273,0.6551216699168071,0.9980751732520055,0.008400447143440633,7.081817756093446,0.43277519145668786,1.091149168332206,0.0037163009834641735,0.19450885586707042,0.11704274947831622,3.893035156251168,3.9577632476641815,3.111043621719918,5617.898776338194,0.08340581430562688,95.89803089117096,40.876570271484994
real_0274,1.225974748426042,0.9981193752776503,0.007413409049430957,19.327274787836746,0.4315197912996043,1.092582731297343,0.016078343393743068,0.1392555411952568,1.0216849708096178,6.893058439172805,3.5208793719194533,1.4101284449102283,6612.241470387909,0.08276093589161324,89.92640762194245,29.69415983768656
real_0275,1.0731149673627864,1.0,0.007929592268018155,12.774043610686022,0.0004193088836647561,1.0857720241950128,0.05540302348870384,0.35454006127424326,0.14805664717760864,9.677570085747314,3.2850432284044677,9.355542820900283,6856.240096547555,0.10481588526024789,100.0,36.526050811819715
real_0276,0.5078335638500264,0.9994956050419787,0.009303262844213133,17.056349214640615,1.3034639039963185,1.0862543688114543,0.016862495875629973,0.08502724261452656,1.1667275743126189,9.822468633937348,3.519050445419523,8.738216364452922,6757.361661516682,0.08961879341146314,90.57390623184834,23.8328788208961
real_0277,1.8225974176668676,0.9731836018530642,0.00885614760053908,6.749995946337295,0.021198158314422656,1.0663288347039583,0.014321558643053482,0.46787349779477916,0.1365735872630821,9.590806727715643,4.001344786944394,19.09775623268754,7019.485782200345,0.09887467572807848,92.19307064995756,34.1352683699448
real_0278,0.8451269616939081,1.0,0.008485247764433225,5.336468763476542,0.11400775272433321,1.084836232684559,0.003344642803255673,0.3326393668372702,1.8963445863258963,10.0,4.028355725812151,20.931561901675263,5970.89872785357,0.11405833952864924,92.42651344978513,30.652357474775688
real_0279,0.7119111064117453,1.0,0.008588879250966287,5.2280104792722275,0.17113131853541072,1.0854828801775906,0.0,0.3366378213593925,2.0075552569077986,9.731100574936892,4.075592393102857,21.028846652896593,6035.225613154391,0.11411719759967358,91.12739175577153,31.95941351406182
real_0280,1.0066412690053976,0.909730116699505,0.006634412708663087,10.965683536464157,0.39537806326312797,1.09629482510055,0.12932505417084747,0.13859376081656413,0.20901146979373844,10.0,3.6451061823680355,8.174660452034805,6486.411252895157,0.1021998878015439,95.53957415360017,21.093940709873944
real_0281,1.1073254608747805,1.0,0.007999327332112146,12.864084051712895,0.0,1.0865872151224782,0.05231715872974429,0.29613381007695344,0.13680102774825129,9.860393213371319,3.2648518447887414,8.650162480769124,7051.61590375434,0.10107529757497896,100.0,36.61705895630996
real_0282,0.8703666876378984,1.0,0.008518682135012333,9.881233986918783,0.019400867021094143,1.0900084497090767,0.0,0.11785830158668018,0.7671381241934311,9.640484737948587,3.758811972194496,2.028980640485788,6493.679254544438,0.0906771461032125,90.32843583315437,26.20406467293679
real_0283,1.1108126917484913,0.9961174399323603,0.00797164504444891,12.053898443987954,0.0722735116376587,1.0861355070504688,0.049843569306667335,0.3049930241588689,0.15092901202037579,9.851513822644135,3.279637236492996,7.9888578229732685,6975.052917285157,0.10221678143897582,99.34764843042089,35.65256412113133
real_0284,1.185627886844135,0.9993287548745413,0.007531617568172674,17.975528989873162,0.4799646304308288,1.09304044682089,0.02369482925700284,0.13200025546816793,0.8543761015094774,6.379812120687878,3.4961639748711315,1.5565707298187081,6829.634746654614,0.08593626365525109,91.76449657042942,29.383327108500644
real_0285,1.5300581809716496,0.9959843529893715,0.008673006886767188,13.278324803927303,0.3431030235094519,1.089040665153009,0.04480642703782177,0.1651444108673479,0.1,9.95770904131405,3.796293587080902,7.33364868951899,6975.2175266377035,0.09221469325891699,93.24541546395385,25.177965357964297
real_0286,1.211069289270962,1.0,0.00825214172062005,9.071158893435092,0.6716718780401973,1.0824080135106258,0.0,0.48127416237151444,0.7154543304316513,4.164116302139582,3.9633528395311624,3.062920806633551,5706.2779071928135,0.07386287308734141,93.24773982945175,30.57498755693367
real_0287,0.921318486387454,0.9911874667025136,0.007439841324639142,16.32831344672961,0.6921204272210936,1.0904962950674235,0.04094714926612771,0.09171942096548144,0.18651653762856277,4.872633660937041,4.035285662183304,3.6346209229369735,6005.231294137499,0.0771843001884349,91.43347711329457,22.32211679440354
real_0288,1.2675394285902621,1.0,0.007333939664241179,11.409435227109029,0.3959799598285586,1.0918254257285576,0.02110561270768635,0.21472201351010897,0.11269531892934953,9.35948300341555,3.9902040695301206,2.604633448500905,6895.127935929623,0.10401938360872932,90.06806618806299,27.49561988747816
real_0289,1.0203174989422792,1.0,0.008115178725102179,13.555843123057597,0.043838553087206175,1.0861912072401654,0.059936778221372056,0.2986053385235466,0.14929137003235826,10.0,3.2668397158763676,8.94023100580341,6931.0232296913555,0.10182021563519553,99.60550594577187,36.49092571945177
real_0290,1.3703629034231357,1.0,0.008121072712391859,12.141525720990094,0.3744681296133613,1.064351330220583,0.16701342684188097,0.1710894000329128,0.11871622721576876,9.977472044768863,3.8135877369678832,3.9231630776420725,6696.273726860684,0.0923949284870969,89.00755873792522,35.90256664194301
real_0291,1.0291488970206117,0.9082264037293424,0.007100924989461328,11.69548019329336,0.3366745559024444,1.0941396320113286,0.13447676190498628,0.1405706681334949,0.23642085896095755,10.0,3.627706791684491,10.08937798862764,6519.335351619609,0.10018937777173699,93.33118711308944,22.24856191997719
real_0292,0.6377733206706598,1.0,0.008479996575373159,6.483099867305119,0.43360651737615397,1.090651857787952,0.0036966748767770586,0.1997596222601283,0.10249051755398322,3.838192304420524,3.9736857760049555,3.3838588059381216,5872.371635112961,0.08259665618816717,96.60837532030962,41.48276839096526
real_0293,0.8666442124946311,0.9990276483368699,0.008555933103479386,15.060257333246534,0.10493800640075501,1.0976615139717554,0.0019166458205744986,0.3351101323124687,0.10952832190459225,10.0,3.7076847405304916,8.856976441815466,6774.012296458504,0.1000159535834753,91.47074280668473,33.063784523102626
real_0294,1.220013492237903,0.9999974349276263,0.0071263309133827585,12.042549447333919,0.4565928303486991,1.0919942133324774,0.016129225688419305,0.2142539995707835,0.10310589839656603,9.4968062031188,3.959132258933051,2.892174075917974,7231.041292506208,0.10093812846836732,88.6578980427944,26.48350751703414
real_0295,0.6343873427803869,1.0,0.009944799807919565,22.933276532584802,1.0698426253563353,1.085309791595726,0.006793685398148091,0.9789202443115043,0.1,10.0,3.6704282981428933,2.7710334093273707,6557.917833302725,0.11631447653478989,100.0,37.6312735429034
real_0296,1.1255509959012664,0.9937966619124378,0.007928658768253974,10.42710644675327,0.20434855022490647,1.076104325482898,0.021459181505080492,0.29110598491552986,0.26299287112488173,9.733009130956113,3.7592717206679858,7.082445803212734,6742.873029291161,0.09104069516613056,97.60827415666165,32.568422228542914
real_0297,1.0855924843261933,1.0,0.007261000591983412,18.361653404228193,0.4773703193886203,1.0923711078000062,0.02082702559532006,0.13427148048833934,0.8601551138685092,6.601357714967739,3.544811337978575,1.4264486097017361,6715.280457528391,0.08534711261861196,88.6250124011892,29.188996844963732
real_0298,1.0118246685227745,0.9103956801320618,0.007170439116860183,11.507308313594933,0.3514326474000269,1.0950531763245321,0.1258496493854162,0.13400810092335486,0.21560863815345538,9.576949689008428,3.598157593485456,9.639383671675931,6399.046802887088,0.097815385920287,94.85892044892621,22.88176280336236
real_0299,1.709660283583681,0.9982414048220938,0.004991793928329672,6.816719265181009,0.05722372209160939,1.0901642016106632,0.026982986073744008,0.30460886360191614,0.10923390778909464,10.0,3.3581739329610345,10.483295979938115,6041.517290461819,0.06804713210776765,93.67980257129902,35.182741593015606
real_0300,0.5657987109350422,1.0,0.005581705634962014,5.632805199131861,0.04449130258659536,1.0904460587575218,0.010433078456276015,0.24839873106232963,0.12958114730241568,4.659323023740026,3.3291215613326863,6.114194058685907,7248.155355139455,0.10687099551015365,99.50764521650778,25.88951277204228
real_0301,1.0794140851163914,0.9961106631074715,0.008211461256128223,10.862317345246412,0.2540332923831957,1.0754777372000281,0.022194923553072263,0.29085450493337894,0.21971354979493082,10.0,3.833986859072254,6.242583424771834,6900.111062201555,0.08894437988536094,96.72675860331017,33.79983462284424
real_0302,1.7869137614891843,1.0,0.0050059914693186885,6.32448665195193,0.06895370225530917,1.088781502282556,0.027908245570816705,0.2765951773115235,0.1,9.385159158680702,3.3269106878163943,8.308567537197543,6244.695251890166,0.07033481356889909,94.13380236993176,34.26586296791147
real_0303,0.5,0.9985959050619843,0.008503235057549935,19.976881189962235,0.19382366520017558,1.097258517711573,0.00967632340643887,0.6191216578161888,0.13907193494115425,8.16537061813256,4.06948393398942,7.433541644285049,5408.973336133913,0.08214892198641621,95.77205905099656,33.84801064180409
real_0304,1.1791809991141597,0.9984174607134405,0.007220759716473476,11.150588456233093,0.39807480059456624,1.0913152103737127,0.01892197728522505,0.21010853019850065,0.10017714964080812,10.0,4.038174762333991,3.00572115366404,7099.431092821786,0.10335668558438475,89.92641517457349,27.629419261891957
real_0305,0.9422336391067254,0.9990096994987623,0.00808560655817733,13.59450505034341,0.07864199958648382,1.0860430174358389,0.04670004010826348,0.23611174166689006,0.1,7.987727719959596,3.5989973473627184,3.8720064697384435,6621.808471267943,0.08652194977985354,89.78963847281274,29.409052412854606
real_0306,0.6655116099614419,1.0,0.008190882545659807,7.422236284778822,0.3740437203025575,1.0961326456250666,0.053782147584100506,0.12035973991203862,0.27533980807423925,8.377963267423036,4.045484386115554,3.913049563230199,6545.54869458444,0.10201712674672853,89.89602896279919,28.81090615703004
real_0307,1.2235694908822206,0.998239869905538,0.007325117234746851,11.707596162090448,0.3504334495735637,1.0923116149903487,0.01846724972564046,0.20974349919327165,0.10114751425389562,9.99894740737675,4.000687349081033,3.1900551811810582,6852.61660477468,0.10359695148721468,88.99521461675106,28.053064070245842
real_0308,0.7511688623171152,1.0,0.008371677365016945,6.906266448077335,0.3159800927548357,1.0968435203178302,0.05182784767964252,0.12519698374561086,0.2317947439457046,9.008821018773585,3.9894709014913285,4.012473715874581,6329.9783935153255,0.10250215906386392,90.6801299182367,29.949960996671738
real_0309,1.4599750718518831,0.9729068571422133,0.00753053775300297,7.637639727068926,0.5716413089286945,1.0859459647119205,0.0,0.25612797515511243,0.1093899736672192,5.457242641423034,3.873650878075642,6.297864242851139,6154.101721787649,0.07461204710160198,89.40428418831134,31.228059039755276
real_0310,0.9086990527455346,0.9996241337408664,0.008435933087113854,9.38675468626323,0.08400802808563233,1.0898726675662447,0.0,0.12904417560101217,0.7204251039761751,10.0,3.732420387227387,1.8959294207046316,6355.886837182577,0.09226624472625894,90.56468248631492,26.995460740355522
real_0311,0.8953668679541581,1.0,0.008457874203817084,10.435960874031062,0.07158501152281255,1.089896900668103,0.004495261018658578,0.1331479311198541,0.7197690382483859,10.0,3.7512353247702115,1.7976734695428993,6422.808692059899,0.09028949382399203,89.94457360669081,26.611657375369536
real_0312,1.0361164303216277,1.0,0.008296730801154801,14.989146033566884,0.010946528293696106,1.0856001986394155,0.033239472939864276,0.23059492273483426,0.10303718769298593,7.542451762646166,3.5403666159301745,4.170953743803573,6613.79409089652,0.08865560778087293,90.20635578518356,31.395339111926514
real_0313,1.0476759990393034,0.9066111740377378,0.006802500406675488,11.544124176302995,0.3421858191935335,1.094753917454354,0.1329306610867,0.14043683426589257,0.23616057432870338,9.97320599433314,3.6244212299006855,9.104609003777709,6371.601078577878,0.10164092388897827,95.98799397481311,21.7554928148284
real_0314,1.134790487641212,0.9492312483286843,0.006762215853521192,15.98111233548347,0.0,1.0834715948184905,0.09419864070332538,0.1618967847636342,0.6431314233188884,4.678998380901442,3.524396060759928,3.9713848864659194,8705.613154575003,0.12009255135515108,92.48153504067892,27.845731294876604
real_0315,0.8415520371065393,1.0,0.008435277372868175,9.697145181539701,0.007995933680600337,1.0902614021966484,0.0,0.13710971651444895,0.7855972457219951,9.90473779435568,3.7429951653498357,1.878786903905944,6495.303526724588,0.09364820601342397,89.54809326033575,26.124074064658803
real_0316,0.9841215045465839,1.0,0.008961413426131147,7.300412417076406,0.8202883371570253,1.0733154986655766,0.11742951925635499,0.2656271117534852,0.12031327088247688,9.848326882177014,3.5950594481817437,3.2583424286954963,6717.3952082903625,0.0882523218539074,96.18664594046552,24.916228425745224
real_0317,0.9732447525112589,0.9998759805755199,0.008967550373852945,7.702972239828695,0.843021189888512,1.0731597554961234,0.11812682215738012,0.26355387742331476,0.12366514184117329,10.0,3.568168485953235,3.441490246774909,6698.970546983791,0.0915050273760352,93.80807580240928,25.0647090754897
real_0318,1.4099248036857102,1.0,0.008463234985446388,12.334861938473805,0.4026665112931043,1.08821076847103,0.039880839188386086,0.1709010548503925,0.1,10.0,3.7488147257943676,7.847043381609619,6880.03500991494,0.09019874895105855,94.24027083010643,25.42821457314824
real_0319,1.772957285784062,0.9735209331799897,0.008843758229756854,6.167881449287694,0.013704370072326978,1.0669600724695332,0.017189496980018103,0.48480709907403,0.14763849166269868,9.638767145429593,4.024165487710703,17.177510820868772,6982.092577783435,0.10215797793318712,92.16952781748226,33.00310002339143
real_0320,0.734338255447133,1.0,0.008332798415710921,7.83741426127586,0.2986574244337774,1.0958772452656804,0.04997699486848156,0.13333553100975862,0.23344563506243468,8.94025574406706,4.088227681516244,3.825907122384354,6267.504474583802,0.09952461286678796,89.46656375613709,28.82415872521808
real_0321,1.442861279883027,0.9743532429483747,0.0076341749858207025,7.4717493971894084,0.6864538484792562,1.0871108336482258,0.0,0.23248722123109994,0.10338277808860313,5.196415925036908,3.866306368806804,6.683024963740098,6189.736578664418,0.07475135013446947,88.20461648891114,31.74738990090089
real_0322,0.8150135840788694,1.0,0.008162574825727055,8.802256383659785,1.3439906548818699,1.0866545707117137,0.02939649516679593,0.24766008919528337,0.10656675840008607,9.923709067767708,3.4551787773198774,3.9638606157117677,6998.691281830501,0.06362200370851978,56.71602484748283,27.82992981292693
real_0323,1.5016188484444806,0.9988131644091659,0.008341666516160267,12.772241802022677,0.38905379988686367,1.0882310704772966,0.04885956754398024,0.17393225708280255,0.10427351050734114,9.896913900454091,3.7638000679840196,8.13638665274666,7005.497729405283,0.09268043375970213,93.20782603812128,24.82334665360895
real_0324,0.999830505027537,0.9998890243876831,0.008403902367460398,15.484650605557137,0.02746863359813083,1.085873261807971,0.0077280838293291125,0.5185979411033544,0.377440561355659,10.0,3.785402320392862,8.492607222357407,6942.8630748876285,0.09710832172897298,90.93969191302673,31.138048163102674
real_0325,0.8032662457571723,0.9980255924469288,0.008331128420051468,15.40233508347041,0.029126017331706805,1.0947824319705333,0.05537186305013681,0.16372132614780033,0.11108971078065732,7.83826096763394,3.909932658600444,8.404761543516015,6149.267309841917,0.08790187873751142,99.19100256919268,28.77130004291826
real_0326,1.117064863793808,0.9473580910959635,0.006860268663608659,15.549831871022484,0.0167800078561073,1.084713516849015,0.09038519569214923,0.157379073888946,0.5700521007759806,4.83061899376766,3.4905971255320987,3.9912825104055445,8587.873176890263,0.119342442910347,92.6009591841618,27.154699626984836
real_0327,0.7147786052223869,1.0,0.005157632419542346,7.271120978550983,0.5104987825377493,1.087909009408689,0.006032111364593089,0.3244354271902114,0.192036914624703,9.765227398979455,4.547711498300061,7.1917948314668925,6678.830568187176,0.08147729284321353,95.02833811741284,39.810799387701564
real_0328,0.9414435629676831,0.9998575205585413,0.008114172643298374,13.086680645746387,0.10846892266075683,1.0849928450718194,0.04363087806018145,0.20757980185092997,0.10379334846583324,8.076844508363767,3.5609590806807927,3.4238273426918697,6520.966552536852,0.08627886729261706,90.0761759382113,31.86912421946129
real_0329,1.1131164165027494,0.9996373636282516,0.007255269722919601,11.478583797247095,0.5034511119670724,1.092287987621254,0.024513362486630476,0.20918317296976188,0.1,9.833600266287739,4.015470939064027,2.8068242748850945,7039.852205624093,0.1035059297207593,85.34699109036772,28.35810047437989
real_0330,1.1838556803910583,0.9979470288901783,0.0072229593048759415,10.947951313697061,0.44110371662523584,1.091773963657303,0.024754326037285494,0.21000318800668175,0.11469523506745737,9.982874276251106,3.9816647233752094,2.760628476197434,7216.493133051204,0.10484945011342474,88.8662241882969,27.827339940509066
real_0331,0.6215776131248637,0.999577674475596,0.0055312668218277265,5.009584193500179,0.08517740267369098,1.0893000375892505,0.010478875063483602,0.2482563801168383,0.13000420968029056,5.129233590633849,3.2843509674311995,6.474852608965602,7325.433082280824,0.10407497537309826,99.30650917541053,25.0211721860578
real_0332,0.6710902550423301,0.997066292091861,0.008309631591402817,7.175840110219235,0.30388238536234125,1.0963282610227958,0.0492213882297367,0.13632042000294226,0.2574386319078858,8.608023628449578,4.035132785304571,4.134555483772244,6314.673928076139,0.1008159681859726,90.65979578476258,29.486431280092596
real_0333,1.0764503996096053,0.9931426043316912,0.00796248476544079,10.000363263133499,0.2634756440896039,1.0771804505281801,0.02034707875747482,0.2699973232560826,0.279842461146807,10.0,3.848029440887372,6.865990913587802,6801.4306865495555,0.09428292517102765,97.19636868291575,34.595637582699815
real_0334,0.5,1.0,0.008877125566356649,16.588392181584496,1.2631963183604595,1.0847434879719664,0.009387713485288194,0.07597321101205816,1.2187224970568715,10.0,3.4821068971722458,8.128763874033705,6826.740811576232,0.0853861022139418,90.550795649113,22.671955813476593
real_0335,1.4870860532230987,1.0,0.008079768679682065,12.391795340778053,0.322621072315534,1.0638929490953564,0.16915437366622266,0.1494677306252608,0.10750466227693853,9.836608487796116,3.8081237799832772,4.039202883652042,6772.27759834576,0.0906490724398448,89.62108890123274,35.69375066501918
real_0336,0.6785525220690943,1.0,0.008825646644005185,6.614285335563736,0.3912556389572641,1.0890082932314473,0.00302202463392649,0.18670404008175223,0.1,3.8547518761540798,3.9559029588217567,3.1055064547542064,5629.840719769989,0.08270035952638553,94.73001097201002,42.1786525343832
real_0337,0.7042612552755411,0.9989195909689116,0.007983080048132718,6.596294738350519,0.34524443780361613,1.0947265082202566,0.05178364402233676,0.12165624477266508,0.23850800006146272,8.954716734136646,3.9939215981142,4.651327286174822,6278.410917062573,0.09913583131829992,91.67292502937404,29.727959837165688
real_0338,1.224198807113909,1.0,0.01,5.138155256638816,1.2548137871080791,1.0864771396784474,0.0,0.1394673058352703,0.11877654269952953,4.887603315210326,3.7698408071784724,1.9489362864746052,7902.488430876507,0.12700419786247633,99.97549057708441,30.482725127949987
real_0339,0.5,1.0,0.008851538144929135,6.719044856803064,0.39021218115841955,1.090001888634595,0.004888698972250865,0.20629888648822262,0.11277965708644119,3.7147781593880405,3.979837223054678,3.1225495426856975,5616.368450479264,0.08498929916308068,96.0477022092274,40.943753296479734
real_0340,2.563781543753811,0.9997214226416005,0.008456219354135286,7.435008848917946,0.39318861184710907,1.0841448959421196,0.01736152099302262,1.4679082521406432,0.1069180469596575,3.7239081693914264,3.6710556920232507,2.4423248417818217,5159.211419498922,0.0706792725606407,92.3428308436756,42.02255710349199
real_0341,1.0370823977983457,0.909944779468723,0.007045367273051471,10.789830447295605,0.32401301029589397,1.095291097724843,0.12948006836964426,0.13614328444778812,0.20607211864486347,9.99721994486874,3.6671555706741463,9.387994364213526,6438.079288354478,0.09981589852164949,95.88504595302511,22.641384373896702
real_0342,2.5680979546471763,1.0,0.008371929180468831,7.359835543504476,0.3692053358457505,1.0846076947943273,0.008754577959675491,1.3586451435547384,0.11135397912601651,3.778903264254263,3.6315739759720707,2.628967550270998,5215.858310199791,0.07047761241780517,89.2564437532232,41.903967053119814
real_0343,0.6986183033213653,1.0,0.009788716218325796,24.498170085528656,1.1204503952756895,1.0848284119428155,0.004237398618435139,0.9093949259191714,0.10099666028339153,10.0,3.679229706122902,2.6319928734953892,6643.977762939606,0.11694977237642418,100.0,37.59359214094369
real_0344,0.6023711865479453,0.9992479064878415,0.00805333015204505,21.986395342699307,0.23352567528181312,1.0976835006036134,0.01902561746406217,0.6569031051329218,0.13794907444746826,9.210400838094143,4.075842092624861,6.438771096280016,5413.611642601458,0.08263575528904958,96.89552793548766,34.110631128941975
real_0345,1.090222758144107,0.9439448743424562,0.006554146581413363,15.506381325613706,0.0031580457171717312,1.08345312152875,0.09106317204659962,0.1501969597107373,0.5858297836923501,4.524313585112971,3.5064756688634002,4.006809194719865,8792.025536054609,0.12245195683828686,93.12139305883434,28.37514283700663
real_0346,0.9190079168471716,0.9971568547311105,0.008648867116416057,15.28284958372619,0.11725267960946753,1.0851554557668137,0.0017355958725813847,0.4536012153330404,0.4236573264396554,9.745728052561713,3.792667934375486,8.698137838034635,6916.029305041007,0.09530181928353734,91.49195264450194,31.856010948421556
real_0347,1.467547876984515,1.0,0.008334867025761814,12.591667373157405,0.3575888763855131,1.0885816050366164,0.03998937412780029,0.16725886519074737,0.1,9.508479222654394,3.779260674393594,8.228931258706373,6838.240506961306,0.09148707360895661,92.40611053873639,24.89726625124171
real_0348,1.2881475588398457,0.99949035649927,0.00991737869332601,5.463931813119351,1.2262503350894718,1.0864150903368837,0.0,0.15099977520199198,0.1072794333304563,5.376350389031243,3.716953764263949,2.050996114463339,7857.401966888536,0.12616598442137378,100.0,28.824266718701665
real_0349,1.1416773558612876,0.9989020862498708,0.008071384164798934,10.272102121118017,0.654039396495442,1.084457197147402,0.004274618829709395,0.5335660048044126,0.7559737043333881,4.234077909314688,3.959161819785369,3.2447282474554013,5706.788994328166,0.0722745800958385,91.65949429636376,30.747436487447292
real_0350,1.2001043156343507,1.0,0.007068094041306886,11.98517637674132,0.499086071994284,1.0910851112475488,0.027041564352496352,0.2129115001274954,0.11377707495045908,10.0,3.9960104115950426,2.768540325888847,7259.209651685176,0.10010878088496138,89.4273040464431,29.735904599911795
real_0351,0.7800194472399606,1.0,0.005073451609016489,7.143352144226324,0.5975241474854105,1.0870098089706253,0.011361637090779773,0.3110362356677801,0.18569709147985125,9.54057649952585,4.581538881030102,7.596001622723725,6777.450770560465,0.08279486364799019,93.67841139398317,39.84372000970943
real_0352,0.6325432892405368,1.0,0.008201878889045968,7.528850657943035,0.3241200760721045,1.0951011289124561,0.051338560867956025,0.11577067621250796,0.24220882802619562,8.691853124596292,4.028698248605395,3.916920040762103,6506.42972533962,0.0997715171460313,89.6781264248413,29.43024508591363
real_0353,1.1426489563162516,0.9987916370591807,0.00743608362807651,19.271764153948528,0.3925140948338206,1.0944713049442862,0.015785033155085414,0.1451965186356468,1.0049749619016084,7.121353544862528,3.5422424726105484,1.5530175480315218,6683.360090551665,0.08420898417710103,90.02546809586079,28.283091710824312
real_0354,0.5928770958008253,1.0,0.008733505778104512,6.832722927145742,0.3966415817344696,1.0894751903291406,0.012403660347435187,0.17223812398682145,0.1248917188845096,3.811343454596803,3.9779660128683214,3.528756968629435,5718.610255645956,0.08500751437996897,93.23174982649648,40.99863348223969
real_0355,0.935249305314118,1.0,0.008551455393368643,16.219973892186594,0.11067537547883645,1.086918479508451,0.0,0.5230171264684084,0.36268085664805916,10.0,3.766975064887947,8.862246248479263,6870.59358163577,0.09418574090226611,92.59221996670207,31.379644644360155
real_0356,1.2459797784565694,1.0,0.008313840201395443,9.825648837806135,0.6968050338790133,1.082961879405986,0.002153415146504583,0.48683920166945005,0.7239628005986041,4.54306442723822,3.937555522357613,3.022433049251722,5668.8556799654725,0.0735508257078767,91.51588957658385,29.74082482471195
real_0357,0.5123862390376447,1.0,0.008536428706572672,19.59953859146588,0.12249801842336171,1.0986889208289712,0.0035408422005742003,0.6759955358915625,0.14640949858401048,8.510599712264643,4.0795774806815315,7.544633038889688,5369.766891457518,0.08251544451177882,96.97101214368485,34.1391498306204
real_0358,1.3492645392580236,0.9774815194595955,0.007599353027689926,7.905914196643704,0.6753872120640039,1.085626689917888,0.007120932406645691,0.23888948369049495,0.11788235250752471,5.188088613703778,3.8452457013959758,6.594467009094696,6253.098069683875,0.07443049279719134,90.13134185353002,32.03565802601156
real_0359,1.2390272964263602,1.0,0.0061555581627344026,5.17266946743737,0.4891352615207225,1.0849981260802368,0.009267989076735095,0.26743525656521644,0.13014413353318427,9.404848388102,3.8538436459042096,8.747727668867888,6966.026690024721,0.09200919854784918,87.35752070377738,43.8648409854504
real_0360,1.0371183157903767,0.9959550862035578,0.008346520551062253,9.243289724546168,0.32015277526140246,1.075767832082923,0.03265497532837642,0.29457450397821244,0.25741891225215563,10.0,3.8538876407933502,6.5136666537293495,6814.584527410051,0.09023330244501443,95.4335133019291,33.27321769799283
real_0361,0.5653216344105605,1.0,0.008487868939809483,20.576524640216334,0.19220957738706562,1.0977165340985575,0.005108401510557144,0.6263398903945554,0.13206937516168565,9.1259859635322,4.089409905777138,6.798201464119903,5483.109214452265,0.08359081716759142,98.49038253764874,33.45323211980613
real_0362,0.7792820784744874,1.0,0.00829202925323204,15.270979956072402,0.02925436661220927,1.095410781863128,0.058384897917323444,0.193676431037553,0.15042306154108417,8.403308660676151,3.883682114352953,9.045075969762392,6075.9633841348095,0.08804891414532849,99.99114837045794,29.295836779498515
real_0363,0.5,0.9979788549625485,0.008247566897045599,20.977476569718107,0.24057355842363815,1.0970441889112201,0.011045051602225972,0.6433468434088686,0.13139189294905826,8.809495050952636,4.068834770867773,7.2040235233863,5488.535064545303,0.08249281937660449,96.7937580619354,34.12017727276934
real_0364,1.4679756337548509,0.9764846356575233,0.007942612476468838,7.215545459526036,0.601482185618673,1.085195245795486,0.004721349677311042,0.2543055786870007,0.10227665164755083,5.225645722937036,3.820355672555027,6.691584752749879,6049.816616402939,0.07376041192007869,89.93083510278964,30.01938082233897
real_0365,0.7011057024514497,0.9975027771824374,0.009901218899509562,24.913811945127833,1.0649747320098488,1.0857985173481428,0.0,0.7324273654415991,0.1,10.0,3.6878869795523204,2.7785791096955412,6643.64608212833,0.11603391866214087,99.77757234606551,38.11668724297334
real_0366,0.5660832774529626,0.9985364571154903,0.009115951411426607,16.765449782135075,1.2411380115501591,1.0855240196869114,0.02307780749266283,0.08669352769246061,1.3176159312306834,9.86756792056399,3.4865931388137756,11.38438482485198,6828.310413703013,0.08939437687139125,89.4589519425367,23.7618152635773
real_0367,0.6308089180648737,1.0,0.00827870265524082,7.006703446795099,0.3284791052049616,1.0946991230932093,0.05271478080563935,0.13677378307813357,0.2256628231586113,8.613239553342336,4.024086277256529,4.424818787704304,6457.93185694017,0.10176097126514869,92.25011754061225,27.97718569484426
real_0368,1.8236768886448158,1.0,0.004980632908051148,6.604569393296108,0.0,1.0885283739546208,0.026104647091573542,0.3034181544884278,0.1,10.0,3.3661019660724665,8.662297883239818,6113.075184246667,0.06856554569692466,94.80486348459299,34.98110339579743
real_0369,1.723566668791565,0.9765435830304955,0.008954008995283971,6.6928112842008325,0.0,1.0662155644519282,0.016894169411826462,0.49446044068558087,0.1410526712498654,9.93424513045987,4.004404586307442,17.463633377031226,6765.190492613061,0.09857282142113699,91.60210278776007,33.17435174593962
real_0370,0.9589560479875601,0.9994996131590771,0.008210742886465049,15.318578673743502,0.1430663183531704,1.0977592990089327,0.0,0.3632413950817292,0.12941973155341077,9.91788371581595,3.680559692100698,8.908897599069903,6805.689852930204,0.10258402617683222,90.53297269247015,33.00149113498311
real_0371,0.8072006676794421,0.9978777161474774,0.008541333821552977,10.321678231595792,0.0651194737915271,1.0918853868891152,0.0,0.12471181622373005,0.735919050834743,10.0,3.7187317432256792,1.9665232685078118,6438.871166187193,0.09131271180610412,91.1253109346054,26.191172026045617
real_0372,2.035156186446636,0.9995571477595736,0.008838012607035758,6.312092909564745,0.8174854520484508,1.0931852304555212,0.0,0.2148597289735996,0.1671168379899117,10.0,3.479972868792127,9.673827663848842,8812.945540168268,0.07474641699655951,56.3854912677966,33.05693816623002
real_0373,0.566804872964264,1.0,0.005429502069356722,5.590237093816104,0.0,1.0907667393905474,0.0014661097607317338,0.2383478232458484,0.12097457167460027,5.081346516144263,3.3384531071690837,6.322308728187322,7343.658524069565,0.10204185196860588,98.09214519904079,26.23466720709802
real_0374,0.5,1.0,0.008375398793685113,20.99657103992329,0.16964067979188016,1.0976909887374329,0.014264700183671725,0.6330398877197523,0.15237549124433752,8.980838879747985,4.060221936036722,7.776922538641133,5479.017248928663,0.08259620971742297,96.62917505969486,33.8789569185838
real_0375,1.4768267627708505,0.9772820834831818,0.00817093758897271,7.402271850042,0.6354580929858449,1.0846337781302904,0.006289208756598591,0.25997870225044073,0.1,5.531301468073341,3.8513294743552855,6.05789734213634,6160.0255920094,0.07418966971882922,90.58363546949832,31.32456397161907
real_0376,1.2249954600586501,0.999334589576563,0.005965494805776958,5.138493903094299,0.5454163055970312,1.0856790650474921,0.0024775188542450048,0.27440838156909536,0.11249619413770534,9.631264988181595,3.8058035024360817,8.290225238923384,6885.725474295727,0.08825287759332594,87.98927542488819,42.507804173654336
real_0377,1.181140695015044,1.0,0.00619818894911448,5.163122051533108,0.48045169308120056,1.0851495687198094,0.006746183542331405,0.24690625671220126,0.15365085705771364,9.461108842113987,3.8093815908125697,8.655493605455238,6985.531091520728,0.08947178727776615,86.80466109538413,42.369253089224934
real_0378,0.6825269923449184,0.998179084794665,0.005421387713734576,5.661045092520431,0.09220081074694522,1.0895544509434243,0.007921437328548997,0.2394743291589747,0.13307378532757108,4.907412434712391,3.3314915508564766,5.9628603785141525,7135.248814531592,0.10219324736141146,100.0,26.25083411733091
real_0379,1.127944414656583,0.9473494224766982,0.006912360436211084,15.96126039956586,0.0,1.0846332479350997,0.09656163911116834,0.15183516315378137,0.5120642528961572,4.71014962999062,3.583356234943207,4.347607744630964,8683.073621549649,0.12526819330842648,93.15880349604163,27.924383989473572
real_0380,1.7977456748565364,1.0,0.005019824722859754,6.555672719066084,0.012809571752522793,1.0893164132501918,0.02371044986137723,0.317115085053903,0.1,9.513021890736038,3.359518088329615,9.719617632192016,6077.511733195913,0.06809321205734688,94.5106381115601,35.9862227017029
real_0381,1.4692631254867536,0.9986189469815531,0.008604304825811974,12.491440425713817,0.40446979801754435,1.0890027181322626,0.03964867827447109,0.16149028336282575,0.10056478441345974,9.885532553460905,3.801807213679279,7.765183922972564,7019.470260136719,0.08759894963783055,93.58780642209479,24.32787966331301
real_0382,0.58282809922062,0.9995656347575582,0.008849262867111268,6.618378943728375,0.4361242029164495,1.0908010095572185,0.006544265303196312,0.19679206253207532,0.12465651381487623,3.8341300516457824,3.922493775315108,3.239068138406008,5785.369369607759,0.08369740077040043,95.1463654002192,40.907946683741734
real_0383,1.1746780324221509,0.9461807736116945,0.006864063234798216,15.552817766656707,0.0,1.0845615029011073,0.09496672881463908,0.16571573965566996,0.6548304696270691,4.5988083106860245,3.5084248295764815,3.731795938869472,8620.93522539004,0.1238225890402288,91.34177187603929,28.56197160915608
real_0384,0.6593269659528134,0.9995024114165887,0.005195564751214421,7.162846098149643,0.5736642706673846,1.0867093003210022,0.012260958363872664,0.32455271395569385,0.18801350515173054,10.0,4.590978734815036,7.0496186064503705,6700.592793019391,0.08233947704311857,93.54545424437848,38.569785824417124
real_0385,0.9107105287288877,1.0,0.008003040198023982,14.56165942255964,0.14220763714909254,1.0856263130857728,0.04035864952623572,0.2542057156908518,0.1,7.869767350987304,3.5661056572668812,3.847471138149649,6667.244196580595,0.08507723669980954,89.80045947046196,31.795811361760705
real_0386,0.8314780798964944,0.9998186760068147,0.009047866785284348,5.104362352864047,0.23532622666508526,1.0867758675739423,0.0,0.326234093520435,2.3415708266936672,10.0,3.933597881047082,21.87027339955217,5935.498236781267,0.11228528697497742,92.21468987855921,31.856734912707182
real_0387,1.01338489063542,0.9943747769174679,0.008232141665860207,10.164300068417377,0.23508717173115284,1.0756069027701394,0.027811551338339853,0.2875387919421269,0.2419474580145391,10.0,3.835910226853894,7.442704359799177,6794.872491627932,0.0911189986081612,96.9843024262396,33.8594411227455
real_0388,0.5,0.9961367838791996,0.008459056899140378,22.273033176847843,0.19394294650312577,1.097391784170012,0.013325358246361524,0.6185534315161714,0.12170087980887849,8.823364436864589,4.1263579519489975,6.958720506883034,5393.871778473333,0.08198692824134314,97.08277679745136,33.75267904502397
real_0389,1.2868983763499995,0.9983529930723903,0.00809590707745066,10.227859455922639,0.6892940402895155,1.0840075373911993,0.007432610228674477,0.49297825250865995,0.608028950235914,4.053604466683547,3.9024519726027713,3.16744669219946,5703.595683183315,0.07363313414173532,93.95634745005486,29.57862381343828
real_0390,1.3432754887697052,0.9995154549427597,0.006069190823295906,5.674041279063384,0.4722429649126166,1.0852714652211084,0.010172340340742998,0.2459750750612778,0.10733598640543661,9.703111225442358,3.8492500057297945,9.041820401465454,6857.391873670878,0.09027024448209947,85.10132289633188,43.026447190117416
real_0391,1.1847979739453987,0.9987367537221854,0.01,5.262302076340054,1.200294035725261,1.0856909076104433,0.0,0.14720744888165332,0.10342680176954451,5.0089040237872835,3.6709568834406383,2.279115649384873,7808.658824986686,0.12583863847331106,99.52546573185413,28.31071605576653
real_0392,0.5088746058827225,1.0,0.005495264509851875,5.549312430407936,0.029128118110088974,1.0900478322307787,0.008483871833720858,0.24964798319029996,0.11480474312913029,4.571409003997883,3.3423572338392153,5.564831877782525,7068.1756156375,0.10397054072273322,99.40114603686897,25.263002081367752
real_0393,0.8383371822178205,0.9996962073079575,0.008377941161447631,8.35300882241856,1.3232913338603556,1.086104463464622,0.029390087992153122,0.24114450939821483,0.11148793803272287,9.812447754570858,3.487128947031457,4.027170439606668,7045.692735007374,0.06351283684005819,57.65280253172316,27.88793934455776
real_0394,1.0223596781217212,1.0,0.009012641917105156,7.789466260331094,0.8343325136496657,1.0728021684684028,0.11051334153450237,0.2444486258401148,0.10472648317159343,9.871344176565337,3.52422604120973,3.4909337368666478,6722.078304602494,0.09313898428340651,94.31747727336814,24.562894421751167
real_0395,1.173315477028636,0.9964296514473087,0.005657449575353272,15.004518580155178,0.10431732337112595,1.078298991523664,0.02196013958873858,0.5952019104682776,0.1,10.0,3.501374227966076,20.708846664507252,7115.523017309995,0.08578003100734437,95.49134871950271,34.10064100979808
real_0396,0.6296024336763967,1.0,0.005180613339055535,7.373849913359904,0.5714186187438094,1.0871110740608563,0.009471994353596483,0.33051787567131535,0.1668197261835713,10.0,4.58847431695322,6.757577735127104,6727.2190890836055,0.08080703483909214,94.31571289880911,39.834997810143335
real_0397,1.2352753346456173,0.9998364491589049,0.01,5.427928309037138,1.2277815940893724,1.0860741606104123,0.002250209427577194,0.1351614930441564,0.10715901653890156,4.90551045834937,3.752403032245331,2.127699779900747,7928.3828101990875,0.13374452361546907,99.48983753680518,29.317177396364507
real_0398,1.0790235606203533,0.9091549921732421,0.006949280210990061,12.011411884841685,0.30499146170194935,1.0966665224115475,0.12368636803880469,0.13810282212152036,0.19349621839063064,10.0,3.6436914174250212,10.094619868628145,6482.204756565597,0.10079128141927439,95.37546391791928,22.8057930802435
real_0399,0.6406084248664833,1.0,0.00809185301176553,7.229178317104281,0.3193723186684138,1.095570641023927,0.04318806931844798,0.12357839926157763,0.28177472876191245,8.636847371866638,4.006072513671846,4.535529459816942,6452.136145797442,0.09832845251094234,89.75200951758687,29.70034512195271
real_0400,0.997769241967894,0.9957275961466211,0.008579879333786353,15.375389909462847,0.06005887402415837,1.0882627673824479,0.007680015254996593,0.6276831068305623,0.3550739573679107,9.042024787376276,3.7231265085239422,8.493530242655643,6870.133391237689,0.09779678673505215,93.60573074266834,32.111640603865546
real_0401,1.881790114760602,0.9701174280883281,0.008523988315899214,7.417743140601168,0.0,1.0658504262441824,0.013903059129255362,0.48603256293913155,0.15058619203573684,9.831344667249743,3.997979615109199,20.27868941950066,6932.80074391546,0.09869688652901255,90.18463149400766,33.512380280036986
real_0402,0.7260178055615448,0.9989995540523744,0.008410324146784403,7.3881058424707104,0.2603685385649217,1.09592140705131,0.0468827862400107,0.12177108532587974,0.24780793631976125,9.027645253840962,4.067126179572408,4.043536006021782,6323.0118435142895,0.10234397581223074,89.22801684981407,29.936689248456695
real_0403,0.9446424405571172,1.0,0.008273705216919378,15.112940574108327,0.11866133532357781,1.0855560604864052,0.0,0.5523881068137314,0.37241924089880124,9.426891744358146,3.801873871643999,8.8399022228079,6839.540729054196,0.09601147204077043,93.13575660849381,30.76207417298247
real_0404,1.0315816428163143,1.0,0.008041335393897495,12.401311865027411,0.0,1.0865638516723224,0.0475787692687973,0.2872570150024189,0.12906183250386247,10.0,3.237962566645632,8.475854770735188,6958.290979484993,0.10135951636806302,100.0,36.117755937323324
real_0405,0.69353690946216,1.0,0.009788751404121752,22.449010555235677,1.1655060376095774,1.0858594949966287,0.00876857999067741,0.8576842142970191,0.10301019212078932,10.0,3.654522445039059,2.732098798130293,6589.9764050733465,0.11847515957875637,97.27810255618742,37.68437178005606
real_0406,1.119604641004428,0.999292271888596,0.00754406373828677,20.00672583457145,0.4343022072724252,1.0929400934069684,0.015718095144458093,0.1589690669480053,0.8850324502076128,6.810975095728296,3.5099894610616102,1.4388735535477717,6743.426433199624,0.08455722568169445,91.63272971009033,28.889561692928517
real_0407,0.9402348251402133,1.0,0.00832500783672733,12.989098990349438,0.10166723850902219,1.0870622461907775,0.045731725733498346,0.23684072063418665,0.10142970047878874,7.738943621814516,3.5166592000703076,3.1816886165556517,6543.877079749815,0.08713158424528683,89.29953836272297,31.331184299976123
real_0408,1.4354668185843518,1.0,0.008379136614930494,13.022418187993257,0.4371244856718928,1.0886487445417736,0.04345177521790743,0.15421925820174992,0.1,9.552701397630283,3.7853903882063378,7.945169298989246,6751.010556630988,0.09084475150519622,91.60450213396561,24.999281941147657
real_0409,1.8908100423983816,1.0,0.004969505832851942,6.524355186099724,0.0,1.0893834760316599,0.03207701951716385,0.2954101137846995,0.1,10.0,3.364309393338045,8.70841551611339,6226.171084949538,0.06737029043668545,91.34198569909371,35.68117991959347
real_0410,1.195402798080095,1.0,0.00847193403595757,10.519968164704679,0.6133965449925567,1.0827625888917574,0.005520324770838235,0.5067107943020686,0.7650778625428672,4.1768176668876125,3.917929860215688,3.0308040460263155,5645.1591156563,0.07440000731294395,91.00767198855978,29.946597678969233
real_0411,0.8969363731318098,1.0,0.008593074153315955,14.210819445474087,0.07055890786002834,1.0949102933403285,0.055924524357427466,0.17654313531132115,0.14879228493278931,8.457196769632402,3.89453179916777,7.439974742600226,5994.967807663339,0.08832291659185383,99.97543489749947,28.103107432529434
real_0412,0.99556790710657,0.9081138255070264,0.006926302482691833,10.827355806421759,0.2957667800460919,1.0950042212751518,0.1320856585513984,0.12852412282626174,0.19605565894428947,10.0,3.6441064530656666,9.03912636620403,6336.511712260579,0.1002880023548383,95.0128034754899,22.56835149160723
real_0413,0.9619088959299474,1.0,0.008316250024173015,13.333480183482697,0.08975896486975088,1.0851799570461678,0.042705317626495175,0.22852336024419614,0.10122216695581776,7.920090784015023,3.542465281222811,4.108449196675002,6659.936525379999,0.08840329176358361,90.16472793482227,31.277014148950315
real_0414,1.8124708209996188,1.0,0.004874435700044856,6.7199384737778205,0.01651950059997513,1.088557180661696,0.027678001355178082,0.29238610280162275,0.1,9.697393577001298,3.351011950564698,10.455733519748104,6270.116465806899,0.0689131630593073,94.17786880632522,34.86945399319035
real_0415,2.5264270908422763,1.0,0.005368720792667335,6.208730609752466,0.09343581657707056,1.0995586442119731,0.0028741914466567597,0.5005259302858808,0.11641710720006426,4.260389675491006,3.4975806551064625,2.5378947589942005,9429.533897713447,0.1301284557254406,94.1567869420402,39.79786443546635
real_0416,0.6236814159056031,1.0,0.008388599970219896,6.365295030720769,0.391761081572077,1.090162055021494,0.01005567825868008,0.20930825362167524,0.11683968808892735,3.9126698592639793,3.9598422070747525,3.219621248816551,5740.999600904201,0.08355120765910135,94.26972232743111,40.362415594900384
real_0417,0.9939565029507509,0.9954858307019562,0.008467286867523667,13.604807629520826,0.08367968161556211,1.0845100988157346,0.036481652163021266,0.25488310082958243,0.1,7.57071753356065,3.55626377859254,3.4076094529656062,6714.85360281998,0.08586751078581017,89.49319470184899,31.096150014999104
real_0418,0.7006080962611659,0.9973888207872071,0.008331083248114402,7.023633863833091,0.31407221379760597,1.095168940482194,0.049533419823177015,0.1283426390867351,0.22937172720803725,8.06979430103284,4.022377086837986,4.332132605225245,6261.942096639089,0.09855005600360475,90.40885840960514,29.258764724662477
real_0419,0.5752806637718504,0.9978135795780798,0.01,22.873226438933795,1.0643844151328234,1.0851593009519258,0.0030411830722182165,0.7841902128650202,0.1,9.981333948537452,3.7032755457017124,2.8824174742400017,6823.744163699969,0.11500672218892358,99.00682904451936,37.37628804051333
real_0420,1.4545798195020354,0.9993309238603895,0.008317406817821536,12.41679884842339,0.319047936264521,1.0888914477408207,0.04487848650085673,0.15819715793087985,0.1,9.493817734497997,3.790693373394735,6.98642140665973,7111.179034503165,0.09050586900503217,94.84158378944622,25.54597875438432
real_0421,2.524716415937757,0.9995310467773472,0.00532091182665211,6.481900442644007,0.06993529132410685,1.0978878638030685,0.002074500764834038,0.5059654981345593,0.13123042184980216,4.6126127653183735,3.5390772447387926,2.8497017536430227,9158.517572353148,0.12870715907194538,94.72981999857262,39.24412202364804
real_0422,1.7590333575483486,0.971027713517284,0.009203685373767439,6.765487617761948,0.0,1.0665640066299098,0.015550520116820815,0.4387086991220287,0.13202432306986567,10.0,3.9866462367308566,17.227319689045057,6974.134982808332,0.10087386434182885,90.70615898972275,33.644313838922656
real_0423,0.9039012289600541,0.9893814744311659,0.007904458057773301,16.620931663242306,0.6346653124909244,1.0906510548728137,0.04652529205123004,0.09139364490002867,0.2441474798137499,4.585630227615713,4.070160324421139,3.8239420003587274,5855.812291106767,0.07756799499245634,90.14641293145185,23.45659360947229
real_0424,1.1208870067170502,0.9984144480528315,0.007292018565425337,20.28490763128701,0.45844745768168027,1.0932986868815369,0.010882663426848953,0.14295360492334314,1.015820885987992,6.825805417324507,3.5284712087443375,1.5616072179195766,6712.688902324026,0.0848642735953182,91.29104533193942,29.649591835769254
real_0425,1.1227596317316493,1.0,0.01,6.064188909536586,1.187165874603624,1.084958584834893,0.00132377057133908,0.1340752224947425,0.12428937435255649,4.685419588590973,3.7511876599302374,2.2455308867369146,7812.156828076911,0.1277315104577034,99.83456566217217,29.037654578989258
real_0426,1.207758276006307,0.9996345608048686,0.005842502744663159,13.753693881833296,0.10652528915353385,1.0768109572204176,0.018556036824554922,0.511667819270427,0.12174496911767148,9.542623903963575,3.48591561440726,18.59789496969816,7218.369980620433,0.08719839397235123,92.57162023611899,34.05202861243569
real_0427,1.3918081179064359,0.9992416142163619,0.008117015773893807,12.010062127440522,0.35300818674057916,1.0631757136608662,0.16071899470935969,0.1750856460327069,0.13526184284640333,10.0,3.7801924258470376,3.5049461867324885,6712.675718127174,0.08760020895477949,90.77755843569975,34.944155547264906
real_0428,1.664644346108701,0.9993303295968515,0.004952151486626227,6.366023667116466,0.013853686631570796,1.0882320841281048,0.02681958418710216,0.3125857406148082,0.1,10.0,3.3673587233389446,10.448349598670612,6091.251212430998,0.07005552164884213,97.39278727601565,35.2187191772802
real_0429,1.0772570839836506,0.997541324331414,0.008822006879680912,7.618486501916478,0.8146186389969305,1.074529909400664,0.11774729423853317,0.27149936377995043,0.1,10.0,3.568767029318373,3.8197703736049844,6722.847599389933,0.0889222016113579,94.61573410897077,23.794043217004536
real_0430,0.7755962781049017,0.9964854862774191,0.008537406914914898,5.0,0.23417229722886118,1.0869934751776926,0.002815423406526514,0.3454577758052105,2.1124705200137415,9.967752137501051,4.067265685495959,18.705634257971244,5993.306405854184,0.1137090590183444,95.63474964416734,30.683018205790212
real_0431,1.1760204342253318,0.9997847227756638,0.00617690254689147,5.046322545670004,0.4921667158076656,1.0865708166804902,0.007636757764493223,0.25930714043737113,0.1281559220128951,9.553135593171032,3.8092931225958084,8.75426272789154,6786.0779162881045,0.08949935360330369,88.21329988080211,42.959559870636674
real_0432,0.9992260304702334,0.9929860939198344,0.008243387916756042,9.450141065023914,0.28479507526256154,1.0762110271746947,0.014961272528070245,0.27808150975246293,0.25973711873520283,9.669913101003988,3.809748490430376,6.302492809060179,6699.895328271039,0.09157011208172681,96.48219096458052,33.30577348787331
real_0433,0.9746482303068775,0.9998437169934363,0.00831761738920505,13.399280467209516,0.08140130873814407,1.0862730823823843,0.03463484138521379,0.2230530402426958,0.10232664529435663,8.318417113349676,3.5479235889168548,4.094085380873139,6793.623836835723,0.08800600948552967,89.48541105919695,31.3549602745526
real_0434,1.2262159229324257,0.997052640963931,0.0071710045339432645,19.235053117087674,0.4678657093249239,1.091639932025849,0.025343305705537698,0.1358181830134022,1.0534126516738558,6.949039207842004,3.5182975709973427,1.5303270900766763,6680.668081737839,0.08577784427804638,88.64686806499563,28.317650321612646
real_0435,1.0539289851876108,0.9985965478714524,0.008503873421154043,13.486516106231631,0.15032840272240222,1.0863411772753313,0.03591114595600114,0.2448000078686096,0.10324131927984896,8.334740545953716,3.5153594536094213,3.4688756864973644,6612.849792401766,0.08632993832195819,89.22741179346548,30.683280058220788
real_0436,0.9296197146355984,0.9914697506631458,0.0077863123628798495,16.54922433215665,0.6702177897819839,1.0912997888402824,0.049696381478832236,0.09467924778407903,0.2114556577177304,4.970867374952655,4.052564041885649,3.4406274978250493,5879.6716756808155,0.07739348358015354,90.05227636195794,22.10663477966603
real_0437,1.4753516765329255,1.0,0.008374273418918093,13.300686510211705,0.2780699321345387,1.0889549356812982,0.0404478223503537,0.15070798971366867,0.1,9.40739707024003,3.7903566351357116,6.124039345124571,6942.50077025255,0.09113782307189854,93.31169710979778,24.521830180301947
real_0438,0.7530801295971177,1.0,0.008744735392556763,5.138593983461776,0.19668181100424628,1.086749926983065,0.0009973049005201134,0.31651605311064707,2.0010040238785285,9.769010679217345,4.080479916675155,19.683340180702626,6089.532110447939,0.1140170336644017,93.29839436238031,32.153562083527255
real_0439,2.0541437460095913,0.9975678409488309,0.008587426438843039,6.8752567421877435,0.8795287222003791,1.0917909833571782,0.0,0.22391908453798895,0.2021615400021827,9.767950492538978,3.4320323584420054,10.16282897136239,8870.716665964246,0.0742561960438989,56.55290396474048,33.669320004419376
real_0440,0.9939706646450389,1.0,0.008344330192744944,15.767559167582002,0.05495482050091449,1.0846876973583746,0.0031929945361721295,0.5077636498128143,0.3768988577606747,9.972019183672892,3.8223026331765118,8.776528438909494,6759.887375534028,0.09693771417626378,93.22468215111775,30.57424245005121
real_0441,0.7813610104317794,0.9985261201387575,0.008230574843985738,6.6829249501814525,0.3349107092067349,1.0951580232517935,0.05007218071220579,0.11409523154355129,0.23561612637759508,8.673831749012324,4.006968017999017,3.5616162346604505,6295.834192082611,0.0999559529543225,90.01489302306005,29.613495113702108
real_0442,0.9050886583111521,1.0,0.008541108608182075,12.625899424494369,0.06420201685846383,1.0861058514419448,0.038347038702835415,0.2766323285336719,0.1,8.59632781223265,3.534369586858362,3.559703321010205,6590.981966852521,0.08604039471784984,87.40027467599128,31.38974040355733
real_0443,1.016543243849413,0.9999804050212158,0.007940485160186589,11.837765967976903,0.0,1.0868146430171801,0.04931599353100148,0.32189319291577023,0.1310845716780712,9.629030450356248,3.2605681863586633,9.345387638860878,6932.974314477893,0.10250740028435672,99.07404646631014,36.115809244437315
real_0444,0.6374456262567509,0.9974648835742197,0.009925075314499876,23.427745470220025,1.108269602352081,1.0841203746157426,0.004069717555123661,0.8734542210472722,0.1,10.0,3.6489253758171647,2.5662403644194653,6512.3672303537305,0.11640883918928988,98.10950208397831,37.008688277044435
real_0445,0.9207064443691556,0.9994176073269957,0.008464563055329251,9.858417075367807,0.02108079033779267,1.089835683861731,0.0,0.1331514573727689,0.6849033347485232,10.0,3.7768404131820623,1.9775059448190637,6511.045994704384,0.08850522086285428,90.06815686608294,27.4993735092652
real_0446,0.7940029965360049,1.0,0.008349208576398346,7.110157188302283,0.28774493471189194,1.0951491984258013,0.051254529085902494,0.12187080231064143,0.21897661672059485,8.691730503381619,4.05636263307875,4.073084198746194,6319.617917830553,0.10198860192987769,90.71659935342349,28.757356445262374
real_0447,0.5910711872982741,1.0,0.008639542671717331,7.21550270626565,0.4771805338230959,1.0900880030039528,0.012947625427815154,0.1838331929840936,0.1142781605027689,3.8601966524670495,3.9857806952872807,3.697155280130434,5866.568107314351,0.08187670673638284,95.0600788077031,41.74556654671217
real_0448,0.6402302751413544,0.9997403196883966,0.009967254239870618,23.98800241198048,1.0299683743909158,1.0841250243406089,0.00847198275146411,0.9741856474263976,0.1,9.63999125691883,3.6703819167854492,2.7845499555374,6811.121416696754,0.1140405079763637,99.00900202960858,37.82189642515791
real_0449,1.0682379892470923,0.91196932599201,0.006907509159448589,11.730163312937057,0.2784839040881481,1.0939876696138149,0.13208262787793928,0.14429239164471153,0.22324014410607831,9.999597366295145,3.675097667962713,9.058942920771548,6404.71692350707,0.09913091067742581,95.38402048671921,22.28276840044891
real_0450,0.601992524726145,1.0,0.00841726263220974,6.33097562796205,0.38864969607409766,1.089721380345245,0.0019171423660168754,0.202628605423337,0.11903131608779083,3.9149316111752404,3.959303084510882,3.490733628030863,5788.774587097425,0.0816397615517577,94.20271787806855,42.34741812433761
real_0451,1.5042773921892993,0.9995272784251056,0.008274826089901646,12.386373285194235,0.3433585512732633,1.0885280743863377,0.03535650422393713,0.17830085475844148,0.10223992326675838,10.0,3.777102543516973,6.671582739724967,6787.783647325094,0.0917719636424531,92.46010171122731,24.957431494406066
real_0452,0.9234454335930479,1.0,0.007956065142980613,12.810942524790871,0.0,1.085338235817561,0.0482092642290954,0.3027798337231746,0.13005983652996292,10.0,3.3165092395567224,8.607381187648544,7011.710358643749,0.10042580766416766,100.0,35.86637992829518
real_0453,1.7537273351126472,1.0,0.004902759240644869,6.5933113733374755,0.09230563970696903,1.0890786040317497,0.031480209660664796,0.32815852202411017,0.1,10.0,3.370565708373297,8.817317282383986,6123.16441913242,0.06707118049385404,95.79739239134153,36.09181802282717
real_0454,0.8141483476151135,1.0,0.008397363950328068,7.969435436127418,1.316195459010132,1.0873554449670721,0.026875344361553373,0.2443416349642813,0.11193343822240057,10.0,3.541471103613072,3.7983733680631815,6942.53938812326,0.06532263566628888,57.64476995042706,27.153905281085326
real_0455,1.0684104396944654,0.9977381931535888,0.00719069221490808,11.561462617693293,0.43558071139522453,1.0905825922851704,0.018717837539782418,0.21589736205272403,0.10616210374950744,10.0,3.998202880874913,3.1938496986919396,7077.016790791772,0.10207844873400546,87.49235408731025,27.513800937926113
real_0456,1.1549388307697073,0.9982934534709903,0.00864364466568905,10.189772025298508,0.6914119273212532,1.083317066165044,0.00380258483621505,0.41720166356646293,0.6987706213215862,4.020290326793677,3.9463603729225225,3.318288122420155,5645.778594980908,0.07336713573892921,94.13374883920132,29.30444145408011
real_0457,2.5761437865191854,1.0,0.008215647129377635,7.238619247610539,0.3712448700225527,1.0858287719787152,0.004685879637963867,1.2233059461905123,0.10942824090060771,3.728952068666442,3.6428504137680022,2.6916667216408303,5167.163225562429,0.06818916629343746,90.70706664980199,41.99751531652671
real_0458,1.0564124058163273,0.9928747918904612,0.008206479299951708,9.621048707123778,0.23336192286631985,1.0758498887232775,0.017831948788349896,0.29731411433236565,0.2566431361825954,9.923222332103443,3.7688318396979477,6.8922967012040015,6923.76415551474,0.09371049445864316,98.00882055907584,33.394164640971695
real_0459,1.4972849290641805,0.9727580611724359,0.007591003551472396,7.206738771604635,0.668473889908005,1.0847072408663212,0.0012375344261968632,0.23020504012236953,0.10755955366184863,5.4253819938191405,3.8467132673717455,7.3068566444604395,6092.787091747184,0.07504076644835672,88.53174508172907,31.224473817865086
real_0460,1.024469446645807,0.9987624972962347,0.008757320017414806,7.850180766848978,0.7457789683687399,1.0746082694594443,0.11213701688472204,0.22414752565916302,0.11111816093687289,9.81777918004714,3.6114711401570307,3.3067408156166467,6887.165256888169,0.09030240528187738,94.10553156027802,23.20985207846281
real_0461,0.878974770315267,1.0,0.008373679907403163,13.254590819763603,0.12244282793017067,1.0854183351705433,0.03715646703654064,0.24681794500843646,0.1,7.488381002177182,3.571013155173345,3.6871784790546114,6514.1502373742815,0.08647064778412539,86.7956196011345,31.36190770789199
real_0462,1.2096908020373722,0.9998113993529806,0.005906210152749301,5.253340000165765,0.5551809815928933,1.0866717040811695,0.0021527697121321997,0.2948825500646904,0.12509163420151573,9.302946275045288,3.8090812773748466,8.824927657791545,7030.895492043446,0.0901529318172287,86.75391939555442,42.67585237964841
real_0463,1.2620852641474485,0.9988017513082543,0.007416992625146587,20.135457896125825,0.46196246578054,1.0933685537042652,0.0194412168126874,0.153041569869007,1.0023107050661606,6.60140962350087,3.5063324028796057,1.4992122293009054,6649.100626438656,0.08295972665849675,90.17815851551474,29.766051569092824
real_0464,1.7460773516403225,0.9987581933958798,0.005192443544796108,6.457749540318894,0.0321613734867303,1.0888994156367133,0.025318810233871038,0.29799358967344575,0.10492097119734736,9.917889037294247,3.3603907845510306,8.151272978183762,6161.8309502694365,0.06693521138618988,94.34174084942818,35.2530019224893
real_0465,0.5679175969946154,0.9986879731224713,0.00859058183309593,6.466049498712546,0.44333417786174417,1.0907485876655645,0.0015390412023092773,0.1925379626188312,0.1203213818433431,3.652009192834309,3.997290617058564,3.6228718216007403,5721.071602560301,0.08508216412588189,96.85419375374157,40.71893879313316
real_0466,1.2329583577955288,0.9983800642568035,0.00831705196496704,10.38345398153037,0.5766039067175684,1.0837329093772752,0.006904177899409691,0.48898470418904366,0.6840680389522287,4.044520865289827,3.9692858076996282,3.0362970215084775,5654.5076398189185,0.0745999064202628,91.42496567351449,30.092013149500833
real_0467,0.8428961937999954,1.0,0.008491905741261031,8.89316924812411,1.2912997246418234,1.0873257145583775,0.0295097037517669,0.27645064646938344,0.10153526423453785,9.862721216153728,3.4914113467655095,4.106008516647851,7110.550541227573,0.06313426100078735,56.56791099214617,26.989856314241425
real_0468,1.2387567477057775,1.0,0.009970183965967046,5.249181280518922,1.198092329676673,1.085217227527205,0.00015322046848050648,0.14093329214477224,0.11671976018814856,4.777313905165406,3.722044273859421,2.059835258611194,8004.214108172623,0.1263469694352444,98.87814027500445,29.785870798531977
real_0469,1.4547805353751184,1.0,0.008396426329922817,13.411939869622454,0.34384310141169944,1.088492521193634,0.04515509168541714,0.17233062620405745,0.10362466445294391,10.0,3.8072539349883336,6.991590943862951,6999.202026087115,0.08968461686378232,93.12470165929476,24.634605047889337
real_0470,1.2485736834624592,0.9990991865853636,0.005911551741147956,5.341595359049082,0.5368702562838823,1.0857514497867864,0.008047650180163549,0.2630309172131751,0.11672370622357396,9.954295579337915,3.725978066911369,9.69479997238194,6853.329555778335,0.08827817326898749,88.2081693618958,43.06003486163847
real_0471,1.365547199340267,0.9996574933823987,0.008170267187677596,13.144257837212635,0.35091344480892406,1.0644557370516006,0.16717483016598234,0.18236038108237884,0.1271211663127666,9.509128125718666,3.8075270479991397,3.7624884126836737,6737.950730230381,0.08999883849461855,91.40439109513845,36.06828488650584
real_0472,1.2076906027191419,0.9986857317288447,0.0073698641824155395,20.769508553476786,0.4103807662542207,1.0922208946013037,0.017644543832672527,0.13908036496797793,0.8763726874664025,6.888757293492335,3.5949124557384904,1.5266882243331392,6668.865980008258,0.08311782725628983,89.29218929267502,28.451616786665014
real_0473,0.5323171093835514,0.9951159180385353,0.008917589280278687,16.90078838205158,1.2432414771968168,1.086222631993059,0.013927242661875217,0.07941143885104264,1.126155355854008,10.0,3.447537353678199,10.171736085935077,6748.078394533903,0.0873892564213309,89.95404365893192,22.430002500364076
real_0474,2.560729661133341,0.997461896482673,0.008499394345925955,7.31269640323566,0.3588111579406642,1.0853880421229531,0.005504853835927642,1.5165794214322692,0.11464031454730712,3.7140653808514372,3.652305817402075,2.7757472450075014,5113.719931273672,0.06763448339199585,89.95973076657427,42.82693967859639
real_0475,1.6964441312389789,0.9704690894755162,0.008812944516389951,6.580948302597525,0.004387988847080325,1.0649906390838506,0.017398637480741247,0.5150941207845713,0.1504311040796098,9.729057749068756,3.9784497479603944,17.77605380985848,6944.170773024392,0.09757503989420294,93.20075095861652,32.60521900717828
real_0476,1.1018679819518262,0.9906802077803236,0.008097789546707082,9.931886846198791,0.272452816732761,1.0771336010684163,0.024631045657368938,0.3003011094614866,0.2489192087543282,10.0,3.8055212842672184,6.534114954631902,6862.664080367692,0.09175761964084413,98.58176781677032,32.73172371156238
real_0477,1.7781119790745206,0.9977983132130471,0.005071260224909872,6.3566672898301615,0.078570310946224,1.0909332203059323,0.0281146665809687,0.3373896195984824,0.102428432897414,10.0,3.3794805748990404,9.656379814140722,6014.545026232765,0.06779494844905751,94.70008185113379,35.93691651198566
real_0478,0.8277771506560458,1.0,0.00834211621126516,9.278538236052421,0.04667717624396372,1.0914006805734575,0.0014328804789142699,0.12673644470391754,0.7722706075740738,10.0,3.748923965392468,1.8592281293381074,6440.069222526268,0.08810966933912324,88.24500435821327,26.78998868889598
real_0479,1.435310360488698,0.9751121546921041,0.007897779112903758,7.412143576364085,0.6424549561764924,1.0862862236741413,0.0016307356062624783,0.2682078302411769,0.1,5.555097677196615,3.858329908135163,7.304275462884683,6272.929801677702,0.07478402800198446,87.6577245169824,30.291325761356585
real_0480,1.109956466957993,0.9115250409093143,0.0067998034765582634,10.976232394372234,0.37658040708111074,1.0951773779239016,0.13199341091381675,0.1401760969066109,0.18869362426357453,9.294477788184224,3.649112350049874,8.972016975947966,6516.79583860617,0.09993739189766564,95.29341335139206,21.580888269081818
real_0481,0.9498210639426242,0.9955809733684075,0.008078010331906492,10.013484226741179,0.20004636883696258,1.0748686852485827,0.026624626646801514,0.3579133430855878,0.25538550357188455,10.0,3.8183075502942043,6.838969703337225,6790.510912176091,0.09329183908581662,97.88161766049926,32.84465000597337
real_0482,1.073819969135636,0.9479613657015477,0.007083848502667777,15.032139135966428,0.006858616580905619,1.0829145590185874,0.09893260005499502,0.14670710658535427,0.5451261445756569,4.74679110823265,3.5995633912191156,4.0018229938285375,8546.018511047403,0.12354921199468342,89.94689251102919,28.801081806797114
real_0483,1.3712975696140384,0.9983406716696696,0.008242961440799333,11.818725058994636,0.3314192057873558,1.0641013192034352,0.16736312120160687,0.16865936378590687,0.11829047490246362,10.0,3.8013638919421933,3.52625102266429,6761.50145945109,0.08849330378005942,89.37662930197833,36.249061112665395
real_0484,0.6180085420147419,1.0,0.009099751758396956,17.748289353862074,1.2344868835682299,1.0849527907044507,0.022748006071490162,0.08214590912386018,1.2993091936789962,10.0,3.4888844800483625,9.476503713769253,6635.741571621076,0.08903448684376956,92.61863941585186,22.929572485776543
real_0485,0.8259329608436201,1.0,0.008365025185186692,14.855226460458493,0.0,1.0938581860885157,0.053383483629464074,0.17677802834538403,0.13977967280136758,8.457878800591223,3.827323357532825,8.034468229080804,6144.6044402331245,0.08458663898192836,99.72917574404485,28.857905991254906
real_0486,0.9862257502158196,0.9989378950161908,0.008169439528845355,15.375159361767247,0.10514483086067573,1.0967504782373418,0.002571968188746903,0.39642804604994153,0.10033573741054015,9.903852486862194,3.6843916872608715,9.593865258790608,6880.906798223018,0.10177852061699248,92.69716451672888,31.79863622074604
real_0487,1.1289011931680288,1.0,0.007261634556895398,12.843761403338249,0.48696812922409244,1.0920958403120797,0.022709093478450376,0.20336781496360493,0.10274938672833042,10.0,4.023425344255396,2.8869490155697983,7269.608847093076,0.10142624340281389,88.87480311105539,27.03270193625884
real_0488,1.7191983272388127,0.9748468399617116,0.008913219251013736,6.659228180789859,0.0,1.0648834355940386,0.015275013079247612,0.5053308738549109,0.1361441761900903,9.891196299484184,3.941661349172011,17.636537800459326,6831.724793028994,0.10190310580984806,90.46382855702888,33.29823169268169
real_0489,0.8772036366403795,0.9989877996729912,0.008321077075297861,8.843591471131202,1.2351062022155823,1.0861657309045178,0.027094987040787992,0.2771520586366376,0.10720397648536882,10.0,3.4350828894475214,3.8364472708008606,7121.072702728574,0.06352721773605345,56.75930459704043,27.77718497834886
real_0490,1.4584668436215205,0.9979320150052914,0.008480976192950697,12.343272514705383,0.29607026654918134,1.0896516399861276,0.046094198349210344,0.17974447911051322,0.1,9.458487263704248,3.785075852993206,7.72390264746954,6885.72183350035,0.09184720957115529,93.63124183101911,24.57822818155443
real_0491,1.2111755402626674,0.9941349985113653,0.005819523967194389,14.014329009350886,0.18283600615309192,1.0764513467710743,0.03460443620584179,0.513705542564015,0.1373741673583302,9.731286143117451,3.5241023999878087,22.0796342534165,7114.676007633777,0.085253824534662,92.27432040488269,34.84719129208325
real_0492,1.2029909465814375,1.0,0.0060020041931906605,5.4867698894750445,0.492244625888715,1.0864864443561921,0.003805642592568448,0.2819772656361556,0.10144922342533362,10.0,3.809669690990852,10.088304782242517,6770.105009512376,0.08897623098896808,86.0344245558094,43.19236984581505
real_0493,0.86850722228331,1.0,0.008256820590560569,8.306844491409239,1.2787811425913587,1.0861374344171155,0.030376146084670333,0.278318687900442,0.10514501472593284,9.782689078471309,3.4791469212288284,3.7939002331311995,7092.0638335796875,0.06433138738208065,58.04712112102374,27.422887905933155
real_0494,1.060244374131942,0.9076882764468618,0.0070922839419621676,10.842589067382484,0.31195540578906417,1.0955407585250097,0.12734621671270357,0.14067957084649216,0.2034663214551795,9.879204327694914,3.581921520067399,9.0190122875356,6480.118127613185,0.10212088674597729,93.93917435264596,21.766716551643558
real_0495,1.2481743712904778,1.0,0.007203299281087392,19.15757476426825,0.4178554784707625,1.093896047238402,0.01533185035346292,0.1420600931413919,0.8838475199395335,6.781885373535551,3.542022057914518,1.4884245943650818,6889.193461111873,0.08619969845044052,91.29513835576873,28.784554145139378
real_0496,0.9731721096358711,1.0,0.008323355269547427,13.148379369345943,0.08157183274292971,1.0862450441394764,0.046451806124907874,0.2419891418419226,0.10780229572102902,7.8301011038954815,3.5725738534136413,3.3439090911464855,6709.450145214196,0.08572368371957591,88.97019435278133,31.209242176974453
real_0497,0.5251206613623571,1.0,0.005415509639765276,5.254839733202071,0.12277662206355619,1.0912575388911658,0.00626435660936382,0.24953164077291692,0.13556760711110583,4.673739508598669,3.279346309685627,5.72845145817988,7134.9068908625195,0.10816354787153916,99.96803785462785,26.052657314010833
real_0498,1.3402965282618433,1.0,0.008502966597379397,12.774540914246165,0.3989229919674167,1.0875511242151288,0.04131354408467831,0.17902477278400092,0.1,9.935076269012969,3.8143834925575195,7.036057377239098,6807.4140843897185,0.08970100709663124,94.44085647280265,24.74842332255518
real_0499,1.2596543364056327,1.0,0.007332982220482926,20.26883149817893,0.42134822852261977,1.0939089371515907,0.010860130175739785,0.1405225944326363,0.9223316851153776,7.206733915201571,3.549799686543223,1.6243068862919001,6619.534581688455,0.08534803695509594,89.40607888690363,28.351709780536364
