time,elapsed_seconds,message
17:41:51,0.0001276,PEST++ performance logger started
17:41:51,0.0021548,starting to process control file
17:41:51,0.0410008,finished processing control file
17:41:51,0.0192074,initializing
17:41:51,0.0003178,using glm algorithm
17:41:51,0.0006121,using REDSVD for truncated svd solve
17:41:51,0.0005652,maxsing: 13
17:41:51,0.0003925,eigthresh:  1e-06
17:41:51,0.0006818,initializing localizer
17:41:51,0.0003138,not using localization
17:41:51,0.0002917,using lambda multipliers: 
17:41:51,0.0002302,using lambda scaling factors: 
17:41:51,0.0002407,acceptable phi factor:  1.05
17:41:51,0.0008786,lambda increase factor:  10
17:41:51,0.0003619,lambda decrease factor:  0.75
17:41:51,0.00054,max run fail:  50
17:41:51,0.0002507,initializing prior parameter covariance matrix
17:41:51,9.5e-06,initializing parcov
17:41:51,0.0003007,parcov loaded  from parameter bounds, using par_sigma_range 4
17:41:51,0.0002595,initializing observation noise covariance matrix
17:41:51,0.0015737,obscov loaded  from observation weights
17:41:51,0.0008335,using reg_factor:  0
17:41:51,2.13e-05,processing par csv swat_modflow_ies_dsi550_fast_stage1.0.par.csv
17:41:51,0.0004017,loading par ensemble from csv file swat_modflow_ies_dsi550_fast_stage1.0.par.csv
17:41:51,0.0515865,Warning: even though ies_enforce_bounds is true, a restart obs en was passed, so bounds will not be enforced on the initial par en
17:41:51,0.0002752,not using prior parameter covariance matrix scaling
17:41:51,0.0002415,drawing observation noise realizations:  550
17:41:51,0.0008161,making standard normal draws
17:41:51,0.0038956,scaling by std
17:41:51,9.57e-05,checking realization for invalid values
17:41:51,0.0035695,resizing reals matrix
17:41:51,0.0010575,filling reals matrix and adding mean values
17:41:51,0.0073814,setting weights ensemble from control file weights
17:41:51,0.285109,saved weight ensemble to  swat_modflow_ies_dsi550_fast_stage3.weights.csv
17:41:51,5.23e-05,checking for denormal values in weights ensemble
17:41:51,0.0014137,Warning: even though `ies_include_base` is true, you passed a restart obs en, not adding 'base' realization...
17:41:51,0.0006059,checking for denormal values in pe
17:41:51,0.0160109,saved initial parameter ensemble to  swat_modflow_ies_dsi550_fast_stage3.0.par.csv
17:41:51,0.0001042,checking for denormal values in obs + noise ensemble
17:41:52,0.299988,saved obs+noise observation ensemble (obsval + noise realizations) to  swat_modflow_ies_dsi550_fast_stage3.obs+noise.csv
17:41:52,0.0002943,using subset in lambda testing, number of realizations used in subset testing:  550
17:41:52,0.0006922,subset how:  RANDOM
17:41:52,0.004245,restarting with existing obs ensemble swat_modflow_ies_dsi550_fast_stage2.3.obs.csv
17:41:52,0.0004561,loading restart obs ensemble from csv file swat_modflow_ies_dsi550_fast_stage2.3.obs.csv
17:41:52,0.0774008,loading restart par ensemble from csv file swat_modflow_ies_dsi550_fast_stage2.3.par.csv
17:41:52,0.0286857,WARNING: replacing obs+noise obs en realization '549' with 'base' (noise free) values to match par en 'base' location
17:41:52,0.237369,re-saved obs+noise observation ensemble (obsval+noise) to  swat_modflow_ies_dsi550_fast_stage3.obs+noise.csv
17:41:52,0.0003788,WARNING: replacing weight realization '549' with 'base' weight values to match par en 'base' location
17:41:52,0.245649,re-saved weight ensemble to  swat_modflow_ies_dsi550_fast_stage3.weights.csv
17:41:52,0.0001244,reordering oe_base to align with restart obs en,num reals: 550
17:41:52,4.04e-05,reordering pe_base to align with restart par en,num reals: 550
17:41:52,0.0010839,centering on ensemble mean vector
17:41:53,0.303611,saved initial obs ensemble to swat_modflow_ies_dsi550_fast_stage3.0.obs.csv
17:41:53,0.0319846,calc pre-drop phi
17:41:53,0.0432174,pre-drop initial phi summary
17:41:53,0.0075999,checking for prior-data conflict
17:41:53,0.0122871,calc initial phi
17:41:53,0.0318317,initial phi summary
17:41:53,0.0232099,current lambda: 1
17:41:53,0.0002892,initialization complete
17:41:53,0.0006157,starting solve for iteration: 1
17:41:53,2.13e-05,starting solve for iteration: 1
17:41:53,0.0001738,current lambda:  1
17:41:53,1.61e-05,reordering variables in pe
17:41:53,0.0002524,preparing EnsembleSolver
17:41:53,0.0025334,starting calcs for glm factor 1
17:41:53,2.81e-05,see .log file for more details
17:41:53,0.289477,finished calcs for: 1
17:41:53,0.0009249,running upgrade ensembles
17:41:53,6.21e-05,queuing 3 ensembles
17:41:53,0.0098574,subset idx:pe real name:  0:0, 1:1, 2:2, 3:3, 4:4, 5:5, 6:6, 7:7, 8:8, 9:9, 10:10, 11:11, 12:12, 13:13, 14:14, 15:15, 16:16, 17:17, 18:18, 19:19, 20:20, 21:21, 22:22, 23:23, 24:24, 25:25, 26:26, 27:27, 28:28, 29:29, 30:30, 31:31, 32:32, 33:33, 34:34, 35:35, 36:36, 37:37, 38:38, 39:39, 40:40, 41:41, 42:42, 43:43, 44:44, 45:45, 46:46, 47:47, 48:48, 49:49, 50:50, 51:51, 52:52, 53:53, 54:54, 55:55, 56:56, 57:57, 58:58, 59:59, 60:60, 61:61, 62:62, 63:63, 64:64, 65:65, 66:66, 67:67, 68:68, 69:69, 70:70, 71:71, 72:72, 73:73, 74:74, 75:75, 76:76, 77:77, 78:78, 79:79, 80:80, 81:81, 82:82, 83:83, 84:84, 85:85, 86:86, 87:87, 88:88, 89:89, 90:90, 91:91, 92:92, 93:93, 94:94, 95:95, 96:96, 97:97, 98:98, 99:99, 100:100, 101:101, 102:102, 103:103, 104:104, 105:105, 106:106, 107:107, 108:108, 109:109, 110:110, 111:111, 112:112, 113:113, 114:114, 115:115, 116:116, 117:117, 118:118, 119:119, 120:120, 121:121, 122:122, 123:123, 124:124, 125:125, 126:126, 127:127, 128:128, 129:129, 130:130, 131:131, 132:132, 133:133, 134:134, 135:135, 136:136, 137:137, 138:138, 139:139, 140:140, 141:141, 142:142, 143:143, 144:144, 145:145, 146:146, 147:147, 148:148, 149:149, 150:150, 151:151, 152:152, 153:153, 154:154, 155:155, 156:156, 157:157, 158:158, 159:159, 160:160, 161:161, 162:162, 163:163, 164:164, 165:165, 166:166, 167:167, 168:168, 169:169, 170:170, 171:171, 172:172, 173:173, 174:174, 175:175, 176:176, 177:177, 178:178, 179:179, 180:180, 181:181, 182:182, 183:183, 184:184, 185:185, 186:186, 187:187, 188:188, 189:189, 190:190, 191:191, 192:192, 193:193, 194:194, 195:195, 196:196, 197:197, 198:198, 199:199, 200:200, 201:201, 202:202, 203:203, 204:204, 205:205, 206:206, 207:207, 208:208, 209:209, 210:210, 211:211, 212:212, 213:213, 214:214, 215:215, 216:216, 217:217, 218:218, 219:219, 220:220, 221:221, 222:222, 223:223, 224:224, 225:225, 226:226, 227:227, 228:228, 229:229, 230:230, 231:231, 232:232, 233:233, 234:234, 235:235, 236:236, 237:237, 238:238, 239:239, 240:240, 241:241, 242:242, 243:243, 244:244, 245:245, 246:246, 247:247, 248:248, 249:249, 250:250, 251:251, 252:252, 253:253, 254:254, 255:255, 256:256, 257:257, 258:258, 259:259, 260:260, 261:261, 262:262, 263:263, 264:264, 265:265, 266:266, 267:267, 268:268, 269:269, 270:270, 271:271, 272:272, 273:273, 274:274, 275:275, 276:276, 277:277, 278:278, 279:279, 280:280, 281:281, 282:282, 283:283, 284:284, 285:285, 286:286, 287:287, 288:288, 289:289, 290:290, 291:291, 292:292, 293:293, 294:294, 295:295, 296:296, 297:297, 298:298, 299:299, 300:300, 301:301, 302:302, 303:303, 304:304, 305:305, 306:306, 307:307, 308:308, 309:309, 310:310, 311:311, 312:312, 313:313, 314:314, 315:315, 316:316, 317:317, 318:318, 319:319, 320:320, 321:321, 322:322, 323:323, 324:324, 325:325, 326:326, 327:327, 328:328, 329:329, 330:330, 331:331, 332:332, 333:333, 334:334, 335:335, 336:336, 337:337, 338:338, 339:339, 340:340, 341:341, 342:342, 343:343, 344:344, 345:345, 346:346, 347:347, 348:348, 349:349, 350:350, 351:351, 352:352, 353:353, 354:354, 355:355, 356:356, 357:357, 358:358, 359:359, 360:360, 361:361, 362:362, 363:363, 364:364, 365:365, 366:366, 367:367, 368:368, 369:369, 370:370, 371:371, 372:372, 373:373, 374:374, 375:375, 376:376, 377:377, 378:378, 379:379, 380:380, 381:381, 382:382, 383:383, 384:384, 385:385, 386:386, 387:387, 388:388, 389:389, 390:390, 391:391, 392:392, 393:393, 394:394, 395:395, 396:396, 397:397, 398:398, 399:399, 400:400, 401:401, 402:402, 403:403, 404:404, 405:405, 406:406, 407:407, 408:408, 409:409, 410:410, 411:411, 412:412, 413:413, 414:414, 415:415, 416:416, 417:417, 418:418, 419:419, 420:420, 421:421, 422:422, 423:423, 424:424, 425:425, 426:426, 427:427, 428:428, 429:429, 430:430, 431:431, 432:432, 433:433, 434:434, 435:435, 436:436, 437:437, 438:438, 439:439, 440:440, 441:441, 442:442, 443:443, 444:444, 445:445, 446:446, 447:447, 448:448, 449:449, 450:450, 451:451, 452:452, 453:453, 454:454, 455:455, 456:456, 457:457, 458:458, 459:459, 460:460, 461:461, 462:462, 463:463, 464:464, 465:465, 466:466, 467:467, 468:468, 469:469, 470:470, 471:471, 472:472, 473:473, 474:474, 475:475, 476:476, 477:477, 478:478, 479:479, 480:480, 481:481, 482:482, 483:483, 484:484, 485:485, 486:486, 487:487, 488:488, 489:489, 490:490, 491:491, 492:492, 493:493, 494:494, 495:495, 496:496, 497:497, 498:498, 499:499, 500:500, 501:501, 502:502, 503:503, 504:504, 505:505, 506:506, 507:507, 508:508, 509:509, 510:510, 511:511, 512:512, 513:513, 514:514, 515:515, 516:516, 517:517, 518:518, 519:519, 520:520, 521:521, 522:522, 523:523, 524:524, 525:525, 526:526, 527:527, 528:528, 529:529, 530:530, 531:531, 532:532, 533:533, 534:534, 535:535, 536:536, 537:537, 538:538, 539:539, 540:540, 541:541, 542:542, 543:543, 544:544, 545:545, 546:546, 547:547, 548:548, 549:BASE, 
17:41:53,0.0016811,subset idx:oe real name:  0:0, 1:1, 2:2, 3:3, 4:4, 5:5, 6:6, 7:7, 8:8, 9:9, 10:10, 11:11, 12:12, 13:13, 14:14, 15:15, 16:16, 17:17, 18:18, 19:19, 20:20, 21:21, 22:22, 23:23, 24:24, 25:25, 26:26, 27:27, 28:28, 29:29, 30:30, 31:31, 32:32, 33:33, 34:34, 35:35, 36:36, 37:37, 38:38, 39:39, 40:40, 41:41, 42:42, 43:43, 44:44, 45:45, 46:46, 47:47, 48:48, 49:49, 50:50, 51:51, 52:52, 53:53, 54:54, 55:55, 56:56, 57:57, 58:58, 59:59, 60:60, 61:61, 62:62, 63:63, 64:64, 65:65, 66:66, 67:67, 68:68, 69:69, 70:70, 71:71, 72:72, 73:73, 74:74, 75:75, 76:76, 77:77, 78:78, 79:79, 80:80, 81:81, 82:82, 83:83, 84:84, 85:85, 86:86, 87:87, 88:88, 89:89, 90:90, 91:91, 92:92, 93:93, 94:94, 95:95, 96:96, 97:97, 98:98, 99:99, 100:100, 101:101, 102:102, 103:103, 104:104, 105:105, 106:106, 107:107, 108:108, 109:109, 110:110, 111:111, 112:112, 113:113, 114:114, 115:115, 116:116, 117:117, 118:118, 119:119, 120:120, 121:121, 122:122, 123:123, 124:124, 125:125, 126:126, 127:127, 128:128, 129:129, 130:130, 131:131, 132:132, 133:133, 134:134, 135:135, 136:136, 137:137, 138:138, 139:139, 140:140, 141:141, 142:142, 143:143, 144:144, 145:145, 146:146, 147:147, 148:148, 149:149, 150:150, 151:151, 152:152, 153:153, 154:154, 155:155, 156:156, 157:157, 158:158, 159:159, 160:160, 161:161, 162:162, 163:163, 164:164, 165:165, 166:166, 167:167, 168:168, 169:169, 170:170, 171:171, 172:172, 173:173, 174:174, 175:175, 176:176, 177:177, 178:178, 179:179, 180:180, 181:181, 182:182, 183:183, 184:184, 185:185, 186:186, 187:187, 188:188, 189:189, 190:190, 191:191, 192:192, 193:193, 194:194, 195:195, 196:196, 197:197, 198:198, 199:199, 200:200, 201:201, 202:202, 203:203, 204:204, 205:205, 206:206, 207:207, 208:208, 209:209, 210:210, 211:211, 212:212, 213:213, 214:214, 215:215, 216:216, 217:217, 218:218, 219:219, 220:220, 221:221, 222:222, 223:223, 224:224, 225:225, 226:226, 227:227, 228:228, 229:229, 230:230, 231:231, 232:232, 233:233, 234:234, 235:235, 236:236, 237:237, 238:238, 239:239, 240:240, 241:241, 242:242, 243:243, 244:244, 245:245, 246:246, 247:247, 248:248, 249:249, 250:250, 251:251, 252:252, 253:253, 254:254, 255:255, 256:256, 257:257, 258:258, 259:259, 260:260, 261:261, 262:262, 263:263, 264:264, 265:265, 266:266, 267:267, 268:268, 269:269, 270:270, 271:271, 272:272, 273:273, 274:274, 275:275, 276:276, 277:277, 278:278, 279:279, 280:280, 281:281, 282:282, 283:283, 284:284, 285:285, 286:286, 287:287, 288:288, 289:289, 290:290, 291:291, 292:292, 293:293, 294:294, 295:295, 296:296, 297:297, 298:298, 299:299, 300:300, 301:301, 302:302, 303:303, 304:304, 305:305, 306:306, 307:307, 308:308, 309:309, 310:310, 311:311, 312:312, 313:313, 314:314, 315:315, 316:316, 317:317, 318:318, 319:319, 320:320, 321:321, 322:322, 323:323, 324:324, 325:325, 326:326, 327:327, 328:328, 329:329, 330:330, 331:331, 332:332, 333:333, 334:334, 335:335, 336:336, 337:337, 338:338, 339:339, 340:340, 341:341, 342:342, 343:343, 344:344, 345:345, 346:346, 347:347, 348:348, 349:349, 350:350, 351:351, 352:352, 353:353, 354:354, 355:355, 356:356, 357:357, 358:358, 359:359, 360:360, 361:361, 362:362, 363:363, 364:364, 365:365, 366:366, 367:367, 368:368, 369:369, 370:370, 371:371, 372:372, 373:373, 374:374, 375:375, 376:376, 377:377, 378:378, 379:379, 380:380, 381:381, 382:382, 383:383, 384:384, 385:385, 386:386, 387:387, 388:388, 389:389, 390:390, 391:391, 392:392, 393:393, 394:394, 395:395, 396:396, 397:397, 398:398, 399:399, 400:400, 401:401, 402:402, 403:403, 404:404, 405:405, 406:406, 407:407, 408:408, 409:409, 410:410, 411:411, 412:412, 413:413, 414:414, 415:415, 416:416, 417:417, 418:418, 419:419, 420:420, 421:421, 422:422, 423:423, 424:424, 425:425, 426:426, 427:427, 428:428, 429:429, 430:430, 431:431, 432:432, 433:433, 434:434, 435:435, 436:436, 437:437, 438:438, 439:439, 440:440, 441:441, 442:442, 443:443, 444:444, 445:445, 446:446, 447:447, 448:448, 449:449, 450:450, 451:451, 452:452, 453:453, 454:454, 455:455, 456:456, 457:457, 458:458, 459:459, 460:460, 461:461, 462:462, 463:463, 464:464, 465:465, 466:466, 467:467, 468:468, 469:469, 470:470, 471:471, 472:472, 473:473, 474:474, 475:475, 476:476, 477:477, 478:478, 479:479, 480:480, 481:481, 482:482, 483:483, 484:484, 485:485, 486:486, 487:487, 488:488, 489:489, 490:490, 491:491, 492:492, 493:493, 494:494, 495:495, 496:496, 497:497, 498:498, 499:499, 500:500, 501:501, 502:502, 503:503, 504:504, 505:505, 506:506, 507:507, 508:508, 509:509, 510:510, 511:511, 512:512, 513:513, 514:514, 515:515, 516:516, 517:517, 518:518, 519:519, 520:520, 521:521, 522:522, 523:523, 524:524, 525:525, 526:526, 527:527, 528:528, 529:529, 530:530, 531:531, 532:532, 533:533, 534:534, 535:535, 536:536, 537:537, 538:538, 539:539, 540:540, 541:541, 542:542, 543:543, 544:544, 545:545, 546:546, 547:547, 548:548, 549:BASE, 
17:41:53,0.0825895,making runs
15:06:12,163459,processing runs
15:06:12,0.0951065,evaluating upgrade ensembles
15:06:12,0.0003439,last mean:  7437.15
15:06:12,0.0005222,last stdev:  86320.3
15:06:12,0.0288859,phi summary for lambda, scale fac:
15:06:12,0.0168553,phi summary for lambda, scale fac:
15:06:12,0.0154218,phi summary for lambda, scale fac:
15:06:12,0.0222398,last best mean phi * acceptable phi factor:  7809.01
15:06:12,0.0006194,current best mean phi:  42768.3
15:06:12,0.000658,only updating realizations with reduced phi
15:06:12,0.0238412,updating pe:oe real =0:0, current phi: new phi  =410.609:371.858
15:06:12,5.96e-05,updating pe:oe real =1:1, current phi: new phi  =399.228:377.1
15:06:12,2.02e-05,updating pe:oe real =3:3, current phi: new phi  =406.311:401.83
15:06:12,1.67e-05,updating pe:oe real =5:5, current phi: new phi  =813.022:559.766
15:06:12,1.48e-05,updating pe:oe real =6:6, current phi: new phi  =380.155:354.792
15:06:12,1.38e-05,updating pe:oe real =7:7, current phi: new phi  =343.006:324.536
15:06:12,1.28e-05,updating pe:oe real =8:8, current phi: new phi  =342.379:333.404
15:06:12,1.29e-05,updating pe:oe real =9:9, current phi: new phi  =495.387:462.878
15:06:12,1.07e-05,updating pe:oe real =10:10, current phi: new phi  =439.517:381.215
15:06:12,1.35e-05,updating pe:oe real =11:11, current phi: new phi  =403.079:348.475
15:06:12,1.23e-05,updating pe:oe real =13:13, current phi: new phi  =485.845:424.506
15:06:12,1.35e-05,updating pe:oe real =15:15, current phi: new phi  =385.391:395.985
15:06:12,1.45e-05,updating pe:oe real =16:16, current phi: new phi  =381.206:387.161
15:06:12,1.29e-05,updating pe:oe real =17:17, current phi: new phi  =411.629:358.729
15:06:12,1.25e-05,updating pe:oe real =19:19, current phi: new phi  =404.107:359.723
15:06:12,1.28e-05,updating pe:oe real =21:21, current phi: new phi  =364.065:355.315
15:06:12,1.43e-05,updating pe:oe real =23:23, current phi: new phi  =516.246:389.942
15:06:12,1.35e-05,updating pe:oe real =25:25, current phi: new phi  =556.172:520.743
15:06:12,1.3e-05,updating pe:oe real =26:26, current phi: new phi  =442.805:350.817
15:06:12,1.3e-05,updating pe:oe real =27:27, current phi: new phi  =411.657:416.346
15:06:12,0.0001213,updating pe:oe real =28:28, current phi: new phi  =398.873:363.814
15:06:12,1.48e-05,updating pe:oe real =30:30, current phi: new phi  =451.071:414.74
15:06:12,1.29e-05,updating pe:oe real =31:31, current phi: new phi  =358.529:355.781
15:06:12,1.33e-05,updating pe:oe real =32:32, current phi: new phi  =426.477:387.859
15:06:12,1.43e-05,updating pe:oe real =33:33, current phi: new phi  =408.259:370.534
15:06:12,1.3e-05,updating pe:oe real =34:34, current phi: new phi  =390.301:363.776
15:06:12,1.7e-05,updating pe:oe real =35:35, current phi: new phi  =365.533:356.443
15:06:12,1.82e-05,updating pe:oe real =36:36, current phi: new phi  =399.978:386.868
15:06:12,2.12e-05,updating pe:oe real =38:38, current phi: new phi  =406.584:376.085
15:06:12,1.98e-05,updating pe:oe real =39:39, current phi: new phi  =484.814:407.821
15:06:12,2.25e-05,updating pe:oe real =42:42, current phi: new phi  =429.917:411.911
15:06:12,2.21e-05,updating pe:oe real =43:43, current phi: new phi  =385.992:344.218
15:06:12,2.13e-05,updating pe:oe real =44:44, current phi: new phi  =424.188:391.249
15:06:12,2.12e-05,updating pe:oe real =45:45, current phi: new phi  =467.561:391.546
15:06:12,2.07e-05,updating pe:oe real =46:46, current phi: new phi  =436.137:349.391
15:06:12,1.55e-05,updating pe:oe real =47:47, current phi: new phi  =412.746:399.481
15:06:12,1.37e-05,updating pe:oe real =48:48, current phi: new phi  =357.042:320.498
15:06:12,1.7e-05,updating pe:oe real =51:51, current phi: new phi  =353.879:357.625
15:06:12,1.68e-05,updating pe:oe real =53:53, current phi: new phi  =388.432:377.121
15:06:12,3.71e-05,updating pe:oe real =54:54, current phi: new phi  =929055:352.426
15:06:12,2.19e-05,updating pe:oe real =55:55, current phi: new phi  =345.223:299.777
15:06:12,1.31e-05,updating pe:oe real =57:57, current phi: new phi  =409.676:372.827
15:06:12,1.46e-05,updating pe:oe real =58:58, current phi: new phi  =555.034:411.304
15:06:12,1.36e-05,updating pe:oe real =59:59, current phi: new phi  =363.999:354.321
15:06:12,1.32e-05,updating pe:oe real =62:62, current phi: new phi  =411.279:388.151
15:06:12,1.64e-05,updating pe:oe real =64:64, current phi: new phi  =436.779:368.294
15:06:12,1.52e-05,updating pe:oe real =65:65, current phi: new phi  =357.238:320.5
15:06:12,1.37e-05,updating pe:oe real =68:68, current phi: new phi  =380.49:381.493
15:06:12,1.52e-05,updating pe:oe real =69:69, current phi: new phi  =325.718:294.942
15:06:12,1.32e-05,updating pe:oe real =70:70, current phi: new phi  =373.279:382.18
15:06:12,1.41e-05,updating pe:oe real =71:71, current phi: new phi  =373.896:340.759
15:06:12,1.42e-05,updating pe:oe real =72:72, current phi: new phi  =360.155:361.175
15:06:12,1.4e-05,updating pe:oe real =74:74, current phi: new phi  =439.527:399.703
15:06:12,1.28e-05,updating pe:oe real =75:75, current phi: new phi  =417.912:403.809
15:06:12,1.18e-05,updating pe:oe real =76:76, current phi: new phi  =478.404:390.252
15:06:12,1.41e-05,updating pe:oe real =77:77, current phi: new phi  =432.405:390.405
15:06:12,1.22e-05,updating pe:oe real =78:78, current phi: new phi  =364.346:358.984
15:06:12,1.34e-05,updating pe:oe real =79:79, current phi: new phi  =412.113:339.816
15:06:12,1.25e-05,updating pe:oe real =80:80, current phi: new phi  =408.689:375.172
15:06:12,1.4e-05,updating pe:oe real =81:81, current phi: new phi  =479.507:432.478
15:06:12,1.17e-05,updating pe:oe real =83:83, current phi: new phi  =821.338:694.212
15:06:12,1.68e-05,updating pe:oe real =84:84, current phi: new phi  =453.818:437.817
15:06:12,1.46e-05,updating pe:oe real =85:85, current phi: new phi  =512.412:447.692
15:06:12,1.21e-05,updating pe:oe real =86:86, current phi: new phi  =476.299:317.743
15:06:12,1.47e-05,updating pe:oe real =88:88, current phi: new phi  =484.383:428.972
15:06:12,1.34e-05,updating pe:oe real =89:89, current phi: new phi  =385.408:355.156
15:06:12,1.3e-05,updating pe:oe real =91:91, current phi: new phi  =510.713:449.25
15:06:12,1.42e-05,updating pe:oe real =93:93, current phi: new phi  =447.51:421.516
15:06:12,1.51e-05,updating pe:oe real =94:94, current phi: new phi  =344.596:335.923
15:06:12,1.37e-05,updating pe:oe real =95:95, current phi: new phi  =414.48:390.433
15:06:12,1.2e-05,updating pe:oe real =96:96, current phi: new phi  =374.7:352.163
15:06:12,1.36e-05,updating pe:oe real =98:98, current phi: new phi  =353.688:337.846
15:06:12,1.33e-05,updating pe:oe real =99:99, current phi: new phi  =385.783:365.166
15:06:12,1.19e-05,updating pe:oe real =100:100, current phi: new phi  =411.169:378.777
15:06:12,1.3e-05,updating pe:oe real =101:101, current phi: new phi  =477.606:413.54
15:06:12,1.14e-05,updating pe:oe real =102:102, current phi: new phi  =454.1:416.987
15:06:12,1.3e-05,updating pe:oe real =103:103, current phi: new phi  =349.778:335.753
15:06:12,1.13e-05,updating pe:oe real =104:104, current phi: new phi  =480.162:354.656
15:06:12,1.24e-05,updating pe:oe real =105:105, current phi: new phi  =377.434:366.958
15:06:12,1.08e-05,updating pe:oe real =106:106, current phi: new phi  =359.246:374.013
15:06:12,1.29e-05,updating pe:oe real =107:107, current phi: new phi  =511.198:447.786
15:06:12,1.12e-05,updating pe:oe real =108:108, current phi: new phi  =421.725:385.112
15:06:12,1.35e-05,updating pe:oe real =109:109, current phi: new phi  =379.681:377.158
15:06:12,1.13e-05,updating pe:oe real =110:110, current phi: new phi  =371.266:374.148
15:06:12,1.28e-05,updating pe:oe real =111:111, current phi: new phi  =384.816:340.063
15:06:12,1.11e-05,updating pe:oe real =112:112, current phi: new phi  =440.996:445.128
15:06:12,1.29e-05,updating pe:oe real =113:113, current phi: new phi  =460.007:410.925
15:06:12,1.18e-05,updating pe:oe real =114:114, current phi: new phi  =399.479:393.352
15:06:12,1.33e-05,updating pe:oe real =115:115, current phi: new phi  =985009:369.425
15:06:12,1.15e-05,updating pe:oe real =116:116, current phi: new phi  =390.692:394.06
15:06:12,1.41e-05,updating pe:oe real =118:118, current phi: new phi  =395.649:358.981
15:06:12,1.31e-05,updating pe:oe real =119:119, current phi: new phi  =437.091:420.026
15:06:12,1.25e-05,updating pe:oe real =120:120, current phi: new phi  =465.842:385.511
15:06:12,1.35e-05,updating pe:oe real =121:121, current phi: new phi  =387.95:359.017
15:06:12,1.14e-05,updating pe:oe real =122:122, current phi: new phi  =433.539:405.424
15:06:12,1.33e-05,updating pe:oe real =123:123, current phi: new phi  =362.979:341.417
15:06:12,1.17e-05,updating pe:oe real =124:124, current phi: new phi  =410.789:382.113
15:06:12,1.31e-05,updating pe:oe real =125:125, current phi: new phi  =410.064:361.153
15:06:12,1.16e-05,updating pe:oe real =126:126, current phi: new phi  =453.976:395.431
15:06:12,1.34e-05,updating pe:oe real =127:127, current phi: new phi  =378.443:340.945
15:06:12,1.27e-05,updating pe:oe real =128:128, current phi: new phi  =429.334:369.316
15:06:12,1.3e-05,updating pe:oe real =129:129, current phi: new phi  =664.936:551.407
15:06:12,1.11e-05,updating pe:oe real =130:130, current phi: new phi  =336.534:335.058
15:06:12,1.29e-05,updating pe:oe real =131:131, current phi: new phi  =332.212:316.718
15:06:12,2.1e-05,updating pe:oe real =132:132, current phi: new phi  =370.357:367.353
15:06:12,1.33e-05,updating pe:oe real =133:133, current phi: new phi  =514.709:419.521
15:06:12,1.18e-05,updating pe:oe real =134:134, current phi: new phi  =435.146:382.124
15:06:12,1.41e-05,updating pe:oe real =136:136, current phi: new phi  =470.152:387.888
15:06:12,1.47e-05,updating pe:oe real =137:137, current phi: new phi  =324.34:331.308
15:06:12,1.21e-05,updating pe:oe real =139:139, current phi: new phi  =406.167:416.209
15:06:12,1.33e-05,updating pe:oe real =141:141, current phi: new phi  =362.042:352.447
15:06:12,1.35e-05,updating pe:oe real =142:142, current phi: new phi  =404.115:359.282
15:06:12,1.32e-05,updating pe:oe real =143:143, current phi: new phi  =392.211:373.35
15:06:12,1.25e-05,updating pe:oe real =144:144, current phi: new phi  =351.437:346.185
15:06:12,1.26e-05,updating pe:oe real =145:145, current phi: new phi  =445.579:355.489
15:06:12,1.34e-05,updating pe:oe real =146:146, current phi: new phi  =666.87:564.824
15:06:12,1.35e-05,updating pe:oe real =147:147, current phi: new phi  =520.92:379.159
15:06:12,1.21e-05,updating pe:oe real =148:148, current phi: new phi  =347.194:355.171
15:06:12,1.29e-05,updating pe:oe real =149:149, current phi: new phi  =491.127:362.885
15:06:12,1.17e-05,updating pe:oe real =150:150, current phi: new phi  =369.233:369.669
15:06:12,6.53e-05,updating pe:oe real =151:151, current phi: new phi  =351.537:364.632
15:06:12,1.36e-05,updating pe:oe real =152:152, current phi: new phi  =378.222:319.716
15:06:12,1.33e-05,updating pe:oe real =153:153, current phi: new phi  =442.524:389.62
15:06:12,1.16e-05,updating pe:oe real =154:154, current phi: new phi  =432.929:435.602
15:06:12,1.4e-05,updating pe:oe real =155:155, current phi: new phi  =428.178:372.725
15:06:12,1.16e-05,updating pe:oe real =156:156, current phi: new phi  =367.961:365.733
15:06:12,1.33e-05,updating pe:oe real =157:157, current phi: new phi  =400.31:401.88
15:06:12,1.18e-05,updating pe:oe real =158:158, current phi: new phi  =476.418:386.486
15:06:12,1.34e-05,updating pe:oe real =159:159, current phi: new phi  =459.289:441.158
15:06:12,1.2e-05,updating pe:oe real =160:160, current phi: new phi  =393.858:371.587
15:06:12,1.31e-05,updating pe:oe real =161:161, current phi: new phi  =376.817:347.17
15:06:12,1.18e-05,updating pe:oe real =162:162, current phi: new phi  =433.778:394.285
15:06:12,1.36e-05,updating pe:oe real =163:163, current phi: new phi  =607.314:527.396
15:06:12,1.19e-05,updating pe:oe real =164:164, current phi: new phi  =437.041:400.928
15:06:12,1.41e-05,updating pe:oe real =166:166, current phi: new phi  =338.59:313.02
15:06:12,1.34e-05,updating pe:oe real =167:167, current phi: new phi  =404.389:364.673
15:06:12,1.17e-05,updating pe:oe real =168:168, current phi: new phi  =422.295:354.062
15:06:12,1.36e-05,updating pe:oe real =169:169, current phi: new phi  =460.735:398.146
15:06:12,1.2e-05,updating pe:oe real =170:170, current phi: new phi  =390.089:382.609
15:06:12,1.3e-05,updating pe:oe real =171:171, current phi: new phi  =394.518:353.649
15:06:12,1.21e-05,updating pe:oe real =172:172, current phi: new phi  =531.469:443.5
15:06:12,1.34e-05,updating pe:oe real =173:173, current phi: new phi  =354.982:348.143
15:06:12,1.19e-05,updating pe:oe real =174:174, current phi: new phi  =415.758:393.21
15:06:12,1.33e-05,updating pe:oe real =175:175, current phi: new phi  =363.174:372.545
15:06:12,1.23e-05,updating pe:oe real =176:176, current phi: new phi  =401.114:382.72
15:06:12,1.33e-05,updating pe:oe real =177:177, current phi: new phi  =353.365:355.788
15:06:12,1.22e-05,updating pe:oe real =178:178, current phi: new phi  =426.22:377.051
15:06:12,1.39e-05,updating pe:oe real =179:179, current phi: new phi  =480.778:446.478
15:06:12,1.24e-05,updating pe:oe real =180:180, current phi: new phi  =468.54:449.748
15:06:12,1.39e-05,updating pe:oe real =181:181, current phi: new phi  =384.982:382.105
15:06:12,1.2e-05,updating pe:oe real =182:182, current phi: new phi  =422.875:390.813
15:06:12,1.38e-05,updating pe:oe real =183:183, current phi: new phi  =319.593:307.758
15:06:12,1.24e-05,updating pe:oe real =184:184, current phi: new phi  =366.616:315.452
15:06:12,1.34e-05,updating pe:oe real =185:185, current phi: new phi  =433.334:394.155
15:06:12,1.21e-05,updating pe:oe real =186:186, current phi: new phi  =402.978:373.771
15:06:12,1.38e-05,updating pe:oe real =187:187, current phi: new phi  =367.589:328.096
15:06:12,1.27e-05,updating pe:oe real =188:188, current phi: new phi  =520044:338.373
15:06:12,1.37e-05,updating pe:oe real =189:189, current phi: new phi  =429.845:364.351
15:06:12,1.2e-05,updating pe:oe real =191:191, current phi: new phi  =374.967:350.521
15:06:12,1.42e-05,updating pe:oe real =192:192, current phi: new phi  =852.538:698.905
15:06:12,1.36e-05,updating pe:oe real =193:193, current phi: new phi  =366.306:355.298
15:06:12,1.21e-05,updating pe:oe real =196:196, current phi: new phi  =345.739:344.093
15:06:12,1.72e-05,updating pe:oe real =197:197, current phi: new phi  =432.056:407.918
15:06:12,1.29e-05,updating pe:oe real =198:198, current phi: new phi  =415.334:400.94
15:06:12,1.38e-05,updating pe:oe real =200:200, current phi: new phi  =353.189:341.903
15:06:12,1.43e-05,updating pe:oe real =201:201, current phi: new phi  =419.218:360.845
15:06:12,1.24e-05,updating pe:oe real =202:202, current phi: new phi  =448.238:406.637
15:06:12,1.39e-05,updating pe:oe real =203:203, current phi: new phi  =460.008:418.664
15:06:12,1.29e-05,updating pe:oe real =205:205, current phi: new phi  =548.653:478.41
15:06:12,1.42e-05,updating pe:oe real =206:206, current phi: new phi  =381.215:340.733
15:06:12,1.31e-05,updating pe:oe real =207:207, current phi: new phi  =582.874:509.908
15:06:12,1.27e-05,updating pe:oe real =208:208, current phi: new phi  =406.065:359.599
15:06:12,1.35e-05,updating pe:oe real =209:209, current phi: new phi  =478.821:423.476
15:06:12,1.26e-05,updating pe:oe real =210:210, current phi: new phi  =469.033:416.364
15:06:12,1.35e-05,updating pe:oe real =211:211, current phi: new phi  =590.5:466.434
15:06:12,1.23e-05,updating pe:oe real =212:212, current phi: new phi  =342.209:313.097
15:06:12,1.39e-05,updating pe:oe real =213:213, current phi: new phi  =450.803:417.136
15:06:12,1.16e-05,updating pe:oe real =214:214, current phi: new phi  =331.348:329.375
15:06:12,1.44e-05,updating pe:oe real =216:216, current phi: new phi  =498.499:392.303
15:06:12,1.55e-05,updating pe:oe real =217:217, current phi: new phi  =428.199:373.439
15:06:12,1.24e-05,updating pe:oe real =218:218, current phi: new phi  =439.829:438.056
15:06:12,1.42e-05,updating pe:oe real =220:220, current phi: new phi  =403.434:306.404
15:06:12,1.37e-05,updating pe:oe real =221:221, current phi: new phi  =349.241:320.251
15:06:12,1.23e-05,updating pe:oe real =222:222, current phi: new phi  =372.373:346.157
15:06:12,1.3e-05,updating pe:oe real =223:223, current phi: new phi  =392.763:386.006
15:06:12,1.27e-05,updating pe:oe real =224:224, current phi: new phi  =458.679:400.354
15:06:12,1.39e-05,updating pe:oe real =225:225, current phi: new phi  =506.512:343.89
15:06:12,1.23e-05,updating pe:oe real =226:226, current phi: new phi  =418.514:355.359
15:06:12,1.31e-05,updating pe:oe real =227:227, current phi: new phi  =467.969:403.025
15:06:12,1.25e-05,updating pe:oe real =228:228, current phi: new phi  =354.764:325.121
15:06:12,1.35e-05,updating pe:oe real =229:229, current phi: new phi  =439.111:386.317
15:06:12,1.23e-05,updating pe:oe real =231:231, current phi: new phi  =405.824:372.794
15:06:12,1.44e-05,updating pe:oe real =232:232, current phi: new phi  =807.179:707.845
15:06:12,1.39e-05,updating pe:oe real =233:233, current phi: new phi  =414.412:351.219
15:06:12,1.24e-05,updating pe:oe real =234:234, current phi: new phi  =443.083:348.992
15:06:12,1.34e-05,updating pe:oe real =235:235, current phi: new phi  =590.187:529.76
15:06:12,1.19e-05,updating pe:oe real =237:237, current phi: new phi  =346.555:356.985
15:06:12,1.36e-05,updating pe:oe real =238:238, current phi: new phi  =408.077:378.496
15:06:12,1.45e-05,updating pe:oe real =240:240, current phi: new phi  =425.444:417.151
15:06:12,1.39e-05,updating pe:oe real =241:241, current phi: new phi  =480.783:400.033
15:06:12,1.24e-05,updating pe:oe real =242:242, current phi: new phi  =381.941:359.645
15:06:12,1.36e-05,updating pe:oe real =243:243, current phi: new phi  =330.353:312.892
15:06:12,1.33e-05,updating pe:oe real =244:244, current phi: new phi  =490.189:399.96
15:06:12,1.45e-05,updating pe:oe real =245:245, current phi: new phi  =418.406:354.445
15:06:12,1.24e-05,updating pe:oe real =246:246, current phi: new phi  =418.492:404.065
15:06:12,1.39e-05,updating pe:oe real =247:247, current phi: new phi  =422.186:354.952
15:06:12,1.31e-05,updating pe:oe real =248:248, current phi: new phi  =392.08:360.691
15:06:12,1.44e-05,updating pe:oe real =249:249, current phi: new phi  =413.89:368.329
15:06:12,4.74e-05,updating pe:oe real =250:250, current phi: new phi  =415.19:397.395
15:06:12,1.46e-05,updating pe:oe real =251:251, current phi: new phi  =443.718:402.05
15:06:12,1.28e-05,updating pe:oe real =252:252, current phi: new phi  =356.906:356.311
15:06:12,1.51e-05,updating pe:oe real =254:254, current phi: new phi  =419.116:378.968
15:06:12,1.46e-05,updating pe:oe real =255:255, current phi: new phi  =462.613:421.22
15:06:12,1.36e-05,updating pe:oe real =256:256, current phi: new phi  =430.667:399.239
15:06:12,1.42e-05,updating pe:oe real =257:257, current phi: new phi  =403.201:376.853
15:06:12,1.29e-05,updating pe:oe real =259:259, current phi: new phi  =430.736:414.137
15:06:12,1.47e-05,updating pe:oe real =260:260, current phi: new phi  =406.686:399.982
15:06:12,1.41e-05,updating pe:oe real =261:261, current phi: new phi  =448.418:452.179
15:06:12,1.29e-05,updating pe:oe real =262:262, current phi: new phi  =382.63:382.908
15:06:12,1.41e-05,updating pe:oe real =263:263, current phi: new phi  =546.587:497.954
15:06:12,1.3e-05,updating pe:oe real =264:264, current phi: new phi  =381.427:353.654
15:06:12,1.43e-05,updating pe:oe real =265:265, current phi: new phi  =352.885:305.428
15:06:12,1.27e-05,updating pe:oe real =266:266, current phi: new phi  =423.154:409.454
15:06:12,1.46e-05,updating pe:oe real =267:267, current phi: new phi  =399.924:355.76
15:06:12,1.3e-05,updating pe:oe real =268:268, current phi: new phi  =429.967:422.233
15:06:12,1.46e-05,updating pe:oe real =269:269, current phi: new phi  =357.058:341.834
15:06:12,1.29e-05,updating pe:oe real =270:270, current phi: new phi  =456.735:378.951
15:06:12,1.53e-05,updating pe:oe real =271:271, current phi: new phi  =410.171:381.493
15:06:12,1.31e-05,updating pe:oe real =273:273, current phi: new phi  =389.523:384.354
15:06:12,1.46e-05,updating pe:oe real =274:274, current phi: new phi  =360.326:363.821
15:06:12,1.44e-05,updating pe:oe real =275:275, current phi: new phi  =383.069:387.516
15:06:12,1.3e-05,updating pe:oe real =276:276, current phi: new phi  =407.213:389.553
15:06:12,1.49e-05,updating pe:oe real =277:277, current phi: new phi  =500.286:413.313
15:06:12,1.28e-05,updating pe:oe real =278:278, current phi: new phi  =374.531:367.448
15:06:12,1.62e-05,updating pe:oe real =280:280, current phi: new phi  =285.564:280.944
15:06:12,1.49e-05,updating pe:oe real =281:281, current phi: new phi  =494.164:421.125
15:06:12,1.35e-05,updating pe:oe real =282:282, current phi: new phi  =436.344:350.018
15:06:12,1.45e-05,updating pe:oe real =283:283, current phi: new phi  =582.971:521.864
15:06:12,1.48e-05,updating pe:oe real =284:284, current phi: new phi  =417.954:390.928
15:06:12,1.47e-05,updating pe:oe real =285:285, current phi: new phi  =455.646:403.12
15:06:12,1.31e-05,updating pe:oe real =287:287, current phi: new phi  =389.248:391.55
15:06:12,1.54e-05,updating pe:oe real =288:288, current phi: new phi  =713.552:673.011
15:06:12,1.45e-05,updating pe:oe real =289:289, current phi: new phi  =511.483:496.209
15:06:12,1.34e-05,updating pe:oe real =290:290, current phi: new phi  =507.658:443.915
15:06:12,1.53e-05,updating pe:oe real =291:291, current phi: new phi  =808.701:638.193
15:06:12,1.34e-05,updating pe:oe real =292:292, current phi: new phi  =443.798:399.782
15:06:12,1.42e-05,updating pe:oe real =293:293, current phi: new phi  =400.978:393.282
15:06:12,2.34e-05,updating pe:oe real =294:294, current phi: new phi  =544.498:410.644
15:06:12,1.46e-05,updating pe:oe real =295:295, current phi: new phi  =439.648:365.792
15:06:12,1.3e-05,updating pe:oe real =296:296, current phi: new phi  =448.086:373.56
15:06:12,1.4e-05,updating pe:oe real =297:297, current phi: new phi  =543.657:381.471
15:06:12,1.34e-05,updating pe:oe real =298:298, current phi: new phi  =405.006:310.348
15:06:12,1.49e-05,updating pe:oe real =299:299, current phi: new phi  =441.668:376.188
15:06:12,1.44e-05,updating pe:oe real =300:300, current phi: new phi  =351.981:338.526
15:06:12,1.44e-05,updating pe:oe real =301:301, current phi: new phi  =546.895:532.179
15:06:12,1.47e-05,updating pe:oe real =303:303, current phi: new phi  =390.38:334.385
15:06:12,1.61e-05,updating pe:oe real =304:304, current phi: new phi  =739.872:536.737
15:06:12,1.48e-05,updating pe:oe real =305:305, current phi: new phi  =560.704:473.439
15:06:12,1.24e-05,updating pe:oe real =306:306, current phi: new phi  =484.403:452.875
15:06:12,1.47e-05,updating pe:oe real =307:307, current phi: new phi  =460.785:362.754
15:06:12,1.3e-05,updating pe:oe real =309:309, current phi: new phi  =473.841:433.403
15:06:12,1.5e-05,updating pe:oe real =310:310, current phi: new phi  =456.62:429.3
15:06:12,1.43e-05,updating pe:oe real =311:311, current phi: new phi  =444.928:408.941
15:06:12,1.39e-05,updating pe:oe real =313:313, current phi: new phi  =413.239:366.446
15:06:12,1.46e-05,updating pe:oe real =314:314, current phi: new phi  =443.413:457.67
15:06:12,1.56e-05,updating pe:oe real =316:316, current phi: new phi  =396.424:355.956
15:06:12,1.4e-05,updating pe:oe real =317:317, current phi: new phi  =358.121:326.728
15:06:12,1.32e-05,updating pe:oe real =318:318, current phi: new phi  =395.479:365.686
15:06:12,1.47e-05,updating pe:oe real =319:319, current phi: new phi  =464.811:428.307
15:06:12,1.5e-05,updating pe:oe real =320:320, current phi: new phi  =403.233:374.788
15:06:12,1.5e-05,updating pe:oe real =321:321, current phi: new phi  =587.591:579.775
15:06:12,1.34e-05,updating pe:oe real =323:323, current phi: new phi  =362.908:343.731
15:06:12,1.52e-05,updating pe:oe real =324:324, current phi: new phi  =364.679:359.019
15:06:12,1.51e-05,updating pe:oe real =325:325, current phi: new phi  =425.377:388.734
15:06:12,1.3e-05,updating pe:oe real =326:326, current phi: new phi  =414.806:360.649
15:06:12,1.5e-05,updating pe:oe real =327:327, current phi: new phi  =385.314:366.305
15:06:12,1.35e-05,updating pe:oe real =328:328, current phi: new phi  =312.978:298.913
15:06:12,1.53e-05,updating pe:oe real =329:329, current phi: new phi  =378.451:329.005
15:06:12,1.34e-05,updating pe:oe real =330:330, current phi: new phi  =608.268:422.16
15:06:12,1.48e-05,updating pe:oe real =331:331, current phi: new phi  =381.264:357.541
15:06:12,1.38e-05,updating pe:oe real =332:332, current phi: new phi  =469.173:394.077
15:06:12,1.45e-05,updating pe:oe real =333:333, current phi: new phi  =638.679:579.066
15:06:12,1.32e-05,updating pe:oe real =334:334, current phi: new phi  =367.991:325.05
15:06:12,1.47e-05,updating pe:oe real =335:335, current phi: new phi  =424.827:385.566
15:06:12,1.43e-05,updating pe:oe real =336:336, current phi: new phi  =520.195:525.538
15:06:12,1.46e-05,updating pe:oe real =337:337, current phi: new phi  =459.053:337.456
15:06:12,1.35e-05,updating pe:oe real =338:338, current phi: new phi  =391.013:405.91
15:06:12,1.48e-05,updating pe:oe real =339:339, current phi: new phi  =421.575:324.816
15:06:12,1.4e-05,updating pe:oe real =340:340, current phi: new phi  =370.777:327.852
15:06:12,1.42e-05,updating pe:oe real =341:341, current phi: new phi  =373.519:354.907
15:06:12,1.43e-05,updating pe:oe real =343:343, current phi: new phi  =391.945:356.41
15:06:12,1.63e-05,updating pe:oe real =344:344, current phi: new phi  =395.718:317.131
15:06:12,1.5e-05,updating pe:oe real =345:345, current phi: new phi  =384.026:318.047
15:06:12,1.38e-05,updating pe:oe real =346:346, current phi: new phi  =1.42028e+06:514.533
15:06:12,1.55e-05,updating pe:oe real =347:347, current phi: new phi  =401.212:354.583
15:06:12,1.47e-05,updating pe:oe real =348:348, current phi: new phi  =319.839:315.491
15:06:12,1.83e-05,updating pe:oe real =349:349, current phi: new phi  =375.16:310.551
15:06:12,1.6e-05,updating pe:oe real =350:350, current phi: new phi  =378.186:376.133
15:06:12,1.57e-05,updating pe:oe real =351:351, current phi: new phi  =539.587:517.468
15:06:12,1.54e-05,updating pe:oe real =353:353, current phi: new phi  =408.944:382.184
15:06:12,1.69e-05,updating pe:oe real =354:354, current phi: new phi  =388.999:359.402
15:06:12,1.47e-05,updating pe:oe real =355:355, current phi: new phi  =442.624:394.474
15:06:12,1.61e-05,updating pe:oe real =356:356, current phi: new phi  =477.313:355.041
15:06:12,1.53e-05,updating pe:oe real =357:357, current phi: new phi  =429.069:399.359
15:06:12,1.36e-05,updating pe:oe real =359:359, current phi: new phi  =449.823:394.697
15:06:12,1.6e-05,updating pe:oe real =361:361, current phi: new phi  =359.845:354.528
15:06:12,1.51e-05,updating pe:oe real =362:362, current phi: new phi  =562.268:543.497
15:06:12,1.57e-05,updating pe:oe real =363:363, current phi: new phi  =415.272:366.283
15:06:12,1.39e-05,updating pe:oe real =364:364, current phi: new phi  =439.017:381.459
15:06:12,1.48e-05,updating pe:oe real =365:365, current phi: new phi  =507.719:337.14
15:06:12,1.33e-05,updating pe:oe real =366:366, current phi: new phi  =432.878:368.979
15:06:12,1.6e-05,updating pe:oe real =368:368, current phi: new phi  =436.041:399.295
15:06:12,1.63e-05,updating pe:oe real =369:369, current phi: new phi  =325.081:293.459
15:06:12,1.34e-05,updating pe:oe real =370:370, current phi: new phi  =373.943:364.827
15:06:12,1.52e-05,updating pe:oe real =371:371, current phi: new phi  =583.37:482.273
15:06:12,1.4e-05,updating pe:oe real =373:373, current phi: new phi  =385.814:380.563
15:06:12,1.53e-05,updating pe:oe real =374:374, current phi: new phi  =560.936:526.615
15:06:12,1.52e-05,updating pe:oe real =376:376, current phi: new phi  =491.253:445.829
15:06:12,1.57e-05,updating pe:oe real =377:377, current phi: new phi  =503.989:425.974
15:06:12,1.37e-05,updating pe:oe real =378:378, current phi: new phi  =472.104:411.994
15:06:12,1.48e-05,updating pe:oe real =379:379, current phi: new phi  =502.171:438.833
15:06:12,1.41e-05,updating pe:oe real =380:380, current phi: new phi  =401.797:373.706
15:06:12,1.54e-05,updating pe:oe real =381:381, current phi: new phi  =384.272:377.964
15:06:12,1.34e-05,updating pe:oe real =382:382, current phi: new phi  =412.528:371.765
15:06:12,1.57e-05,updating pe:oe real =383:383, current phi: new phi  =439.341:388.145
15:06:12,1.48e-05,updating pe:oe real =384:384, current phi: new phi  =366.442:350.176
15:06:12,1.55e-05,updating pe:oe real =385:385, current phi: new phi  =445.209:410.023
15:06:12,1.36e-05,updating pe:oe real =386:386, current phi: new phi  =392.565:354.901
15:06:12,1.67e-05,updating pe:oe real =387:387, current phi: new phi  =377.794:345.034
15:06:12,1.38e-05,updating pe:oe real =388:388, current phi: new phi  =368.069:354.702
15:06:12,1.61e-05,updating pe:oe real =389:389, current phi: new phi  =596.032:508.173
15:06:12,1.45e-05,updating pe:oe real =390:390, current phi: new phi  =372.638:369.943
15:06:12,1.68e-05,updating pe:oe real =391:391, current phi: new phi  =461.703:415.437
15:06:12,1.58e-05,updating pe:oe real =392:392, current phi: new phi  =386.147:383.862
15:06:12,1.6e-05,updating pe:oe real =393:393, current phi: new phi  =400.874:348.051
15:06:12,1.52e-05,updating pe:oe real =394:394, current phi: new phi  =374.073:370.165
15:06:12,1.65e-05,updating pe:oe real =395:395, current phi: new phi  =446.715:444.834
15:06:12,1.51e-05,updating pe:oe real =397:397, current phi: new phi  =389.876:364.773
15:06:12,1.71e-05,updating pe:oe real =399:399, current phi: new phi  =441.654:436.359
15:06:12,1.79e-05,updating pe:oe real =400:400, current phi: new phi  =421.01:380.807
15:06:12,1.61e-05,updating pe:oe real =401:401, current phi: new phi  =471.996:433.641
15:06:12,1.49e-05,updating pe:oe real =402:402, current phi: new phi  =472.856:415.383
15:06:12,1.66e-05,updating pe:oe real =403:403, current phi: new phi  =451.507:382.155
15:06:12,1.58e-05,updating pe:oe real =404:404, current phi: new phi  =395.921:368.054
15:06:12,1.61e-05,updating pe:oe real =405:405, current phi: new phi  =457.306:395.704
15:06:12,1.49e-05,updating pe:oe real =406:406, current phi: new phi  =768.224:625.968
15:06:12,1.68e-05,updating pe:oe real =407:407, current phi: new phi  =386.464:335.799
15:06:12,1.67e-05,updating pe:oe real =408:408, current phi: new phi  =398.003:359.978
15:06:12,1.86e-05,updating pe:oe real =409:409, current phi: new phi  =314.924:322.083
15:06:12,1.6e-05,updating pe:oe real =411:411, current phi: new phi  =413.864:374.117
15:06:12,1.71e-05,updating pe:oe real =412:412, current phi: new phi  =396.705:358.019
15:06:12,1.67e-05,updating pe:oe real =413:413, current phi: new phi  =414.402:402.98
15:06:12,1.42e-05,updating pe:oe real =414:414, current phi: new phi  =435.912:372.292
15:06:12,1.71e-05,updating pe:oe real =415:415, current phi: new phi  =358.805:351.488
15:06:12,1.51e-05,updating pe:oe real =416:416, current phi: new phi  =442.574:437.983
15:06:12,1.81e-05,updating pe:oe real =417:417, current phi: new phi  =378.104:358.442
15:06:12,1.51e-05,updating pe:oe real =418:418, current phi: new phi  =392.599:391.669
15:06:12,1.68e-05,updating pe:oe real =419:419, current phi: new phi  =417.697:379.633
15:06:12,1.53e-05,updating pe:oe real =420:420, current phi: new phi  =413.955:384.25
15:06:12,1.66e-05,updating pe:oe real =421:421, current phi: new phi  =421.232:388.4
15:06:12,1.51e-05,updating pe:oe real =422:422, current phi: new phi  =318.16:315.775
15:06:12,1.7e-05,updating pe:oe real =423:423, current phi: new phi  =433.927:391.003
15:06:12,1.45e-05,updating pe:oe real =424:424, current phi: new phi  =410.07:379.091
15:06:12,1.66e-05,updating pe:oe real =425:425, current phi: new phi  =424.372:298.409
15:06:12,1.48e-05,updating pe:oe real =426:426, current phi: new phi  =395.349:354.16
15:06:12,1.65e-05,updating pe:oe real =427:427, current phi: new phi  =482.038:452.235
15:06:12,1.52e-05,updating pe:oe real =428:428, current phi: new phi  =429.193:375.093
15:06:12,1.72e-05,updating pe:oe real =430:430, current phi: new phi  =339.94:338.373
15:06:12,1.73e-05,updating pe:oe real =431:431, current phi: new phi  =403.983:358.025
15:06:12,1.59e-05,updating pe:oe real =432:432, current phi: new phi  =438.814:376.064
15:06:12,1.68e-05,updating pe:oe real =433:433, current phi: new phi  =384.616:365.005
15:06:12,1.5e-05,updating pe:oe real =434:434, current phi: new phi  =433.924:405.453
15:06:12,1.69e-05,updating pe:oe real =435:435, current phi: new phi  =646.761:581.805
15:06:12,1.52e-05,updating pe:oe real =436:436, current phi: new phi  =401.586:336.572
15:06:12,1.68e-05,updating pe:oe real =437:437, current phi: new phi  =403.61:397.884
15:06:12,1.51e-05,updating pe:oe real =438:438, current phi: new phi  =523.048:431.31
15:06:12,1.67e-05,updating pe:oe real =439:439, current phi: new phi  =407.582:397.184
15:06:12,1.56e-05,updating pe:oe real =440:440, current phi: new phi  =417.275:399.726
15:06:12,2.5e-05,updating pe:oe real =441:441, current phi: new phi  =426.04:429.127
15:06:12,1.54e-05,updating pe:oe real =442:442, current phi: new phi  =392.863:364.791
15:06:12,1.68e-05,updating pe:oe real =443:443, current phi: new phi  =365.116:339.307
15:06:12,1.75e-05,updating pe:oe real =446:446, current phi: new phi  =520.283:359.078
15:06:12,1.71e-05,updating pe:oe real =447:447, current phi: new phi  =398.722:377.432
15:06:12,1.59e-05,updating pe:oe real =448:448, current phi: new phi  =371.316:302.487
15:06:12,1.72e-05,updating pe:oe real =450:450, current phi: new phi  =410.234:401.616
15:06:12,1.69e-05,updating pe:oe real =451:451, current phi: new phi  =282.761:281.849
15:06:12,1.53e-05,updating pe:oe real =452:452, current phi: new phi  =399.401:323.849
15:06:12,1.64e-05,updating pe:oe real =453:453, current phi: new phi  =452.602:438.461
15:06:12,1.5e-05,updating pe:oe real =454:454, current phi: new phi  =418.981:381.186
15:06:12,1.77e-05,updating pe:oe real =456:456, current phi: new phi  =474.41:492.871
15:06:12,1.69e-05,updating pe:oe real =457:457, current phi: new phi  =372.769:376.442
15:06:12,1.58e-05,updating pe:oe real =458:458, current phi: new phi  =430.269:421.334
15:06:12,1.72e-05,updating pe:oe real =459:459, current phi: new phi  =447.104:360.754
15:06:12,1.56e-05,updating pe:oe real =460:460, current phi: new phi  =428.992:374.923
15:06:12,1.72e-05,updating pe:oe real =461:461, current phi: new phi  =351.668:344.822
15:06:12,1.74e-05,updating pe:oe real =462:462, current phi: new phi  =349.367:340.045
15:06:12,1.67e-05,updating pe:oe real =463:463, current phi: new phi  =415.107:400.758
15:06:12,1.62e-05,updating pe:oe real =464:464, current phi: new phi  =424.861:419.112
15:06:12,1.72e-05,updating pe:oe real =465:465, current phi: new phi  =570.273:543.794
15:06:12,1.69e-05,updating pe:oe real =466:466, current phi: new phi  =399.673:383.15
15:06:12,1.72e-05,updating pe:oe real =467:467, current phi: new phi  =509.43:473.061
15:06:12,1.68e-05,updating pe:oe real =468:468, current phi: new phi  =398.658:364.341
15:06:12,1.68e-05,updating pe:oe real =469:469, current phi: new phi  =319.62:327.687
15:06:12,1.59e-05,updating pe:oe real =470:470, current phi: new phi  =357.157:339.066
15:06:12,1.73e-05,updating pe:oe real =471:471, current phi: new phi  =367.313:357.692
15:06:12,1.66e-05,updating pe:oe real =473:473, current phi: new phi  =479.53:366.69
15:06:12,1.74e-05,updating pe:oe real =474:474, current phi: new phi  =456.879:386.485
15:06:12,1.73e-05,updating pe:oe real =475:475, current phi: new phi  =357.858:326.454
15:06:12,1.59e-05,updating pe:oe real =476:476, current phi: new phi  =404.218:364.372
15:06:12,1.74e-05,updating pe:oe real =477:477, current phi: new phi  =388.176:347.234
15:06:12,1.55e-05,updating pe:oe real =478:478, current phi: new phi  =362.97:344.407
15:06:12,1.82e-05,updating pe:oe real =480:480, current phi: new phi  =373.255:346.811
15:06:12,1.71e-05,updating pe:oe real =481:481, current phi: new phi  =375.436:357.495
15:06:12,1.57e-05,updating pe:oe real =482:482, current phi: new phi  =388.964:341.756
15:06:12,1.89e-05,updating pe:oe real =483:483, current phi: new phi  =639.709:496.275
15:06:12,1.7e-05,updating pe:oe real =485:485, current phi: new phi  =437.329:390.88
15:06:12,1.74e-05,updating pe:oe real =487:487, current phi: new phi  =431.5:370.321
15:06:12,1.76e-05,updating pe:oe real =488:488, current phi: new phi  =414.253:363.799
15:06:12,1.7e-05,updating pe:oe real =489:489, current phi: new phi  =664.73:553.948
15:06:12,1.58e-05,updating pe:oe real =490:490, current phi: new phi  =423.071:367.482
15:06:12,1.75e-05,updating pe:oe real =491:491, current phi: new phi  =527.584:516.25
15:06:12,1.56e-05,updating pe:oe real =492:492, current phi: new phi  =438.65:388.682
15:06:12,1.72e-05,updating pe:oe real =493:493, current phi: new phi  =574.565:556.945
15:06:12,1.6e-05,updating pe:oe real =494:494, current phi: new phi  =358.301:337.499
15:06:12,1.7e-05,updating pe:oe real =495:495, current phi: new phi  =436.626:379.565
15:06:12,1.69e-05,updating pe:oe real =497:497, current phi: new phi  =466.995:416.064
15:06:12,1.74e-05,updating pe:oe real =498:498, current phi: new phi  =440.031:425.579
15:06:12,1.85e-05,updating pe:oe real =500:500, current phi: new phi  =363.588:332.395
15:06:12,1.71e-05,updating pe:oe real =501:501, current phi: new phi  =397.065:379.55
15:06:12,1.6e-05,updating pe:oe real =502:502, current phi: new phi  =389.252:354.09
15:06:12,1.76e-05,updating pe:oe real =503:503, current phi: new phi  =449.007:397.471
15:06:12,1.62e-05,updating pe:oe real =505:505, current phi: new phi  =440.119:326.382
15:06:12,1.73e-05,updating pe:oe real =506:506, current phi: new phi  =445.76:433.795
15:06:12,1.81e-05,updating pe:oe real =507:507, current phi: new phi  =424.969:320.842
15:06:12,1.59e-05,updating pe:oe real =508:508, current phi: new phi  =379.285:377.251
15:06:12,1.76e-05,updating pe:oe real =509:509, current phi: new phi  =502.267:438.762
15:06:12,1.53e-05,updating pe:oe real =510:510, current phi: new phi  =377.988:388.95
15:06:12,1.77e-05,updating pe:oe real =511:511, current phi: new phi  =423.574:389.725
15:06:12,1.64e-05,updating pe:oe real =512:512, current phi: new phi  =564.904:459.482
15:06:12,1.7e-05,updating pe:oe real =513:513, current phi: new phi  =349.437:357.826
15:06:12,1.52e-05,updating pe:oe real =514:514, current phi: new phi  =588.398:552.639
15:06:12,1.82e-05,updating pe:oe real =516:516, current phi: new phi  =346.462:343.12
15:06:12,1.97e-05,updating pe:oe real =517:517, current phi: new phi  =392.52:383.873
15:06:12,1.69e-05,updating pe:oe real =518:518, current phi: new phi  =404.116:397.895
15:06:12,1.72e-05,updating pe:oe real =519:519, current phi: new phi  =498.908:443.565
15:06:12,1.62e-05,updating pe:oe real =521:521, current phi: new phi  =402.997:376.719
15:06:12,1.74e-05,updating pe:oe real =522:522, current phi: new phi  =383:370.914
15:06:12,1.79e-05,updating pe:oe real =523:523, current phi: new phi  =532.477:515.166
15:06:12,1.64e-05,updating pe:oe real =524:524, current phi: new phi  =555.031:411.268
15:06:12,1.8e-05,updating pe:oe real =526:526, current phi: new phi  =775.018:569.857
15:06:12,1.76e-05,updating pe:oe real =527:527, current phi: new phi  =483.693:431.87
15:06:12,1.6e-05,updating pe:oe real =528:528, current phi: new phi  =349.253:354.772
15:06:12,1.76e-05,updating pe:oe real =529:529, current phi: new phi  =445.864:417.75
15:06:12,1.61e-05,updating pe:oe real =530:530, current phi: new phi  =641.179:519.735
15:06:12,1.75e-05,updating pe:oe real =532:532, current phi: new phi  =320.877:327.141
15:06:12,1.81e-05,updating pe:oe real =533:533, current phi: new phi  =401.259:362.051
15:06:12,1.58e-05,updating pe:oe real =534:534, current phi: new phi  =483.036:432.863
15:06:12,1.78e-05,updating pe:oe real =536:536, current phi: new phi  =574.109:544.414
15:06:12,1.81e-05,updating pe:oe real =537:537, current phi: new phi  =465.139:451.807
15:06:12,1.62e-05,updating pe:oe real =538:538, current phi: new phi  =421.195:338.061
15:06:12,1.73e-05,updating pe:oe real =539:539, current phi: new phi  =499.248:492.44
15:06:12,1.57e-05,updating pe:oe real =540:540, current phi: new phi  =380.091:364.725
15:06:12,1.72e-05,updating pe:oe real =541:541, current phi: new phi  =381.074:348.194
15:06:12,1.57e-05,updating pe:oe real =542:542, current phi: new phi  =402.514:392.633
15:06:12,1.88e-05,updating pe:oe real =545:545, current phi: new phi  =392.455:372.726
15:06:12,1.81e-05,updating pe:oe real =546:546, current phi: new phi  =437.365:395.366
15:06:12,1.8e-05,updating pe:oe real =547:547, current phi: new phi  =395.743:357.007
15:06:12,1.62e-05,updating pe:oe real =548:548, current phi: new phi  =341.518:337.006
15:06:12,0.0205944,current best mean phi (after updating reduced-phi reals):  397.586
15:06:12,0.0009362,updating lambda to  0.75
15:06:13,0.668244,phi-based termination criteria check
15:06:13,0.0007638,phiredstp:  0.01
15:06:13,0.0006463,nphistp:  3
15:06:13,0.0005398,nphinored (also used for consecutive bad lambda cycles):  3
15:06:13,0.0003556,best mean phi sequence: 
15:06:13,0.0002005,best phi yet:  397.586
15:06:13,0.0001684,number of consecutive bad lambda testing cycles:  0
15:06:13,0.0003893,number of iterations satisfying phiredstp criteria:  1
15:06:13,0.0002057,number of iterations since best yet mean phi:  0
15:06:13,0.0006071,starting solve for iteration: 2
15:06:13,2.58e-05,starting solve for iteration: 2
15:06:13,0.000184,current lambda:  0.75
15:06:13,1.61e-05,reordering variables in pe
15:06:13,0.0002494,preparing EnsembleSolver
15:06:13,0.0026385,starting calcs for glm factor 0.75
15:06:13,2.5e-05,see .log file for more details
15:06:13,0.216722,finished calcs for: 0.75
15:06:13,0.0005105,running upgrade ensembles
15:06:13,1.07e-05,queuing 3 ensembles
15:06:13,0.0158019,subset idx:pe real name:  0:0, 1:1, 2:2, 3:3, 4:4, 5:5, 6:6, 7:7, 8:8, 9:9, 10:10, 11:11, 12:12, 13:13, 14:14, 15:15, 16:16, 17:17, 18:18, 19:19, 20:20, 21:21, 22:22, 23:23, 24:24, 25:25, 26:26, 27:27, 28:28, 29:29, 30:30, 31:31, 32:32, 33:33, 34:34, 35:35, 36:36, 37:37, 38:38, 39:39, 40:40, 41:41, 42:42, 43:43, 44:44, 45:45, 46:46, 47:47, 48:48, 49:49, 50:50, 51:51, 52:52, 53:53, 54:54, 55:55, 56:56, 57:57, 58:58, 59:59, 60:60, 61:61, 62:62, 63:63, 64:64, 65:65, 66:66, 67:67, 68:68, 69:69, 70:70, 71:71, 72:72, 73:73, 74:74, 75:75, 76:76, 77:77, 78:78, 79:79, 80:80, 81:81, 82:82, 83:83, 84:84, 85:85, 86:86, 87:87, 88:88, 89:89, 90:90, 91:91, 92:92, 93:93, 94:94, 95:95, 96:96, 97:97, 98:98, 99:99, 100:100, 101:101, 102:102, 103:103, 104:104, 105:105, 106:106, 107:107, 108:108, 109:109, 110:110, 111:111, 112:112, 113:113, 114:114, 115:115, 116:116, 117:117, 118:118, 119:119, 120:120, 121:121, 122:122, 123:123, 124:124, 125:125, 126:126, 127:127, 128:128, 129:129, 130:130, 131:131, 132:132, 133:133, 134:134, 135:135, 136:136, 137:137, 138:138, 139:139, 140:140, 141:141, 142:142, 143:143, 144:144, 145:145, 146:146, 147:147, 148:148, 149:149, 150:150, 151:151, 152:152, 153:153, 154:154, 155:155, 156:156, 157:157, 158:158, 159:159, 160:160, 161:161, 162:162, 163:163, 164:164, 165:165, 166:166, 167:167, 168:168, 169:169, 170:170, 171:171, 172:172, 173:173, 174:174, 175:175, 176:176, 177:177, 178:178, 179:179, 180:180, 181:181, 182:182, 183:183, 184:184, 185:185, 186:186, 187:187, 188:188, 189:189, 190:190, 191:191, 192:192, 193:193, 194:194, 195:195, 196:196, 197:197, 198:198, 199:199, 200:200, 201:201, 202:202, 203:203, 204:204, 205:205, 206:206, 207:207, 208:208, 209:209, 210:210, 211:211, 212:212, 213:213, 214:214, 215:215, 216:216, 217:217, 218:218, 219:219, 220:220, 221:221, 222:222, 223:223, 224:224, 225:225, 226:226, 227:227, 228:228, 229:229, 230:230, 231:231, 232:232, 233:233, 234:234, 235:235, 236:236, 237:237, 238:238, 239:239, 240:240, 241:241, 242:242, 243:243, 244:244, 245:245, 246:246, 247:247, 248:248, 249:249, 250:250, 251:251, 252:252, 253:253, 254:254, 255:255, 256:256, 257:257, 258:258, 259:259, 260:260, 261:261, 262:262, 263:263, 264:264, 265:265, 266:266, 267:267, 268:268, 269:269, 270:270, 271:271, 272:272, 273:273, 274:274, 275:275, 276:276, 277:277, 278:278, 279:279, 280:280, 281:281, 282:282, 283:283, 284:284, 285:285, 286:286, 287:287, 288:288, 289:289, 290:290, 291:291, 292:292, 293:293, 294:294, 295:295, 296:296, 297:297, 298:298, 299:299, 300:300, 301:301, 302:302, 303:303, 304:304, 305:305, 306:306, 307:307, 308:308, 309:309, 310:310, 311:311, 312:312, 313:313, 314:314, 315:315, 316:316, 317:317, 318:318, 319:319, 320:320, 321:321, 322:322, 323:323, 324:324, 325:325, 326:326, 327:327, 328:328, 329:329, 330:330, 331:331, 332:332, 333:333, 334:334, 335:335, 336:336, 337:337, 338:338, 339:339, 340:340, 341:341, 342:342, 343:343, 344:344, 345:345, 346:346, 347:347, 348:348, 349:349, 350:350, 351:351, 352:352, 353:353, 354:354, 355:355, 356:356, 357:357, 358:358, 359:359, 360:360, 361:361, 362:362, 363:363, 364:364, 365:365, 366:366, 367:367, 368:368, 369:369, 370:370, 371:371, 372:372, 373:373, 374:374, 375:375, 376:376, 377:377, 378:378, 379:379, 380:380, 381:381, 382:382, 383:383, 384:384, 385:385, 386:386, 387:387, 388:388, 389:389, 390:390, 391:391, 392:392, 393:393, 394:394, 395:395, 396:396, 397:397, 398:398, 399:399, 400:400, 401:401, 402:402, 403:403, 404:404, 405:405, 406:406, 407:407, 408:408, 409:409, 410:410, 411:411, 412:412, 413:413, 414:414, 415:415, 416:416, 417:417, 418:418, 419:419, 420:420, 421:421, 422:422, 423:423, 424:424, 425:425, 426:426, 427:427, 428:428, 429:429, 430:430, 431:431, 432:432, 433:433, 434:434, 435:435, 436:436, 437:437, 438:438, 439:439, 440:440, 441:441, 442:442, 443:443, 444:444, 445:445, 446:446, 447:447, 448:448, 449:449, 450:450, 451:451, 452:452, 453:453, 454:454, 455:455, 456:456, 457:457, 458:458, 459:459, 460:460, 461:461, 462:462, 463:463, 464:464, 465:465, 466:466, 467:467, 468:468, 469:469, 470:470, 471:471, 472:472, 473:473, 474:474, 475:475, 476:476, 477:477, 478:478, 479:479, 480:480, 481:481, 482:482, 483:483, 484:484, 485:485, 486:486, 487:487, 488:488, 489:489, 490:490, 491:491, 492:492, 493:493, 494:494, 495:495, 496:496, 497:497, 498:498, 499:499, 500:500, 501:501, 502:502, 503:503, 504:504, 505:505, 506:506, 507:507, 508:508, 509:509, 510:510, 511:511, 512:512, 513:513, 514:514, 515:515, 516:516, 517:517, 518:518, 519:519, 520:520, 521:521, 522:522, 523:523, 524:524, 525:525, 526:526, 527:527, 528:528, 529:529, 530:530, 531:531, 532:532, 533:533, 534:534, 535:535, 536:536, 537:537, 538:538, 539:539, 540:540, 541:541, 542:542, 543:543, 544:544, 545:545, 546:546, 547:547, 548:548, 549:BASE, 
15:06:13,0.0019093,subset idx:oe real name:  0:0, 1:1, 2:2, 3:3, 4:4, 5:5, 6:6, 7:7, 8:8, 9:9, 10:10, 11:11, 12:12, 13:13, 14:14, 15:15, 16:16, 17:17, 18:18, 19:19, 20:20, 21:21, 22:22, 23:23, 24:24, 25:25, 26:26, 27:27, 28:28, 29:29, 30:30, 31:31, 32:32, 33:33, 34:34, 35:35, 36:36, 37:37, 38:38, 39:39, 40:40, 41:41, 42:42, 43:43, 44:44, 45:45, 46:46, 47:47, 48:48, 49:49, 50:50, 51:51, 52:52, 53:53, 54:54, 55:55, 56:56, 57:57, 58:58, 59:59, 60:60, 61:61, 62:62, 63:63, 64:64, 65:65, 66:66, 67:67, 68:68, 69:69, 70:70, 71:71, 72:72, 73:73, 74:74, 75:75, 76:76, 77:77, 78:78, 79:79, 80:80, 81:81, 82:82, 83:83, 84:84, 85:85, 86:86, 87:87, 88:88, 89:89, 90:90, 91:91, 92:92, 93:93, 94:94, 95:95, 96:96, 97:97, 98:98, 99:99, 100:100, 101:101, 102:102, 103:103, 104:104, 105:105, 106:106, 107:107, 108:108, 109:109, 110:110, 111:111, 112:112, 113:113, 114:114, 115:115, 116:116, 117:117, 118:118, 119:119, 120:120, 121:121, 122:122, 123:123, 124:124, 125:125, 126:126, 127:127, 128:128, 129:129, 130:130, 131:131, 132:132, 133:133, 134:134, 135:135, 136:136, 137:137, 138:138, 139:139, 140:140, 141:141, 142:142, 143:143, 144:144, 145:145, 146:146, 147:147, 148:148, 149:149, 150:150, 151:151, 152:152, 153:153, 154:154, 155:155, 156:156, 157:157, 158:158, 159:159, 160:160, 161:161, 162:162, 163:163, 164:164, 165:165, 166:166, 167:167, 168:168, 169:169, 170:170, 171:171, 172:172, 173:173, 174:174, 175:175, 176:176, 177:177, 178:178, 179:179, 180:180, 181:181, 182:182, 183:183, 184:184, 185:185, 186:186, 187:187, 188:188, 189:189, 190:190, 191:191, 192:192, 193:193, 194:194, 195:195, 196:196, 197:197, 198:198, 199:199, 200:200, 201:201, 202:202, 203:203, 204:204, 205:205, 206:206, 207:207, 208:208, 209:209, 210:210, 211:211, 212:212, 213:213, 214:214, 215:215, 216:216, 217:217, 218:218, 219:219, 220:220, 221:221, 222:222, 223:223, 224:224, 225:225, 226:226, 227:227, 228:228, 229:229, 230:230, 231:231, 232:232, 233:233, 234:234, 235:235, 236:236, 237:237, 238:238, 239:239, 240:240, 241:241, 242:242, 243:243, 244:244, 245:245, 246:246, 247:247, 248:248, 249:249, 250:250, 251:251, 252:252, 253:253, 254:254, 255:255, 256:256, 257:257, 258:258, 259:259, 260:260, 261:261, 262:262, 263:263, 264:264, 265:265, 266:266, 267:267, 268:268, 269:269, 270:270, 271:271, 272:272, 273:273, 274:274, 275:275, 276:276, 277:277, 278:278, 279:279, 280:280, 281:281, 282:282, 283:283, 284:284, 285:285, 286:286, 287:287, 288:288, 289:289, 290:290, 291:291, 292:292, 293:293, 294:294, 295:295, 296:296, 297:297, 298:298, 299:299, 300:300, 301:301, 302:302, 303:303, 304:304, 305:305, 306:306, 307:307, 308:308, 309:309, 310:310, 311:311, 312:312, 313:313, 314:314, 315:315, 316:316, 317:317, 318:318, 319:319, 320:320, 321:321, 322:322, 323:323, 324:324, 325:325, 326:326, 327:327, 328:328, 329:329, 330:330, 331:331, 332:332, 333:333, 334:334, 335:335, 336:336, 337:337, 338:338, 339:339, 340:340, 341:341, 342:342, 343:343, 344:344, 345:345, 346:346, 347:347, 348:348, 349:349, 350:350, 351:351, 352:352, 353:353, 354:354, 355:355, 356:356, 357:357, 358:358, 359:359, 360:360, 361:361, 362:362, 363:363, 364:364, 365:365, 366:366, 367:367, 368:368, 369:369, 370:370, 371:371, 372:372, 373:373, 374:374, 375:375, 376:376, 377:377, 378:378, 379:379, 380:380, 381:381, 382:382, 383:383, 384:384, 385:385, 386:386, 387:387, 388:388, 389:389, 390:390, 391:391, 392:392, 393:393, 394:394, 395:395, 396:396, 397:397, 398:398, 399:399, 400:400, 401:401, 402:402, 403:403, 404:404, 405:405, 406:406, 407:407, 408:408, 409:409, 410:410, 411:411, 412:412, 413:413, 414:414, 415:415, 416:416, 417:417, 418:418, 419:419, 420:420, 421:421, 422:422, 423:423, 424:424, 425:425, 426:426, 427:427, 428:428, 429:429, 430:430, 431:431, 432:432, 433:433, 434:434, 435:435, 436:436, 437:437, 438:438, 439:439, 440:440, 441:441, 442:442, 443:443, 444:444, 445:445, 446:446, 447:447, 448:448, 449:449, 450:450, 451:451, 452:452, 453:453, 454:454, 455:455, 456:456, 457:457, 458:458, 459:459, 460:460, 461:461, 462:462, 463:463, 464:464, 465:465, 466:466, 467:467, 468:468, 469:469, 470:470, 471:471, 472:472, 473:473, 474:474, 475:475, 476:476, 477:477, 478:478, 479:479, 480:480, 481:481, 482:482, 483:483, 484:484, 485:485, 486:486, 487:487, 488:488, 489:489, 490:490, 491:491, 492:492, 493:493, 494:494, 495:495, 496:496, 497:497, 498:498, 499:499, 500:500, 501:501, 502:502, 503:503, 504:504, 505:505, 506:506, 507:507, 508:508, 509:509, 510:510, 511:511, 512:512, 513:513, 514:514, 515:515, 516:516, 517:517, 518:518, 519:519, 520:520, 521:521, 522:522, 523:523, 524:524, 525:525, 526:526, 527:527, 528:528, 529:529, 530:530, 531:531, 532:532, 533:533, 534:534, 535:535, 536:536, 537:537, 538:538, 539:539, 540:540, 541:541, 542:542, 543:543, 544:544, 545:545, 546:546, 547:547, 548:548, 549:BASE, 
15:06:13,0.0914928,making runs
22:45:14,200341,processing runs
22:45:15,0.135805,evaluating upgrade ensembles
22:45:15,0.0002169,last mean:  397.586
22:45:15,0.0002496,last stdev:  71.9251
22:45:15,0.016713,phi summary for lambda, scale fac:
22:45:15,0.0167503,phi summary for lambda, scale fac:
22:45:15,0.0171006,phi summary for lambda, scale fac:
22:45:15,0.0219565,last best mean phi * acceptable phi factor:  417.465
22:45:15,0.0001898,current best mean phi:  48101
22:45:15,0.0004922,only updating realizations with reduced phi
22:45:15,0.024673,updating pe:oe real =0:0, current phi: new phi  =371.858:359.743
22:45:15,5.09e-05,updating pe:oe real =1:1, current phi: new phi  =377.1:362.65
22:45:15,1.91e-05,updating pe:oe real =2:2, current phi: new phi  =340.324:326.97
22:45:15,1.92e-05,updating pe:oe real =3:3, current phi: new phi  =401.83:369.452
22:45:15,1.86e-05,updating pe:oe real =4:4, current phi: new phi  =444.022:376.518
22:45:15,1.91e-05,updating pe:oe real =5:5, current phi: new phi  =559.766:341.068
22:45:15,1.71e-05,updating pe:oe real =6:6, current phi: new phi  =354.792:342.917
22:45:15,1.88e-05,updating pe:oe real =7:7, current phi: new phi  =324.536:321.393
22:45:15,1.7e-05,updating pe:oe real =8:8, current phi: new phi  =333.404:327.155
22:45:15,1.86e-05,updating pe:oe real =9:9, current phi: new phi  =462.878:413.391
22:45:15,1.79e-05,updating pe:oe real =10:10, current phi: new phi  =381.215:376.496
22:45:15,1.91e-05,updating pe:oe real =11:11, current phi: new phi  =348.475:341.593
22:45:15,1.76e-05,updating pe:oe real =12:12, current phi: new phi  =433.539:345.39
22:45:15,1.86e-05,updating pe:oe real =13:13, current phi: new phi  =424.506:405.372
22:45:15,1.72e-05,updating pe:oe real =14:14, current phi: new phi  =413.663:398.27
22:45:15,1.78e-05,updating pe:oe real =15:15, current phi: new phi  =395.985:376.539
22:45:15,1.67e-05,updating pe:oe real =16:16, current phi: new phi  =387.161:355.377
22:45:15,1.81e-05,updating pe:oe real =17:17, current phi: new phi  =358.729:338.934
22:45:15,1.8e-05,updating pe:oe real =19:19, current phi: new phi  =359.723:338.085
22:45:15,1.82e-05,updating pe:oe real =20:20, current phi: new phi  =519.768:409.7
22:45:15,1.81e-05,updating pe:oe real =21:21, current phi: new phi  =355.315:336.839
22:45:15,2.2e-05,updating pe:oe real =22:22, current phi: new phi  =387.271:364.8
22:45:15,2.07e-05,updating pe:oe real =23:23, current phi: new phi  =389.942:378.161
22:45:15,1.81e-05,updating pe:oe real =24:24, current phi: new phi  =374.811:337.888
22:45:15,1.8e-05,updating pe:oe real =25:25, current phi: new phi  =520.743:341.155
22:45:15,1.71e-05,updating pe:oe real =26:26, current phi: new phi  =350.817:338.176
22:45:15,1.8e-05,updating pe:oe real =27:27, current phi: new phi  =416.346:380.159
22:45:15,1.75e-05,updating pe:oe real =28:28, current phi: new phi  =363.814:357.249
22:45:15,1.85e-05,updating pe:oe real =29:29, current phi: new phi  =428.001:390.608
22:45:15,1.76e-05,updating pe:oe real =30:30, current phi: new phi  =414.74:395.083
22:45:15,1.86e-05,updating pe:oe real =31:31, current phi: new phi  =355.781:353.845
22:45:15,1.74e-05,updating pe:oe real =32:32, current phi: new phi  =387.859:339.7
22:45:15,1.87e-05,updating pe:oe real =33:33, current phi: new phi  =370.534:365.681
22:45:15,1.7e-05,updating pe:oe real =34:34, current phi: new phi  =363.776:333.362
22:45:15,2.12e-05,updating pe:oe real =35:35, current phi: new phi  =356.443:353.117
22:45:15,1.84e-05,updating pe:oe real =36:36, current phi: new phi  =386.868:350.036
22:45:15,1.88e-05,updating pe:oe real =37:37, current phi: new phi  =481.178:420.788
22:45:15,1.76e-05,updating pe:oe real =38:38, current phi: new phi  =376.085:367.173
22:45:15,1.89e-05,updating pe:oe real =39:39, current phi: new phi  =407.821:354.08
22:45:15,1.72e-05,updating pe:oe real =40:40, current phi: new phi  =383.855:342.162
22:45:15,1.92e-05,updating pe:oe real =41:41, current phi: new phi  =359.676:352.4
22:45:15,1.76e-05,updating pe:oe real =42:42, current phi: new phi  =411.911:408.758
22:45:15,1.89e-05,updating pe:oe real =43:43, current phi: new phi  =344.218:320.416
22:45:15,2.66e-05,updating pe:oe real =44:44, current phi: new phi  =391.249:362.512
22:45:15,1.96e-05,updating pe:oe real =45:45, current phi: new phi  =391.546:354.317
22:45:15,1.81e-05,updating pe:oe real =46:46, current phi: new phi  =349.391:343.408
22:45:15,1.91e-05,updating pe:oe real =47:47, current phi: new phi  =399.481:385.673
22:45:15,1.8e-05,updating pe:oe real =48:48, current phi: new phi  =320.498:316.863
22:45:15,1.95e-05,updating pe:oe real =50:50, current phi: new phi  =410.23:382.685
22:45:15,1.92e-05,updating pe:oe real =51:51, current phi: new phi  =357.625:343.557
22:45:15,1.79e-05,updating pe:oe real =52:52, current phi: new phi  =361.974:336.405
22:45:15,1.88e-05,updating pe:oe real =53:53, current phi: new phi  =377.121:355.397
22:45:15,1.85e-05,updating pe:oe real =56:56, current phi: new phi  =537.483:392.59
22:45:15,1.95e-05,updating pe:oe real =57:57, current phi: new phi  =372.827:364.2
22:45:15,1.75e-05,updating pe:oe real =58:58, current phi: new phi  =411.304:403.878
22:45:15,1.96e-05,updating pe:oe real =60:60, current phi: new phi  =333.883:307.863
22:45:15,1.86e-05,updating pe:oe real =61:61, current phi: new phi  =424.468:351.688
22:45:15,1.78e-05,updating pe:oe real =62:62, current phi: new phi  =388.151:381.465
22:45:15,1.87e-05,updating pe:oe real =63:63, current phi: new phi  =445.961:398.387
22:45:15,1.79e-05,updating pe:oe real =64:64, current phi: new phi  =368.294:360.056
22:45:15,1.82e-05,updating pe:oe real =65:65, current phi: new phi  =320.5:307.092
22:45:15,1.77e-05,updating pe:oe real =66:66, current phi: new phi  =335.826:319.42
22:45:15,1.93e-05,updating pe:oe real =67:67, current phi: new phi  =411.896:383.166
22:45:15,1.88e-05,updating pe:oe real =68:68, current phi: new phi  =381.493:371.692
22:45:15,1.97e-05,updating pe:oe real =69:69, current phi: new phi  =294.942:293.303
22:45:15,1.88e-05,updating pe:oe real =70:70, current phi: new phi  =382.18:374.753
22:45:15,1.95e-05,updating pe:oe real =71:71, current phi: new phi  =340.759:327.279
22:45:15,1.88e-05,updating pe:oe real =72:72, current phi: new phi  =361.175:357.724
22:45:15,1.95e-05,updating pe:oe real =73:73, current phi: new phi  =395.495:351.212
22:45:15,1.86e-05,updating pe:oe real =74:74, current phi: new phi  =399.703:357.949
22:45:15,1.96e-05,updating pe:oe real =75:75, current phi: new phi  =403.809:334.792
22:45:15,1.88e-05,updating pe:oe real =76:76, current phi: new phi  =390.252:384.917
22:45:15,1.97e-05,updating pe:oe real =77:77, current phi: new phi  =390.405:371.975
22:45:15,1.84e-05,updating pe:oe real =78:78, current phi: new phi  =358.984:356.788
22:45:15,2.01e-05,updating pe:oe real =79:79, current phi: new phi  =339.816:336.537
22:45:15,1.94e-05,updating pe:oe real =81:81, current phi: new phi  =432.478:369.079
22:45:15,1.96e-05,updating pe:oe real =82:82, current phi: new phi  =389.886:337.517
22:45:15,1.95e-05,updating pe:oe real =83:83, current phi: new phi  =694.212:350.366
22:45:15,1.86e-05,updating pe:oe real =84:84, current phi: new phi  =437.817:388.816
22:45:15,1.94e-05,updating pe:oe real =85:85, current phi: new phi  =447.692:387.384
22:45:15,1.92e-05,updating pe:oe real =86:86, current phi: new phi  =317.743:316.247
22:45:15,1.92e-05,updating pe:oe real =87:87, current phi: new phi  =486.986:361.51
22:45:15,2.31e-05,updating pe:oe real =88:88, current phi: new phi  =428.972:400.991
22:45:15,2.11e-05,updating pe:oe real =89:89, current phi: new phi  =355.156:345.208
22:45:15,1.92e-05,updating pe:oe real =90:90, current phi: new phi  =401.63:384.307
22:45:15,2e-05,updating pe:oe real =91:91, current phi: new phi  =449.25:392.623
22:45:15,1.92e-05,updating pe:oe real =92:92, current phi: new phi  =380.765:331.854
22:45:15,2.01e-05,updating pe:oe real =93:93, current phi: new phi  =421.516:316.572
22:45:15,1.88e-05,updating pe:oe real =94:94, current phi: new phi  =335.923:330.558
22:45:15,2.02e-05,updating pe:oe real =95:95, current phi: new phi  =390.433:374.781
22:45:15,1.91e-05,updating pe:oe real =96:96, current phi: new phi  =352.163:317.046
22:45:15,1.99e-05,updating pe:oe real =98:98, current phi: new phi  =337.846:317.411
22:45:15,2e-05,updating pe:oe real =99:99, current phi: new phi  =365.166:342.259
22:45:15,1.93e-05,updating pe:oe real =100:100, current phi: new phi  =378.777:359.841
22:45:15,1.9e-05,updating pe:oe real =101:101, current phi: new phi  =413.54:356.576
22:45:15,1.79e-05,updating pe:oe real =102:102, current phi: new phi  =416.987:385.767
22:45:15,1.89e-05,updating pe:oe real =103:103, current phi: new phi  =335.753:326.697
22:45:15,1.81e-05,updating pe:oe real =104:104, current phi: new phi  =354.656:340.811
22:45:15,1.91e-05,updating pe:oe real =106:106, current phi: new phi  =374.013:341.866
22:45:15,2e-05,updating pe:oe real =107:107, current phi: new phi  =447.786:359.345
22:45:15,1.79e-05,updating pe:oe real =108:108, current phi: new phi  =385.112:376.046
22:45:15,1.9e-05,updating pe:oe real =109:109, current phi: new phi  =377.158:371.5
22:45:15,1.81e-05,updating pe:oe real =110:110, current phi: new phi  =374.148:342.029
22:45:15,1.97e-05,updating pe:oe real =111:111, current phi: new phi  =340.063:333.611
22:45:15,1.82e-05,updating pe:oe real =112:112, current phi: new phi  =445.128:363.536
22:45:15,1.94e-05,updating pe:oe real =113:113, current phi: new phi  =410.925:386.219
22:45:15,1.78e-05,updating pe:oe real =114:114, current phi: new phi  =393.352:379.317
22:45:15,2e-05,updating pe:oe real =115:115, current phi: new phi  =369.425:360.683
22:45:15,1.82e-05,updating pe:oe real =116:116, current phi: new phi  =394.06:344.41
22:45:15,1.99e-05,updating pe:oe real =117:117, current phi: new phi  =386.356:365.43
22:45:15,1.81e-05,updating pe:oe real =118:118, current phi: new phi  =358.981:339.118
22:45:15,2e-05,updating pe:oe real =119:119, current phi: new phi  =420.026:330.44
22:45:15,1.82e-05,updating pe:oe real =120:120, current phi: new phi  =385.511:366.364
22:45:15,2.01e-05,updating pe:oe real =121:121, current phi: new phi  =359.017:353.518
22:45:15,1.82e-05,updating pe:oe real =122:122, current phi: new phi  =405.424:385.65
22:45:15,2.03e-05,updating pe:oe real =123:123, current phi: new phi  =341.417:316.974
22:45:15,1.83e-05,updating pe:oe real =124:124, current phi: new phi  =382.113:351.515
22:45:15,1.97e-05,updating pe:oe real =125:125, current phi: new phi  =361.153:329.845
22:45:15,1.83e-05,updating pe:oe real =126:126, current phi: new phi  =395.431:358.344
22:45:15,1.96e-05,updating pe:oe real =127:127, current phi: new phi  =340.945:325.195
22:45:15,1.92e-05,updating pe:oe real =128:128, current phi: new phi  =369.316:346.406
22:45:15,1.97e-05,updating pe:oe real =129:129, current phi: new phi  =551.407:308.89
22:45:15,1.83e-05,updating pe:oe real =130:130, current phi: new phi  =335.058:329.347
22:45:15,1.95e-05,updating pe:oe real =131:131, current phi: new phi  =316.718:296.974
22:45:15,1.85e-05,updating pe:oe real =132:132, current phi: new phi  =367.353:361.097
22:45:15,1.97e-05,updating pe:oe real =133:133, current phi: new phi  =419.521:392.166
22:45:15,1.87e-05,updating pe:oe real =134:134, current phi: new phi  =382.124:376.423
22:45:15,1.94e-05,updating pe:oe real =135:135, current phi: new phi  =403.193:342.755
22:45:15,1.9e-05,updating pe:oe real =136:136, current phi: new phi  =387.888:369.233
22:45:15,2.1e-05,updating pe:oe real =137:137, current phi: new phi  =331.308:323.097
22:45:15,2e-05,updating pe:oe real =138:138, current phi: new phi  =410.994:398.237
22:45:15,2.02e-05,updating pe:oe real =140:140, current phi: new phi  =436.288:399.416
22:45:15,2.05e-05,updating pe:oe real =141:141, current phi: new phi  =352.447:341.723
22:45:15,1.84e-05,updating pe:oe real =142:142, current phi: new phi  =359.282:347.73
22:45:15,2.03e-05,updating pe:oe real =143:143, current phi: new phi  =373.35:361.25
22:45:15,1.88e-05,updating pe:oe real =144:144, current phi: new phi  =346.185:344.06
22:45:15,1.99e-05,updating pe:oe real =145:145, current phi: new phi  =355.489:327.308
22:45:15,1.84e-05,updating pe:oe real =146:146, current phi: new phi  =564.824:346.804
22:45:15,2.04e-05,updating pe:oe real =147:147, current phi: new phi  =379.159:356.218
22:45:15,1.88e-05,updating pe:oe real =148:148, current phi: new phi  =355.171:347.138
22:45:15,2.04e-05,updating pe:oe real =149:149, current phi: new phi  =362.885:324.228
22:45:15,2.1e-05,updating pe:oe real =150:150, current phi: new phi  =369.669:357.47
22:45:15,2.02e-05,updating pe:oe real =151:151, current phi: new phi  =364.632:353.608
22:45:15,1.95e-05,updating pe:oe real =152:152, current phi: new phi  =319.716:312.305
22:45:15,2.01e-05,updating pe:oe real =153:153, current phi: new phi  =389.62:379.818
22:45:15,1.97e-05,updating pe:oe real =154:154, current phi: new phi  =435.602:394.351
22:45:15,2.53e-05,updating pe:oe real =155:155, current phi: new phi  =372.725:367.385
22:45:15,2.12e-05,updating pe:oe real =156:156, current phi: new phi  =365.733:358.811
22:45:15,2.06e-05,updating pe:oe real =157:157, current phi: new phi  =401.88:389.145
22:45:15,1.96e-05,updating pe:oe real =158:158, current phi: new phi  =386.486:383.96
22:45:15,2.02e-05,updating pe:oe real =159:159, current phi: new phi  =441.158:375.358
22:45:15,1.92e-05,updating pe:oe real =160:160, current phi: new phi  =371.587:353.825
22:45:15,2.01e-05,updating pe:oe real =161:161, current phi: new phi  =347.17:337.244
22:45:15,1.92e-05,updating pe:oe real =162:162, current phi: new phi  =394.285:368.745
22:45:15,2.06e-05,updating pe:oe real =164:164, current phi: new phi  =400.928:365.086
22:45:15,1.99e-05,updating pe:oe real =165:165, current phi: new phi  =440.966:363.026
22:45:15,1.96e-05,updating pe:oe real =166:166, current phi: new phi  =313.02:303.921
22:45:15,1.99e-05,updating pe:oe real =167:167, current phi: new phi  =364.673:343.655
22:45:15,1.97e-05,updating pe:oe real =168:168, current phi: new phi  =354.062:350.251
22:45:15,1.97e-05,updating pe:oe real =169:169, current phi: new phi  =398.146:356.842
22:45:15,2e-05,updating pe:oe real =170:170, current phi: new phi  =382.609:373.178
22:45:15,2.02e-05,updating pe:oe real =171:171, current phi: new phi  =353.649:345.918
22:45:15,1.97e-05,updating pe:oe real =172:172, current phi: new phi  =443.5:406.182
22:45:15,2.03e-05,updating pe:oe real =173:173, current phi: new phi  =348.143:332.201
22:45:15,2.04e-05,updating pe:oe real =174:174, current phi: new phi  =393.21:381.587
22:45:15,1.89e-05,updating pe:oe real =175:175, current phi: new phi  =372.545:349.378
22:45:15,1.87e-05,updating pe:oe real =176:176, current phi: new phi  =382.72:367.968
22:45:15,1.91e-05,updating pe:oe real =177:177, current phi: new phi  =355.788:340.194
22:45:15,1.82e-05,updating pe:oe real =178:178, current phi: new phi  =377.051:355.412
22:45:15,1.88e-05,updating pe:oe real =179:179, current phi: new phi  =446.478:419.363
22:45:15,1.84e-05,updating pe:oe real =181:181, current phi: new phi  =382.105:363.358
22:45:15,1.92e-05,updating pe:oe real =182:182, current phi: new phi  =390.813:385.343
22:45:15,1.86e-05,updating pe:oe real =183:183, current phi: new phi  =307.758:296.224
22:45:15,1.87e-05,updating pe:oe real =184:184, current phi: new phi  =315.452:302.376
22:45:15,1.91e-05,updating pe:oe real =185:185, current phi: new phi  =394.155:344.585
22:45:15,1.82e-05,updating pe:oe real =186:186, current phi: new phi  =373.771:364.468
22:45:15,2.07e-05,updating pe:oe real =187:187, current phi: new phi  =328.096:307.93
22:45:15,1.94e-05,updating pe:oe real =188:188, current phi: new phi  =338.373:317.061
22:45:15,1.88e-05,updating pe:oe real =189:189, current phi: new phi  =364.351:355.929
22:45:15,1.84e-05,updating pe:oe real =190:190, current phi: new phi  =465.886:401.412
22:45:15,1.96e-05,updating pe:oe real =191:191, current phi: new phi  =350.521:346.46
22:45:15,1.82e-05,updating pe:oe real =193:193, current phi: new phi  =355.298:347.326
22:45:15,1.98e-05,updating pe:oe real =194:194, current phi: new phi  =408.115:372.979
22:45:15,1.86e-05,updating pe:oe real =195:195, current phi: new phi  =551.382:427.474
22:45:15,1.9e-05,updating pe:oe real =196:196, current phi: new phi  =344.093:333.428
22:45:15,1.91e-05,updating pe:oe real =197:197, current phi: new phi  =407.918:335.064
22:45:15,1.84e-05,updating pe:oe real =198:198, current phi: new phi  =400.94:382.503
22:45:15,1.98e-05,updating pe:oe real =199:199, current phi: new phi  =457.219:352.8
22:45:15,1.91e-05,updating pe:oe real =200:200, current phi: new phi  =341.903:338.939
22:45:15,1.99e-05,updating pe:oe real =201:201, current phi: new phi  =360.845:350.694
22:45:15,1.82e-05,updating pe:oe real =202:202, current phi: new phi  =406.637:392.524
22:45:15,1.96e-05,updating pe:oe real =203:203, current phi: new phi  =418.664:414.044
22:45:15,1.75e-05,updating pe:oe real =204:204, current phi: new phi  =413.695:359.341
22:45:15,1.99e-05,updating pe:oe real =205:205, current phi: new phi  =478.41:331.647
22:45:15,1.79e-05,updating pe:oe real =206:206, current phi: new phi  =340.733:331.878
22:45:15,2.02e-05,updating pe:oe real =207:207, current phi: new phi  =509.908:344.71
22:45:15,1.86e-05,updating pe:oe real =208:208, current phi: new phi  =359.599:355.288
22:45:15,1.92e-05,updating pe:oe real =209:209, current phi: new phi  =423.476:386.068
22:45:15,1.87e-05,updating pe:oe real =210:210, current phi: new phi  =416.364:394.258
22:45:15,2.06e-05,updating pe:oe real =211:211, current phi: new phi  =466.434:332.532
22:45:15,2.04e-05,updating pe:oe real =212:212, current phi: new phi  =313.097:307.601
22:45:15,2e-05,updating pe:oe real =213:213, current phi: new phi  =417.136:381.292
22:45:15,1.9e-05,updating pe:oe real =214:214, current phi: new phi  =329.375:322.507
22:45:15,1.92e-05,updating pe:oe real =215:215, current phi: new phi  =382.803:370.882
22:45:15,1.86e-05,updating pe:oe real =216:216, current phi: new phi  =392.303:380.815
22:45:15,2e-05,updating pe:oe real =217:217, current phi: new phi  =373.439:363.547
22:45:15,1.86e-05,updating pe:oe real =218:218, current phi: new phi  =438.056:380.302
22:45:15,2.03e-05,updating pe:oe real =219:219, current phi: new phi  =434.884:313.781
22:45:15,1.84e-05,updating pe:oe real =220:220, current phi: new phi  =306.404:298.13
22:45:15,2e-05,updating pe:oe real =221:221, current phi: new phi  =320.251:311.157
22:45:15,1.82e-05,updating pe:oe real =222:222, current phi: new phi  =346.157:324.112
22:45:15,1.94e-05,updating pe:oe real =223:223, current phi: new phi  =386.006:382.964
22:45:15,1.92e-05,updating pe:oe real =224:224, current phi: new phi  =400.354:360.718
22:45:15,1.9e-05,updating pe:oe real =225:225, current phi: new phi  =343.89:340.067
22:45:15,1.91e-05,updating pe:oe real =226:226, current phi: new phi  =355.359:328.27
22:45:15,1.92e-05,updating pe:oe real =227:227, current phi: new phi  =403.025:356.273
22:45:15,1.96e-05,updating pe:oe real =228:228, current phi: new phi  =325.121:314.844
22:45:15,1.9e-05,updating pe:oe real =229:229, current phi: new phi  =386.317:338.643
22:45:15,1.89e-05,updating pe:oe real =230:230, current phi: new phi  =497.848:352.063
22:45:15,1.99e-05,updating pe:oe real =231:231, current phi: new phi  =372.794:358.248
22:45:15,1.9e-05,updating pe:oe real =232:232, current phi: new phi  =707.845:442.072
22:45:15,1.99e-05,updating pe:oe real =233:233, current phi: new phi  =351.219:330.465
22:45:15,1.82e-05,updating pe:oe real =234:234, current phi: new phi  =348.992:339.66
22:45:15,2.23e-05,updating pe:oe real =235:235, current phi: new phi  =529.76:438.583
22:45:15,1.9e-05,updating pe:oe real =236:236, current phi: new phi  =750.406:416.212
22:45:15,1.99e-05,updating pe:oe real =237:237, current phi: new phi  =356.985:330.551
22:45:15,1.83e-05,updating pe:oe real =238:238, current phi: new phi  =378.496:363.629
22:45:15,1.98e-05,updating pe:oe real =239:239, current phi: new phi  =481.246:418.103
22:45:15,1.92e-05,updating pe:oe real =240:240, current phi: new phi  =417.151:411.172
22:45:15,1.92e-05,updating pe:oe real =241:241, current phi: new phi  =400.033:350.974
22:45:15,1.96e-05,updating pe:oe real =242:242, current phi: new phi  =359.645:338.003
22:45:15,1.94e-05,updating pe:oe real =243:243, current phi: new phi  =312.892:308.834
22:45:15,1.95e-05,updating pe:oe real =244:244, current phi: new phi  =399.96:327.605
22:45:15,1.98e-05,updating pe:oe real =245:245, current phi: new phi  =354.445:326.545
22:45:15,1.92e-05,updating pe:oe real =246:246, current phi: new phi  =404.065:392.172
22:45:15,2.01e-05,updating pe:oe real =247:247, current phi: new phi  =354.952:338.144
22:45:15,1.86e-05,updating pe:oe real =248:248, current phi: new phi  =360.691:345.317
22:45:15,2.07e-05,updating pe:oe real =249:249, current phi: new phi  =368.329:348.184
22:45:15,1.89e-05,updating pe:oe real =250:250, current phi: new phi  =397.395:392.27
22:45:15,2.05e-05,updating pe:oe real =251:251, current phi: new phi  =402.05:379.201
22:45:15,1.84e-05,updating pe:oe real =252:252, current phi: new phi  =356.311:341.656
22:45:15,2.12e-05,updating pe:oe real =253:253, current phi: new phi  =474.09:413.937
22:45:15,1.92e-05,updating pe:oe real =255:255, current phi: new phi  =421.22:405.735
22:45:15,2.26e-05,updating pe:oe real =256:256, current phi: new phi  =399.239:339.179
22:45:15,2.1e-05,updating pe:oe real =257:257, current phi: new phi  =376.853:370.949
22:45:15,1.85e-05,updating pe:oe real =258:258, current phi: new phi  =301.013:292.285
22:45:15,2.12e-05,updating pe:oe real =259:259, current phi: new phi  =414.137:403.841
22:45:15,1.9e-05,updating pe:oe real =260:260, current phi: new phi  =399.982:393.945
22:45:15,2.04e-05,updating pe:oe real =261:261, current phi: new phi  =452.179:404.392
22:45:15,2.51e-05,updating pe:oe real =262:262, current phi: new phi  =382.908:360.488
22:45:15,2.01e-05,updating pe:oe real =263:263, current phi: new phi  =497.954:370.033
22:45:15,2e-05,updating pe:oe real =264:264, current phi: new phi  =353.654:330.015
22:45:15,2e-05,updating pe:oe real =265:265, current phi: new phi  =305.428:301.395
22:45:15,1.9e-05,updating pe:oe real =266:266, current phi: new phi  =409.454:401.904
22:45:15,2.1e-05,updating pe:oe real =267:267, current phi: new phi  =355.76:351.942
22:45:15,1.87e-05,updating pe:oe real =268:268, current phi: new phi  =422.233:359.538
22:45:15,2.08e-05,updating pe:oe real =269:269, current phi: new phi  =341.834:335.905
22:45:15,1.92e-05,updating pe:oe real =270:270, current phi: new phi  =378.951:361.084
22:45:15,2.23e-05,updating pe:oe real =271:271, current phi: new phi  =381.493:375.475
22:45:15,2.15e-05,updating pe:oe real =272:272, current phi: new phi  =351.705:335.87
22:45:15,1.97e-05,updating pe:oe real =273:273, current phi: new phi  =384.354:368.055
22:45:15,1.97e-05,updating pe:oe real =274:274, current phi: new phi  =363.821:340.089
22:45:15,2.01e-05,updating pe:oe real =275:275, current phi: new phi  =387.516:349.366
22:45:15,1.96e-05,updating pe:oe real =276:276, current phi: new phi  =389.553:370.336
22:45:15,2.11e-05,updating pe:oe real =277:277, current phi: new phi  =413.313:348.488
22:45:15,1.88e-05,updating pe:oe real =278:278, current phi: new phi  =367.448:362.941
22:45:15,2.15e-05,updating pe:oe real =279:279, current phi: new phi  =388.535:341.317
22:45:15,1.99e-05,updating pe:oe real =280:280, current phi: new phi  =280.944:281.91
22:45:15,2.04e-05,updating pe:oe real =281:281, current phi: new phi  =421.125:367.797
22:45:15,2.17e-05,updating pe:oe real =282:282, current phi: new phi  =350.018:336.547
22:45:15,2.08e-05,updating pe:oe real =283:283, current phi: new phi  =521.864:373.39
22:45:15,2.03e-05,updating pe:oe real =284:284, current phi: new phi  =390.928:355.661
22:45:15,2.03e-05,updating pe:oe real =285:285, current phi: new phi  =403.12:366.345
22:45:15,1.96e-05,updating pe:oe real =286:286, current phi: new phi  =628.363:387.041
22:45:15,2.07e-05,updating pe:oe real =287:287, current phi: new phi  =391.55:385.185
22:45:15,1.96e-05,updating pe:oe real =288:288, current phi: new phi  =673.011:460.417
22:45:15,2.16e-05,updating pe:oe real =289:289, current phi: new phi  =496.209:437.216
22:45:15,1.91e-05,updating pe:oe real =290:290, current phi: new phi  =443.915:405.674
22:45:15,2.12e-05,updating pe:oe real =291:291, current phi: new phi  =638.193:356.399
22:45:15,2.06e-05,updating pe:oe real =292:292, current phi: new phi  =399.782:393.101
22:45:15,2.03e-05,updating pe:oe real =293:293, current phi: new phi  =393.282:368.288
22:45:15,2.03e-05,updating pe:oe real =294:294, current phi: new phi  =410.644:364.833
22:45:15,2.06e-05,updating pe:oe real =295:295, current phi: new phi  =365.792:338.857
22:45:15,2.01e-05,updating pe:oe real =296:296, current phi: new phi  =373.56:337.319
22:45:15,2.2e-05,updating pe:oe real =297:297, current phi: new phi  =381.471:377.549
22:45:15,1.94e-05,updating pe:oe real =299:299, current phi: new phi  =376.188:381.156
22:45:15,2.22e-05,updating pe:oe real =300:300, current phi: new phi  =338.526:327.146
22:45:15,2.06e-05,updating pe:oe real =301:301, current phi: new phi  =532.179:376.043
22:45:15,1.87e-05,updating pe:oe real =302:302, current phi: new phi  =789.472:497.951
22:45:15,2.17e-05,updating pe:oe real =303:303, current phi: new phi  =334.385:318.331
22:45:15,1.93e-05,updating pe:oe real =304:304, current phi: new phi  =536.737:342.706
22:45:15,2.13e-05,updating pe:oe real =305:305, current phi: new phi  =473.439:374.748
22:45:15,1.94e-05,updating pe:oe real =306:306, current phi: new phi  =452.875:393.645
22:45:15,2.13e-05,updating pe:oe real =308:308, current phi: new phi  =387.272:358.49
22:45:15,2.2e-05,updating pe:oe real =309:309, current phi: new phi  =433.403:394.793
22:45:15,1.92e-05,updating pe:oe real =310:310, current phi: new phi  =429.3:400.672
22:45:15,2.15e-05,updating pe:oe real =312:312, current phi: new phi  =372.588:356.902
22:45:15,2.14e-05,updating pe:oe real =313:313, current phi: new phi  =366.446:345.066
22:45:15,1.93e-05,updating pe:oe real =314:314, current phi: new phi  =457.67:396.31
22:45:15,2.21e-05,updating pe:oe real =316:316, current phi: new phi  =355.956:333.672
22:45:15,2.04e-05,updating pe:oe real =317:317, current phi: new phi  =326.728:314.349
22:45:15,2.03e-05,updating pe:oe real =318:318, current phi: new phi  =365.686:348.591
22:45:15,2.17e-05,updating pe:oe real =319:319, current phi: new phi  =428.307:402.65
22:45:15,1.99e-05,updating pe:oe real =320:320, current phi: new phi  =374.788:355.875
22:45:15,2.22e-05,updating pe:oe real =321:321, current phi: new phi  =579.775:317.554
22:45:15,1.97e-05,updating pe:oe real =322:322, current phi: new phi  =557.991:346.885
22:45:15,2.01e-05,updating pe:oe real =323:323, current phi: new phi  =343.731:329.967
22:45:15,2.08e-05,updating pe:oe real =324:324, current phi: new phi  =359.019:339.354
22:45:15,2.04e-05,updating pe:oe real =325:325, current phi: new phi  =388.734:341.487
22:45:15,2.07e-05,updating pe:oe real =326:326, current phi: new phi  =360.649:333.611
22:45:15,2.11e-05,updating pe:oe real =327:327, current phi: new phi  =366.305:349.423
22:45:15,1.92e-05,updating pe:oe real =328:328, current phi: new phi  =298.913:295.228
22:45:15,2.21e-05,updating pe:oe real =329:329, current phi: new phi  =329.005:301.414
22:45:15,1.95e-05,updating pe:oe real =330:330, current phi: new phi  =422.16:400.002
22:45:15,2.18e-05,updating pe:oe real =331:331, current phi: new phi  =357.541:352.966
22:45:15,2.07e-05,updating pe:oe real =332:332, current phi: new phi  =394.077:363.923
22:45:15,2.24e-05,updating pe:oe real =333:333, current phi: new phi  =579.066:358.842
22:45:15,2.34e-05,updating pe:oe real =334:334, current phi: new phi  =325.05:322.375
22:45:15,2.19e-05,updating pe:oe real =335:335, current phi: new phi  =385.566:354.451
22:45:15,1.93e-05,updating pe:oe real =336:336, current phi: new phi  =525.538:488.227
22:45:15,2.24e-05,updating pe:oe real =337:337, current phi: new phi  =337.456:333.429
22:45:15,1.98e-05,updating pe:oe real =338:338, current phi: new phi  =405.91:331.823
22:45:15,2.13e-05,updating pe:oe real =339:339, current phi: new phi  =324.816:320.93
22:45:15,2.12e-05,updating pe:oe real =340:340, current phi: new phi  =327.852:316.813
22:45:15,2.06e-05,updating pe:oe real =341:341, current phi: new phi  =354.907:351.309
22:45:15,2.18e-05,updating pe:oe real =342:342, current phi: new phi  =356.097:304.334
22:45:15,2.09e-05,updating pe:oe real =343:343, current phi: new phi  =356.41:349.896
22:45:15,2.03e-05,updating pe:oe real =344:344, current phi: new phi  =317.131:305.579
22:45:15,2.22e-05,updating pe:oe real =345:345, current phi: new phi  =318.047:311.524
22:45:15,1.97e-05,updating pe:oe real =346:346, current phi: new phi  =514.533:355.79
22:45:15,2.23e-05,updating pe:oe real =347:347, current phi: new phi  =354.583:348.673
22:45:15,2.2e-05,updating pe:oe real =348:348, current phi: new phi  =315.491:312.335
22:45:15,2.2e-05,updating pe:oe real =349:349, current phi: new phi  =310.551:311.976
22:45:15,2.31e-05,updating pe:oe real =350:350, current phi: new phi  =376.133:328.467
22:45:15,2.24e-05,updating pe:oe real =351:351, current phi: new phi  =517.468:321.64
22:45:15,2.37e-05,updating pe:oe real =352:352, current phi: new phi  =364.396:347.743
22:45:15,2.35e-05,updating pe:oe real =353:353, current phi: new phi  =382.184:372.141
22:45:15,2.09e-05,updating pe:oe real =354:354, current phi: new phi  =359.402:334.338
22:45:15,2.49e-05,updating pe:oe real =355:355, current phi: new phi  =394.474:375.089
22:45:15,2.16e-05,updating pe:oe real =356:356, current phi: new phi  =355.041:319.275
22:45:15,2.36e-05,updating pe:oe real =357:357, current phi: new phi  =399.359:380.169
22:45:15,2.4e-05,updating pe:oe real =358:358, current phi: new phi  =419.529:360.79
22:45:15,2.34e-05,updating pe:oe real =361:361, current phi: new phi  =354.528:349.234
22:45:15,2.36e-05,updating pe:oe real =363:363, current phi: new phi  =366.283:350.878
22:45:15,4.13e-05,updating pe:oe real =364:364, current phi: new phi  =381.459:331.266
22:45:15,2.78e-05,updating pe:oe real =365:365, current phi: new phi  =337.14:311.608
22:45:15,2.35e-05,updating pe:oe real =366:366, current phi: new phi  =368.979:356.577
22:45:15,2.24e-05,updating pe:oe real =367:367, current phi: new phi  =371.201:311.234
22:45:15,2.41e-05,updating pe:oe real =368:368, current phi: new phi  =399.295:385.067
22:45:15,2.32e-05,updating pe:oe real =369:369, current phi: new phi  =293.459:290.827
22:45:15,2.15e-05,updating pe:oe real =370:370, current phi: new phi  =364.827:321.881
22:45:15,2.59e-05,updating pe:oe real =373:373, current phi: new phi  =380.563:374.306
22:45:15,2.31e-05,updating pe:oe real =374:374, current phi: new phi  =526.615:331.198
22:45:15,2.33e-05,updating pe:oe real =375:375, current phi: new phi  =494.666:391.046
22:45:15,2.39e-05,updating pe:oe real =376:376, current phi: new phi  =445.829:395.739
22:45:15,2.26e-05,updating pe:oe real =377:377, current phi: new phi  =425.974:370.755
22:45:15,2.3e-05,updating pe:oe real =378:378, current phi: new phi  =411.994:388.428
22:45:15,2.39e-05,updating pe:oe real =379:379, current phi: new phi  =438.833:372.493
22:45:15,2.2e-05,updating pe:oe real =380:380, current phi: new phi  =373.706:332.829
22:45:15,2.52e-05,updating pe:oe real =382:382, current phi: new phi  =371.765:353.526
22:45:15,2.42e-05,updating pe:oe real =383:383, current phi: new phi  =388.145:326.503
22:45:15,2.19e-05,updating pe:oe real =384:384, current phi: new phi  =350.176:319.672
22:45:15,2.55e-05,updating pe:oe real =385:385, current phi: new phi  =410.023:362.511
22:45:15,2.52e-05,updating pe:oe real =386:386, current phi: new phi  =354.901:318.015
22:45:15,2.39e-05,updating pe:oe real =387:387, current phi: new phi  =345.034:328.824
22:45:15,2.38e-05,updating pe:oe real =388:388, current phi: new phi  =354.702:352.469
22:45:15,2.3e-05,updating pe:oe real =389:389, current phi: new phi  =508.173:338.735
22:45:15,2.18e-05,updating pe:oe real =390:390, current phi: new phi  =369.943:352.622
22:45:15,2.56e-05,updating pe:oe real =391:391, current phi: new phi  =415.437:399.511
22:45:15,2.2e-05,updating pe:oe real =392:392, current phi: new phi  =383.862:363.639
22:45:15,2.41e-05,updating pe:oe real =393:393, current phi: new phi  =348.051:325.521
22:45:15,2.37e-05,updating pe:oe real =394:394, current phi: new phi  =370.165:361.229
22:45:15,2.32e-05,updating pe:oe real =395:395, current phi: new phi  =444.834:418.667
22:45:15,2.38e-05,updating pe:oe real =396:396, current phi: new phi  =499.377:416.921
22:45:15,2.51e-05,updating pe:oe real =397:397, current phi: new phi  =364.773:359.735
22:45:15,0.0001117,updating pe:oe real =398:398, current phi: new phi  =401.147:364.257
22:45:15,2.68e-05,updating pe:oe real =399:399, current phi: new phi  =436.359:412.778
22:45:15,2.63e-05,updating pe:oe real =400:400, current phi: new phi  =380.807:342.95
22:45:15,2.32e-05,updating pe:oe real =401:401, current phi: new phi  =433.641:410.856
22:45:15,2.2e-05,updating pe:oe real =402:402, current phi: new phi  =415.383:362.615
22:45:15,2.56e-05,updating pe:oe real =403:403, current phi: new phi  =382.155:364.596
22:45:15,2.23e-05,updating pe:oe real =404:404, current phi: new phi  =368.054:364.603
22:45:15,2.37e-05,updating pe:oe real =405:405, current phi: new phi  =395.704:361.43
22:45:15,2.42e-05,updating pe:oe real =406:406, current phi: new phi  =625.968:443.186
22:45:15,2.25e-05,updating pe:oe real =407:407, current phi: new phi  =335.799:330.697
22:45:15,2.44e-05,updating pe:oe real =408:408, current phi: new phi  =359.978:354.108
22:45:15,2.41e-05,updating pe:oe real =409:409, current phi: new phi  =322.083:303.1
22:45:15,2.22e-05,updating pe:oe real =411:411, current phi: new phi  =374.117:372.09
22:45:15,2.53e-05,updating pe:oe real =412:412, current phi: new phi  =358.019:356.116
22:45:15,2.39e-05,updating pe:oe real =413:413, current phi: new phi  =402.98:400.973
22:45:15,2.03e-05,updating pe:oe real =414:414, current phi: new phi  =372.292:360.987
22:45:15,2.3e-05,updating pe:oe real =415:415, current phi: new phi  =351.488:346.171
22:45:15,2.07e-05,updating pe:oe real =416:416, current phi: new phi  =437.983:377.767
22:45:15,2.42e-05,updating pe:oe real =417:417, current phi: new phi  =358.442:339.139
22:45:15,2.07e-05,updating pe:oe real =418:418, current phi: new phi  =391.669:382.794
22:45:15,2.15e-05,updating pe:oe real =419:419, current phi: new phi  =379.633:344.07
22:45:15,2.34e-05,updating pe:oe real =420:420, current phi: new phi  =384.25:353.038
22:45:15,2.18e-05,updating pe:oe real =421:421, current phi: new phi  =388.4:331.965
22:45:15,2.13e-05,updating pe:oe real =422:422, current phi: new phi  =315.775:313.566
22:45:15,2.4e-05,updating pe:oe real =423:423, current phi: new phi  =391.003:359.845
22:45:15,2.08e-05,updating pe:oe real =424:424, current phi: new phi  =379.091:369.801
22:45:15,2.25e-05,updating pe:oe real =425:425, current phi: new phi  =298.409:295.494
22:45:15,2.25e-05,updating pe:oe real =426:426, current phi: new phi  =354.16:342.426
22:45:15,2.13e-05,updating pe:oe real =427:427, current phi: new phi  =452.235:331.73
22:45:15,2.18e-05,updating pe:oe real =428:428, current phi: new phi  =375.093:370.452
22:45:15,2.38e-05,updating pe:oe real =429:429, current phi: new phi  =389.646:361.452
22:45:15,2.01e-05,updating pe:oe real =430:430, current phi: new phi  =338.373:334.421
22:45:15,2.38e-05,updating pe:oe real =432:432, current phi: new phi  =376.064:365.652
22:45:15,2.44e-05,updating pe:oe real =433:433, current phi: new phi  =365.005:354.668
22:45:15,2.06e-05,updating pe:oe real =435:435, current phi: new phi  =581.805:436.148
22:45:15,2.45e-05,updating pe:oe real =436:436, current phi: new phi  =336.572:329.869
22:45:15,2.52e-05,updating pe:oe real =437:437, current phi: new phi  =397.884:374.731
22:45:15,2.08e-05,updating pe:oe real =438:438, current phi: new phi  =431.31:388.826
22:45:15,2.21e-05,updating pe:oe real =439:439, current phi: new phi  =397.184:340.936
22:45:15,2.38e-05,updating pe:oe real =440:440, current phi: new phi  =399.726:385.125
22:45:15,3.22e-05,updating pe:oe real =441:441, current phi: new phi  =429.127:366.88
22:45:15,2.08e-05,updating pe:oe real =442:442, current phi: new phi  =364.791:361.262
22:45:15,2.39e-05,updating pe:oe real =444:444, current phi: new phi  =462.528:394.766
22:45:15,2.37e-05,updating pe:oe real =445:445, current phi: new phi  =371.215:320.128
22:45:15,2.05e-05,updating pe:oe real =446:446, current phi: new phi  =359.078:335.458
22:45:15,2.36e-05,updating pe:oe real =447:447, current phi: new phi  =377.432:357.13
22:45:15,2.41e-05,updating pe:oe real =448:448, current phi: new phi  =302.487:295.235
22:45:15,2.2e-05,updating pe:oe real =449:449, current phi: new phi  =481.812:345.081
22:45:15,2.31e-05,updating pe:oe real =451:451, current phi: new phi  =281.849:279.502
22:45:15,2.44e-05,updating pe:oe real =452:452, current phi: new phi  =323.849:314.973
22:45:15,2.27e-05,updating pe:oe real =454:454, current phi: new phi  =381.186:365.232
22:45:15,2.31e-05,updating pe:oe real =455:455, current phi: new phi  =447.05:357.357
22:45:15,2.41e-05,updating pe:oe real =456:456, current phi: new phi  =492.871:362.19
22:45:15,2.28e-05,updating pe:oe real =457:457, current phi: new phi  =376.442:359.409
22:45:15,2.07e-05,updating pe:oe real =458:458, current phi: new phi  =421.334:353.586
22:45:15,2.5e-05,updating pe:oe real =459:459, current phi: new phi  =360.754:341.758
22:45:15,2.2e-05,updating pe:oe real =460:460, current phi: new phi  =374.923:339.854
22:45:15,2.16e-05,updating pe:oe real =461:461, current phi: new phi  =344.822:341.607
22:45:15,2.36e-05,updating pe:oe real =462:462, current phi: new phi  =340.045:323.702
22:45:15,2.43e-05,updating pe:oe real =463:463, current phi: new phi  =400.758:349.22
22:45:15,2.19e-05,updating pe:oe real =464:464, current phi: new phi  =419.112:402.537
22:45:15,2.43e-05,updating pe:oe real =465:465, current phi: new phi  =543.794:381.821
22:45:15,2.23e-05,updating pe:oe real =466:466, current phi: new phi  =383.15:375.495
22:45:15,2.2e-05,updating pe:oe real =467:467, current phi: new phi  =473.061:321.893
22:45:15,2.36e-05,updating pe:oe real =468:468, current phi: new phi  =364.341:356.291
22:45:15,2.39e-05,updating pe:oe real =469:469, current phi: new phi  =327.687:293.69
22:45:15,2.13e-05,updating pe:oe real =470:470, current phi: new phi  =339.066:324.748
22:45:15,2.5e-05,updating pe:oe real =472:472, current phi: new phi  =411.519:380.001
22:45:15,2.56e-05,updating pe:oe real =473:473, current phi: new phi  =366.69:321.343
22:45:15,2.13e-05,updating pe:oe real =474:474, current phi: new phi  =386.485:350.661
22:45:15,2.25e-05,updating pe:oe real =475:475, current phi: new phi  =326.454:321.118
22:45:15,2.39e-05,updating pe:oe real =476:476, current phi: new phi  =364.372:362.033
22:45:15,2.27e-05,updating pe:oe real =477:477, current phi: new phi  =347.234:334.295
22:45:15,2.13e-05,updating pe:oe real =478:478, current phi: new phi  =344.407:338.434
22:45:15,2.55e-05,updating pe:oe real =480:480, current phi: new phi  =346.811:328.766
22:45:15,2.34e-05,updating pe:oe real =481:481, current phi: new phi  =357.495:349.221
22:45:15,2.12e-05,updating pe:oe real =482:482, current phi: new phi  =341.756:327.809
22:45:15,2.59e-05,updating pe:oe real =483:483, current phi: new phi  =496.275:447.959
22:45:15,2.39e-05,updating pe:oe real =484:484, current phi: new phi  =357.127:304.753
22:45:15,2.19e-05,updating pe:oe real =485:485, current phi: new phi  =390.88:386.903
22:45:15,2.23e-05,updating pe:oe real =486:486, current phi: new phi  =352.826:321.822
22:45:15,2.66e-05,updating pe:oe real =487:487, current phi: new phi  =370.321:339.4
22:45:15,2.28e-05,updating pe:oe real =488:488, current phi: new phi  =363.799:343.033
22:45:15,2.17e-05,updating pe:oe real =489:489, current phi: new phi  =553.948:305.841
22:45:15,2.35e-05,updating pe:oe real =490:490, current phi: new phi  =367.482:350.769
22:45:15,2.37e-05,updating pe:oe real =491:491, current phi: new phi  =516.25:372.223
22:45:15,2.04e-05,updating pe:oe real =492:492, current phi: new phi  =388.682:381.755
22:45:15,2.46e-05,updating pe:oe real =493:493, current phi: new phi  =556.945:374.243
22:45:15,2.41e-05,updating pe:oe real =494:494, current phi: new phi  =337.499:332.568
22:45:15,2.22e-05,updating pe:oe real =495:495, current phi: new phi  =379.565:360.971
22:45:15,2.2e-05,updating pe:oe real =496:496, current phi: new phi  =385.444:342.803
22:45:15,2.43e-05,updating pe:oe real =497:497, current phi: new phi  =416.064:372.829
22:45:15,2.29e-05,updating pe:oe real =498:498, current phi: new phi  =425.579:383.831
22:45:15,2.29e-05,updating pe:oe real =499:499, current phi: new phi  =380.268:356.001
22:45:15,2.33e-05,updating pe:oe real =500:500, current phi: new phi  =332.395:319.695
22:45:15,2.4e-05,updating pe:oe real =501:501, current phi: new phi  =379.55:359.639
22:45:15,2.07e-05,updating pe:oe real =502:502, current phi: new phi  =354.09:333.442
22:45:15,2.36e-05,updating pe:oe real =503:503, current phi: new phi  =397.471:375.842
22:45:15,2.37e-05,updating pe:oe real =504:504, current phi: new phi  =517.225:468.639
22:45:15,2.24e-05,updating pe:oe real =505:505, current phi: new phi  =326.382:325.117
22:45:15,2.11e-05,updating pe:oe real =506:506, current phi: new phi  =433.795:360.667
22:45:15,2.54e-05,updating pe:oe real =507:507, current phi: new phi  =320.842:309.478
22:45:15,2.21e-05,updating pe:oe real =508:508, current phi: new phi  =377.251:371.554
22:45:15,2.17e-05,updating pe:oe real =509:509, current phi: new phi  =438.762:389.079
22:45:15,2.33e-05,updating pe:oe real =510:510, current phi: new phi  =388.95:333.319
22:45:15,2.35e-05,updating pe:oe real =511:511, current phi: new phi  =389.725:356.798
22:45:15,2.09e-05,updating pe:oe real =512:512, current phi: new phi  =459.482:342.853
22:45:15,2.41e-05,updating pe:oe real =513:513, current phi: new phi  =357.826:334.422
22:45:15,2.26e-05,updating pe:oe real =514:514, current phi: new phi  =552.639:356.571
22:45:15,2.2e-05,updating pe:oe real =515:515, current phi: new phi  =516.353:337.877
22:45:15,2.26e-05,updating pe:oe real =516:516, current phi: new phi  =343.12:337.804
22:45:15,2.46e-05,updating pe:oe real =517:517, current phi: new phi  =383.873:380.747
22:45:15,2.13e-05,updating pe:oe real =518:518, current phi: new phi  =397.895:353.251
22:45:15,2.26e-05,updating pe:oe real =519:519, current phi: new phi  =443.565:400.718
22:45:15,2.43e-05,updating pe:oe real =520:520, current phi: new phi  =669.61:345.987
22:45:15,2.31e-05,updating pe:oe real =521:521, current phi: new phi  =376.719:344.709
22:45:15,2.08e-05,updating pe:oe real =522:522, current phi: new phi  =370.914:344.598
22:45:15,2.45e-05,updating pe:oe real =523:523, current phi: new phi  =515.166:438.953
22:45:15,2.38e-05,updating pe:oe real =524:524, current phi: new phi  =411.268:409.054
22:45:15,2.28e-05,updating pe:oe real =525:525, current phi: new phi  =367.465:358.341
22:45:15,2.36e-05,updating pe:oe real =526:526, current phi: new phi  =569.857:328.131
22:45:15,2.45e-05,updating pe:oe real =527:527, current phi: new phi  =431.87:389.488
22:45:15,2.09e-05,updating pe:oe real =528:528, current phi: new phi  =354.772:340.817
22:45:15,2.29e-05,updating pe:oe real =529:529, current phi: new phi  =417.75:385.238
22:45:15,2.5e-05,updating pe:oe real =530:530, current phi: new phi  =519.735:332.028
22:45:15,2.34e-05,updating pe:oe real =531:531, current phi: new phi  =427.941:404.104
22:45:15,2.78e-05,updating pe:oe real =532:532, current phi: new phi  =327.141:318.365
22:45:15,2.38e-05,updating pe:oe real =533:533, current phi: new phi  =362.051:353.931
22:45:15,2.55e-05,updating pe:oe real =534:534, current phi: new phi  =432.863:404.71
22:45:15,2.31e-05,updating pe:oe real =535:535, current phi: new phi  =448.989:392.5
22:45:15,2.11e-05,updating pe:oe real =536:536, current phi: new phi  =544.414:421.948
22:45:15,2.5e-05,updating pe:oe real =537:537, current phi: new phi  =451.807:349.598
22:45:15,2.27e-05,updating pe:oe real =538:538, current phi: new phi  =338.061:321.64
22:45:15,2.19e-05,updating pe:oe real =539:539, current phi: new phi  =492.44:408.673
22:45:15,2.45e-05,updating pe:oe real =540:540, current phi: new phi  =364.725:318.483
22:45:15,2.51e-05,updating pe:oe real =541:541, current phi: new phi  =348.194:330.333
22:45:15,2.11e-05,updating pe:oe real =542:542, current phi: new phi  =392.633:328.054
22:45:15,2.33e-05,updating pe:oe real =543:543, current phi: new phi  =394.811:352.116
22:45:15,2.46e-05,updating pe:oe real =544:544, current phi: new phi  =360.497:347.873
22:45:15,2.36e-05,updating pe:oe real =546:546, current phi: new phi  =395.366:366.967
22:45:15,2.26e-05,updating pe:oe real =548:548, current phi: new phi  =337.006:334.856
22:45:15,0.020707,current best mean phi (after updating reduced-phi reals):  359.635
22:45:15,0.0005016,updating lambda to  0.5625
22:45:16,1.19553,phi-based termination criteria check
22:45:16,0.0004997,phiredstp:  0.01
22:45:16,0.0004148,nphistp:  3
22:45:16,0.0005274,nphinored (also used for consecutive bad lambda cycles):  3
22:45:16,0.0004159,best mean phi sequence: 
22:45:16,0.0004346,best phi yet:  359.635
22:45:16,0.0003888,number of consecutive bad lambda testing cycles:  0
22:45:16,0.0004974,number of iterations satisfying phiredstp criteria:  1
22:45:16,0.0003507,number of iterations since best yet mean phi:  0
22:45:16,0.0004762,starting solve for iteration: 3
22:45:16,1.85e-05,starting solve for iteration: 3
22:45:16,0.0002991,current lambda:  0.5625
22:45:16,9.34e-05,reordering variables in pe
22:45:16,0.0007908,preparing EnsembleSolver
22:45:16,0.0056269,starting calcs for glm factor 0.5625
22:45:16,3.4e-05,see .log file for more details
22:45:16,0.344649,finished calcs for: 0.5625
22:45:16,0.0007009,running upgrade ensembles
22:45:16,9.51e-05,queuing 3 ensembles
22:45:16,0.0180948,subset idx:pe real name:  0:0, 1:1, 2:2, 3:3, 4:4, 5:5, 6:6, 7:7, 8:8, 9:9, 10:10, 11:11, 12:12, 13:13, 14:14, 15:15, 16:16, 17:17, 18:18, 19:19, 20:20, 21:21, 22:22, 23:23, 24:24, 25:25, 26:26, 27:27, 28:28, 29:29, 30:30, 31:31, 32:32, 33:33, 34:34, 35:35, 36:36, 37:37, 38:38, 39:39, 40:40, 41:41, 42:42, 43:43, 44:44, 45:45, 46:46, 47:47, 48:48, 49:49, 50:50, 51:51, 52:52, 53:53, 54:54, 55:55, 56:56, 57:57, 58:58, 59:59, 60:60, 61:61, 62:62, 63:63, 64:64, 65:65, 66:66, 67:67, 68:68, 69:69, 70:70, 71:71, 72:72, 73:73, 74:74, 75:75, 76:76, 77:77, 78:78, 79:79, 80:80, 81:81, 82:82, 83:83, 84:84, 85:85, 86:86, 87:87, 88:88, 89:89, 90:90, 91:91, 92:92, 93:93, 94:94, 95:95, 96:96, 97:97, 98:98, 99:99, 100:100, 101:101, 102:102, 103:103, 104:104, 105:105, 106:106, 107:107, 108:108, 109:109, 110:110, 111:111, 112:112, 113:113, 114:114, 115:115, 116:116, 117:117, 118:118, 119:119, 120:120, 121:121, 122:122, 123:123, 124:124, 125:125, 126:126, 127:127, 128:128, 129:129, 130:130, 131:131, 132:132, 133:133, 134:134, 135:135, 136:136, 137:137, 138:138, 139:139, 140:140, 141:141, 142:142, 143:143, 144:144, 145:145, 146:146, 147:147, 148:148, 149:149, 150:150, 151:151, 152:152, 153:153, 154:154, 155:155, 156:156, 157:157, 158:158, 159:159, 160:160, 161:161, 162:162, 163:163, 164:164, 165:165, 166:166, 167:167, 168:168, 169:169, 170:170, 171:171, 172:172, 173:173, 174:174, 175:175, 176:176, 177:177, 178:178, 179:179, 180:180, 181:181, 182:182, 183:183, 184:184, 185:185, 186:186, 187:187, 188:188, 189:189, 190:190, 191:191, 192:192, 193:193, 194:194, 195:195, 196:196, 197:197, 198:198, 199:199, 200:200, 201:201, 202:202, 203:203, 204:204, 205:205, 206:206, 207:207, 208:208, 209:209, 210:210, 211:211, 212:212, 213:213, 214:214, 215:215, 216:216, 217:217, 218:218, 219:219, 220:220, 221:221, 222:222, 223:223, 224:224, 225:225, 226:226, 227:227, 228:228, 229:229, 230:230, 231:231, 232:232, 233:233, 234:234, 235:235, 236:236, 237:237, 238:238, 239:239, 240:240, 241:241, 242:242, 243:243, 244:244, 245:245, 246:246, 247:247, 248:248, 249:249, 250:250, 251:251, 252:252, 253:253, 254:254, 255:255, 256:256, 257:257, 258:258, 259:259, 260:260, 261:261, 262:262, 263:263, 264:264, 265:265, 266:266, 267:267, 268:268, 269:269, 270:270, 271:271, 272:272, 273:273, 274:274, 275:275, 276:276, 277:277, 278:278, 279:279, 280:280, 281:281, 282:282, 283:283, 284:284, 285:285, 286:286, 287:287, 288:288, 289:289, 290:290, 291:291, 292:292, 293:293, 294:294, 295:295, 296:296, 297:297, 298:298, 299:299, 300:300, 301:301, 302:302, 303:303, 304:304, 305:305, 306:306, 307:307, 308:308, 309:309, 310:310, 311:311, 312:312, 313:313, 314:314, 315:315, 316:316, 317:317, 318:318, 319:319, 320:320, 321:321, 322:322, 323:323, 324:324, 325:325, 326:326, 327:327, 328:328, 329:329, 330:330, 331:331, 332:332, 333:333, 334:334, 335:335, 336:336, 337:337, 338:338, 339:339, 340:340, 341:341, 342:342, 343:343, 344:344, 345:345, 346:346, 347:347, 348:348, 349:349, 350:350, 351:351, 352:352, 353:353, 354:354, 355:355, 356:356, 357:357, 358:358, 359:359, 360:360, 361:361, 362:362, 363:363, 364:364, 365:365, 366:366, 367:367, 368:368, 369:369, 370:370, 371:371, 372:372, 373:373, 374:374, 375:375, 376:376, 377:377, 378:378, 379:379, 380:380, 381:381, 382:382, 383:383, 384:384, 385:385, 386:386, 387:387, 388:388, 389:389, 390:390, 391:391, 392:392, 393:393, 394:394, 395:395, 396:396, 397:397, 398:398, 399:399, 400:400, 401:401, 402:402, 403:403, 404:404, 405:405, 406:406, 407:407, 408:408, 409:409, 410:410, 411:411, 412:412, 413:413, 414:414, 415:415, 416:416, 417:417, 418:418, 419:419, 420:420, 421:421, 422:422, 423:423, 424:424, 425:425, 426:426, 427:427, 428:428, 429:429, 430:430, 431:431, 432:432, 433:433, 434:434, 435:435, 436:436, 437:437, 438:438, 439:439, 440:440, 441:441, 442:442, 443:443, 444:444, 445:445, 446:446, 447:447, 448:448, 449:449, 450:450, 451:451, 452:452, 453:453, 454:454, 455:455, 456:456, 457:457, 458:458, 459:459, 460:460, 461:461, 462:462, 463:463, 464:464, 465:465, 466:466, 467:467, 468:468, 469:469, 470:470, 471:471, 472:472, 473:473, 474:474, 475:475, 476:476, 477:477, 478:478, 479:479, 480:480, 481:481, 482:482, 483:483, 484:484, 485:485, 486:486, 487:487, 488:488, 489:489, 490:490, 491:491, 492:492, 493:493, 494:494, 495:495, 496:496, 497:497, 498:498, 499:499, 500:500, 501:501, 502:502, 503:503, 504:504, 505:505, 506:506, 507:507, 508:508, 509:509, 510:510, 511:511, 512:512, 513:513, 514:514, 515:515, 516:516, 517:517, 518:518, 519:519, 520:520, 521:521, 522:522, 523:523, 524:524, 525:525, 526:526, 527:527, 528:528, 529:529, 530:530, 531:531, 532:532, 533:533, 534:534, 535:535, 536:536, 537:537, 538:538, 539:539, 540:540, 541:541, 542:542, 543:543, 544:544, 545:545, 546:546, 547:547, 548:548, 549:BASE, 
22:45:16,0.0013893,subset idx:oe real name:  0:0, 1:1, 2:2, 3:3, 4:4, 5:5, 6:6, 7:7, 8:8, 9:9, 10:10, 11:11, 12:12, 13:13, 14:14, 15:15, 16:16, 17:17, 18:18, 19:19, 20:20, 21:21, 22:22, 23:23, 24:24, 25:25, 26:26, 27:27, 28:28, 29:29, 30:30, 31:31, 32:32, 33:33, 34:34, 35:35, 36:36, 37:37, 38:38, 39:39, 40:40, 41:41, 42:42, 43:43, 44:44, 45:45, 46:46, 47:47, 48:48, 49:49, 50:50, 51:51, 52:52, 53:53, 54:54, 55:55, 56:56, 57:57, 58:58, 59:59, 60:60, 61:61, 62:62, 63:63, 64:64, 65:65, 66:66, 67:67, 68:68, 69:69, 70:70, 71:71, 72:72, 73:73, 74:74, 75:75, 76:76, 77:77, 78:78, 79:79, 80:80, 81:81, 82:82, 83:83, 84:84, 85:85, 86:86, 87:87, 88:88, 89:89, 90:90, 91:91, 92:92, 93:93, 94:94, 95:95, 96:96, 97:97, 98:98, 99:99, 100:100, 101:101, 102:102, 103:103, 104:104, 105:105, 106:106, 107:107, 108:108, 109:109, 110:110, 111:111, 112:112, 113:113, 114:114, 115:115, 116:116, 117:117, 118:118, 119:119, 120:120, 121:121, 122:122, 123:123, 124:124, 125:125, 126:126, 127:127, 128:128, 129:129, 130:130, 131:131, 132:132, 133:133, 134:134, 135:135, 136:136, 137:137, 138:138, 139:139, 140:140, 141:141, 142:142, 143:143, 144:144, 145:145, 146:146, 147:147, 148:148, 149:149, 150:150, 151:151, 152:152, 153:153, 154:154, 155:155, 156:156, 157:157, 158:158, 159:159, 160:160, 161:161, 162:162, 163:163, 164:164, 165:165, 166:166, 167:167, 168:168, 169:169, 170:170, 171:171, 172:172, 173:173, 174:174, 175:175, 176:176, 177:177, 178:178, 179:179, 180:180, 181:181, 182:182, 183:183, 184:184, 185:185, 186:186, 187:187, 188:188, 189:189, 190:190, 191:191, 192:192, 193:193, 194:194, 195:195, 196:196, 197:197, 198:198, 199:199, 200:200, 201:201, 202:202, 203:203, 204:204, 205:205, 206:206, 207:207, 208:208, 209:209, 210:210, 211:211, 212:212, 213:213, 214:214, 215:215, 216:216, 217:217, 218:218, 219:219, 220:220, 221:221, 222:222, 223:223, 224:224, 225:225, 226:226, 227:227, 228:228, 229:229, 230:230, 231:231, 232:232, 233:233, 234:234, 235:235, 236:236, 237:237, 238:238, 239:239, 240:240, 241:241, 242:242, 243:243, 244:244, 245:245, 246:246, 247:247, 248:248, 249:249, 250:250, 251:251, 252:252, 253:253, 254:254, 255:255, 256:256, 257:257, 258:258, 259:259, 260:260, 261:261, 262:262, 263:263, 264:264, 265:265, 266:266, 267:267, 268:268, 269:269, 270:270, 271:271, 272:272, 273:273, 274:274, 275:275, 276:276, 277:277, 278:278, 279:279, 280:280, 281:281, 282:282, 283:283, 284:284, 285:285, 286:286, 287:287, 288:288, 289:289, 290:290, 291:291, 292:292, 293:293, 294:294, 295:295, 296:296, 297:297, 298:298, 299:299, 300:300, 301:301, 302:302, 303:303, 304:304, 305:305, 306:306, 307:307, 308:308, 309:309, 310:310, 311:311, 312:312, 313:313, 314:314, 315:315, 316:316, 317:317, 318:318, 319:319, 320:320, 321:321, 322:322, 323:323, 324:324, 325:325, 326:326, 327:327, 328:328, 329:329, 330:330, 331:331, 332:332, 333:333, 334:334, 335:335, 336:336, 337:337, 338:338, 339:339, 340:340, 341:341, 342:342, 343:343, 344:344, 345:345, 346:346, 347:347, 348:348, 349:349, 350:350, 351:351, 352:352, 353:353, 354:354, 355:355, 356:356, 357:357, 358:358, 359:359, 360:360, 361:361, 362:362, 363:363, 364:364, 365:365, 366:366, 367:367, 368:368, 369:369, 370:370, 371:371, 372:372, 373:373, 374:374, 375:375, 376:376, 377:377, 378:378, 379:379, 380:380, 381:381, 382:382, 383:383, 384:384, 385:385, 386:386, 387:387, 388:388, 389:389, 390:390, 391:391, 392:392, 393:393, 394:394, 395:395, 396:396, 397:397, 398:398, 399:399, 400:400, 401:401, 402:402, 403:403, 404:404, 405:405, 406:406, 407:407, 408:408, 409:409, 410:410, 411:411, 412:412, 413:413, 414:414, 415:415, 416:416, 417:417, 418:418, 419:419, 420:420, 421:421, 422:422, 423:423, 424:424, 425:425, 426:426, 427:427, 428:428, 429:429, 430:430, 431:431, 432:432, 433:433, 434:434, 435:435, 436:436, 437:437, 438:438, 439:439, 440:440, 441:441, 442:442, 443:443, 444:444, 445:445, 446:446, 447:447, 448:448, 449:449, 450:450, 451:451, 452:452, 453:453, 454:454, 455:455, 456:456, 457:457, 458:458, 459:459, 460:460, 461:461, 462:462, 463:463, 464:464, 465:465, 466:466, 467:467, 468:468, 469:469, 470:470, 471:471, 472:472, 473:473, 474:474, 475:475, 476:476, 477:477, 478:478, 479:479, 480:480, 481:481, 482:482, 483:483, 484:484, 485:485, 486:486, 487:487, 488:488, 489:489, 490:490, 491:491, 492:492, 493:493, 494:494, 495:495, 496:496, 497:497, 498:498, 499:499, 500:500, 501:501, 502:502, 503:503, 504:504, 505:505, 506:506, 507:507, 508:508, 509:509, 510:510, 511:511, 512:512, 513:513, 514:514, 515:515, 516:516, 517:517, 518:518, 519:519, 520:520, 521:521, 522:522, 523:523, 524:524, 525:525, 526:526, 527:527, 528:528, 529:529, 530:530, 531:531, 532:532, 533:533, 534:534, 535:535, 536:536, 537:537, 538:538, 539:539, 540:540, 541:541, 542:542, 543:543, 544:544, 545:545, 546:546, 547:547, 548:548, 549:BASE, 
22:45:16,0.0952969,making runs
20:46:36,165680,processing runs
20:46:37,0.114925,evaluating upgrade ensembles
20:46:37,0.0004176,last mean:  359.635
20:46:37,0.000407,last stdev:  45.1847
20:46:37,0.0180587,phi summary for lambda, scale fac:
20:46:37,0.018427,phi summary for lambda, scale fac:
20:46:37,0.0174486,phi summary for lambda, scale fac:
20:46:37,0.023575,last best mean phi * acceptable phi factor:  377.616
20:46:37,0.0005089,current best mean phi:  71371.8
20:46:37,0.0009558,only updating realizations with reduced phi
20:46:37,0.0260901,updating pe:oe real =0:0, current phi: new phi  =359.743:357.38
20:46:37,5e-05,updating pe:oe real =1:1, current phi: new phi  =362.65:359.463
20:46:37,2.25e-05,updating pe:oe real =3:3, current phi: new phi  =369.452:368.527
20:46:37,2.1e-05,updating pe:oe real =4:4, current phi: new phi  =376.518:374.493
20:46:37,2.13e-05,updating pe:oe real =5:5, current phi: new phi  =341.068:336.59
20:46:37,1.86e-05,updating pe:oe real =7:7, current phi: new phi  =321.393:320.064
20:46:37,1.9e-05,updating pe:oe real =8:8, current phi: new phi  =327.155:325.13
20:46:37,1.98e-05,updating pe:oe real =9:9, current phi: new phi  =413.391:379.677
20:46:37,1.73e-05,updating pe:oe real =10:10, current phi: new phi  =376.496:375.61
20:46:37,1.94e-05,updating pe:oe real =11:11, current phi: new phi  =341.593:337.985
20:46:37,1.83e-05,updating pe:oe real =13:13, current phi: new phi  =405.372:399.014
20:46:37,2e-05,updating pe:oe real =14:14, current phi: new phi  =398.27:388.994
20:46:37,2.06e-05,updating pe:oe real =16:16, current phi: new phi  =355.377:351.043
20:46:37,1.96e-05,updating pe:oe real =17:17, current phi: new phi  =338.934:333.274
20:46:37,1.75e-05,updating pe:oe real =19:19, current phi: new phi  =338.085:333.655
20:46:37,1.92e-05,updating pe:oe real =20:20, current phi: new phi  =409.7:378.01
20:46:37,1.91e-05,updating pe:oe real =21:21, current phi: new phi  =336.839:331.661
20:46:37,1.69e-05,updating pe:oe real =22:22, current phi: new phi  =364.8:359.228
20:46:37,1.97e-05,updating pe:oe real =23:23, current phi: new phi  =378.161:373.769
20:46:37,1.83e-05,updating pe:oe real =24:24, current phi: new phi  =337.888:328.504
20:46:37,1.86e-05,updating pe:oe real =25:25, current phi: new phi  =341.155:338.041
20:46:37,1.65e-05,updating pe:oe real =26:26, current phi: new phi  =338.176:332.988
20:46:37,1.97e-05,updating pe:oe real =27:27, current phi: new phi  =380.159:375.897
20:46:37,1.69e-05,updating pe:oe real =28:28, current phi: new phi  =357.249:354.447
20:46:37,2e-05,updating pe:oe real =30:30, current phi: new phi  =395.083:385.343
20:46:37,1.93e-05,updating pe:oe real =31:31, current phi: new phi  =353.845:352.672
20:46:37,1.69e-05,updating pe:oe real =32:32, current phi: new phi  =339.7:314.846
20:46:37,2.01e-05,updating pe:oe real =33:33, current phi: new phi  =365.681:362.537
20:46:37,1.67e-05,updating pe:oe real =34:34, current phi: new phi  =333.362:331.309
20:46:37,1.92e-05,updating pe:oe real =35:35, current phi: new phi  =353.117:351.154
20:46:37,1.65e-05,updating pe:oe real =36:36, current phi: new phi  =350.036:345.267
20:46:37,1.9e-05,updating pe:oe real =37:37, current phi: new phi  =420.788:398.911
20:46:37,1.69e-05,updating pe:oe real =38:38, current phi: new phi  =367.173:363.838
20:46:37,1.89e-05,updating pe:oe real =39:39, current phi: new phi  =354.08:349.812
20:46:37,1.65e-05,updating pe:oe real =40:40, current phi: new phi  =342.162:311.643
20:46:37,1.94e-05,updating pe:oe real =41:41, current phi: new phi  =352.4:348.332
20:46:37,1.69e-05,updating pe:oe real =42:42, current phi: new phi  =408.758:408.202
20:46:37,1.97e-05,updating pe:oe real =43:43, current phi: new phi  =320.416:315.684
20:46:37,1.66e-05,updating pe:oe real =44:44, current phi: new phi  =362.512:357.772
20:46:37,1.9e-05,updating pe:oe real =45:45, current phi: new phi  =354.317:349.594
20:46:37,1.69e-05,updating pe:oe real =46:46, current phi: new phi  =343.408:340.143
20:46:37,1.94e-05,updating pe:oe real =47:47, current phi: new phi  =385.673:380.264
20:46:37,1.68e-05,updating pe:oe real =48:48, current phi: new phi  =316.863:315.93
20:46:37,1.99e-05,updating pe:oe real =50:50, current phi: new phi  =382.685:374.602
20:46:37,1.95e-05,updating pe:oe real =51:51, current phi: new phi  =343.557:340.295
20:46:37,1.73e-05,updating pe:oe real =52:52, current phi: new phi  =336.405:331.91
20:46:37,2.08e-05,updating pe:oe real =54:54, current phi: new phi  =352.426:330.421
20:46:37,2.71e-05,updating pe:oe real =55:55, current phi: new phi  =299.777:286.024
20:46:37,2.15e-05,updating pe:oe real =56:56, current phi: new phi  =392.59:375.148
20:46:37,1.87e-05,updating pe:oe real =57:57, current phi: new phi  =364.2:359.602
20:46:37,1.68e-05,updating pe:oe real =58:58, current phi: new phi  =403.878:400.925
20:46:37,1.92e-05,updating pe:oe real =60:60, current phi: new phi  =307.863:302.465
20:46:37,1.89e-05,updating pe:oe real =61:61, current phi: new phi  =351.688:337.678
20:46:37,1.93e-05,updating pe:oe real =62:62, current phi: new phi  =381.465:379.289
20:46:37,1.9e-05,updating pe:oe real =63:63, current phi: new phi  =398.387:384.224
20:46:37,1.68e-05,updating pe:oe real =64:64, current phi: new phi  =360.056:356.36
20:46:37,1.9e-05,updating pe:oe real =65:65, current phi: new phi  =307.092:301.114
20:46:37,1.72e-05,updating pe:oe real =66:66, current phi: new phi  =319.42:314.867
20:46:37,1.86e-05,updating pe:oe real =67:67, current phi: new phi  =383.166:374.679
20:46:37,1.71e-05,updating pe:oe real =68:68, current phi: new phi  =371.692:369.309
20:46:37,1.86e-05,updating pe:oe real =69:69, current phi: new phi  =293.303:293.271
20:46:37,1.7e-05,updating pe:oe real =70:70, current phi: new phi  =374.753:369.553
20:46:37,1.91e-05,updating pe:oe real =72:72, current phi: new phi  =357.724:352.345
20:46:37,1.92e-05,updating pe:oe real =73:73, current phi: new phi  =351.212:346.393
20:46:37,1.68e-05,updating pe:oe real =74:74, current phi: new phi  =357.949:350.859
20:46:37,1.91e-05,updating pe:oe real =75:75, current phi: new phi  =334.792:332.006
20:46:37,1.68e-05,updating pe:oe real =76:76, current phi: new phi  =384.917:382.498
20:46:37,1.89e-05,updating pe:oe real =77:77, current phi: new phi  =371.975:361.413
20:46:37,1.7e-05,updating pe:oe real =78:78, current phi: new phi  =356.788:355.123
20:46:37,1.93e-05,updating pe:oe real =79:79, current phi: new phi  =336.537:335.666
20:46:37,1.74e-05,updating pe:oe real =80:80, current phi: new phi  =375.172:365.123
20:46:37,1.88e-05,updating pe:oe real =81:81, current phi: new phi  =369.079:335.191
20:46:37,1.67e-05,updating pe:oe real =82:82, current phi: new phi  =337.517:326.081
20:46:37,3.02e-05,updating pe:oe real =83:83, current phi: new phi  =350.366:349.307
20:46:37,1.74e-05,updating pe:oe real =84:84, current phi: new phi  =388.816:382.667
20:46:37,1.93e-05,updating pe:oe real =85:85, current phi: new phi  =387.384:359.184
20:46:37,1.71e-05,updating pe:oe real =86:86, current phi: new phi  =316.247:315.119
20:46:37,1.89e-05,updating pe:oe real =87:87, current phi: new phi  =361.51:345.656
20:46:37,1.66e-05,updating pe:oe real =88:88, current phi: new phi  =400.991:390.307
20:46:37,1.92e-05,updating pe:oe real =89:89, current phi: new phi  =345.208:341.974
20:46:37,1.73e-05,updating pe:oe real =90:90, current phi: new phi  =384.307:377.788
20:46:37,1.93e-05,updating pe:oe real =91:91, current phi: new phi  =392.623:365.736
20:46:37,1.72e-05,updating pe:oe real =92:92, current phi: new phi  =331.854:325.115
20:46:37,1.96e-05,updating pe:oe real =93:93, current phi: new phi  =316.572:309.563
20:46:37,1.7e-05,updating pe:oe real =94:94, current phi: new phi  =330.558:326.727
20:46:37,1.9e-05,updating pe:oe real =95:95, current phi: new phi  =374.781:367.384
20:46:37,1.73e-05,updating pe:oe real =96:96, current phi: new phi  =317.046:312.098
20:46:37,1.94e-05,updating pe:oe real =98:98, current phi: new phi  =317.411:310.101
20:46:37,1.92e-05,updating pe:oe real =99:99, current phi: new phi  =342.259:339.279
20:46:37,1.68e-05,updating pe:oe real =100:100, current phi: new phi  =359.841:351.061
20:46:37,1.86e-05,updating pe:oe real =101:101, current phi: new phi  =356.576:337.288
20:46:37,1.65e-05,updating pe:oe real =102:102, current phi: new phi  =385.767:379.707
20:46:37,1.84e-05,updating pe:oe real =103:103, current phi: new phi  =326.697:324.092
20:46:37,1.59e-05,updating pe:oe real =104:104, current phi: new phi  =340.811:337.995
20:46:37,1.88e-05,updating pe:oe real =106:106, current phi: new phi  =341.866:334.819
20:46:37,0.0001254,updating pe:oe real =107:107, current phi: new phi  =359.345:354.633
20:46:37,1.79e-05,updating pe:oe real =108:108, current phi: new phi  =376.046:374.736
20:46:37,1.93e-05,updating pe:oe real =109:109, current phi: new phi  =371.5:367.803
20:46:37,1.66e-05,updating pe:oe real =110:110, current phi: new phi  =342.029:339.754
20:46:37,1.9e-05,updating pe:oe real =112:112, current phi: new phi  =363.536:358.248
20:46:37,1.8e-05,updating pe:oe real =113:113, current phi: new phi  =386.219:376.549
20:46:37,1.57e-05,updating pe:oe real =114:114, current phi: new phi  =379.317:374.081
20:46:37,1.87e-05,updating pe:oe real =115:115, current phi: new phi  =360.683:357.24
20:46:37,1.58e-05,updating pe:oe real =116:116, current phi: new phi  =344.41:339.875
20:46:37,1.85e-05,updating pe:oe real =117:117, current phi: new phi  =365.43:358.388
20:46:37,1.59e-05,updating pe:oe real =118:118, current phi: new phi  =339.118:334.601
20:46:37,1.83e-05,updating pe:oe real =119:119, current phi: new phi  =330.44:328.258
20:46:37,1.6e-05,updating pe:oe real =120:120, current phi: new phi  =366.364:361.815
20:46:37,1.83e-05,updating pe:oe real =121:121, current phi: new phi  =353.518:348.902
20:46:37,1.61e-05,updating pe:oe real =122:122, current phi: new phi  =385.65:374.533
20:46:37,1.81e-05,updating pe:oe real =123:123, current phi: new phi  =316.974:312.516
20:46:37,1.59e-05,updating pe:oe real =124:124, current phi: new phi  =351.515:343.454
20:46:37,1.88e-05,updating pe:oe real =125:125, current phi: new phi  =329.845:327.5
20:46:37,1.88e-05,updating pe:oe real =126:126, current phi: new phi  =358.344:346.866
20:46:37,1.92e-05,updating pe:oe real =127:127, current phi: new phi  =325.195:322.42
20:46:37,1.64e-05,updating pe:oe real =128:128, current phi: new phi  =346.406:343.744
20:46:37,1.86e-05,updating pe:oe real =129:129, current phi: new phi  =308.89:307.995
20:46:37,1.65e-05,updating pe:oe real =130:130, current phi: new phi  =329.347:325.504
20:46:37,1.83e-05,updating pe:oe real =131:131, current phi: new phi  =296.974:294.591
20:46:37,1.67e-05,updating pe:oe real =132:132, current phi: new phi  =361.097:357.941
20:46:37,1.74e-05,updating pe:oe real =133:133, current phi: new phi  =392.166:391.154
20:46:37,1.57e-05,updating pe:oe real =134:134, current phi: new phi  =376.423:356.216
20:46:37,1.72e-05,updating pe:oe real =135:135, current phi: new phi  =342.755:336.701
20:46:37,1.5e-05,updating pe:oe real =136:136, current phi: new phi  =369.233:363.357
20:46:37,1.66e-05,updating pe:oe real =137:137, current phi: new phi  =323.097:318.495
20:46:37,1.47e-05,updating pe:oe real =138:138, current phi: new phi  =398.237:371.336
20:46:37,1.72e-05,updating pe:oe real =139:139, current phi: new phi  =416.209:390.809
20:46:37,1.52e-05,updating pe:oe real =140:140, current phi: new phi  =399.416:392.028
20:46:37,1.79e-05,updating pe:oe real =142:142, current phi: new phi  =347.73:344.631
20:46:37,1.78e-05,updating pe:oe real =143:143, current phi: new phi  =361.25:353.982
20:46:37,1.51e-05,updating pe:oe real =144:144, current phi: new phi  =344.06:342.903
20:46:37,1.78e-05,updating pe:oe real =145:145, current phi: new phi  =327.308:326.158
20:46:37,1.48e-05,updating pe:oe real =146:146, current phi: new phi  =346.804:336.917
20:46:37,1.74e-05,updating pe:oe real =147:147, current phi: new phi  =356.218:353.099
20:46:37,1.51e-05,updating pe:oe real =148:148, current phi: new phi  =347.138:344.621
20:46:37,1.79e-05,updating pe:oe real =149:149, current phi: new phi  =324.228:321.704
20:46:37,1.53e-05,updating pe:oe real =150:150, current phi: new phi  =357.47:354.174
20:46:37,1.72e-05,updating pe:oe real =151:151, current phi: new phi  =353.608:350.521
20:46:37,1.55e-05,updating pe:oe real =152:152, current phi: new phi  =312.305:310.229
20:46:37,1.75e-05,updating pe:oe real =153:153, current phi: new phi  =379.818:375.749
20:46:37,1.54e-05,updating pe:oe real =154:154, current phi: new phi  =394.351:385.821
20:46:37,1.78e-05,updating pe:oe real =156:156, current phi: new phi  =358.811:356.319
20:46:37,2.07e-05,updating pe:oe real =157:157, current phi: new phi  =389.145:385.813
20:46:37,1.57e-05,updating pe:oe real =158:158, current phi: new phi  =383.96:383.702
20:46:37,1.71e-05,updating pe:oe real =159:159, current phi: new phi  =375.358:366.009
20:46:37,1.57e-05,updating pe:oe real =160:160, current phi: new phi  =353.825:345.816
20:46:37,1.75e-05,updating pe:oe real =161:161, current phi: new phi  =337.244:332.983
20:46:37,1.53e-05,updating pe:oe real =162:162, current phi: new phi  =368.745:352.662
20:46:37,1.78e-05,updating pe:oe real =164:164, current phi: new phi  =365.086:354.47
20:46:37,1.81e-05,updating pe:oe real =165:165, current phi: new phi  =363.026:350.896
20:46:37,1.51e-05,updating pe:oe real =166:166, current phi: new phi  =303.921:302.424
20:46:37,1.8e-05,updating pe:oe real =167:167, current phi: new phi  =343.655:336.104
20:46:37,1.53e-05,updating pe:oe real =168:168, current phi: new phi  =350.251:349.075
20:46:37,1.82e-05,updating pe:oe real =169:169, current phi: new phi  =356.842:346.243
20:46:37,1.53e-05,updating pe:oe real =170:170, current phi: new phi  =373.178:368.971
20:46:37,1.77e-05,updating pe:oe real =171:171, current phi: new phi  =345.918:343.689
20:46:37,1.55e-05,updating pe:oe real =172:172, current phi: new phi  =406.182:399.185
20:46:37,1.76e-05,updating pe:oe real =173:173, current phi: new phi  =332.201:330.033
20:46:37,1.59e-05,updating pe:oe real =174:174, current phi: new phi  =381.587:378.293
20:46:37,1.75e-05,updating pe:oe real =175:175, current phi: new phi  =349.378:346.104
20:46:37,1.57e-05,updating pe:oe real =176:176, current phi: new phi  =367.968:357.868
20:46:37,1.78e-05,updating pe:oe real =177:177, current phi: new phi  =340.194:335.79
20:46:37,1.64e-05,updating pe:oe real =178:178, current phi: new phi  =355.412:348.36
20:46:37,1.73e-05,updating pe:oe real =179:179, current phi: new phi  =419.363:408.611
20:46:37,1.64e-05,updating pe:oe real =181:181, current phi: new phi  =363.358:358.998
20:46:37,1.84e-05,updating pe:oe real =182:182, current phi: new phi  =385.343:380.639
20:46:37,1.82e-05,updating pe:oe real =183:183, current phi: new phi  =296.224:290.717
20:46:37,1.6e-05,updating pe:oe real =184:184, current phi: new phi  =302.376:300.178
20:46:37,1.77e-05,updating pe:oe real =185:185, current phi: new phi  =344.585:332.598
20:46:37,1.59e-05,updating pe:oe real =186:186, current phi: new phi  =364.468:359.942
20:46:37,1.81e-05,updating pe:oe real =187:187, current phi: new phi  =307.93:305.221
20:46:37,1.78e-05,updating pe:oe real =188:188, current phi: new phi  =317.061:310.912
20:46:37,1.86e-05,updating pe:oe real =189:189, current phi: new phi  =355.929:353.635
20:46:37,1.64e-05,updating pe:oe real =190:190, current phi: new phi  =401.412:378.705
20:46:37,1.81e-05,updating pe:oe real =191:191, current phi: new phi  =346.46:344.285
20:46:37,1.61e-05,updating pe:oe real =192:192, current phi: new phi  =698.905:482.933
20:46:37,1.85e-05,updating pe:oe real =193:193, current phi: new phi  =347.326:344.742
20:46:37,1.54e-05,updating pe:oe real =194:194, current phi: new phi  =372.979:364.793
20:46:37,1.91e-05,updating pe:oe real =195:195, current phi: new phi  =427.474:414.551
20:46:37,1.56e-05,updating pe:oe real =196:196, current phi: new phi  =333.428:330.165
20:46:37,1.86e-05,updating pe:oe real =197:197, current phi: new phi  =335.064:323.329
20:46:37,1.57e-05,updating pe:oe real =198:198, current phi: new phi  =382.503:377.336
20:46:37,2.35e-05,updating pe:oe real =199:199, current phi: new phi  =352.8:342.862
20:46:37,1.76e-05,updating pe:oe real =200:200, current phi: new phi  =338.939:336.748
20:46:37,1.8e-05,updating pe:oe real =201:201, current phi: new phi  =350.694:346.381
20:46:37,1.62e-05,updating pe:oe real =202:202, current phi: new phi  =392.524:387.552
20:46:37,1.85e-05,updating pe:oe real =203:203, current phi: new phi  =414.044:410.231
20:46:37,1.55e-05,updating pe:oe real =204:204, current phi: new phi  =359.341:350.52
20:46:37,2.07e-05,updating pe:oe real =205:205, current phi: new phi  =331.647:331.02
20:46:37,1.61e-05,updating pe:oe real =206:206, current phi: new phi  =331.878:328.988
20:46:37,1.81e-05,updating pe:oe real =207:207, current phi: new phi  =344.71:342.774
20:46:37,1.58e-05,updating pe:oe real =208:208, current phi: new phi  =355.288:351.14
20:46:37,1.82e-05,updating pe:oe real =209:209, current phi: new phi  =386.068:373.269
20:46:37,1.61e-05,updating pe:oe real =210:210, current phi: new phi  =394.258:382.81
20:46:37,1.81e-05,updating pe:oe real =211:211, current phi: new phi  =332.532:326.415
20:46:37,1.63e-05,updating pe:oe real =212:212, current phi: new phi  =307.601:305.5
20:46:37,1.85e-05,updating pe:oe real =213:213, current phi: new phi  =381.292:373.321
20:46:37,1.6e-05,updating pe:oe real =214:214, current phi: new phi  =322.507:322.071
20:46:37,1.78e-05,updating pe:oe real =215:215, current phi: new phi  =370.882:367.423
20:46:37,1.59e-05,updating pe:oe real =216:216, current phi: new phi  =380.815:376.705
20:46:37,1.86e-05,updating pe:oe real =217:217, current phi: new phi  =363.547:360.781
20:46:37,1.56e-05,updating pe:oe real =218:218, current phi: new phi  =380.302:375.777
20:46:37,1.88e-05,updating pe:oe real =219:219, current phi: new phi  =313.781:295.727
20:46:37,1.62e-05,updating pe:oe real =220:220, current phi: new phi  =298.13:296.089
20:46:37,1.83e-05,updating pe:oe real =221:221, current phi: new phi  =311.157:307.331
20:46:37,1.56e-05,updating pe:oe real =222:222, current phi: new phi  =324.112:318.703
20:46:37,1.81e-05,updating pe:oe real =223:223, current phi: new phi  =382.964:381.682
20:46:37,1.7e-05,updating pe:oe real =224:224, current phi: new phi  =360.718:357.718
20:46:37,1.84e-05,updating pe:oe real =225:225, current phi: new phi  =340.067:335.625
20:46:37,1.64e-05,updating pe:oe real =226:226, current phi: new phi  =328.27:324.18
20:46:37,1.8e-05,updating pe:oe real =227:227, current phi: new phi  =356.273:353.52
20:46:37,1.71e-05,updating pe:oe real =228:228, current phi: new phi  =314.844:313.59
20:46:37,1.88e-05,updating pe:oe real =230:230, current phi: new phi  =352.063:332.094
20:46:37,1.84e-05,updating pe:oe real =231:231, current phi: new phi  =358.248:353.818
20:46:37,1.67e-05,updating pe:oe real =232:232, current phi: new phi  =442.072:408.103
20:46:37,1.83e-05,updating pe:oe real =234:234, current phi: new phi  =339.66:338.243
20:46:37,1.97e-05,updating pe:oe real =235:235, current phi: new phi  =438.583:377.652
20:46:37,1.63e-05,updating pe:oe real =236:236, current phi: new phi  =416.212:410.461
20:46:37,1.88e-05,updating pe:oe real =238:238, current phi: new phi  =363.629:356.438
20:46:37,1.93e-05,updating pe:oe real =239:239, current phi: new phi  =418.103:400.292
20:46:37,1.66e-05,updating pe:oe real =241:241, current phi: new phi  =350.974:332.985
20:46:37,1.95e-05,updating pe:oe real =242:242, current phi: new phi  =338.003:324.444
20:46:37,1.84e-05,updating pe:oe real =243:243, current phi: new phi  =308.834:307.173
20:46:37,1.61e-05,updating pe:oe real =244:244, current phi: new phi  =327.605:313.879
20:46:37,1.9e-05,updating pe:oe real =245:245, current phi: new phi  =326.545:321.995
20:46:37,1.6e-05,updating pe:oe real =247:247, current phi: new phi  =338.144:332.383
20:46:37,1.95e-05,updating pe:oe real =248:248, current phi: new phi  =345.317:342.138
20:46:37,1.93e-05,updating pe:oe real =249:249, current phi: new phi  =348.184:341.019
20:46:37,1.61e-05,updating pe:oe real =250:250, current phi: new phi  =392.27:388.866
20:46:37,1.95e-05,updating pe:oe real =252:252, current phi: new phi  =341.656:339.397
20:46:37,2.01e-05,updating pe:oe real =253:253, current phi: new phi  =413.937:404.664
20:46:37,1.7e-05,updating pe:oe real =255:255, current phi: new phi  =405.735:401.841
20:46:37,2.04e-05,updating pe:oe real =256:256, current phi: new phi  =339.179:330.948
20:46:37,1.87e-05,updating pe:oe real =257:257, current phi: new phi  =370.949:367.156
20:46:37,1.71e-05,updating pe:oe real =259:259, current phi: new phi  =403.841:396.388
20:46:37,2.15e-05,updating pe:oe real =260:260, current phi: new phi  =393.945:387.369
20:46:37,1.89e-05,updating pe:oe real =261:261, current phi: new phi  =404.392:398.363
20:46:37,1.72e-05,updating pe:oe real =262:262, current phi: new phi  =360.488:356.122
20:46:37,1.84e-05,updating pe:oe real =263:263, current phi: new phi  =370.033:366.815
20:46:37,1.7e-05,updating pe:oe real =264:264, current phi: new phi  =330.015:319.348
20:46:37,1.92e-05,updating pe:oe real =265:265, current phi: new phi  =301.395:299.626
20:46:37,1.67e-05,updating pe:oe real =266:266, current phi: new phi  =401.904:395.228
20:46:37,1.91e-05,updating pe:oe real =267:267, current phi: new phi  =351.942:349.542
20:46:37,1.61e-05,updating pe:oe real =268:268, current phi: new phi  =359.538:352.699
20:46:37,1.96e-05,updating pe:oe real =269:269, current phi: new phi  =335.905:332.832
20:46:37,1.65e-05,updating pe:oe real =270:270, current phi: new phi  =361.084:358.045
20:46:37,1.93e-05,updating pe:oe real =271:271, current phi: new phi  =375.475:373.4
20:46:37,1.75e-05,updating pe:oe real =272:272, current phi: new phi  =335.87:324.105
20:46:37,1.87e-05,updating pe:oe real =273:273, current phi: new phi  =368.055:365.543
20:46:37,1.75e-05,updating pe:oe real =274:274, current phi: new phi  =340.089:335.277
20:46:37,1.87e-05,updating pe:oe real =276:276, current phi: new phi  =370.336:354.789
20:46:37,1.88e-05,updating pe:oe real =277:277, current phi: new phi  =348.488:324.737
20:46:37,1.73e-05,updating pe:oe real =278:278, current phi: new phi  =362.941:359.415
20:46:37,1.86e-05,updating pe:oe real =279:279, current phi: new phi  =341.317:326.449
20:46:37,1.79e-05,updating pe:oe real =280:280, current phi: new phi  =281.91:281.455
20:46:37,1.92e-05,updating pe:oe real =282:282, current phi: new phi  =336.547:334.545
20:46:37,1.94e-05,updating pe:oe real =283:283, current phi: new phi  =373.39:369.479
20:46:37,1.72e-05,updating pe:oe real =284:284, current phi: new phi  =355.661:337.944
20:46:37,1.84e-05,updating pe:oe real =285:285, current phi: new phi  =366.345:355.059
20:46:37,1.75e-05,updating pe:oe real =286:286, current phi: new phi  =387.041:374.009
20:46:37,1.89e-05,updating pe:oe real =287:287, current phi: new phi  =385.185:382.89
20:46:37,1.8e-05,updating pe:oe real =288:288, current phi: new phi  =460.417:332.917
20:46:37,1.96e-05,updating pe:oe real =289:289, current phi: new phi  =437.216:342.469
20:46:37,1.64e-05,updating pe:oe real =290:290, current phi: new phi  =405.674:390.724
20:46:37,1.99e-05,updating pe:oe real =291:291, current phi: new phi  =356.399:350.634
20:46:37,1.65e-05,updating pe:oe real =292:292, current phi: new phi  =393.101:390.722
20:46:37,1.96e-05,updating pe:oe real =293:293, current phi: new phi  =368.288:367.665
20:46:37,1.72e-05,updating pe:oe real =294:294, current phi: new phi  =364.833:360.392
20:46:37,1.87e-05,updating pe:oe real =295:295, current phi: new phi  =338.857:333.152
20:46:37,1.78e-05,updating pe:oe real =296:296, current phi: new phi  =337.319:319.465
20:46:37,1.93e-05,updating pe:oe real =297:297, current phi: new phi  =377.549:375.574
20:46:37,1.78e-05,updating pe:oe real =299:299, current phi: new phi  =381.156:375.071
20:46:37,2.06e-05,updating pe:oe real =300:300, current phi: new phi  =327.146:318.452
20:46:37,1.95e-05,updating pe:oe real =301:301, current phi: new phi  =376.043:371.836
20:46:37,1.74e-05,updating pe:oe real =302:302, current phi: new phi  =497.951:318.377
20:46:37,2.03e-05,updating pe:oe real =303:303, current phi: new phi  =318.331:313.153
20:46:37,1.67e-05,updating pe:oe real =304:304, current phi: new phi  =342.706:338.109
20:46:37,2.03e-05,updating pe:oe real =305:305, current phi: new phi  =374.748:367.54
20:46:37,1.7e-05,updating pe:oe real =306:306, current phi: new phi  =393.645:358.11
20:46:37,1.99e-05,updating pe:oe real =308:308, current phi: new phi  =358.49:343.674
20:46:37,2.09e-05,updating pe:oe real =309:309, current phi: new phi  =394.793:368.32
20:46:37,1.73e-05,updating pe:oe real =310:310, current phi: new phi  =400.672:389.795
20:46:37,2.14e-05,updating pe:oe real =311:311, current phi: new phi  =408.941:383.414
20:46:37,1.87e-05,updating pe:oe real =312:312, current phi: new phi  =356.902:353.301
20:46:37,1.95e-05,updating pe:oe real =314:314, current phi: new phi  =396.31:391.635
20:46:37,2.11e-05,updating pe:oe real =316:316, current phi: new phi  =333.672:326.922
20:46:37,2.03e-05,updating pe:oe real =317:317, current phi: new phi  =314.349:311.265
20:46:37,1.69e-05,updating pe:oe real =318:318, current phi: new phi  =348.591:341.794
20:46:37,2.03e-05,updating pe:oe real =319:319, current phi: new phi  =402.65:388.347
20:46:37,1.96e-05,updating pe:oe real =320:320, current phi: new phi  =355.875:348.074
20:46:37,2.02e-05,updating pe:oe real =321:321, current phi: new phi  =317.554:305.872
20:46:37,1.83e-05,updating pe:oe real =322:322, current phi: new phi  =346.885:328.336
20:46:37,2.62e-05,updating pe:oe real =323:323, current phi: new phi  =329.967:326.296
20:46:37,1.74e-05,updating pe:oe real =324:324, current phi: new phi  =339.354:336.143
20:46:37,2.19e-05,updating pe:oe real =325:325, current phi: new phi  =341.487:334.475
20:46:37,1.67e-05,updating pe:oe real =326:326, current phi: new phi  =333.611:330.158
20:46:37,1.99e-05,updating pe:oe real =327:327, current phi: new phi  =349.423:345.093
20:46:37,1.84e-05,updating pe:oe real =328:328, current phi: new phi  =295.228:292.278
20:46:37,2.05e-05,updating pe:oe real =329:329, current phi: new phi  =301.414:291.485
20:46:37,1.78e-05,updating pe:oe real =330:330, current phi: new phi  =400.002:398.435
20:46:37,2.03e-05,updating pe:oe real =331:331, current phi: new phi  =352.966:349.043
20:46:37,1.67e-05,updating pe:oe real =332:332, current phi: new phi  =363.923:354.831
20:46:37,2.02e-05,updating pe:oe real =333:333, current phi: new phi  =358.842:353.138
20:46:37,1.68e-05,updating pe:oe real =334:334, current phi: new phi  =322.375:322.357
20:46:37,2.05e-05,updating pe:oe real =336:336, current phi: new phi  =488.227:398.907
20:46:37,2.11e-05,updating pe:oe real =337:337, current phi: new phi  =333.429:331.163
20:46:37,1.7e-05,updating pe:oe real =338:338, current phi: new phi  =331.823:327.501
20:46:37,1.95e-05,updating pe:oe real =339:339, current phi: new phi  =320.93:318.835
20:46:37,1.87e-05,updating pe:oe real =340:340, current phi: new phi  =316.813:314.277
20:46:37,2.02e-05,updating pe:oe real =341:341, current phi: new phi  =351.309:349.535
20:46:37,1.66e-05,updating pe:oe real =342:342, current phi: new phi  =304.334:298.624
20:46:37,2.06e-05,updating pe:oe real =343:343, current phi: new phi  =349.896:347.967
20:46:37,1.74e-05,updating pe:oe real =344:344, current phi: new phi  =305.579:303.106
20:46:37,1.91e-05,updating pe:oe real =345:345, current phi: new phi  =311.524:307.949
20:46:37,1.86e-05,updating pe:oe real =346:346, current phi: new phi  =355.79:351.337
20:46:37,1.93e-05,updating pe:oe real =347:347, current phi: new phi  =348.673:345.791
20:46:37,1.82e-05,updating pe:oe real =348:348, current phi: new phi  =312.335:310.216
20:46:37,2.03e-05,updating pe:oe real =349:349, current phi: new phi  =311.976:303.498
20:46:37,1.71e-05,updating pe:oe real =350:350, current phi: new phi  =328.467:317.839
20:46:37,2.07e-05,updating pe:oe real =351:351, current phi: new phi  =321.64:315.994
20:46:37,1.86e-05,updating pe:oe real =352:352, current phi: new phi  =347.743:340.649
20:46:37,1.95e-05,updating pe:oe real =353:353, current phi: new phi  =372.141:369.37
20:46:37,1.82e-05,updating pe:oe real =354:354, current phi: new phi  =334.338:333.757
20:46:37,2.01e-05,updating pe:oe real =355:355, current phi: new phi  =375.089:370.743
20:46:37,1.71e-05,updating pe:oe real =356:356, current phi: new phi  =319.275:316.165
20:46:37,2.07e-05,updating pe:oe real =357:357, current phi: new phi  =380.169:374.161
20:46:37,1.8e-05,updating pe:oe real =358:358, current phi: new phi  =360.79:335.462
20:46:37,1.99e-05,updating pe:oe real =359:359, current phi: new phi  =394.697:376.274
20:46:37,1.97e-05,updating pe:oe real =363:363, current phi: new phi  =350.878:343.35
20:46:37,2.3e-05,updating pe:oe real =364:364, current phi: new phi  =331.266:319.277
20:46:37,2.02e-05,updating pe:oe real =366:366, current phi: new phi  =356.577:350.829
20:46:37,2.13e-05,updating pe:oe real =367:367, current phi: new phi  =311.234:297.685
20:46:37,1.74e-05,updating pe:oe real =368:368, current phi: new phi  =385.067:381.487
20:46:37,2.02e-05,updating pe:oe real =369:369, current phi: new phi  =290.827:288.812
20:46:37,1.88e-05,updating pe:oe real =370:370, current phi: new phi  =321.881:317.83
20:46:37,2.03e-05,updating pe:oe real =372:372, current phi: new phi  =406.739:371.585
20:46:37,2.05e-05,updating pe:oe real =373:373, current phi: new phi  =374.306:370.71
20:46:37,1.95e-05,updating pe:oe real =374:374, current phi: new phi  =331.198:325.444
20:46:37,1.95e-05,updating pe:oe real =375:375, current phi: new phi  =391.046:374.647
20:46:37,1.89e-05,updating pe:oe real =376:376, current phi: new phi  =395.739:388.593
20:46:37,2.05e-05,updating pe:oe real =377:377, current phi: new phi  =370.755:362.266
20:46:37,1.71e-05,updating pe:oe real =378:378, current phi: new phi  =388.428:382.197
20:46:37,2.21e-05,updating pe:oe real =379:379, current phi: new phi  =372.493:346.19
20:46:37,1.92e-05,updating pe:oe real =380:380, current phi: new phi  =332.829:330.16
20:46:37,2.03e-05,updating pe:oe real =382:382, current phi: new phi  =353.526:346.741
20:46:37,2.08e-05,updating pe:oe real =383:383, current phi: new phi  =326.503:328.693
20:46:37,1.83e-05,updating pe:oe real =384:384, current phi: new phi  =319.672:313.731
20:46:37,2.22e-05,updating pe:oe real =385:385, current phi: new phi  =362.511:359.276
20:46:37,1.98e-05,updating pe:oe real =386:386, current phi: new phi  =318.015:311.173
20:46:37,2.09e-05,updating pe:oe real =387:387, current phi: new phi  =328.824:322.398
20:46:37,1.76e-05,updating pe:oe real =388:388, current phi: new phi  =352.469:351.228
20:46:37,2.15e-05,updating pe:oe real =389:389, current phi: new phi  =338.735:337.579
20:46:37,1.8e-05,updating pe:oe real =390:390, current phi: new phi  =352.622:346.699
20:46:37,1.97e-05,updating pe:oe real =391:391, current phi: new phi  =399.511:397.743
20:46:37,1.94e-05,updating pe:oe real =392:392, current phi: new phi  =363.639:357.342
20:46:37,2.01e-05,updating pe:oe real =393:393, current phi: new phi  =325.521:317.764
20:46:37,1.76e-05,updating pe:oe real =394:394, current phi: new phi  =361.229:358.169
20:46:37,2.22e-05,updating pe:oe real =395:395, current phi: new phi  =418.667:412.11
20:46:37,1.81e-05,updating pe:oe real =397:397, current phi: new phi  =359.735:354.731
20:46:37,2e-05,updating pe:oe real =398:398, current phi: new phi  =364.257:350.086
20:46:37,2.22e-05,updating pe:oe real =399:399, current phi: new phi  =412.778:388.418
20:46:37,1.87e-05,updating pe:oe real =400:400, current phi: new phi  =342.95:329.648
20:46:37,1.96e-05,updating pe:oe real =401:401, current phi: new phi  =410.856:405.219
20:46:37,1.89e-05,updating pe:oe real =402:402, current phi: new phi  =362.615:357.112
20:46:37,2.04e-05,updating pe:oe real =403:403, current phi: new phi  =364.596:362.019
20:46:37,1.85e-05,updating pe:oe real =404:404, current phi: new phi  =364.603:362.066
20:46:37,2.15e-05,updating pe:oe real =405:405, current phi: new phi  =361.43:350.391
20:46:37,1.75e-05,updating pe:oe real =406:406, current phi: new phi  =443.186:313.469
20:46:37,2.06e-05,updating pe:oe real =407:407, current phi: new phi  =330.697:328.603
20:46:37,1.89e-05,updating pe:oe real =408:408, current phi: new phi  =354.108:349.328
20:46:37,1.97e-05,updating pe:oe real =409:409, current phi: new phi  =303.1:300.294
20:46:37,1.96e-05,updating pe:oe real =411:411, current phi: new phi  =372.09:370.322
20:46:37,2.16e-05,updating pe:oe real =412:412, current phi: new phi  =356.116:354.828
20:46:37,2.03e-05,updating pe:oe real =413:413, current phi: new phi  =400.973:402.446
20:46:37,1.87e-05,updating pe:oe real =414:414, current phi: new phi  =360.987:359.011
20:46:37,2.48e-05,updating pe:oe real =415:415, current phi: new phi  =346.171:342.963
20:46:37,1.86e-05,updating pe:oe real =416:416, current phi: new phi  =377.767:364.876
20:46:37,2.01e-05,updating pe:oe real =417:417, current phi: new phi  =339.139:336.035
20:46:37,2e-05,updating pe:oe real =419:419, current phi: new phi  =344.07:324.809
20:46:37,2.06e-05,updating pe:oe real =421:421, current phi: new phi  =331.965:328.773
20:46:37,2.04e-05,updating pe:oe real =422:422, current phi: new phi  =313.566:312.324
20:46:37,2.21e-05,updating pe:oe real =423:423, current phi: new phi  =359.845:348.538
20:46:37,1.79e-05,updating pe:oe real =424:424, current phi: new phi  =369.801:366.142
20:46:37,2.05e-05,updating pe:oe real =425:425, current phi: new phi  =295.494:292.911
20:46:37,1.98e-05,updating pe:oe real =428:428, current phi: new phi  =370.452:366.074
20:46:37,2.07e-05,updating pe:oe real =429:429, current phi: new phi  =361.452:348.73
20:46:37,1.92e-05,updating pe:oe real =430:430, current phi: new phi  =334.421:331.905
20:46:37,2.32e-05,updating pe:oe real =432:432, current phi: new phi  =365.652:362.823
20:46:37,2.02e-05,updating pe:oe real =433:433, current phi: new phi  =354.668:345.828
20:46:37,1.8e-05,updating pe:oe real =434:434, current phi: new phi  =405.453:373.384
20:46:37,2.24e-05,updating pe:oe real =435:435, current phi: new phi  =436.148:347.825
20:46:37,1.77e-05,updating pe:oe real =436:436, current phi: new phi  =329.869:325.927
20:46:37,2.12e-05,updating pe:oe real =437:437, current phi: new phi  =374.731:368.895
20:46:37,2.05e-05,updating pe:oe real =438:438, current phi: new phi  =388.826:378.293
20:46:37,2.75e-05,updating pe:oe real =439:439, current phi: new phi  =340.936:338.819
20:46:37,1.85e-05,updating pe:oe real =440:440, current phi: new phi  =385.125:374.28
20:46:37,2.11e-05,updating pe:oe real =441:441, current phi: new phi  =366.88:363.918
20:46:37,2e-05,updating pe:oe real =442:442, current phi: new phi  =361.262:358.278
20:46:37,2.15e-05,updating pe:oe real =444:444, current phi: new phi  =394.766:386.837
20:46:37,2.09e-05,updating pe:oe real =445:445, current phi: new phi  =320.128:309.608
20:46:37,2.07e-05,updating pe:oe real =446:446, current phi: new phi  =335.458:330.993
20:46:37,2.06e-05,updating pe:oe real =447:447, current phi: new phi  =357.13:350.456
20:46:37,1.78e-05,updating pe:oe real =448:448, current phi: new phi  =295.235:295.414
20:46:37,2.17e-05,updating pe:oe real =449:449, current phi: new phi  =345.081:332.728
20:46:37,1.94e-05,updating pe:oe real =450:450, current phi: new phi  =401.616:369.651
20:46:37,2.05e-05,updating pe:oe real =451:451, current phi: new phi  =279.502:278.33
20:46:37,2.15e-05,updating pe:oe real =452:452, current phi: new phi  =314.973:313.286
20:46:37,2.28e-05,updating pe:oe real =453:453, current phi: new phi  =438.461:407.301
20:46:37,1.88e-05,updating pe:oe real =455:455, current phi: new phi  =357.357:344.899
20:46:37,2.1e-05,updating pe:oe real =456:456, current phi: new phi  =362.19:352.058
20:46:37,2.37e-05,updating pe:oe real =457:457, current phi: new phi  =359.409:355.824
20:46:37,2.05e-05,updating pe:oe real =458:458, current phi: new phi  =353.586:351.033
20:46:37,2.35e-05,updating pe:oe real =459:459, current phi: new phi  =341.758:337.417
20:46:37,2.37e-05,updating pe:oe real =460:460, current phi: new phi  =339.854:332.938
20:46:37,2.48e-05,updating pe:oe real =461:461, current phi: new phi  =341.607:339.868
20:46:37,2.32e-05,updating pe:oe real =462:462, current phi: new phi  =323.702:312.99
20:46:37,2.85e-05,updating pe:oe real =463:463, current phi: new phi  =349.22:335.73
20:46:37,2.38e-05,updating pe:oe real =464:464, current phi: new phi  =402.537:400.289
20:46:37,2.54e-05,updating pe:oe real =465:465, current phi: new phi  =381.821:356.958
20:46:37,2.78e-05,updating pe:oe real =466:466, current phi: new phi  =375.495:370.792
20:46:37,2.75e-05,updating pe:oe real =467:467, current phi: new phi  =321.893:309.998
20:46:37,2.32e-05,updating pe:oe real =469:469, current phi: new phi  =293.69:285.028
20:46:37,3.03e-05,updating pe:oe real =470:470, current phi: new phi  =324.748:318.442
20:46:37,4.39e-05,updating pe:oe real =472:472, current phi: new phi  =380.001:370.387
20:46:37,2.9e-05,updating pe:oe real =473:473, current phi: new phi  =321.343:315.595
20:46:37,2.28e-05,updating pe:oe real =474:474, current phi: new phi  =350.661:349.142
20:46:37,2.8e-05,updating pe:oe real =475:475, current phi: new phi  =321.118:319.327
20:46:37,2.51e-05,updating pe:oe real =476:476, current phi: new phi  =362.033:359.846
20:46:37,2.56e-05,updating pe:oe real =477:477, current phi: new phi  =334.295:329.269
20:46:37,2.58e-05,updating pe:oe real =478:478, current phi: new phi  =338.434:335.292
20:46:37,2.83e-05,updating pe:oe real =479:479, current phi: new phi  =411.596:404.498
20:46:37,2.41e-05,updating pe:oe real =481:481, current phi: new phi  =349.221:346.463
20:46:37,2.73e-05,updating pe:oe real =482:482, current phi: new phi  =327.809:324.167
20:46:37,2.89e-05,updating pe:oe real =483:483, current phi: new phi  =447.959:445.456
20:46:37,2.42e-05,updating pe:oe real =484:484, current phi: new phi  =304.753:294.519
20:46:37,2.51e-05,updating pe:oe real =485:485, current phi: new phi  =386.903:380.965
20:46:37,2.41e-05,updating pe:oe real =486:486, current phi: new phi  =321.822:315.63
20:46:37,2.6e-05,updating pe:oe real =487:487, current phi: new phi  =339.4:333.871
20:46:37,2.63e-05,updating pe:oe real =488:488, current phi: new phi  =343.033:337.233
20:46:37,2.88e-05,updating pe:oe real =490:490, current phi: new phi  =350.769:349.873
20:46:37,2.59e-05,updating pe:oe real =491:491, current phi: new phi  =372.223:370.584
20:46:37,2.33e-05,updating pe:oe real =492:492, current phi: new phi  =381.755:379.08
20:46:37,2.83e-05,updating pe:oe real =493:493, current phi: new phi  =374.243:371.834
20:46:37,2.42e-05,updating pe:oe real =494:494, current phi: new phi  =332.568:330.828
20:46:37,2.57e-05,updating pe:oe real =495:495, current phi: new phi  =360.971:356.74
20:46:37,2.52e-05,updating pe:oe real =496:496, current phi: new phi  =342.803:337.487
20:46:37,2.4e-05,updating pe:oe real =497:497, current phi: new phi  =372.829:347.207
20:46:37,2.04e-05,updating pe:oe real =499:499, current phi: new phi  =356.001:341.209
20:46:37,2.52e-05,updating pe:oe real =500:500, current phi: new phi  =319.695:315.348
20:46:37,2.6e-05,updating pe:oe real =501:501, current phi: new phi  =359.639:352.2
20:46:37,2.12e-05,updating pe:oe real =502:502, current phi: new phi  =333.442:325.051
20:46:37,2.29e-05,updating pe:oe real =503:503, current phi: new phi  =375.842:365.764
20:46:37,2.25e-05,updating pe:oe real =504:504, current phi: new phi  =468.639:448.648
20:46:37,2.48e-05,updating pe:oe real =505:505, current phi: new phi  =325.117:318.196
20:46:37,1.98e-05,updating pe:oe real =506:506, current phi: new phi  =360.667:354.338
20:46:37,2.48e-05,updating pe:oe real =507:507, current phi: new phi  =309.478:308.828
20:46:37,2.22e-05,updating pe:oe real =508:508, current phi: new phi  =371.554:368.226
20:46:37,2.27e-05,updating pe:oe real =509:509, current phi: new phi  =389.079:381.404
20:46:37,2.19e-05,updating pe:oe real =510:510, current phi: new phi  =333.319:329.958
20:46:37,2.52e-05,updating pe:oe real =511:511, current phi: new phi  =356.798:347.158
20:46:37,2.09e-05,updating pe:oe real =512:512, current phi: new phi  =342.853:340.005
20:46:37,2.33e-05,updating pe:oe real =515:515, current phi: new phi  =337.877:332.783
20:46:37,2.54e-05,updating pe:oe real =516:516, current phi: new phi  =337.804:335.972
20:46:37,2.53e-05,updating pe:oe real =517:517, current phi: new phi  =380.747:377.97
20:46:37,2.1e-05,updating pe:oe real =518:518, current phi: new phi  =353.251:346.117
20:46:37,2.72e-05,updating pe:oe real =519:519, current phi: new phi  =400.718:371.262
20:46:37,2.45e-05,updating pe:oe real =520:520, current phi: new phi  =345.987:334.135
20:46:37,2.54e-05,updating pe:oe real =521:521, current phi: new phi  =344.709:337.662
20:46:37,2.08e-05,updating pe:oe real =522:522, current phi: new phi  =344.598:341.002
20:46:37,2.65e-05,updating pe:oe real =523:523, current phi: new phi  =438.953:428.757
20:46:37,2.39e-05,updating pe:oe real =524:524, current phi: new phi  =409.054:407.335
20:46:37,2.4e-05,updating pe:oe real =525:525, current phi: new phi  =358.341:354.821
20:46:37,2.15e-05,updating pe:oe real =526:526, current phi: new phi  =328.131:312.307
20:46:37,2.54e-05,updating pe:oe real =527:527, current phi: new phi  =389.488:370.369
20:46:37,2.32e-05,updating pe:oe real =528:528, current phi: new phi  =340.817:338.065
20:46:37,2.27e-05,updating pe:oe real =529:529, current phi: new phi  =385.238:364.077
20:46:37,2.13e-05,updating pe:oe real =530:530, current phi: new phi  =332.028:328.692
20:46:37,3.25e-05,updating pe:oe real =531:531, current phi: new phi  =404.104:391.924
20:46:37,2.39e-05,updating pe:oe real =532:532, current phi: new phi  =318.365:315.788
20:46:37,2.33e-05,updating pe:oe real =533:533, current phi: new phi  =353.931:353.228
20:46:37,2.04e-05,updating pe:oe real =535:535, current phi: new phi  =392.5:386.444
20:46:37,2.51e-05,updating pe:oe real =536:536, current phi: new phi  =421.948:409.056
20:46:37,2.56e-05,updating pe:oe real =537:537, current phi: new phi  =349.598:342.461
20:46:37,2.14e-05,updating pe:oe real =539:539, current phi: new phi  =408.673:401.984
20:46:37,2.34e-05,updating pe:oe real =540:540, current phi: new phi  =318.483:311.702
20:46:37,2.69e-05,updating pe:oe real =542:542, current phi: new phi  =328.054:324.955
20:46:37,2.64e-05,updating pe:oe real =543:543, current phi: new phi  =352.116:344.504
20:46:37,2.14e-05,updating pe:oe real =544:544, current phi: new phi  =347.873:346.858
20:46:37,2.38e-05,updating pe:oe real =545:545, current phi: new phi  =372.726:366.864
20:46:37,2.45e-05,updating pe:oe real =546:546, current phi: new phi  =366.967:350.535
20:46:37,2.54e-05,updating pe:oe real =548:548, current phi: new phi  =334.856:334.007
20:46:37,2.38e-05,updating pe:oe real =BASE:BASE, current phi: new phi  =68.2704:61.97
20:46:37,0.0225735,current best mean phi (after updating reduced-phi reals):  351.645
20:46:37,0.000231,updating lambda to  0.421875
20:46:38,1.07666,phi-based termination criteria check
20:46:38,0.0004012,phiredstp:  0.01
20:46:38,0.0002973,nphistp:  3
20:46:38,0.0002553,nphinored (also used for consecutive bad lambda cycles):  3
20:46:38,0.0003688,best mean phi sequence: 
20:46:38,0.0003955,best phi yet:  351.645
20:46:38,0.0003935,number of consecutive bad lambda testing cycles:  0
20:46:38,0.0003236,number of iterations satisfying phiredstp criteria:  1
20:46:38,0.0003374,number of iterations since best yet mean phi:  0
