real_name,flow_200301_sim,flow_200302_sim,flow_200303_sim,flow_200304_sim,flow_200305_sim,flow_200306_sim,flow_200307_sim,flow_200308_sim,flow_200309_sim,flow_200310_sim,flow_200311_sim,flow_200312_sim,flow_200401_sim,flow_200402_sim,flow_200403_sim,flow_200404_sim,flow_200405_sim,flow_200406_sim,flow_200407_sim,flow_200408_sim,flow_200409_sim,flow_200410_sim,flow_200411_sim,flow_200412_sim,flow_200501_sim,flow_200502_sim,flow_200503_sim,flow_200504_sim,flow_200505_sim,flow_200506_sim,flow_200507_sim,flow_200508_sim,flow_200509_sim,flow_200510_sim,flow_200511_sim,flow_200512_sim,flow_200601_sim,flow_200602_sim,flow_200603_sim,flow_200604_sim,flow_200605_sim,flow_200606_sim,flow_200607_sim,flow_200608_sim,flow_200609_sim,flow_200610_sim,flow_200611_sim,flow_200612_sim,flow_200701_sim,flow_200702_sim,flow_200703_sim,flow_200704_sim,flow_200705_sim,flow_200706_sim,flow_200707_sim,flow_200708_sim,flow_200709_sim,flow_200710_sim,flow_200711_sim,flow_200712_sim,flow_200801_sim,flow_200802_sim,flow_200803_sim,flow_200804_sim,flow_200805_sim,flow_200806_sim,flow_200807_sim,flow_200808_sim,flow_200809_sim,flow_200810_sim,flow_200811_sim,flow_200812_sim,flow_200901_sim,flow_200902_sim,flow_200903_sim,flow_200904_sim,flow_200905_sim,flow_200906_sim,flow_200907_sim,flow_200908_sim,flow_200909_sim,flow_200910_sim,flow_200911_sim,flow_200912_sim,flow_201001_sim,flow_201002_sim,flow_201003_sim,flow_201004_sim,flow_201005_sim,flow_201006_sim,flow_201007_sim,flow_201008_sim,flow_201009_sim,flow_201010_sim,flow_201011_sim,flow_201012_sim,flow_201101_sim,flow_201102_sim,flow_201103_sim,flow_201104_sim,flow_201105_sim,flow_201106_sim,flow_201107_sim,flow_201108_sim,flow_201109_sim,flow_201110_sim,flow_201111_sim,flow_201112_sim,flow_201201_sim,flow_201202_sim,flow_201203_sim,flow_201204_sim,flow_201205_sim,flow_201206_sim,flow_201207_sim,flow_201208_sim,flow_201209_sim,flow_201210_sim,flow_201211_sim,flow_201212_sim,flow_201301_sim,flow_201302_sim,flow_201303_sim,flow_201304_sim,flow_201305_sim,flow_201306_sim,flow_201307_sim,flow_201308_sim,flow_201309_sim,flow_201310_sim,flow_201311_sim,flow_201312_sim,flow_201401_sim,flow_201402_sim,flow_201403_sim,flow_201404_sim,flow_201405_sim,flow_201406_sim,flow_201407_sim,flow_201408_sim,flow_201409_sim,flow_201410_sim,flow_201411_sim,flow_201412_sim,flow_201501_sim,flow_201502_sim,flow_201503_sim,flow_201504_sim,flow_201505_sim,flow_201506_sim,flow_201507_sim,flow_201508_sim,flow_201509_sim,flow_201510_sim,flow_201511_sim,flow_201512_sim,flow_201601_sim,flow_201602_sim,flow_201603_sim,flow_201604_sim,flow_201605_sim,flow_201606_sim,flow_201607_sim,flow_201608_sim,flow_201609_sim,flow_201610_sim,flow_201611_sim,flow_201612_sim,flow_201701_sim,flow_201702_sim,flow_201703_sim,flow_201704_sim,flow_201705_sim,flow_201706_sim,flow_201707_sim,flow_201708_sim,flow_201709_sim,flow_201710_sim,flow_201711_sim,flow_201712_sim,flow_201801_sim,flow_201802_sim,flow_201803_sim,flow_201804_sim,flow_201805_sim,flow_201806_sim,flow_201807_sim,flow_201808_sim,flow_201809_sim,flow_201810_sim,flow_201811_sim,flow_201812_sim,flow_201901_sim,flow_201902_sim,flow_201903_sim,flow_201904_sim,flow_201905_sim,flow_201906_sim,flow_201907_sim,flow_201908_sim,flow_201909_sim,flow_201910_sim,flow_201911_sim,flow_201912_sim,flow_202001_sim,flow_202002_sim,flow_202003_sim,flow_202004_sim,flow_202005_sim,flow_202006_sim,flow_202007_sim,flow_202008_sim,flow_202009_sim,flow_202010_sim,flow_202011_sim,flow_202012_sim,flow_202101_sim,flow_202102_sim,flow_202103_sim,flow_202104_sim,flow_202105_sim,flow_202106_sim,flow_202107_sim,flow_202108_sim,flow_202109_sim,flow_202110_sim,flow_202111_sim,flow_202112_sim,flow_202201_sim,flow_202202_sim,flow_202203_sim,flow_202204_sim,flow_202205_sim,flow_202206_sim,flow_202207_sim,flow_202208_sim,flow_202209_sim,flow_202210_sim,flow_202211_sim,flow_202212_sim,flow_202301_sim,flow_202302_sim,flow_202303_sim,flow_202304_sim,flow_202305_sim,flow_202306_sim,flow_202307_sim,flow_202308_sim,flow_202309_sim,flow_202310_sim,flow_202311_sim,flow_202312_sim,head_w001_sim,head_w002_sim,head_w003_sim,head_w004_sim,head_w005_sim,head_w006_sim,head_w007_sim,head_w008_sim,head_w009_sim,head_w010_sim,head_w011_sim,head_w012_sim,head_w013_sim,head_w014_sim,head_w015_sim,head_w016_sim,head_w017_sim,head_w018_sim,head_w019_sim,head_w020_sim,head_w021_sim,head_w022_sim,head_w023_sim,head_w024_sim,head_w025_sim,head_w026_sim,head_w027_sim,head_w028_sim,head_w029_sim,head_w030_sim,head_w031_sim,head_w032_sim,head_w033_sim,head_w034_sim,head_w035_sim,head_w036_sim,head_w037_sim,head_w038_sim,head_w039_sim,head_w040_sim,head_w041_sim,head_w042_sim,head_w043_sim,head_w044_sim,head_w045_sim,head_w046_sim,head_w047_sim,head_w048_sim,head_w049_sim,head_w050_sim,head_w051_sim,head_w052_sim,head_w053_sim,head_w054_sim,head_w055_sim,head_w056_sim,head_w057_sim,head_w058_sim,head_w059_sim,head_w060_sim,head_w061_sim,head_w062_sim,head_w063_sim,head_w064_sim,head_w065_sim,head_w066_sim,head_w067_sim,head_w068_sim,head_w069_sim,head_w070_sim,head_w071_sim,head_w072_sim,head_w073_sim,head_w074_sim,head_w075_sim,head_w076_sim,head_w077_sim,head_w078_sim,head_w079_sim,head_w080_sim,head_w081_sim,head_w082_sim,head_w083_sim,head_w084_sim,head_w085_sim
0,0.0820143,0.11374,0.0367026,0.0962742,0.0538996,0.0687191,0.034965,0.0945984,0.0514721,0.105108,0.0621504,0.0503499,0.0325786,0.0630159,0.0788955,0.0941265,0.052263,0.0434802,0.164799,0.273523,0.506329,0.419639,0.179083,0.134066,0.0150852,0.0513822,0.0740686,0.0533305,0.0866176,0.178253,0.195198,0.430663,0.153681,0.153752,0.0795735,0.074173,0.0624142,0.0674218,0.052615,0.0750413,0.0820143,0.0647962,0.125047,0.24558,0.19425,0.059453,0.0901551,0.0393701,0.0276978,0.0830358,0.0195542,0.0506817,0.1386,0.23912,0.318674,0.370508,0.418936,0.390472,0.223364,0.0462107,0.0525597,0.034965,0.0169782,0.0539229,0.0527176,0.0371154,0.093301,0.322165,0.447427,0.513875,0.508906,0.101533,0.222222,0.0505433,0.15873,0.0670107,0.0576834,0.131285,0.219732,0.259875,0.39032,0.195848,0.241546,0.0935279,0.0931793,0.143968,0.0289226,0.0895175,0.073497,0.0503271,0.178348,0.379219,0.673401,0.656168,0.308166,0.199084,0.192976,0.046013,0.0230516,0.0187645,0.0232488,0.0825083,0.222222,0.354484,0.158781,0.10627,0.0451243,0.0217188,0.0326083,0.0831532,0.0808146,0.16518,0.085859,0.263366,0.419287,0.494071,0.347584,0.253872,0.283447,0.131182,0.0475308,0.0913492,0.0442263,0.0418813,0.107701,0.131475,0.088308,0.300842,0.386997,0.17449,0.119717,0.0340217,0.0630279,0.0455789,0.0750244,0.0319591,0.0540979,0.0566926,0.174125,0.257798,0.350018,0.430108,0.344234,0.15758,0.0883939,0.143205,0.040808,0.039353,0.143205,0.0361533,0.04004,0.173974,0.358551,0.283206,0.203666,0.0468494,0.061512,0.0529381,0.039582,0.0660197,0.11443,0.207598,0.322477,0.268745,0.292826,0.270197,0.443853,0.145518,0.0500075,0.106056,0.0512111,0.068055,0.0319877,0.0719528,0.0474856,0.24558,0.314762,0.252589,0.0411828,0.162655,0.0591331,0.0272702,0.0426348,0.0267537,0.119303,0.0942951,0.208855,0.198728,0.0647878,0.224366,0.0348614,0.0434329,0.0328818,0.0201223,0.0451651,0.032699,0.0344199,0.0336973,0.122835,0.254065,0.421585,0.429553,0.335008,0.183251,0.0444089,0.0550752,0.0301832,0.0697788,0.0428522,0.142005,0.263574,0.279799,0.307314,0.20145,0.1167,0.14806,0.0911577,0.087804,0.0400432,0.134481,0.0629366,0.0701361,0.0858811,0.286615,0.206398,0.122669,0.141024,0.0486098,0.0562082,0.0269165,0.0355353,0.0641601,0.043416,0.0714031,0.115634,0.282486,0.221828,0.473709,0.432713,0.438212,0.112752,0.134989,0.0310049,0.066569,0.0864902,0.151103,0.174825,0.263574,0.540833,0.526593,0.477783,0.460193,0.464103,0.464103,0.464103,0.464103,0.464103,0.464103,0.464103,0.464103,0.464103,0.464103,0.464103,0.464103,0.464103,0.464103,0.464103,0.464103,0.464103,0.464103,0.464103,0.464103,0.464103,0.464103,0.464103,0.464103,0.464103,0.464103,0.464103,0.464103,0.464103,0.464103,0.464103,0.464103,0.464103,0.464103,0.464103,0.464103,0.464103,0.464103,0.464103,0.464103,0.464103,0.464103,0.464103,0.464103,0.464103,0.464103,0.464103,0.464103,0.464103,0.464103,0.464103,0.464103,0.464103,0.464103,0.464103,0.464103,0.464103,0.464103,0.464103,0.464103,0.464103,0.464103,0.464103,0.464103,0.464103,0.464103,0.464103,0.464103,0.464103,0.464103,0.464103,0.464103,0.464103,0.464103,0.464103,0.464103,0.464103,0.464103,0.464103,0.464103,0.464103,0.464103,0.464103,0.464103,0.464103
1,0.0820143,0.11374,0.0367026,0.0962742,0.0538996,0.0687191,0.034965,0.0945984,0.0514721,0.105108,0.0621504,0.0503499,0.0325786,0.0630159,0.0788955,0.0941265,0.052263,0.0434802,0.164799,0.273523,0.506329,0.419639,0.179083,0.134066,0.0150852,0.0513822,0.0740686,0.0533305,0.0866176,0.178253,0.195198,0.430663,0.153681,0.153752,0.0795735,0.074173,0.0624142,0.0674218,0.052615,0.0750413,0.0820143,0.0647962,0.125047,0.24558,0.19425,0.059453,0.0901551,0.0393701,0.0276978,0.0830358,0.0195542,0.0506817,0.1386,0.23912,0.318674,0.370508,0.418936,0.390472,0.223364,0.0462107,0.0525597,0.034965,0.0169782,0.0539229,0.0527176,0.0371154,0.093301,0.322165,0.447427,0.513875,0.508906,0.101533,0.222222,0.0505433,0.15873,0.0670107,0.0576834,0.131285,0.219732,0.259875,0.39032,0.195848,0.241546,0.0935279,0.0931793,0.143968,0.0289226,0.0895175,0.073497,0.0503271,0.178348,0.379219,0.673401,0.656168,0.308166,0.199084,0.192976,0.046013,0.0230516,0.0187645,0.0232488,0.0825083,0.222222,0.354484,0.158781,0.10627,0.0451243,0.0217188,0.0326083,0.0831532,0.0808146,0.16518,0.085859,0.263366,0.419287,0.494071,0.347584,0.253872,0.283447,0.131182,0.0475308,0.0913492,0.0442263,0.0418813,0.107701,0.131475,0.088308,0.300842,0.386997,0.17449,0.119717,0.0340217,0.0630279,0.0455789,0.0750244,0.0319591,0.0540979,0.0566926,0.174125,0.257798,0.350018,0.430108,0.344234,0.15758,0.0883939,0.143205,0.040808,0.039353,0.143205,0.0361533,0.04004,0.173974,0.358551,0.283206,0.203666,0.0468494,0.061512,0.0529381,0.039582,0.0660197,0.11443,0.207598,0.322477,0.268745,0.292826,0.270197,0.443853,0.145518,0.0500075,0.106056,0.0512111,0.068055,0.0319877,0.0719528,0.0474856,0.24558,0.314762,0.252589,0.0411828,0.162655,0.0591331,0.0272702,0.0426348,0.0267537,0.119303,0.0942951,0.208855,0.198728,0.0647878,0.224366,0.0348614,0.0434329,0.0328818,0.0201223,0.0451651,0.032699,0.0344199,0.0336973,0.122835,0.254065,0.421585,0.429553,0.335008,0.183251,0.0444089,0.0550752,0.0301832,0.0697788,0.0428522,0.142005,0.263574,0.279799,0.307314,0.20145,0.1167,0.14806,0.0911577,0.087804,0.0400432,0.134481,0.0629366,0.0701361,0.0858811,0.286615,0.206398,0.122669,0.141024,0.0486098,0.0562082,0.0269165,0.0355353,0.0641601,0.043416,0.0714031,0.115634,0.282486,0.221828,0.473709,0.432713,0.438212,0.112752,0.134989,0.0310049,0.066569,0.0864902,0.151103,0.174825,0.263574,0.540833,0.526593,0.477783,0.460193,0.464103,0.464103,0.464103,0.464103,0.464103,0.464103,0.464103,0.464103,0.464103,0.464103,0.464103,0.464103,0.464103,0.464103,0.464103,0.464103,0.464103,0.464103,0.464103,0.464103,0.464103,0.464103,0.464103,0.464103,0.464103,0.464103,0.464103,0.464103,0.464103,0.464103,0.464103,0.464103,0.464103,0.464103,0.464103,0.464103,0.464103,0.464103,0.464103,0.464103,0.464103,0.464103,0.464103,0.464103,0.464103,0.464103,0.464103,0.464103,0.464103,0.464103,0.464103,0.464103,0.464103,0.464103,0.464103,0.464103,0.464103,0.464103,0.464103,0.464103,0.464103,0.464103,0.464103,0.464103,0.464103,0.464103,0.464103,0.464103,0.464103,0.464103,0.464103,0.464103,0.464103,0.464103,0.464103,0.464103,0.464103,0.464103,0.464103,0.464103,0.464103,0.464103,0.464103,0.464103,0.464103
2,0.0820143,0.11374,0.0367026,0.0962742,0.0538996,0.0687191,0.034965,0.0945984,0.0514721,0.105108,0.0621504,0.0503499,0.0325786,0.0630159,0.0788955,0.0941265,0.052263,0.0434802,0.164799,0.273523,0.506329,0.419639,0.179083,0.134066,0.0150852,0.0513822,0.0740686,0.0533305,0.0866176,0.178253,0.195198,0.430663,0.153681,0.153752,0.0795735,0.074173,0.0624142,0.0674218,0.052615,0.0750413,0.0820143,0.0647962,0.125047,0.24558,0.19425,0.059453,0.0901551,0.0393701,0.0276978,0.0830358,0.0195542,0.0506817,0.1386,0.23912,0.318674,0.370508,0.418936,0.390472,0.223364,0.0462107,0.0525597,0.034965,0.0169782,0.0539229,0.0527176,0.0371154,0.093301,0.322165,0.447427,0.513875,0.508906,0.101533,0.222222,0.0505433,0.15873,0.0670107,0.0576834,0.131285,0.219732,0.259875,0.39032,0.195848,0.241546,0.0935279,0.0931793,0.143968,0.0289226,0.0895175,0.073497,0.0503271,0.178348,0.379219,0.673401,0.656168,0.308166,0.199084,0.192976,0.046013,0.0230516,0.0187645,0.0232488,0.0825083,0.222222,0.354484,0.158781,0.10627,0.0451243,0.0217188,0.0326083,0.0831532,0.0808146,0.16518,0.085859,0.263366,0.419287,0.494071,0.347584,0.253872,0.283447,0.131182,0.0475308,0.0913492,0.0442263,0.0418813,0.107701,0.131475,0.088308,0.300842,0.386997,0.17449,0.119717,0.0340217,0.0630279,0.0455789,0.0750244,0.0319591,0.0540979,0.0566926,0.174125,0.257798,0.350018,0.430108,0.344234,0.15758,0.0883939,0.143205,0.040808,0.039353,0.143205,0.0361533,0.04004,0.173974,0.358551,0.283206,0.203666,0.0468494,0.061512,0.0529381,0.039582,0.0660197,0.11443,0.207598,0.322477,0.268745,0.292826,0.270197,0.443853,0.145518,0.0500075,0.106056,0.0512111,0.068055,0.0319877,0.0719528,0.0474856,0.24558,0.314762,0.252589,0.0411828,0.162655,0.0591331,0.0272702,0.0426348,0.0267537,0.119303,0.0942951,0.208855,0.198728,0.0647878,0.224366,0.0348614,0.0434329,0.0328818,0.0201223,0.0451651,0.032699,0.0344199,0.0336973,0.122835,0.254065,0.421585,0.429553,0.335008,0.183251,0.0444089,0.0550752,0.0301832,0.0697788,0.0428522,0.142005,0.263574,0.279799,0.307314,0.20145,0.1167,0.14806,0.0911577,0.087804,0.0400432,0.134481,0.0629366,0.0701361,0.0858811,0.286615,0.206398,0.122669,0.141024,0.0486098,0.0562082,0.0269165,0.0355353,0.0641601,0.043416,0.0714031,0.115634,0.282486,0.221828,0.473709,0.432713,0.438212,0.112752,0.134989,0.0310049,0.066569,0.0864902,0.151103,0.174825,0.263574,0.540833,0.526593,0.477783,0.460193,0.464103,0.464103,0.464103,0.464103,0.464103,0.464103,0.464103,0.464103,0.464103,0.464103,0.464103,0.464103,0.464103,0.464103,0.464103,0.464103,0.464103,0.464103,0.464103,0.464103,0.464103,0.464103,0.464103,0.464103,0.464103,0.464103,0.464103,0.464103,0.464103,0.464103,0.464103,0.464103,0.464103,0.464103,0.464103,0.464103,0.464103,0.464103,0.464103,0.464103,0.464103,0.464103,0.464103,0.464103,0.464103,0.464103,0.464103,0.464103,0.464103,0.464103,0.464103,0.464103,0.464103,0.464103,0.464103,0.464103,0.464103,0.464103,0.464103,0.464103,0.464103,0.464103,0.464103,0.464103,0.464103,0.464103,0.464103,0.464103,0.464103,0.464103,0.464103,0.464103,0.464103,0.464103,0.464103,0.464103,0.464103,0.464103,0.464103,0.464103,0.464103,0.464103,0.464103,0.464103,0.464103
3,0.0820143,0.11374,0.0367026,0.0962742,0.0538996,0.0687191,0.034965,0.0945984,0.0514721,0.105108,0.0621504,0.0503499,0.0325786,0.0630159,0.0788955,0.0941265,0.052263,0.0434802,0.164799,0.273523,0.506329,0.419639,0.179083,0.134066,0.0150852,0.0513822,0.0740686,0.0533305,0.0866176,0.178253,0.195198,0.430663,0.153681,0.153752,0.0795735,0.074173,0.0624142,0.0674218,0.052615,0.0750413,0.0820143,0.0647962,0.125047,0.24558,0.19425,0.059453,0.0901551,0.0393701,0.0276978,0.0830358,0.0195542,0.0506817,0.1386,0.23912,0.318674,0.370508,0.418936,0.390472,0.223364,0.0462107,0.0525597,0.034965,0.0169782,0.0539229,0.0527176,0.0371154,0.093301,0.322165,0.447427,0.513875,0.508906,0.101533,0.222222,0.0505433,0.15873,0.0670107,0.0576834,0.131285,0.219732,0.259875,0.39032,0.195848,0.241546,0.0935279,0.0931793,0.143968,0.0289226,0.0895175,0.073497,0.0503271,0.178348,0.379219,0.673401,0.656168,0.308166,0.199084,0.192976,0.046013,0.0230516,0.0187645,0.0232488,0.0825083,0.222222,0.354484,0.158781,0.10627,0.0451243,0.0217188,0.0326083,0.0831532,0.0808146,0.16518,0.085859,0.263366,0.419287,0.494071,0.347584,0.253872,0.283447,0.131182,0.0475308,0.0913492,0.0442263,0.0418813,0.107701,0.131475,0.088308,0.300842,0.386997,0.17449,0.119717,0.0340217,0.0630279,0.0455789,0.0750244,0.0319591,0.0540979,0.0566926,0.174125,0.257798,0.350018,0.430108,0.344234,0.15758,0.0883939,0.143205,0.040808,0.039353,0.143205,0.0361533,0.04004,0.173974,0.358551,0.283206,0.203666,0.0468494,0.061512,0.0529381,0.039582,0.0660197,0.11443,0.207598,0.322477,0.268745,0.292826,0.270197,0.443853,0.145518,0.0500075,0.106056,0.0512111,0.068055,0.0319877,0.0719528,0.0474856,0.24558,0.314762,0.252589,0.0411828,0.162655,0.0591331,0.0272702,0.0426348,0.0267537,0.119303,0.0942951,0.208855,0.198728,0.0647878,0.224366,0.0348614,0.0434329,0.0328818,0.0201223,0.0451651,0.032699,0.0344199,0.0336973,0.122835,0.254065,0.421585,0.429553,0.335008,0.183251,0.0444089,0.0550752,0.0301832,0.0697788,0.0428522,0.142005,0.263574,0.279799,0.307314,0.20145,0.1167,0.14806,0.0911577,0.087804,0.0400432,0.134481,0.0629366,0.0701361,0.0858811,0.286615,0.206398,0.122669,0.141024,0.0486098,0.0562082,0.0269165,0.0355353,0.0641601,0.043416,0.0714031,0.115634,0.282486,0.221828,0.473709,0.432713,0.438212,0.112752,0.134989,0.0310049,0.066569,0.0864902,0.151103,0.174825,0.263574,0.540833,0.526593,0.477783,0.460193,0.464103,0.464103,0.464103,0.464103,0.464103,0.464103,0.464103,0.464103,0.464103,0.464103,0.464103,0.464103,0.464103,0.464103,0.464103,0.464103,0.464103,0.464103,0.464103,0.464103,0.464103,0.464103,0.464103,0.464103,0.464103,0.464103,0.464103,0.464103,0.464103,0.464103,0.464103,0.464103,0.464103,0.464103,0.464103,0.464103,0.464103,0.464103,0.464103,0.464103,0.464103,0.464103,0.464103,0.464103,0.464103,0.464103,0.464103,0.464103,0.464103,0.464103,0.464103,0.464103,0.464103,0.464103,0.464103,0.464103,0.464103,0.464103,0.464103,0.464103,0.464103,0.464103,0.464103,0.464103,0.464103,0.464103,0.464103,0.464103,0.464103,0.464103,0.464103,0.464103,0.464103,0.464103,0.464103,0.464103,0.464103,0.464103,0.464103,0.464103,0.464103,0.464103,0.464103,0.464103,0.464103
4,0.0820143,0.11374,0.0367026,0.0962742,0.0538996,0.0687191,0.034965,0.0945984,0.0514721,0.105108,0.0621504,0.0503499,0.0325786,0.0630159,0.0788955,0.0941265,0.052263,0.0434802,0.164799,0.273523,0.506329,0.419639,0.179083,0.134066,0.0150852,0.0513822,0.0740686,0.0533305,0.0866176,0.178253,0.195198,0.430663,0.153681,0.153752,0.0795735,0.074173,0.0624142,0.0674218,0.052615,0.0750413,0.0820143,0.0647962,0.125047,0.24558,0.19425,0.059453,0.0901551,0.0393701,0.0276978,0.0830358,0.0195542,0.0506817,0.1386,0.23912,0.318674,0.370508,0.418936,0.390472,0.223364,0.0462107,0.0525597,0.034965,0.0169782,0.0539229,0.0527176,0.0371154,0.093301,0.322165,0.447427,0.513875,0.508906,0.101533,0.222222,0.0505433,0.15873,0.0670107,0.0576834,0.131285,0.219732,0.259875,0.39032,0.195848,0.241546,0.0935279,0.0931793,0.143968,0.0289226,0.0895175,0.073497,0.0503271,0.178348,0.379219,0.673401,0.656168,0.308166,0.199084,0.192976,0.046013,0.0230516,0.0187645,0.0232488,0.0825083,0.222222,0.354484,0.158781,0.10627,0.0451243,0.0217188,0.0326083,0.0831532,0.0808146,0.16518,0.085859,0.263366,0.419287,0.494071,0.347584,0.253872,0.283447,0.131182,0.0475308,0.0913492,0.0442263,0.0418813,0.107701,0.131475,0.088308,0.300842,0.386997,0.17449,0.119717,0.0340217,0.0630279,0.0455789,0.0750244,0.0319591,0.0540979,0.0566926,0.174125,0.257798,0.350018,0.430108,0.344234,0.15758,0.0883939,0.143205,0.040808,0.039353,0.143205,0.0361533,0.04004,0.173974,0.358551,0.283206,0.203666,0.0468494,0.061512,0.0529381,0.039582,0.0660197,0.11443,0.207598,0.322477,0.268745,0.292826,0.270197,0.443853,0.145518,0.0500075,0.106056,0.0512111,0.068055,0.0319877,0.0719528,0.0474856,0.24558,0.314762,0.252589,0.0411828,0.162655,0.0591331,0.0272702,0.0426348,0.0267537,0.119303,0.0942951,0.208855,0.198728,0.0647878,0.224366,0.0348614,0.0434329,0.0328818,0.0201223,0.0451651,0.032699,0.0344199,0.0336973,0.122835,0.254065,0.421585,0.429553,0.335008,0.183251,0.0444089,0.0550752,0.0301832,0.0697788,0.0428522,0.142005,0.263574,0.279799,0.307314,0.20145,0.1167,0.14806,0.0911577,0.087804,0.0400432,0.134481,0.0629366,0.0701361,0.0858811,0.286615,0.206398,0.122669,0.141024,0.0486098,0.0562082,0.0269165,0.0355353,0.0641601,0.043416,0.0714031,0.115634,0.282486,0.221828,0.473709,0.432713,0.438212,0.112752,0.134989,0.0310049,0.066569,0.0864902,0.151103,0.174825,0.263574,0.540833,0.526593,0.477783,0.460193,0.464103,0.464103,0.464103,0.464103,0.464103,0.464103,0.464103,0.464103,0.464103,0.464103,0.464103,0.464103,0.464103,0.464103,0.464103,0.464103,0.464103,0.464103,0.464103,0.464103,0.464103,0.464103,0.464103,0.464103,0.464103,0.464103,0.464103,0.464103,0.464103,0.464103,0.464103,0.464103,0.464103,0.464103,0.464103,0.464103,0.464103,0.464103,0.464103,0.464103,0.464103,0.464103,0.464103,0.464103,0.464103,0.464103,0.464103,0.464103,0.464103,0.464103,0.464103,0.464103,0.464103,0.464103,0.464103,0.464103,0.464103,0.464103,0.464103,0.464103,0.464103,0.464103,0.464103,0.464103,0.464103,0.464103,0.464103,0.464103,0.464103,0.464103,0.464103,0.464103,0.464103,0.464103,0.464103,0.464103,0.464103,0.464103,0.464103,0.464103,0.464103,0.464103,0.464103,0.464103,0.464103
5,0.0820143,0.11374,0.0367026,0.0962742,0.0538996,0.0687191,0.034965,0.0945984,0.0514721,0.105108,0.0621504,0.0503499,0.0325786,0.0630159,0.0788955,0.0941265,0.052263,0.0434802,0.164799,0.273523,0.506329,0.419639,0.179083,0.134066,0.0150852,0.0513822,0.0740686,0.0533305,0.0866176,0.178253,0.195198,0.430663,0.153681,0.153752,0.0795735,0.074173,0.0624142,0.0674218,0.052615,0.0750413,0.0820143,0.0647962,0.125047,0.24558,0.19425,0.059453,0.0901551,0.0393701,0.0276978,0.0830358,0.0195542,0.0506817,0.1386,0.23912,0.318674,0.370508,0.418936,0.390472,0.223364,0.0462107,0.0525597,0.034965,0.0169782,0.0539229,0.0527176,0.0371154,0.093301,0.322165,0.447427,0.513875,0.508906,0.101533,0.222222,0.0505433,0.15873,0.0670107,0.0576834,0.131285,0.219732,0.259875,0.39032,0.195848,0.241546,0.0935279,0.0931793,0.143968,0.0289226,0.0895175,0.073497,0.0503271,0.178348,0.379219,0.673401,0.656168,0.308166,0.199084,0.192976,0.046013,0.0230516,0.0187645,0.0232488,0.0825083,0.222222,0.354484,0.158781,0.10627,0.0451243,0.0217188,0.0326083,0.0831532,0.0808146,0.16518,0.085859,0.263366,0.419287,0.494071,0.347584,0.253872,0.283447,0.131182,0.0475308,0.0913492,0.0442263,0.0418813,0.107701,0.131475,0.088308,0.300842,0.386997,0.17449,0.119717,0.0340217,0.0630279,0.0455789,0.0750244,0.0319591,0.0540979,0.0566926,0.174125,0.257798,0.350018,0.430108,0.344234,0.15758,0.0883939,0.143205,0.040808,0.039353,0.143205,0.0361533,0.04004,0.173974,0.358551,0.283206,0.203666,0.0468494,0.061512,0.0529381,0.039582,0.0660197,0.11443,0.207598,0.322477,0.268745,0.292826,0.270197,0.443853,0.145518,0.0500075,0.106056,0.0512111,0.068055,0.0319877,0.0719528,0.0474856,0.24558,0.314762,0.252589,0.0411828,0.162655,0.0591331,0.0272702,0.0426348,0.0267537,0.119303,0.0942951,0.208855,0.198728,0.0647878,0.224366,0.0348614,0.0434329,0.0328818,0.0201223,0.0451651,0.032699,0.0344199,0.0336973,0.122835,0.254065,0.421585,0.429553,0.335008,0.183251,0.0444089,0.0550752,0.0301832,0.0697788,0.0428522,0.142005,0.263574,0.279799,0.307314,0.20145,0.1167,0.14806,0.0911577,0.087804,0.0400432,0.134481,0.0629366,0.0701361,0.0858811,0.286615,0.206398,0.122669,0.141024,0.0486098,0.0562082,0.0269165,0.0355353,0.0641601,0.043416,0.0714031,0.115634,0.282486,0.221828,0.473709,0.432713,0.438212,0.112752,0.134989,0.0310049,0.066569,0.0864902,0.151103,0.174825,0.263574,0.540833,0.526593,0.477783,0.460193,0.464103,0.464103,0.464103,0.464103,0.464103,0.464103,0.464103,0.464103,0.464103,0.464103,0.464103,0.464103,0.464103,0.464103,0.464103,0.464103,0.464103,0.464103,0.464103,0.464103,0.464103,0.464103,0.464103,0.464103,0.464103,0.464103,0.464103,0.464103,0.464103,0.464103,0.464103,0.464103,0.464103,0.464103,0.464103,0.464103,0.464103,0.464103,0.464103,0.464103,0.464103,0.464103,0.464103,0.464103,0.464103,0.464103,0.464103,0.464103,0.464103,0.464103,0.464103,0.464103,0.464103,0.464103,0.464103,0.464103,0.464103,0.464103,0.464103,0.464103,0.464103,0.464103,0.464103,0.464103,0.464103,0.464103,0.464103,0.464103,0.464103,0.464103,0.464103,0.464103,0.464103,0.464103,0.464103,0.464103,0.464103,0.464103,0.464103,0.464103,0.464103,0.464103,0.464103,0.464103,0.464103
6,0.0820143,0.11374,0.0367026,0.0962742,0.0538996,0.0687191,0.034965,0.0945984,0.0514721,0.105108,0.0621504,0.0503499,0.0325786,0.0630159,0.0788955,0.0941265,0.052263,0.0434802,0.164799,0.273523,0.506329,0.419639,0.179083,0.134066,0.0150852,0.0513822,0.0740686,0.0533305,0.0866176,0.178253,0.195198,0.430663,0.153681,0.153752,0.0795735,0.074173,0.0624142,0.0674218,0.052615,0.0750413,0.0820143,0.0647962,0.125047,0.24558,0.19425,0.059453,0.0901551,0.0393701,0.0276978,0.0830358,0.0195542,0.0506817,0.1386,0.23912,0.318674,0.370508,0.418936,0.390472,0.223364,0.0462107,0.0525597,0.034965,0.0169782,0.0539229,0.0527176,0.0371154,0.093301,0.322165,0.447427,0.513875,0.508906,0.101533,0.222222,0.0505433,0.15873,0.0670107,0.0576834,0.131285,0.219732,0.259875,0.39032,0.195848,0.241546,0.0935279,0.0931793,0.143968,0.0289226,0.0895175,0.073497,0.0503271,0.178348,0.379219,0.673401,0.656168,0.308166,0.199084,0.192976,0.046013,0.0230516,0.0187645,0.0232488,0.0825083,0.222222,0.354484,0.158781,0.10627,0.0451243,0.0217188,0.0326083,0.0831532,0.0808146,0.16518,0.085859,0.263366,0.419287,0.494071,0.347584,0.253872,0.283447,0.131182,0.0475308,0.0913492,0.0442263,0.0418813,0.107701,0.131475,0.088308,0.300842,0.386997,0.17449,0.119717,0.0340217,0.0630279,0.0455789,0.0750244,0.0319591,0.0540979,0.0566926,0.174125,0.257798,0.350018,0.430108,0.344234,0.15758,0.0883939,0.143205,0.040808,0.039353,0.143205,0.0361533,0.04004,0.173974,0.358551,0.283206,0.203666,0.0468494,0.061512,0.0529381,0.039582,0.0660197,0.11443,0.207598,0.322477,0.268745,0.292826,0.270197,0.443853,0.145518,0.0500075,0.106056,0.0512111,0.068055,0.0319877,0.0719528,0.0474856,0.24558,0.314762,0.252589,0.0411828,0.162655,0.0591331,0.0272702,0.0426348,0.0267537,0.119303,0.0942951,0.208855,0.198728,0.0647878,0.224366,0.0348614,0.0434329,0.0328818,0.0201223,0.0451651,0.032699,0.0344199,0.0336973,0.122835,0.254065,0.421585,0.429553,0.335008,0.183251,0.0444089,0.0550752,0.0301832,0.0697788,0.0428522,0.142005,0.263574,0.279799,0.307314,0.20145,0.1167,0.14806,0.0911577,0.087804,0.0400432,0.134481,0.0629366,0.0701361,0.0858811,0.286615,0.206398,0.122669,0.141024,0.0486098,0.0562082,0.0269165,0.0355353,0.0641601,0.043416,0.0714031,0.115634,0.282486,0.221828,0.473709,0.432713,0.438212,0.112752,0.134989,0.0310049,0.066569,0.0864902,0.151103,0.174825,0.263574,0.540833,0.526593,0.477783,0.460193,0.464103,0.464103,0.464103,0.464103,0.464103,0.464103,0.464103,0.464103,0.464103,0.464103,0.464103,0.464103,0.464103,0.464103,0.464103,0.464103,0.464103,0.464103,0.464103,0.464103,0.464103,0.464103,0.464103,0.464103,0.464103,0.464103,0.464103,0.464103,0.464103,0.464103,0.464103,0.464103,0.464103,0.464103,0.464103,0.464103,0.464103,0.464103,0.464103,0.464103,0.464103,0.464103,0.464103,0.464103,0.464103,0.464103,0.464103,0.464103,0.464103,0.464103,0.464103,0.464103,0.464103,0.464103,0.464103,0.464103,0.464103,0.464103,0.464103,0.464103,0.464103,0.464103,0.464103,0.464103,0.464103,0.464103,0.464103,0.464103,0.464103,0.464103,0.464103,0.464103,0.464103,0.464103,0.464103,0.464103,0.464103,0.464103,0.464103,0.464103,0.464103,0.464103,0.464103,0.464103,0.464103
7,0.0820143,0.11374,0.0367026,0.0962742,0.0538996,0.0687191,0.034965,0.0945984,0.0514721,0.105108,0.0621504,0.0503499,0.0325786,0.0630159,0.0788955,0.0941265,0.052263,0.0434802,0.164799,0.273523,0.506329,0.419639,0.179083,0.134066,0.0150852,0.0513822,0.0740686,0.0533305,0.0866176,0.178253,0.195198,0.430663,0.153681,0.153752,0.0795735,0.074173,0.0624142,0.0674218,0.052615,0.0750413,0.0820143,0.0647962,0.125047,0.24558,0.19425,0.059453,0.0901551,0.0393701,0.0276978,0.0830358,0.0195542,0.0506817,0.1386,0.23912,0.318674,0.370508,0.418936,0.390472,0.223364,0.0462107,0.0525597,0.034965,0.0169782,0.0539229,0.0527176,0.0371154,0.093301,0.322165,0.447427,0.513875,0.508906,0.101533,0.222222,0.0505433,0.15873,0.0670107,0.0576834,0.131285,0.219732,0.259875,0.39032,0.195848,0.241546,0.0935279,0.0931793,0.143968,0.0289226,0.0895175,0.073497,0.0503271,0.178348,0.379219,0.673401,0.656168,0.308166,0.199084,0.192976,0.046013,0.0230516,0.0187645,0.0232488,0.0825083,0.222222,0.354484,0.158781,0.10627,0.0451243,0.0217188,0.0326083,0.0831532,0.0808146,0.16518,0.085859,0.263366,0.419287,0.494071,0.347584,0.253872,0.283447,0.131182,0.0475308,0.0913492,0.0442263,0.0418813,0.107701,0.131475,0.088308,0.300842,0.386997,0.17449,0.119717,0.0340217,0.0630279,0.0455789,0.0750244,0.0319591,0.0540979,0.0566926,0.174125,0.257798,0.350018,0.430108,0.344234,0.15758,0.0883939,0.143205,0.040808,0.039353,0.143205,0.0361533,0.04004,0.173974,0.358551,0.283206,0.203666,0.0468494,0.061512,0.0529381,0.039582,0.0660197,0.11443,0.207598,0.322477,0.268745,0.292826,0.270197,0.443853,0.145518,0.0500075,0.106056,0.0512111,0.068055,0.0319877,0.0719528,0.0474856,0.24558,0.314762,0.252589,0.0411828,0.162655,0.0591331,0.0272702,0.0426348,0.0267537,0.119303,0.0942951,0.208855,0.198728,0.0647878,0.224366,0.0348614,0.0434329,0.0328818,0.0201223,0.0451651,0.032699,0.0344199,0.0336973,0.122835,0.254065,0.421585,0.429553,0.335008,0.183251,0.0444089,0.0550752,0.0301832,0.0697788,0.0428522,0.142005,0.263574,0.279799,0.307314,0.20145,0.1167,0.14806,0.0911577,0.087804,0.0400432,0.134481,0.0629366,0.0701361,0.0858811,0.286615,0.206398,0.122669,0.141024,0.0486098,0.0562082,0.0269165,0.0355353,0.0641601,0.043416,0.0714031,0.115634,0.282486,0.221828,0.473709,0.432713,0.438212,0.112752,0.134989,0.0310049,0.066569,0.0864902,0.151103,0.174825,0.263574,0.540833,0.526593,0.477783,0.460193,0.464103,0.464103,0.464103,0.464103,0.464103,0.464103,0.464103,0.464103,0.464103,0.464103,0.464103,0.464103,0.464103,0.464103,0.464103,0.464103,0.464103,0.464103,0.464103,0.464103,0.464103,0.464103,0.464103,0.464103,0.464103,0.464103,0.464103,0.464103,0.464103,0.464103,0.464103,0.464103,0.464103,0.464103,0.464103,0.464103,0.464103,0.464103,0.464103,0.464103,0.464103,0.464103,0.464103,0.464103,0.464103,0.464103,0.464103,0.464103,0.464103,0.464103,0.464103,0.464103,0.464103,0.464103,0.464103,0.464103,0.464103,0.464103,0.464103,0.464103,0.464103,0.464103,0.464103,0.464103,0.464103,0.464103,0.464103,0.464103,0.464103,0.464103,0.464103,0.464103,0.464103,0.464103,0.464103,0.464103,0.464103,0.464103,0.464103,0.464103,0.464103,0.464103,0.464103,0.464103,0.464103
8,0.0820143,0.11374,0.0367026,0.0962742,0.0538996,0.0687191,0.034965,0.0945984,0.0514721,0.105108,0.0621504,0.0503499,0.0325786,0.0630159,0.0788955,0.0941265,0.052263,0.0434802,0.164799,0.273523,0.506329,0.419639,0.179083,0.134066,0.0150852,0.0513822,0.0740686,0.0533305,0.0866176,0.178253,0.195198,0.430663,0.153681,0.153752,0.0795735,0.074173,0.0624142,0.0674218,0.052615,0.0750413,0.0820143,0.0647962,0.125047,0.24558,0.19425,0.059453,0.0901551,0.0393701,0.0276978,0.0830358,0.0195542,0.0506817,0.1386,0.23912,0.318674,0.370508,0.418936,0.390472,0.223364,0.0462107,0.0525597,0.034965,0.0169782,0.0539229,0.0527176,0.0371154,0.093301,0.322165,0.447427,0.513875,0.508906,0.101533,0.222222,0.0505433,0.15873,0.0670107,0.0576834,0.131285,0.219732,0.259875,0.39032,0.195848,0.241546,0.0935279,0.0931793,0.143968,0.0289226,0.0895175,0.073497,0.0503271,0.178348,0.379219,0.673401,0.656168,0.308166,0.199084,0.192976,0.046013,0.0230516,0.0187645,0.0232488,0.0825083,0.222222,0.354484,0.158781,0.10627,0.0451243,0.0217188,0.0326083,0.0831532,0.0808146,0.16518,0.085859,0.263366,0.419287,0.494071,0.347584,0.253872,0.283447,0.131182,0.0475308,0.0913492,0.0442263,0.0418813,0.107701,0.131475,0.088308,0.300842,0.386997,0.17449,0.119717,0.0340217,0.0630279,0.0455789,0.0750244,0.0319591,0.0540979,0.0566926,0.174125,0.257798,0.350018,0.430108,0.344234,0.15758,0.0883939,0.143205,0.040808,0.039353,0.143205,0.0361533,0.04004,0.173974,0.358551,0.283206,0.203666,0.0468494,0.061512,0.0529381,0.039582,0.0660197,0.11443,0.207598,0.322477,0.268745,0.292826,0.270197,0.443853,0.145518,0.0500075,0.106056,0.0512111,0.068055,0.0319877,0.0719528,0.0474856,0.24558,0.314762,0.252589,0.0411828,0.162655,0.0591331,0.0272702,0.0426348,0.0267537,0.119303,0.0942951,0.208855,0.198728,0.0647878,0.224366,0.0348614,0.0434329,0.0328818,0.0201223,0.0451651,0.032699,0.0344199,0.0336973,0.122835,0.254065,0.421585,0.429553,0.335008,0.183251,0.0444089,0.0550752,0.0301832,0.0697788,0.0428522,0.142005,0.263574,0.279799,0.307314,0.20145,0.1167,0.14806,0.0911577,0.087804,0.0400432,0.134481,0.0629366,0.0701361,0.0858811,0.286615,0.206398,0.122669,0.141024,0.0486098,0.0562082,0.0269165,0.0355353,0.0641601,0.043416,0.0714031,0.115634,0.282486,0.221828,0.473709,0.432713,0.438212,0.112752,0.134989,0.0310049,0.066569,0.0864902,0.151103,0.174825,0.263574,0.540833,0.526593,0.477783,0.460193,0.464103,0.464103,0.464103,0.464103,0.464103,0.464103,0.464103,0.464103,0.464103,0.464103,0.464103,0.464103,0.464103,0.464103,0.464103,0.464103,0.464103,0.464103,0.464103,0.464103,0.464103,0.464103,0.464103,0.464103,0.464103,0.464103,0.464103,0.464103,0.464103,0.464103,0.464103,0.464103,0.464103,0.464103,0.464103,0.464103,0.464103,0.464103,0.464103,0.464103,0.464103,0.464103,0.464103,0.464103,0.464103,0.464103,0.464103,0.464103,0.464103,0.464103,0.464103,0.464103,0.464103,0.464103,0.464103,0.464103,0.464103,0.464103,0.464103,0.464103,0.464103,0.464103,0.464103,0.464103,0.464103,0.464103,0.464103,0.464103,0.464103,0.464103,0.464103,0.464103,0.464103,0.464103,0.464103,0.464103,0.464103,0.464103,0.464103,0.464103,0.464103,0.464103,0.464103,0.464103,0.464103
9,0.0820143,0.11374,0.0367026,0.0962742,0.0538996,0.0687191,0.034965,0.0945984,0.0514721,0.105108,0.0621504,0.0503499,0.0325786,0.0630159,0.0788955,0.0941265,0.052263,0.0434802,0.164799,0.273523,0.506329,0.419639,0.179083,0.134066,0.0150852,0.0513822,0.0740686,0.0533305,0.0866176,0.178253,0.195198,0.430663,0.153681,0.153752,0.0795735,0.074173,0.0624142,0.0674218,0.052615,0.0750413,0.0820143,0.0647962,0.125047,0.24558,0.19425,0.059453,0.0901551,0.0393701,0.0276978,0.0830358,0.0195542,0.0506817,0.1386,0.23912,0.318674,0.370508,0.418936,0.390472,0.223364,0.0462107,0.0525597,0.034965,0.0169782,0.0539229,0.0527176,0.0371154,0.093301,0.322165,0.447427,0.513875,0.508906,0.101533,0.222222,0.0505433,0.15873,0.0670107,0.0576834,0.131285,0.219732,0.259875,0.39032,0.195848,0.241546,0.0935279,0.0931793,0.143968,0.0289226,0.0895175,0.073497,0.0503271,0.178348,0.379219,0.673401,0.656168,0.308166,0.199084,0.192976,0.046013,0.0230516,0.0187645,0.0232488,0.0825083,0.222222,0.354484,0.158781,0.10627,0.0451243,0.0217188,0.0326083,0.0831532,0.0808146,0.16518,0.085859,0.263366,0.419287,0.494071,0.347584,0.253872,0.283447,0.131182,0.0475308,0.0913492,0.0442263,0.0418813,0.107701,0.131475,0.088308,0.300842,0.386997,0.17449,0.119717,0.0340217,0.0630279,0.0455789,0.0750244,0.0319591,0.0540979,0.0566926,0.174125,0.257798,0.350018,0.430108,0.344234,0.15758,0.0883939,0.143205,0.040808,0.039353,0.143205,0.0361533,0.04004,0.173974,0.358551,0.283206,0.203666,0.0468494,0.061512,0.0529381,0.039582,0.0660197,0.11443,0.207598,0.322477,0.268745,0.292826,0.270197,0.443853,0.145518,0.0500075,0.106056,0.0512111,0.068055,0.0319877,0.0719528,0.0474856,0.24558,0.314762,0.252589,0.0411828,0.162655,0.0591331,0.0272702,0.0426348,0.0267537,0.119303,0.0942951,0.208855,0.198728,0.0647878,0.224366,0.0348614,0.0434329,0.0328818,0.0201223,0.0451651,0.032699,0.0344199,0.0336973,0.122835,0.254065,0.421585,0.429553,0.335008,0.183251,0.0444089,0.0550752,0.0301832,0.0697788,0.0428522,0.142005,0.263574,0.279799,0.307314,0.20145,0.1167,0.14806,0.0911577,0.087804,0.0400432,0.134481,0.0629366,0.0701361,0.0858811,0.286615,0.206398,0.122669,0.141024,0.0486098,0.0562082,0.0269165,0.0355353,0.0641601,0.043416,0.0714031,0.115634,0.282486,0.221828,0.473709,0.432713,0.438212,0.112752,0.134989,0.0310049,0.066569,0.0864902,0.151103,0.174825,0.263574,0.540833,0.526593,0.477783,0.460193,0.464103,0.464103,0.464103,0.464103,0.464103,0.464103,0.464103,0.464103,0.464103,0.464103,0.464103,0.464103,0.464103,0.464103,0.464103,0.464103,0.464103,0.464103,0.464103,0.464103,0.464103,0.464103,0.464103,0.464103,0.464103,0.464103,0.464103,0.464103,0.464103,0.464103,0.464103,0.464103,0.464103,0.464103,0.464103,0.464103,0.464103,0.464103,0.464103,0.464103,0.464103,0.464103,0.464103,0.464103,0.464103,0.464103,0.464103,0.464103,0.464103,0.464103,0.464103,0.464103,0.464103,0.464103,0.464103,0.464103,0.464103,0.464103,0.464103,0.464103,0.464103,0.464103,0.464103,0.464103,0.464103,0.464103,0.464103,0.464103,0.464103,0.464103,0.464103,0.464103,0.464103,0.464103,0.464103,0.464103,0.464103,0.464103,0.464103,0.464103,0.464103,0.464103,0.464103,0.464103,0.464103
10,0.0820143,0.11374,0.0367026,0.0962742,0.0538996,0.0687191,0.034965,0.0945984,0.0514721,0.105108,0.0621504,0.0503499,0.0325786,0.0630159,0.0788955,0.0941265,0.052263,0.0434802,0.164799,0.273523,0.506329,0.419639,0.179083,0.134066,0.0150852,0.0513822,0.0740686,0.0533305,0.0866176,0.178253,0.195198,0.430663,0.153681,0.153752,0.0795735,0.074173,0.0624142,0.0674218,0.052615,0.0750413,0.0820143,0.0647962,0.125047,0.24558,0.19425,0.059453,0.0901551,0.0393701,0.0276978,0.0830358,0.0195542,0.0506817,0.1386,0.23912,0.318674,0.370508,0.418936,0.390472,0.223364,0.0462107,0.0525597,0.034965,0.0169782,0.0539229,0.0527176,0.0371154,0.093301,0.322165,0.447427,0.513875,0.508906,0.101533,0.222222,0.0505433,0.15873,0.0670107,0.0576834,0.131285,0.219732,0.259875,0.39032,0.195848,0.241546,0.0935279,0.0931793,0.143968,0.0289226,0.0895175,0.073497,0.0503271,0.178348,0.379219,0.673401,0.656168,0.308166,0.199084,0.192976,0.046013,0.0230516,0.0187645,0.0232488,0.0825083,0.222222,0.354484,0.158781,0.10627,0.0451243,0.0217188,0.0326083,0.0831532,0.0808146,0.16518,0.085859,0.263366,0.419287,0.494071,0.347584,0.253872,0.283447,0.131182,0.0475308,0.0913492,0.0442263,0.0418813,0.107701,0.131475,0.088308,0.300842,0.386997,0.17449,0.119717,0.0340217,0.0630279,0.0455789,0.0750244,0.0319591,0.0540979,0.0566926,0.174125,0.257798,0.350018,0.430108,0.344234,0.15758,0.0883939,0.143205,0.040808,0.039353,0.143205,0.0361533,0.04004,0.173974,0.358551,0.283206,0.203666,0.0468494,0.061512,0.0529381,0.039582,0.0660197,0.11443,0.207598,0.322477,0.268745,0.292826,0.270197,0.443853,0.145518,0.0500075,0.106056,0.0512111,0.068055,0.0319877,0.0719528,0.0474856,0.24558,0.314762,0.252589,0.0411828,0.162655,0.0591331,0.0272702,0.0426348,0.0267537,0.119303,0.0942951,0.208855,0.198728,0.0647878,0.224366,0.0348614,0.0434329,0.0328818,0.0201223,0.0451651,0.032699,0.0344199,0.0336973,0.122835,0.254065,0.421585,0.429553,0.335008,0.183251,0.0444089,0.0550752,0.0301832,0.0697788,0.0428522,0.142005,0.263574,0.279799,0.307314,0.20145,0.1167,0.14806,0.0911577,0.087804,0.0400432,0.134481,0.0629366,0.0701361,0.0858811,0.286615,0.206398,0.122669,0.141024,0.0486098,0.0562082,0.0269165,0.0355353,0.0641601,0.043416,0.0714031,0.115634,0.282486,0.221828,0.473709,0.432713,0.438212,0.112752,0.134989,0.0310049,0.066569,0.0864902,0.151103,0.174825,0.263574,0.540833,0.526593,0.477783,0.460193,0.464103,0.464103,0.464103,0.464103,0.464103,0.464103,0.464103,0.464103,0.464103,0.464103,0.464103,0.464103,0.464103,0.464103,0.464103,0.464103,0.464103,0.464103,0.464103,0.464103,0.464103,0.464103,0.464103,0.464103,0.464103,0.464103,0.464103,0.464103,0.464103,0.464103,0.464103,0.464103,0.464103,0.464103,0.464103,0.464103,0.464103,0.464103,0.464103,0.464103,0.464103,0.464103,0.464103,0.464103,0.464103,0.464103,0.464103,0.464103,0.464103,0.464103,0.464103,0.464103,0.464103,0.464103,0.464103,0.464103,0.464103,0.464103,0.464103,0.464103,0.464103,0.464103,0.464103,0.464103,0.464103,0.464103,0.464103,0.464103,0.464103,0.464103,0.464103,0.464103,0.464103,0.464103,0.464103,0.464103,0.464103,0.464103,0.464103,0.464103,0.464103,0.464103,0.464103,0.464103,0.464103
11,0.0820143,0.11374,0.0367026,0.0962742,0.0538996,0.0687191,0.034965,0.0945984,0.0514721,0.105108,0.0621504,0.0503499,0.0325786,0.0630159,0.0788955,0.0941265,0.052263,0.0434802,0.164799,0.273523,0.506329,0.419639,0.179083,0.134066,0.0150852,0.0513822,0.0740686,0.0533305,0.0866176,0.178253,0.195198,0.430663,0.153681,0.153752,0.0795735,0.074173,0.0624142,0.0674218,0.052615,0.0750413,0.0820143,0.0647962,0.125047,0.24558,0.19425,0.059453,0.0901551,0.0393701,0.0276978,0.0830358,0.0195542,0.0506817,0.1386,0.23912,0.318674,0.370508,0.418936,0.390472,0.223364,0.0462107,0.0525597,0.034965,0.0169782,0.0539229,0.0527176,0.0371154,0.093301,0.322165,0.447427,0.513875,0.508906,0.101533,0.222222,0.0505433,0.15873,0.0670107,0.0576834,0.131285,0.219732,0.259875,0.39032,0.195848,0.241546,0.0935279,0.0931793,0.143968,0.0289226,0.0895175,0.073497,0.0503271,0.178348,0.379219,0.673401,0.656168,0.308166,0.199084,0.192976,0.046013,0.0230516,0.0187645,0.0232488,0.0825083,0.222222,0.354484,0.158781,0.10627,0.0451243,0.0217188,0.0326083,0.0831532,0.0808146,0.16518,0.085859,0.263366,0.419287,0.494071,0.347584,0.253872,0.283447,0.131182,0.0475308,0.0913492,0.0442263,0.0418813,0.107701,0.131475,0.088308,0.300842,0.386997,0.17449,0.119717,0.0340217,0.0630279,0.0455789,0.0750244,0.0319591,0.0540979,0.0566926,0.174125,0.257798,0.350018,0.430108,0.344234,0.15758,0.0883939,0.143205,0.040808,0.039353,0.143205,0.0361533,0.04004,0.173974,0.358551,0.283206,0.203666,0.0468494,0.061512,0.0529381,0.039582,0.0660197,0.11443,0.207598,0.322477,0.268745,0.292826,0.270197,0.443853,0.145518,0.0500075,0.106056,0.0512111,0.068055,0.0319877,0.0719528,0.0474856,0.24558,0.314762,0.252589,0.0411828,0.162655,0.0591331,0.0272702,0.0426348,0.0267537,0.119303,0.0942951,0.208855,0.198728,0.0647878,0.224366,0.0348614,0.0434329,0.0328818,0.0201223,0.0451651,0.032699,0.0344199,0.0336973,0.122835,0.254065,0.421585,0.429553,0.335008,0.183251,0.0444089,0.0550752,0.0301832,0.0697788,0.0428522,0.142005,0.263574,0.279799,0.307314,0.20145,0.1167,0.14806,0.0911577,0.087804,0.0400432,0.134481,0.0629366,0.0701361,0.0858811,0.286615,0.206398,0.122669,0.141024,0.0486098,0.0562082,0.0269165,0.0355353,0.0641601,0.043416,0.0714031,0.115634,0.282486,0.221828,0.473709,0.432713,0.438212,0.112752,0.134989,0.0310049,0.066569,0.0864902,0.151103,0.174825,0.263574,0.540833,0.526593,0.477783,0.460193,0.464103,0.464103,0.464103,0.464103,0.464103,0.464103,0.464103,0.464103,0.464103,0.464103,0.464103,0.464103,0.464103,0.464103,0.464103,0.464103,0.464103,0.464103,0.464103,0.464103,0.464103,0.464103,0.464103,0.464103,0.464103,0.464103,0.464103,0.464103,0.464103,0.464103,0.464103,0.464103,0.464103,0.464103,0.464103,0.464103,0.464103,0.464103,0.464103,0.464103,0.464103,0.464103,0.464103,0.464103,0.464103,0.464103,0.464103,0.464103,0.464103,0.464103,0.464103,0.464103,0.464103,0.464103,0.464103,0.464103,0.464103,0.464103,0.464103,0.464103,0.464103,0.464103,0.464103,0.464103,0.464103,0.464103,0.464103,0.464103,0.464103,0.464103,0.464103,0.464103,0.464103,0.464103,0.464103,0.464103,0.464103,0.464103,0.464103,0.464103,0.464103,0.464103,0.464103,0.464103,0.464103
12,0.0820143,0.11374,0.0367026,0.0962742,0.0538996,0.0687191,0.034965,0.0945984,0.0514721,0.105108,0.0621504,0.0503499,0.0325786,0.0630159,0.0788955,0.0941265,0.052263,0.0434802,0.164799,0.273523,0.506329,0.419639,0.179083,0.134066,0.0150852,0.0513822,0.0740686,0.0533305,0.0866176,0.178253,0.195198,0.430663,0.153681,0.153752,0.0795735,0.074173,0.0624142,0.0674218,0.052615,0.0750413,0.0820143,0.0647962,0.125047,0.24558,0.19425,0.059453,0.0901551,0.0393701,0.0276978,0.0830358,0.0195542,0.0506817,0.1386,0.23912,0.318674,0.370508,0.418936,0.390472,0.223364,0.0462107,0.0525597,0.034965,0.0169782,0.0539229,0.0527176,0.0371154,0.093301,0.322165,0.447427,0.513875,0.508906,0.101533,0.222222,0.0505433,0.15873,0.0670107,0.0576834,0.131285,0.219732,0.259875,0.39032,0.195848,0.241546,0.0935279,0.0931793,0.143968,0.0289226,0.0895175,0.073497,0.0503271,0.178348,0.379219,0.673401,0.656168,0.308166,0.199084,0.192976,0.046013,0.0230516,0.0187645,0.0232488,0.0825083,0.222222,0.354484,0.158781,0.10627,0.0451243,0.0217188,0.0326083,0.0831532,0.0808146,0.16518,0.085859,0.263366,0.419287,0.494071,0.347584,0.253872,0.283447,0.131182,0.0475308,0.0913492,0.0442263,0.0418813,0.107701,0.131475,0.088308,0.300842,0.386997,0.17449,0.119717,0.0340217,0.0630279,0.0455789,0.0750244,0.0319591,0.0540979,0.0566926,0.174125,0.257798,0.350018,0.430108,0.344234,0.15758,0.0883939,0.143205,0.040808,0.039353,0.143205,0.0361533,0.04004,0.173974,0.358551,0.283206,0.203666,0.0468494,0.061512,0.0529381,0.039582,0.0660197,0.11443,0.207598,0.322477,0.268745,0.292826,0.270197,0.443853,0.145518,0.0500075,0.106056,0.0512111,0.068055,0.0319877,0.0719528,0.0474856,0.24558,0.314762,0.252589,0.0411828,0.162655,0.0591331,0.0272702,0.0426348,0.0267537,0.119303,0.0942951,0.208855,0.198728,0.0647878,0.224366,0.0348614,0.0434329,0.0328818,0.0201223,0.0451651,0.032699,0.0344199,0.0336973,0.122835,0.254065,0.421585,0.429553,0.335008,0.183251,0.0444089,0.0550752,0.0301832,0.0697788,0.0428522,0.142005,0.263574,0.279799,0.307314,0.20145,0.1167,0.14806,0.0911577,0.087804,0.0400432,0.134481,0.0629366,0.0701361,0.0858811,0.286615,0.206398,0.122669,0.141024,0.0486098,0.0562082,0.0269165,0.0355353,0.0641601,0.043416,0.0714031,0.115634,0.282486,0.221828,0.473709,0.432713,0.438212,0.112752,0.134989,0.0310049,0.066569,0.0864902,0.151103,0.174825,0.263574,0.540833,0.526593,0.477783,0.460193,0.464103,0.464103,0.464103,0.464103,0.464103,0.464103,0.464103,0.464103,0.464103,0.464103,0.464103,0.464103,0.464103,0.464103,0.464103,0.464103,0.464103,0.464103,0.464103,0.464103,0.464103,0.464103,0.464103,0.464103,0.464103,0.464103,0.464103,0.464103,0.464103,0.464103,0.464103,0.464103,0.464103,0.464103,0.464103,0.464103,0.464103,0.464103,0.464103,0.464103,0.464103,0.464103,0.464103,0.464103,0.464103,0.464103,0.464103,0.464103,0.464103,0.464103,0.464103,0.464103,0.464103,0.464103,0.464103,0.464103,0.464103,0.464103,0.464103,0.464103,0.464103,0.464103,0.464103,0.464103,0.464103,0.464103,0.464103,0.464103,0.464103,0.464103,0.464103,0.464103,0.464103,0.464103,0.464103,0.464103,0.464103,0.464103,0.464103,0.464103,0.464103,0.464103,0.464103,0.464103,0.464103
13,0.0820143,0.11374,0.0367026,0.0962742,0.0538996,0.0687191,0.034965,0.0945984,0.0514721,0.105108,0.0621504,0.0503499,0.0325786,0.0630159,0.0788955,0.0941265,0.052263,0.0434802,0.164799,0.273523,0.506329,0.419639,0.179083,0.134066,0.0150852,0.0513822,0.0740686,0.0533305,0.0866176,0.178253,0.195198,0.430663,0.153681,0.153752,0.0795735,0.074173,0.0624142,0.0674218,0.052615,0.0750413,0.0820143,0.0647962,0.125047,0.24558,0.19425,0.059453,0.0901551,0.0393701,0.0276978,0.0830358,0.0195542,0.0506817,0.1386,0.23912,0.318674,0.370508,0.418936,0.390472,0.223364,0.0462107,0.0525597,0.034965,0.0169782,0.0539229,0.0527176,0.0371154,0.093301,0.322165,0.447427,0.513875,0.508906,0.101533,0.222222,0.0505433,0.15873,0.0670107,0.0576834,0.131285,0.219732,0.259875,0.39032,0.195848,0.241546,0.0935279,0.0931793,0.143968,0.0289226,0.0895175,0.073497,0.0503271,0.178348,0.379219,0.673401,0.656168,0.308166,0.199084,0.192976,0.046013,0.0230516,0.0187645,0.0232488,0.0825083,0.222222,0.354484,0.158781,0.10627,0.0451243,0.0217188,0.0326083,0.0831532,0.0808146,0.16518,0.085859,0.263366,0.419287,0.494071,0.347584,0.253872,0.283447,0.131182,0.0475308,0.0913492,0.0442263,0.0418813,0.107701,0.131475,0.088308,0.300842,0.386997,0.17449,0.119717,0.0340217,0.0630279,0.0455789,0.0750244,0.0319591,0.0540979,0.0566926,0.174125,0.257798,0.350018,0.430108,0.344234,0.15758,0.0883939,0.143205,0.040808,0.039353,0.143205,0.0361533,0.04004,0.173974,0.358551,0.283206,0.203666,0.0468494,0.061512,0.0529381,0.039582,0.0660197,0.11443,0.207598,0.322477,0.268745,0.292826,0.270197,0.443853,0.145518,0.0500075,0.106056,0.0512111,0.068055,0.0319877,0.0719528,0.0474856,0.24558,0.314762,0.252589,0.0411828,0.162655,0.0591331,0.0272702,0.0426348,0.0267537,0.119303,0.0942951,0.208855,0.198728,0.0647878,0.224366,0.0348614,0.0434329,0.0328818,0.0201223,0.0451651,0.032699,0.0344199,0.0336973,0.122835,0.254065,0.421585,0.429553,0.335008,0.183251,0.0444089,0.0550752,0.0301832,0.0697788,0.0428522,0.142005,0.263574,0.279799,0.307314,0.20145,0.1167,0.14806,0.0911577,0.087804,0.0400432,0.134481,0.0629366,0.0701361,0.0858811,0.286615,0.206398,0.122669,0.141024,0.0486098,0.0562082,0.0269165,0.0355353,0.0641601,0.043416,0.0714031,0.115634,0.282486,0.221828,0.473709,0.432713,0.438212,0.112752,0.134989,0.0310049,0.066569,0.0864902,0.151103,0.174825,0.263574,0.540833,0.526593,0.477783,0.460193,0.464103,0.464103,0.464103,0.464103,0.464103,0.464103,0.464103,0.464103,0.464103,0.464103,0.464103,0.464103,0.464103,0.464103,0.464103,0.464103,0.464103,0.464103,0.464103,0.464103,0.464103,0.464103,0.464103,0.464103,0.464103,0.464103,0.464103,0.464103,0.464103,0.464103,0.464103,0.464103,0.464103,0.464103,0.464103,0.464103,0.464103,0.464103,0.464103,0.464103,0.464103,0.464103,0.464103,0.464103,0.464103,0.464103,0.464103,0.464103,0.464103,0.464103,0.464103,0.464103,0.464103,0.464103,0.464103,0.464103,0.464103,0.464103,0.464103,0.464103,0.464103,0.464103,0.464103,0.464103,0.464103,0.464103,0.464103,0.464103,0.464103,0.464103,0.464103,0.464103,0.464103,0.464103,0.464103,0.464103,0.464103,0.464103,0.464103,0.464103,0.464103,0.464103,0.464103,0.464103,0.464103
14,0.0820143,0.11374,0.0367026,0.0962742,0.0538996,0.0687191,0.034965,0.0945984,0.0514721,0.105108,0.0621504,0.0503499,0.0325786,0.0630159,0.0788955,0.0941265,0.052263,0.0434802,0.164799,0.273523,0.506329,0.419639,0.179083,0.134066,0.0150852,0.0513822,0.0740686,0.0533305,0.0866176,0.178253,0.195198,0.430663,0.153681,0.153752,0.0795735,0.074173,0.0624142,0.0674218,0.052615,0.0750413,0.0820143,0.0647962,0.125047,0.24558,0.19425,0.059453,0.0901551,0.0393701,0.0276978,0.0830358,0.0195542,0.0506817,0.1386,0.23912,0.318674,0.370508,0.418936,0.390472,0.223364,0.0462107,0.0525597,0.034965,0.0169782,0.0539229,0.0527176,0.0371154,0.093301,0.322165,0.447427,0.513875,0.508906,0.101533,0.222222,0.0505433,0.15873,0.0670107,0.0576834,0.131285,0.219732,0.259875,0.39032,0.195848,0.241546,0.0935279,0.0931793,0.143968,0.0289226,0.0895175,0.073497,0.0503271,0.178348,0.379219,0.673401,0.656168,0.308166,0.199084,0.192976,0.046013,0.0230516,0.0187645,0.0232488,0.0825083,0.222222,0.354484,0.158781,0.10627,0.0451243,0.0217188,0.0326083,0.0831532,0.0808146,0.16518,0.085859,0.263366,0.419287,0.494071,0.347584,0.253872,0.283447,0.131182,0.0475308,0.0913492,0.0442263,0.0418813,0.107701,0.131475,0.088308,0.300842,0.386997,0.17449,0.119717,0.0340217,0.0630279,0.0455789,0.0750244,0.0319591,0.0540979,0.0566926,0.174125,0.257798,0.350018,0.430108,0.344234,0.15758,0.0883939,0.143205,0.040808,0.039353,0.143205,0.0361533,0.04004,0.173974,0.358551,0.283206,0.203666,0.0468494,0.061512,0.0529381,0.039582,0.0660197,0.11443,0.207598,0.322477,0.268745,0.292826,0.270197,0.443853,0.145518,0.0500075,0.106056,0.0512111,0.068055,0.0319877,0.0719528,0.0474856,0.24558,0.314762,0.252589,0.0411828,0.162655,0.0591331,0.0272702,0.0426348,0.0267537,0.119303,0.0942951,0.208855,0.198728,0.0647878,0.224366,0.0348614,0.0434329,0.0328818,0.0201223,0.0451651,0.032699,0.0344199,0.0336973,0.122835,0.254065,0.421585,0.429553,0.335008,0.183251,0.0444089,0.0550752,0.0301832,0.0697788,0.0428522,0.142005,0.263574,0.279799,0.307314,0.20145,0.1167,0.14806,0.0911577,0.087804,0.0400432,0.134481,0.0629366,0.0701361,0.0858811,0.286615,0.206398,0.122669,0.141024,0.0486098,0.0562082,0.0269165,0.0355353,0.0641601,0.043416,0.0714031,0.115634,0.282486,0.221828,0.473709,0.432713,0.438212,0.112752,0.134989,0.0310049,0.066569,0.0864902,0.151103,0.174825,0.263574,0.540833,0.526593,0.477783,0.460193,0.464103,0.464103,0.464103,0.464103,0.464103,0.464103,0.464103,0.464103,0.464103,0.464103,0.464103,0.464103,0.464103,0.464103,0.464103,0.464103,0.464103,0.464103,0.464103,0.464103,0.464103,0.464103,0.464103,0.464103,0.464103,0.464103,0.464103,0.464103,0.464103,0.464103,0.464103,0.464103,0.464103,0.464103,0.464103,0.464103,0.464103,0.464103,0.464103,0.464103,0.464103,0.464103,0.464103,0.464103,0.464103,0.464103,0.464103,0.464103,0.464103,0.464103,0.464103,0.464103,0.464103,0.464103,0.464103,0.464103,0.464103,0.464103,0.464103,0.464103,0.464103,0.464103,0.464103,0.464103,0.464103,0.464103,0.464103,0.464103,0.464103,0.464103,0.464103,0.464103,0.464103,0.464103,0.464103,0.464103,0.464103,0.464103,0.464103,0.464103,0.464103,0.464103,0.464103,0.464103,0.464103
15,0.0820143,0.11374,0.0367026,0.0962742,0.0538996,0.0687191,0.034965,0.0945984,0.0514721,0.105108,0.0621504,0.0503499,0.0325786,0.0630159,0.0788955,0.0941265,0.052263,0.0434802,0.164799,0.273523,0.506329,0.419639,0.179083,0.134066,0.0150852,0.0513822,0.0740686,0.0533305,0.0866176,0.178253,0.195198,0.430663,0.153681,0.153752,0.0795735,0.074173,0.0624142,0.0674218,0.052615,0.0750413,0.0820143,0.0647962,0.125047,0.24558,0.19425,0.059453,0.0901551,0.0393701,0.0276978,0.0830358,0.0195542,0.0506817,0.1386,0.23912,0.318674,0.370508,0.418936,0.390472,0.223364,0.0462107,0.0525597,0.034965,0.0169782,0.0539229,0.0527176,0.0371154,0.093301,0.322165,0.447427,0.513875,0.508906,0.101533,0.222222,0.0505433,0.15873,0.0670107,0.0576834,0.131285,0.219732,0.259875,0.39032,0.195848,0.241546,0.0935279,0.0931793,0.143968,0.0289226,0.0895175,0.073497,0.0503271,0.178348,0.379219,0.673401,0.656168,0.308166,0.199084,0.192976,0.046013,0.0230516,0.0187645,0.0232488,0.0825083,0.222222,0.354484,0.158781,0.10627,0.0451243,0.0217188,0.0326083,0.0831532,0.0808146,0.16518,0.085859,0.263366,0.419287,0.494071,0.347584,0.253872,0.283447,0.131182,0.0475308,0.0913492,0.0442263,0.0418813,0.107701,0.131475,0.088308,0.300842,0.386997,0.17449,0.119717,0.0340217,0.0630279,0.0455789,0.0750244,0.0319591,0.0540979,0.0566926,0.174125,0.257798,0.350018,0.430108,0.344234,0.15758,0.0883939,0.143205,0.040808,0.039353,0.143205,0.0361533,0.04004,0.173974,0.358551,0.283206,0.203666,0.0468494,0.061512,0.0529381,0.039582,0.0660197,0.11443,0.207598,0.322477,0.268745,0.292826,0.270197,0.443853,0.145518,0.0500075,0.106056,0.0512111,0.068055,0.0319877,0.0719528,0.0474856,0.24558,0.314762,0.252589,0.0411828,0.162655,0.0591331,0.0272702,0.0426348,0.0267537,0.119303,0.0942951,0.208855,0.198728,0.0647878,0.224366,0.0348614,0.0434329,0.0328818,0.0201223,0.0451651,0.032699,0.0344199,0.0336973,0.122835,0.254065,0.421585,0.429553,0.335008,0.183251,0.0444089,0.0550752,0.0301832,0.0697788,0.0428522,0.142005,0.263574,0.279799,0.307314,0.20145,0.1167,0.14806,0.0911577,0.087804,0.0400432,0.134481,0.0629366,0.0701361,0.0858811,0.286615,0.206398,0.122669,0.141024,0.0486098,0.0562082,0.0269165,0.0355353,0.0641601,0.043416,0.0714031,0.115634,0.282486,0.221828,0.473709,0.432713,0.438212,0.112752,0.134989,0.0310049,0.066569,0.0864902,0.151103,0.174825,0.263574,0.540833,0.526593,0.477783,0.460193,0.464103,0.464103,0.464103,0.464103,0.464103,0.464103,0.464103,0.464103,0.464103,0.464103,0.464103,0.464103,0.464103,0.464103,0.464103,0.464103,0.464103,0.464103,0.464103,0.464103,0.464103,0.464103,0.464103,0.464103,0.464103,0.464103,0.464103,0.464103,0.464103,0.464103,0.464103,0.464103,0.464103,0.464103,0.464103,0.464103,0.464103,0.464103,0.464103,0.464103,0.464103,0.464103,0.464103,0.464103,0.464103,0.464103,0.464103,0.464103,0.464103,0.464103,0.464103,0.464103,0.464103,0.464103,0.464103,0.464103,0.464103,0.464103,0.464103,0.464103,0.464103,0.464103,0.464103,0.464103,0.464103,0.464103,0.464103,0.464103,0.464103,0.464103,0.464103,0.464103,0.464103,0.464103,0.464103,0.464103,0.464103,0.464103,0.464103,0.464103,0.464103,0.464103,0.464103,0.464103,0.464103
16,0.0820143,0.11374,0.0367026,0.0962742,0.0538996,0.0687191,0.034965,0.0945984,0.0514721,0.105108,0.0621504,0.0503499,0.0325786,0.0630159,0.0788955,0.0941265,0.052263,0.0434802,0.164799,0.273523,0.506329,0.419639,0.179083,0.134066,0.0150852,0.0513822,0.0740686,0.0533305,0.0866176,0.178253,0.195198,0.430663,0.153681,0.153752,0.0795735,0.074173,0.0624142,0.0674218,0.052615,0.0750413,0.0820143,0.0647962,0.125047,0.24558,0.19425,0.059453,0.0901551,0.0393701,0.0276978,0.0830358,0.0195542,0.0506817,0.1386,0.23912,0.318674,0.370508,0.418936,0.390472,0.223364,0.0462107,0.0525597,0.034965,0.0169782,0.0539229,0.0527176,0.0371154,0.093301,0.322165,0.447427,0.513875,0.508906,0.101533,0.222222,0.0505433,0.15873,0.0670107,0.0576834,0.131285,0.219732,0.259875,0.39032,0.195848,0.241546,0.0935279,0.0931793,0.143968,0.0289226,0.0895175,0.073497,0.0503271,0.178348,0.379219,0.673401,0.656168,0.308166,0.199084,0.192976,0.046013,0.0230516,0.0187645,0.0232488,0.0825083,0.222222,0.354484,0.158781,0.10627,0.0451243,0.0217188,0.0326083,0.0831532,0.0808146,0.16518,0.085859,0.263366,0.419287,0.494071,0.347584,0.253872,0.283447,0.131182,0.0475308,0.0913492,0.0442263,0.0418813,0.107701,0.131475,0.088308,0.300842,0.386997,0.17449,0.119717,0.0340217,0.0630279,0.0455789,0.0750244,0.0319591,0.0540979,0.0566926,0.174125,0.257798,0.350018,0.430108,0.344234,0.15758,0.0883939,0.143205,0.040808,0.039353,0.143205,0.0361533,0.04004,0.173974,0.358551,0.283206,0.203666,0.0468494,0.061512,0.0529381,0.039582,0.0660197,0.11443,0.207598,0.322477,0.268745,0.292826,0.270197,0.443853,0.145518,0.0500075,0.106056,0.0512111,0.068055,0.0319877,0.0719528,0.0474856,0.24558,0.314762,0.252589,0.0411828,0.162655,0.0591331,0.0272702,0.0426348,0.0267537,0.119303,0.0942951,0.208855,0.198728,0.0647878,0.224366,0.0348614,0.0434329,0.0328818,0.0201223,0.0451651,0.032699,0.0344199,0.0336973,0.122835,0.254065,0.421585,0.429553,0.335008,0.183251,0.0444089,0.0550752,0.0301832,0.0697788,0.0428522,0.142005,0.263574,0.279799,0.307314,0.20145,0.1167,0.14806,0.0911577,0.087804,0.0400432,0.134481,0.0629366,0.0701361,0.0858811,0.286615,0.206398,0.122669,0.141024,0.0486098,0.0562082,0.0269165,0.0355353,0.0641601,0.043416,0.0714031,0.115634,0.282486,0.221828,0.473709,0.432713,0.438212,0.112752,0.134989,0.0310049,0.066569,0.0864902,0.151103,0.174825,0.263574,0.540833,0.526593,0.477783,0.460193,0.464103,0.464103,0.464103,0.464103,0.464103,0.464103,0.464103,0.464103,0.464103,0.464103,0.464103,0.464103,0.464103,0.464103,0.464103,0.464103,0.464103,0.464103,0.464103,0.464103,0.464103,0.464103,0.464103,0.464103,0.464103,0.464103,0.464103,0.464103,0.464103,0.464103,0.464103,0.464103,0.464103,0.464103,0.464103,0.464103,0.464103,0.464103,0.464103,0.464103,0.464103,0.464103,0.464103,0.464103,0.464103,0.464103,0.464103,0.464103,0.464103,0.464103,0.464103,0.464103,0.464103,0.464103,0.464103,0.464103,0.464103,0.464103,0.464103,0.464103,0.464103,0.464103,0.464103,0.464103,0.464103,0.464103,0.464103,0.464103,0.464103,0.464103,0.464103,0.464103,0.464103,0.464103,0.464103,0.464103,0.464103,0.464103,0.464103,0.464103,0.464103,0.464103,0.464103,0.464103,0.464103
17,0.0820143,0.11374,0.0367026,0.0962742,0.0538996,0.0687191,0.034965,0.0945984,0.0514721,0.105108,0.0621504,0.0503499,0.0325786,0.0630159,0.0788955,0.0941265,0.052263,0.0434802,0.164799,0.273523,0.506329,0.419639,0.179083,0.134066,0.0150852,0.0513822,0.0740686,0.0533305,0.0866176,0.178253,0.195198,0.430663,0.153681,0.153752,0.0795735,0.074173,0.0624142,0.0674218,0.052615,0.0750413,0.0820143,0.0647962,0.125047,0.24558,0.19425,0.059453,0.0901551,0.0393701,0.0276978,0.0830358,0.0195542,0.0506817,0.1386,0.23912,0.318674,0.370508,0.418936,0.390472,0.223364,0.0462107,0.0525597,0.034965,0.0169782,0.0539229,0.0527176,0.0371154,0.093301,0.322165,0.447427,0.513875,0.508906,0.101533,0.222222,0.0505433,0.15873,0.0670107,0.0576834,0.131285,0.219732,0.259875,0.39032,0.195848,0.241546,0.0935279,0.0931793,0.143968,0.0289226,0.0895175,0.073497,0.0503271,0.178348,0.379219,0.673401,0.656168,0.308166,0.199084,0.192976,0.046013,0.0230516,0.0187645,0.0232488,0.0825083,0.222222,0.354484,0.158781,0.10627,0.0451243,0.0217188,0.0326083,0.0831532,0.0808146,0.16518,0.085859,0.263366,0.419287,0.494071,0.347584,0.253872,0.283447,0.131182,0.0475308,0.0913492,0.0442263,0.0418813,0.107701,0.131475,0.088308,0.300842,0.386997,0.17449,0.119717,0.0340217,0.0630279,0.0455789,0.0750244,0.0319591,0.0540979,0.0566926,0.174125,0.257798,0.350018,0.430108,0.344234,0.15758,0.0883939,0.143205,0.040808,0.039353,0.143205,0.0361533,0.04004,0.173974,0.358551,0.283206,0.203666,0.0468494,0.061512,0.0529381,0.039582,0.0660197,0.11443,0.207598,0.322477,0.268745,0.292826,0.270197,0.443853,0.145518,0.0500075,0.106056,0.0512111,0.068055,0.0319877,0.0719528,0.0474856,0.24558,0.314762,0.252589,0.0411828,0.162655,0.0591331,0.0272702,0.0426348,0.0267537,0.119303,0.0942951,0.208855,0.198728,0.0647878,0.224366,0.0348614,0.0434329,0.0328818,0.0201223,0.0451651,0.032699,0.0344199,0.0336973,0.122835,0.254065,0.421585,0.429553,0.335008,0.183251,0.0444089,0.0550752,0.0301832,0.0697788,0.0428522,0.142005,0.263574,0.279799,0.307314,0.20145,0.1167,0.14806,0.0911577,0.087804,0.0400432,0.134481,0.0629366,0.0701361,0.0858811,0.286615,0.206398,0.122669,0.141024,0.0486098,0.0562082,0.0269165,0.0355353,0.0641601,0.043416,0.0714031,0.115634,0.282486,0.221828,0.473709,0.432713,0.438212,0.112752,0.134989,0.0310049,0.066569,0.0864902,0.151103,0.174825,0.263574,0.540833,0.526593,0.477783,0.460193,0.464103,0.464103,0.464103,0.464103,0.464103,0.464103,0.464103,0.464103,0.464103,0.464103,0.464103,0.464103,0.464103,0.464103,0.464103,0.464103,0.464103,0.464103,0.464103,0.464103,0.464103,0.464103,0.464103,0.464103,0.464103,0.464103,0.464103,0.464103,0.464103,0.464103,0.464103,0.464103,0.464103,0.464103,0.464103,0.464103,0.464103,0.464103,0.464103,0.464103,0.464103,0.464103,0.464103,0.464103,0.464103,0.464103,0.464103,0.464103,0.464103,0.464103,0.464103,0.464103,0.464103,0.464103,0.464103,0.464103,0.464103,0.464103,0.464103,0.464103,0.464103,0.464103,0.464103,0.464103,0.464103,0.464103,0.464103,0.464103,0.464103,0.464103,0.464103,0.464103,0.464103,0.464103,0.464103,0.464103,0.464103,0.464103,0.464103,0.464103,0.464103,0.464103,0.464103,0.464103,0.464103
18,0.0820143,0.11374,0.0367026,0.0962742,0.0538996,0.0687191,0.034965,0.0945984,0.0514721,0.105108,0.0621504,0.0503499,0.0325786,0.0630159,0.0788955,0.0941265,0.052263,0.0434802,0.164799,0.273523,0.506329,0.419639,0.179083,0.134066,0.0150852,0.0513822,0.0740686,0.0533305,0.0866176,0.178253,0.195198,0.430663,0.153681,0.153752,0.0795735,0.074173,0.0624142,0.0674218,0.052615,0.0750413,0.0820143,0.0647962,0.125047,0.24558,0.19425,0.059453,0.0901551,0.0393701,0.0276978,0.0830358,0.0195542,0.0506817,0.1386,0.23912,0.318674,0.370508,0.418936,0.390472,0.223364,0.0462107,0.0525597,0.034965,0.0169782,0.0539229,0.0527176,0.0371154,0.093301,0.322165,0.447427,0.513875,0.508906,0.101533,0.222222,0.0505433,0.15873,0.0670107,0.0576834,0.131285,0.219732,0.259875,0.39032,0.195848,0.241546,0.0935279,0.0931793,0.143968,0.0289226,0.0895175,0.073497,0.0503271,0.178348,0.379219,0.673401,0.656168,0.308166,0.199084,0.192976,0.046013,0.0230516,0.0187645,0.0232488,0.0825083,0.222222,0.354484,0.158781,0.10627,0.0451243,0.0217188,0.0326083,0.0831532,0.0808146,0.16518,0.085859,0.263366,0.419287,0.494071,0.347584,0.253872,0.283447,0.131182,0.0475308,0.0913492,0.0442263,0.0418813,0.107701,0.131475,0.088308,0.300842,0.386997,0.17449,0.119717,0.0340217,0.0630279,0.0455789,0.0750244,0.0319591,0.0540979,0.0566926,0.174125,0.257798,0.350018,0.430108,0.344234,0.15758,0.0883939,0.143205,0.040808,0.039353,0.143205,0.0361533,0.04004,0.173974,0.358551,0.283206,0.203666,0.0468494,0.061512,0.0529381,0.039582,0.0660197,0.11443,0.207598,0.322477,0.268745,0.292826,0.270197,0.443853,0.145518,0.0500075,0.106056,0.0512111,0.068055,0.0319877,0.0719528,0.0474856,0.24558,0.314762,0.252589,0.0411828,0.162655,0.0591331,0.0272702,0.0426348,0.0267537,0.119303,0.0942951,0.208855,0.198728,0.0647878,0.224366,0.0348614,0.0434329,0.0328818,0.0201223,0.0451651,0.032699,0.0344199,0.0336973,0.122835,0.254065,0.421585,0.429553,0.335008,0.183251,0.0444089,0.0550752,0.0301832,0.0697788,0.0428522,0.142005,0.263574,0.279799,0.307314,0.20145,0.1167,0.14806,0.0911577,0.087804,0.0400432,0.134481,0.0629366,0.0701361,0.0858811,0.286615,0.206398,0.122669,0.141024,0.0486098,0.0562082,0.0269165,0.0355353,0.0641601,0.043416,0.0714031,0.115634,0.282486,0.221828,0.473709,0.432713,0.438212,0.112752,0.134989,0.0310049,0.066569,0.0864902,0.151103,0.174825,0.263574,0.540833,0.526593,0.477783,0.460193,0.464103,0.464103,0.464103,0.464103,0.464103,0.464103,0.464103,0.464103,0.464103,0.464103,0.464103,0.464103,0.464103,0.464103,0.464103,0.464103,0.464103,0.464103,0.464103,0.464103,0.464103,0.464103,0.464103,0.464103,0.464103,0.464103,0.464103,0.464103,0.464103,0.464103,0.464103,0.464103,0.464103,0.464103,0.464103,0.464103,0.464103,0.464103,0.464103,0.464103,0.464103,0.464103,0.464103,0.464103,0.464103,0.464103,0.464103,0.464103,0.464103,0.464103,0.464103,0.464103,0.464103,0.464103,0.464103,0.464103,0.464103,0.464103,0.464103,0.464103,0.464103,0.464103,0.464103,0.464103,0.464103,0.464103,0.464103,0.464103,0.464103,0.464103,0.464103,0.464103,0.464103,0.464103,0.464103,0.464103,0.464103,0.464103,0.464103,0.464103,0.464103,0.464103,0.464103,0.464103,0.464103
19,0.0820143,0.11374,0.0367026,0.0962742,0.0538996,0.0687191,0.034965,0.0945984,0.0514721,0.105108,0.0621504,0.0503499,0.0325786,0.0630159,0.0788955,0.0941265,0.052263,0.0434802,0.164799,0.273523,0.506329,0.419639,0.179083,0.134066,0.0150852,0.0513822,0.0740686,0.0533305,0.0866176,0.178253,0.195198,0.430663,0.153681,0.153752,0.0795735,0.074173,0.0624142,0.0674218,0.052615,0.0750413,0.0820143,0.0647962,0.125047,0.24558,0.19425,0.059453,0.0901551,0.0393701,0.0276978,0.0830358,0.0195542,0.0506817,0.1386,0.23912,0.318674,0.370508,0.418936,0.390472,0.223364,0.0462107,0.0525597,0.034965,0.0169782,0.0539229,0.0527176,0.0371154,0.093301,0.322165,0.447427,0.513875,0.508906,0.101533,0.222222,0.0505433,0.15873,0.0670107,0.0576834,0.131285,0.219732,0.259875,0.39032,0.195848,0.241546,0.0935279,0.0931793,0.143968,0.0289226,0.0895175,0.073497,0.0503271,0.178348,0.379219,0.673401,0.656168,0.308166,0.199084,0.192976,0.046013,0.0230516,0.0187645,0.0232488,0.0825083,0.222222,0.354484,0.158781,0.10627,0.0451243,0.0217188,0.0326083,0.0831532,0.0808146,0.16518,0.085859,0.263366,0.419287,0.494071,0.347584,0.253872,0.283447,0.131182,0.0475308,0.0913492,0.0442263,0.0418813,0.107701,0.131475,0.088308,0.300842,0.386997,0.17449,0.119717,0.0340217,0.0630279,0.0455789,0.0750244,0.0319591,0.0540979,0.0566926,0.174125,0.257798,0.350018,0.430108,0.344234,0.15758,0.0883939,0.143205,0.040808,0.039353,0.143205,0.0361533,0.04004,0.173974,0.358551,0.283206,0.203666,0.0468494,0.061512,0.0529381,0.039582,0.0660197,0.11443,0.207598,0.322477,0.268745,0.292826,0.270197,0.443853,0.145518,0.0500075,0.106056,0.0512111,0.068055,0.0319877,0.0719528,0.0474856,0.24558,0.314762,0.252589,0.0411828,0.162655,0.0591331,0.0272702,0.0426348,0.0267537,0.119303,0.0942951,0.208855,0.198728,0.0647878,0.224366,0.0348614,0.0434329,0.0328818,0.0201223,0.0451651,0.032699,0.0344199,0.0336973,0.122835,0.254065,0.421585,0.429553,0.335008,0.183251,0.0444089,0.0550752,0.0301832,0.0697788,0.0428522,0.142005,0.263574,0.279799,0.307314,0.20145,0.1167,0.14806,0.0911577,0.087804,0.0400432,0.134481,0.0629366,0.0701361,0.0858811,0.286615,0.206398,0.122669,0.141024,0.0486098,0.0562082,0.0269165,0.0355353,0.0641601,0.043416,0.0714031,0.115634,0.282486,0.221828,0.473709,0.432713,0.438212,0.112752,0.134989,0.0310049,0.066569,0.0864902,0.151103,0.174825,0.263574,0.540833,0.526593,0.477783,0.460193,0.464103,0.464103,0.464103,0.464103,0.464103,0.464103,0.464103,0.464103,0.464103,0.464103,0.464103,0.464103,0.464103,0.464103,0.464103,0.464103,0.464103,0.464103,0.464103,0.464103,0.464103,0.464103,0.464103,0.464103,0.464103,0.464103,0.464103,0.464103,0.464103,0.464103,0.464103,0.464103,0.464103,0.464103,0.464103,0.464103,0.464103,0.464103,0.464103,0.464103,0.464103,0.464103,0.464103,0.464103,0.464103,0.464103,0.464103,0.464103,0.464103,0.464103,0.464103,0.464103,0.464103,0.464103,0.464103,0.464103,0.464103,0.464103,0.464103,0.464103,0.464103,0.464103,0.464103,0.464103,0.464103,0.464103,0.464103,0.464103,0.464103,0.464103,0.464103,0.464103,0.464103,0.464103,0.464103,0.464103,0.464103,0.464103,0.464103,0.464103,0.464103,0.464103,0.464103,0.464103,0.464103
20,0.0820143,0.11374,0.0367026,0.0962742,0.0538996,0.0687191,0.034965,0.0945984,0.0514721,0.105108,0.0621504,0.0503499,0.0325786,0.0630159,0.0788955,0.0941265,0.052263,0.0434802,0.164799,0.273523,0.506329,0.419639,0.179083,0.134066,0.0150852,0.0513822,0.0740686,0.0533305,0.0866176,0.178253,0.195198,0.430663,0.153681,0.153752,0.0795735,0.074173,0.0624142,0.0674218,0.052615,0.0750413,0.0820143,0.0647962,0.125047,0.24558,0.19425,0.059453,0.0901551,0.0393701,0.0276978,0.0830358,0.0195542,0.0506817,0.1386,0.23912,0.318674,0.370508,0.418936,0.390472,0.223364,0.0462107,0.0525597,0.034965,0.0169782,0.0539229,0.0527176,0.0371154,0.093301,0.322165,0.447427,0.513875,0.508906,0.101533,0.222222,0.0505433,0.15873,0.0670107,0.0576834,0.131285,0.219732,0.259875,0.39032,0.195848,0.241546,0.0935279,0.0931793,0.143968,0.0289226,0.0895175,0.073497,0.0503271,0.178348,0.379219,0.673401,0.656168,0.308166,0.199084,0.192976,0.046013,0.0230516,0.0187645,0.0232488,0.0825083,0.222222,0.354484,0.158781,0.10627,0.0451243,0.0217188,0.0326083,0.0831532,0.0808146,0.16518,0.085859,0.263366,0.419287,0.494071,0.347584,0.253872,0.283447,0.131182,0.0475308,0.0913492,0.0442263,0.0418813,0.107701,0.131475,0.088308,0.300842,0.386997,0.17449,0.119717,0.0340217,0.0630279,0.0455789,0.0750244,0.0319591,0.0540979,0.0566926,0.174125,0.257798,0.350018,0.430108,0.344234,0.15758,0.0883939,0.143205,0.040808,0.039353,0.143205,0.0361533,0.04004,0.173974,0.358551,0.283206,0.203666,0.0468494,0.061512,0.0529381,0.039582,0.0660197,0.11443,0.207598,0.322477,0.268745,0.292826,0.270197,0.443853,0.145518,0.0500075,0.106056,0.0512111,0.068055,0.0319877,0.0719528,0.0474856,0.24558,0.314762,0.252589,0.0411828,0.162655,0.0591331,0.0272702,0.0426348,0.0267537,0.119303,0.0942951,0.208855,0.198728,0.0647878,0.224366,0.0348614,0.0434329,0.0328818,0.0201223,0.0451651,0.032699,0.0344199,0.0336973,0.122835,0.254065,0.421585,0.429553,0.335008,0.183251,0.0444089,0.0550752,0.0301832,0.0697788,0.0428522,0.142005,0.263574,0.279799,0.307314,0.20145,0.1167,0.14806,0.0911577,0.087804,0.0400432,0.134481,0.0629366,0.0701361,0.0858811,0.286615,0.206398,0.122669,0.141024,0.0486098,0.0562082,0.0269165,0.0355353,0.0641601,0.043416,0.0714031,0.115634,0.282486,0.221828,0.473709,0.432713,0.438212,0.112752,0.134989,0.0310049,0.066569,0.0864902,0.151103,0.174825,0.263574,0.540833,0.526593,0.477783,0.460193,0.464103,0.464103,0.464103,0.464103,0.464103,0.464103,0.464103,0.464103,0.464103,0.464103,0.464103,0.464103,0.464103,0.464103,0.464103,0.464103,0.464103,0.464103,0.464103,0.464103,0.464103,0.464103,0.464103,0.464103,0.464103,0.464103,0.464103,0.464103,0.464103,0.464103,0.464103,0.464103,0.464103,0.464103,0.464103,0.464103,0.464103,0.464103,0.464103,0.464103,0.464103,0.464103,0.464103,0.464103,0.464103,0.464103,0.464103,0.464103,0.464103,0.464103,0.464103,0.464103,0.464103,0.464103,0.464103,0.464103,0.464103,0.464103,0.464103,0.464103,0.464103,0.464103,0.464103,0.464103,0.464103,0.464103,0.464103,0.464103,0.464103,0.464103,0.464103,0.464103,0.464103,0.464103,0.464103,0.464103,0.464103,0.464103,0.464103,0.464103,0.464103,0.464103,0.464103,0.464103,0.464103
21,0.0820143,0.11374,0.0367026,0.0962742,0.0538996,0.0687191,0.034965,0.0945984,0.0514721,0.105108,0.0621504,0.0503499,0.0325786,0.0630159,0.0788955,0.0941265,0.052263,0.0434802,0.164799,0.273523,0.506329,0.419639,0.179083,0.134066,0.0150852,0.0513822,0.0740686,0.0533305,0.0866176,0.178253,0.195198,0.430663,0.153681,0.153752,0.0795735,0.074173,0.0624142,0.0674218,0.052615,0.0750413,0.0820143,0.0647962,0.125047,0.24558,0.19425,0.059453,0.0901551,0.0393701,0.0276978,0.0830358,0.0195542,0.0506817,0.1386,0.23912,0.318674,0.370508,0.418936,0.390472,0.223364,0.0462107,0.0525597,0.034965,0.0169782,0.0539229,0.0527176,0.0371154,0.093301,0.322165,0.447427,0.513875,0.508906,0.101533,0.222222,0.0505433,0.15873,0.0670107,0.0576834,0.131285,0.219732,0.259875,0.39032,0.195848,0.241546,0.0935279,0.0931793,0.143968,0.0289226,0.0895175,0.073497,0.0503271,0.178348,0.379219,0.673401,0.656168,0.308166,0.199084,0.192976,0.046013,0.0230516,0.0187645,0.0232488,0.0825083,0.222222,0.354484,0.158781,0.10627,0.0451243,0.0217188,0.0326083,0.0831532,0.0808146,0.16518,0.085859,0.263366,0.419287,0.494071,0.347584,0.253872,0.283447,0.131182,0.0475308,0.0913492,0.0442263,0.0418813,0.107701,0.131475,0.088308,0.300842,0.386997,0.17449,0.119717,0.0340217,0.0630279,0.0455789,0.0750244,0.0319591,0.0540979,0.0566926,0.174125,0.257798,0.350018,0.430108,0.344234,0.15758,0.0883939,0.143205,0.040808,0.039353,0.143205,0.0361533,0.04004,0.173974,0.358551,0.283206,0.203666,0.0468494,0.061512,0.0529381,0.039582,0.0660197,0.11443,0.207598,0.322477,0.268745,0.292826,0.270197,0.443853,0.145518,0.0500075,0.106056,0.0512111,0.068055,0.0319877,0.0719528,0.0474856,0.24558,0.314762,0.252589,0.0411828,0.162655,0.0591331,0.0272702,0.0426348,0.0267537,0.119303,0.0942951,0.208855,0.198728,0.0647878,0.224366,0.0348614,0.0434329,0.0328818,0.0201223,0.0451651,0.032699,0.0344199,0.0336973,0.122835,0.254065,0.421585,0.429553,0.335008,0.183251,0.0444089,0.0550752,0.0301832,0.0697788,0.0428522,0.142005,0.263574,0.279799,0.307314,0.20145,0.1167,0.14806,0.0911577,0.087804,0.0400432,0.134481,0.0629366,0.0701361,0.0858811,0.286615,0.206398,0.122669,0.141024,0.0486098,0.0562082,0.0269165,0.0355353,0.0641601,0.043416,0.0714031,0.115634,0.282486,0.221828,0.473709,0.432713,0.438212,0.112752,0.134989,0.0310049,0.066569,0.0864902,0.151103,0.174825,0.263574,0.540833,0.526593,0.477783,0.460193,0.464103,0.464103,0.464103,0.464103,0.464103,0.464103,0.464103,0.464103,0.464103,0.464103,0.464103,0.464103,0.464103,0.464103,0.464103,0.464103,0.464103,0.464103,0.464103,0.464103,0.464103,0.464103,0.464103,0.464103,0.464103,0.464103,0.464103,0.464103,0.464103,0.464103,0.464103,0.464103,0.464103,0.464103,0.464103,0.464103,0.464103,0.464103,0.464103,0.464103,0.464103,0.464103,0.464103,0.464103,0.464103,0.464103,0.464103,0.464103,0.464103,0.464103,0.464103,0.464103,0.464103,0.464103,0.464103,0.464103,0.464103,0.464103,0.464103,0.464103,0.464103,0.464103,0.464103,0.464103,0.464103,0.464103,0.464103,0.464103,0.464103,0.464103,0.464103,0.464103,0.464103,0.464103,0.464103,0.464103,0.464103,0.464103,0.464103,0.464103,0.464103,0.464103,0.464103,0.464103,0.464103
22,0.0820143,0.11374,0.0367026,0.0962742,0.0538996,0.0687191,0.034965,0.0945984,0.0514721,0.105108,0.0621504,0.0503499,0.0325786,0.0630159,0.0788955,0.0941265,0.052263,0.0434802,0.164799,0.273523,0.506329,0.419639,0.179083,0.134066,0.0150852,0.0513822,0.0740686,0.0533305,0.0866176,0.178253,0.195198,0.430663,0.153681,0.153752,0.0795735,0.074173,0.0624142,0.0674218,0.052615,0.0750413,0.0820143,0.0647962,0.125047,0.24558,0.19425,0.059453,0.0901551,0.0393701,0.0276978,0.0830358,0.0195542,0.0506817,0.1386,0.23912,0.318674,0.370508,0.418936,0.390472,0.223364,0.0462107,0.0525597,0.034965,0.0169782,0.0539229,0.0527176,0.0371154,0.093301,0.322165,0.447427,0.513875,0.508906,0.101533,0.222222,0.0505433,0.15873,0.0670107,0.0576834,0.131285,0.219732,0.259875,0.39032,0.195848,0.241546,0.0935279,0.0931793,0.143968,0.0289226,0.0895175,0.073497,0.0503271,0.178348,0.379219,0.673401,0.656168,0.308166,0.199084,0.192976,0.046013,0.0230516,0.0187645,0.0232488,0.0825083,0.222222,0.354484,0.158781,0.10627,0.0451243,0.0217188,0.0326083,0.0831532,0.0808146,0.16518,0.085859,0.263366,0.419287,0.494071,0.347584,0.253872,0.283447,0.131182,0.0475308,0.0913492,0.0442263,0.0418813,0.107701,0.131475,0.088308,0.300842,0.386997,0.17449,0.119717,0.0340217,0.0630279,0.0455789,0.0750244,0.0319591,0.0540979,0.0566926,0.174125,0.257798,0.350018,0.430108,0.344234,0.15758,0.0883939,0.143205,0.040808,0.039353,0.143205,0.0361533,0.04004,0.173974,0.358551,0.283206,0.203666,0.0468494,0.061512,0.0529381,0.039582,0.0660197,0.11443,0.207598,0.322477,0.268745,0.292826,0.270197,0.443853,0.145518,0.0500075,0.106056,0.0512111,0.068055,0.0319877,0.0719528,0.0474856,0.24558,0.314762,0.252589,0.0411828,0.162655,0.0591331,0.0272702,0.0426348,0.0267537,0.119303,0.0942951,0.208855,0.198728,0.0647878,0.224366,0.0348614,0.0434329,0.0328818,0.0201223,0.0451651,0.032699,0.0344199,0.0336973,0.122835,0.254065,0.421585,0.429553,0.335008,0.183251,0.0444089,0.0550752,0.0301832,0.0697788,0.0428522,0.142005,0.263574,0.279799,0.307314,0.20145,0.1167,0.14806,0.0911577,0.087804,0.0400432,0.134481,0.0629366,0.0701361,0.0858811,0.286615,0.206398,0.122669,0.141024,0.0486098,0.0562082,0.0269165,0.0355353,0.0641601,0.043416,0.0714031,0.115634,0.282486,0.221828,0.473709,0.432713,0.438212,0.112752,0.134989,0.0310049,0.066569,0.0864902,0.151103,0.174825,0.263574,0.540833,0.526593,0.477783,0.460193,0.464103,0.464103,0.464103,0.464103,0.464103,0.464103,0.464103,0.464103,0.464103,0.464103,0.464103,0.464103,0.464103,0.464103,0.464103,0.464103,0.464103,0.464103,0.464103,0.464103,0.464103,0.464103,0.464103,0.464103,0.464103,0.464103,0.464103,0.464103,0.464103,0.464103,0.464103,0.464103,0.464103,0.464103,0.464103,0.464103,0.464103,0.464103,0.464103,0.464103,0.464103,0.464103,0.464103,0.464103,0.464103,0.464103,0.464103,0.464103,0.464103,0.464103,0.464103,0.464103,0.464103,0.464103,0.464103,0.464103,0.464103,0.464103,0.464103,0.464103,0.464103,0.464103,0.464103,0.464103,0.464103,0.464103,0.464103,0.464103,0.464103,0.464103,0.464103,0.464103,0.464103,0.464103,0.464103,0.464103,0.464103,0.464103,0.464103,0.464103,0.464103,0.464103,0.464103,0.464103,0.464103
23,0.0820143,0.11374,0.0367026,0.0962742,0.0538996,0.0687191,0.034965,0.0945984,0.0514721,0.105108,0.0621504,0.0503499,0.0325786,0.0630159,0.0788955,0.0941265,0.052263,0.0434802,0.164799,0.273523,0.506329,0.419639,0.179083,0.134066,0.0150852,0.0513822,0.0740686,0.0533305,0.0866176,0.178253,0.195198,0.430663,0.153681,0.153752,0.0795735,0.074173,0.0624142,0.0674218,0.052615,0.0750413,0.0820143,0.0647962,0.125047,0.24558,0.19425,0.059453,0.0901551,0.0393701,0.0276978,0.0830358,0.0195542,0.0506817,0.1386,0.23912,0.318674,0.370508,0.418936,0.390472,0.223364,0.0462107,0.0525597,0.034965,0.0169782,0.0539229,0.0527176,0.0371154,0.093301,0.322165,0.447427,0.513875,0.508906,0.101533,0.222222,0.0505433,0.15873,0.0670107,0.0576834,0.131285,0.219732,0.259875,0.39032,0.195848,0.241546,0.0935279,0.0931793,0.143968,0.0289226,0.0895175,0.073497,0.0503271,0.178348,0.379219,0.673401,0.656168,0.308166,0.199084,0.192976,0.046013,0.0230516,0.0187645,0.0232488,0.0825083,0.222222,0.354484,0.158781,0.10627,0.0451243,0.0217188,0.0326083,0.0831532,0.0808146,0.16518,0.085859,0.263366,0.419287,0.494071,0.347584,0.253872,0.283447,0.131182,0.0475308,0.0913492,0.0442263,0.0418813,0.107701,0.131475,0.088308,0.300842,0.386997,0.17449,0.119717,0.0340217,0.0630279,0.0455789,0.0750244,0.0319591,0.0540979,0.0566926,0.174125,0.257798,0.350018,0.430108,0.344234,0.15758,0.0883939,0.143205,0.040808,0.039353,0.143205,0.0361533,0.04004,0.173974,0.358551,0.283206,0.203666,0.0468494,0.061512,0.0529381,0.039582,0.0660197,0.11443,0.207598,0.322477,0.268745,0.292826,0.270197,0.443853,0.145518,0.0500075,0.106056,0.0512111,0.068055,0.0319877,0.0719528,0.0474856,0.24558,0.314762,0.252589,0.0411828,0.162655,0.0591331,0.0272702,0.0426348,0.0267537,0.119303,0.0942951,0.208855,0.198728,0.0647878,0.224366,0.0348614,0.0434329,0.0328818,0.0201223,0.0451651,0.032699,0.0344199,0.0336973,0.122835,0.254065,0.421585,0.429553,0.335008,0.183251,0.0444089,0.0550752,0.0301832,0.0697788,0.0428522,0.142005,0.263574,0.279799,0.307314,0.20145,0.1167,0.14806,0.0911577,0.087804,0.0400432,0.134481,0.0629366,0.0701361,0.0858811,0.286615,0.206398,0.122669,0.141024,0.0486098,0.0562082,0.0269165,0.0355353,0.0641601,0.043416,0.0714031,0.115634,0.282486,0.221828,0.473709,0.432713,0.438212,0.112752,0.134989,0.0310049,0.066569,0.0864902,0.151103,0.174825,0.263574,0.540833,0.526593,0.477783,0.460193,0.464103,0.464103,0.464103,0.464103,0.464103,0.464103,0.464103,0.464103,0.464103,0.464103,0.464103,0.464103,0.464103,0.464103,0.464103,0.464103,0.464103,0.464103,0.464103,0.464103,0.464103,0.464103,0.464103,0.464103,0.464103,0.464103,0.464103,0.464103,0.464103,0.464103,0.464103,0.464103,0.464103,0.464103,0.464103,0.464103,0.464103,0.464103,0.464103,0.464103,0.464103,0.464103,0.464103,0.464103,0.464103,0.464103,0.464103,0.464103,0.464103,0.464103,0.464103,0.464103,0.464103,0.464103,0.464103,0.464103,0.464103,0.464103,0.464103,0.464103,0.464103,0.464103,0.464103,0.464103,0.464103,0.464103,0.464103,0.464103,0.464103,0.464103,0.464103,0.464103,0.464103,0.464103,0.464103,0.464103,0.464103,0.464103,0.464103,0.464103,0.464103,0.464103,0.464103,0.464103,0.464103
24,0.0820143,0.11374,0.0367026,0.0962742,0.0538996,0.0687191,0.034965,0.0945984,0.0514721,0.105108,0.0621504,0.0503499,0.0325786,0.0630159,0.0788955,0.0941265,0.052263,0.0434802,0.164799,0.273523,0.506329,0.419639,0.179083,0.134066,0.0150852,0.0513822,0.0740686,0.0533305,0.0866176,0.178253,0.195198,0.430663,0.153681,0.153752,0.0795735,0.074173,0.0624142,0.0674218,0.052615,0.0750413,0.0820143,0.0647962,0.125047,0.24558,0.19425,0.059453,0.0901551,0.0393701,0.0276978,0.0830358,0.0195542,0.0506817,0.1386,0.23912,0.318674,0.370508,0.418936,0.390472,0.223364,0.0462107,0.0525597,0.034965,0.0169782,0.0539229,0.0527176,0.0371154,0.093301,0.322165,0.447427,0.513875,0.508906,0.101533,0.222222,0.0505433,0.15873,0.0670107,0.0576834,0.131285,0.219732,0.259875,0.39032,0.195848,0.241546,0.0935279,0.0931793,0.143968,0.0289226,0.0895175,0.073497,0.0503271,0.178348,0.379219,0.673401,0.656168,0.308166,0.199084,0.192976,0.046013,0.0230516,0.0187645,0.0232488,0.0825083,0.222222,0.354484,0.158781,0.10627,0.0451243,0.0217188,0.0326083,0.0831532,0.0808146,0.16518,0.085859,0.263366,0.419287,0.494071,0.347584,0.253872,0.283447,0.131182,0.0475308,0.0913492,0.0442263,0.0418813,0.107701,0.131475,0.088308,0.300842,0.386997,0.17449,0.119717,0.0340217,0.0630279,0.0455789,0.0750244,0.0319591,0.0540979,0.0566926,0.174125,0.257798,0.350018,0.430108,0.344234,0.15758,0.0883939,0.143205,0.040808,0.039353,0.143205,0.0361533,0.04004,0.173974,0.358551,0.283206,0.203666,0.0468494,0.061512,0.0529381,0.039582,0.0660197,0.11443,0.207598,0.322477,0.268745,0.292826,0.270197,0.443853,0.145518,0.0500075,0.106056,0.0512111,0.068055,0.0319877,0.0719528,0.0474856,0.24558,0.314762,0.252589,0.0411828,0.162655,0.0591331,0.0272702,0.0426348,0.0267537,0.119303,0.0942951,0.208855,0.198728,0.0647878,0.224366,0.0348614,0.0434329,0.0328818,0.0201223,0.0451651,0.032699,0.0344199,0.0336973,0.122835,0.254065,0.421585,0.429553,0.335008,0.183251,0.0444089,0.0550752,0.0301832,0.0697788,0.0428522,0.142005,0.263574,0.279799,0.307314,0.20145,0.1167,0.14806,0.0911577,0.087804,0.0400432,0.134481,0.0629366,0.0701361,0.0858811,0.286615,0.206398,0.122669,0.141024,0.0486098,0.0562082,0.0269165,0.0355353,0.0641601,0.043416,0.0714031,0.115634,0.282486,0.221828,0.473709,0.432713,0.438212,0.112752,0.134989,0.0310049,0.066569,0.0864902,0.151103,0.174825,0.263574,0.540833,0.526593,0.477783,0.460193,0.464103,0.464103,0.464103,0.464103,0.464103,0.464103,0.464103,0.464103,0.464103,0.464103,0.464103,0.464103,0.464103,0.464103,0.464103,0.464103,0.464103,0.464103,0.464103,0.464103,0.464103,0.464103,0.464103,0.464103,0.464103,0.464103,0.464103,0.464103,0.464103,0.464103,0.464103,0.464103,0.464103,0.464103,0.464103,0.464103,0.464103,0.464103,0.464103,0.464103,0.464103,0.464103,0.464103,0.464103,0.464103,0.464103,0.464103,0.464103,0.464103,0.464103,0.464103,0.464103,0.464103,0.464103,0.464103,0.464103,0.464103,0.464103,0.464103,0.464103,0.464103,0.464103,0.464103,0.464103,0.464103,0.464103,0.464103,0.464103,0.464103,0.464103,0.464103,0.464103,0.464103,0.464103,0.464103,0.464103,0.464103,0.464103,0.464103,0.464103,0.464103,0.464103,0.464103,0.464103,0.464103
25,0.0820143,0.11374,0.0367026,0.0962742,0.0538996,0.0687191,0.034965,0.0945984,0.0514721,0.105108,0.0621504,0.0503499,0.0325786,0.0630159,0.0788955,0.0941265,0.052263,0.0434802,0.164799,0.273523,0.506329,0.419639,0.179083,0.134066,0.0150852,0.0513822,0.0740686,0.0533305,0.0866176,0.178253,0.195198,0.430663,0.153681,0.153752,0.0795735,0.074173,0.0624142,0.0674218,0.052615,0.0750413,0.0820143,0.0647962,0.125047,0.24558,0.19425,0.059453,0.0901551,0.0393701,0.0276978,0.0830358,0.0195542,0.0506817,0.1386,0.23912,0.318674,0.370508,0.418936,0.390472,0.223364,0.0462107,0.0525597,0.034965,0.0169782,0.0539229,0.0527176,0.0371154,0.093301,0.322165,0.447427,0.513875,0.508906,0.101533,0.222222,0.0505433,0.15873,0.0670107,0.0576834,0.131285,0.219732,0.259875,0.39032,0.195848,0.241546,0.0935279,0.0931793,0.143968,0.0289226,0.0895175,0.073497,0.0503271,0.178348,0.379219,0.673401,0.656168,0.308166,0.199084,0.192976,0.046013,0.0230516,0.0187645,0.0232488,0.0825083,0.222222,0.354484,0.158781,0.10627,0.0451243,0.0217188,0.0326083,0.0831532,0.0808146,0.16518,0.085859,0.263366,0.419287,0.494071,0.347584,0.253872,0.283447,0.131182,0.0475308,0.0913492,0.0442263,0.0418813,0.107701,0.131475,0.088308,0.300842,0.386997,0.17449,0.119717,0.0340217,0.0630279,0.0455789,0.0750244,0.0319591,0.0540979,0.0566926,0.174125,0.257798,0.350018,0.430108,0.344234,0.15758,0.0883939,0.143205,0.040808,0.039353,0.143205,0.0361533,0.04004,0.173974,0.358551,0.283206,0.203666,0.0468494,0.061512,0.0529381,0.039582,0.0660197,0.11443,0.207598,0.322477,0.268745,0.292826,0.270197,0.443853,0.145518,0.0500075,0.106056,0.0512111,0.068055,0.0319877,0.0719528,0.0474856,0.24558,0.314762,0.252589,0.0411828,0.162655,0.0591331,0.0272702,0.0426348,0.0267537,0.119303,0.0942951,0.208855,0.198728,0.0647878,0.224366,0.0348614,0.0434329,0.0328818,0.0201223,0.0451651,0.032699,0.0344199,0.0336973,0.122835,0.254065,0.421585,0.429553,0.335008,0.183251,0.0444089,0.0550752,0.0301832,0.0697788,0.0428522,0.142005,0.263574,0.279799,0.307314,0.20145,0.1167,0.14806,0.0911577,0.087804,0.0400432,0.134481,0.0629366,0.0701361,0.0858811,0.286615,0.206398,0.122669,0.141024,0.0486098,0.0562082,0.0269165,0.0355353,0.0641601,0.043416,0.0714031,0.115634,0.282486,0.221828,0.473709,0.432713,0.438212,0.112752,0.134989,0.0310049,0.066569,0.0864902,0.151103,0.174825,0.263574,0.540833,0.526593,0.477783,0.460193,0.464103,0.464103,0.464103,0.464103,0.464103,0.464103,0.464103,0.464103,0.464103,0.464103,0.464103,0.464103,0.464103,0.464103,0.464103,0.464103,0.464103,0.464103,0.464103,0.464103,0.464103,0.464103,0.464103,0.464103,0.464103,0.464103,0.464103,0.464103,0.464103,0.464103,0.464103,0.464103,0.464103,0.464103,0.464103,0.464103,0.464103,0.464103,0.464103,0.464103,0.464103,0.464103,0.464103,0.464103,0.464103,0.464103,0.464103,0.464103,0.464103,0.464103,0.464103,0.464103,0.464103,0.464103,0.464103,0.464103,0.464103,0.464103,0.464103,0.464103,0.464103,0.464103,0.464103,0.464103,0.464103,0.464103,0.464103,0.464103,0.464103,0.464103,0.464103,0.464103,0.464103,0.464103,0.464103,0.464103,0.464103,0.464103,0.464103,0.464103,0.464103,0.464103,0.464103,0.464103,0.464103
26,0.0820143,0.11374,0.0367026,0.0962742,0.0538996,0.0687191,0.034965,0.0945984,0.0514721,0.105108,0.0621504,0.0503499,0.0325786,0.0630159,0.0788955,0.0941265,0.052263,0.0434802,0.164799,0.273523,0.506329,0.419639,0.179083,0.134066,0.0150852,0.0513822,0.0740686,0.0533305,0.0866176,0.178253,0.195198,0.430663,0.153681,0.153752,0.0795735,0.074173,0.0624142,0.0674218,0.052615,0.0750413,0.0820143,0.0647962,0.125047,0.24558,0.19425,0.059453,0.0901551,0.0393701,0.0276978,0.0830358,0.0195542,0.0506817,0.1386,0.23912,0.318674,0.370508,0.418936,0.390472,0.223364,0.0462107,0.0525597,0.034965,0.0169782,0.0539229,0.0527176,0.0371154,0.093301,0.322165,0.447427,0.513875,0.508906,0.101533,0.222222,0.0505433,0.15873,0.0670107,0.0576834,0.131285,0.219732,0.259875,0.39032,0.195848,0.241546,0.0935279,0.0931793,0.143968,0.0289226,0.0895175,0.073497,0.0503271,0.178348,0.379219,0.673401,0.656168,0.308166,0.199084,0.192976,0.046013,0.0230516,0.0187645,0.0232488,0.0825083,0.222222,0.354484,0.158781,0.10627,0.0451243,0.0217188,0.0326083,0.0831532,0.0808146,0.16518,0.085859,0.263366,0.419287,0.494071,0.347584,0.253872,0.283447,0.131182,0.0475308,0.0913492,0.0442263,0.0418813,0.107701,0.131475,0.088308,0.300842,0.386997,0.17449,0.119717,0.0340217,0.0630279,0.0455789,0.0750244,0.0319591,0.0540979,0.0566926,0.174125,0.257798,0.350018,0.430108,0.344234,0.15758,0.0883939,0.143205,0.040808,0.039353,0.143205,0.0361533,0.04004,0.173974,0.358551,0.283206,0.203666,0.0468494,0.061512,0.0529381,0.039582,0.0660197,0.11443,0.207598,0.322477,0.268745,0.292826,0.270197,0.443853,0.145518,0.0500075,0.106056,0.0512111,0.068055,0.0319877,0.0719528,0.0474856,0.24558,0.314762,0.252589,0.0411828,0.162655,0.0591331,0.0272702,0.0426348,0.0267537,0.119303,0.0942951,0.208855,0.198728,0.0647878,0.224366,0.0348614,0.0434329,0.0328818,0.0201223,0.0451651,0.032699,0.0344199,0.0336973,0.122835,0.254065,0.421585,0.429553,0.335008,0.183251,0.0444089,0.0550752,0.0301832,0.0697788,0.0428522,0.142005,0.263574,0.279799,0.307314,0.20145,0.1167,0.14806,0.0911577,0.087804,0.0400432,0.134481,0.0629366,0.0701361,0.0858811,0.286615,0.206398,0.122669,0.141024,0.0486098,0.0562082,0.0269165,0.0355353,0.0641601,0.043416,0.0714031,0.115634,0.282486,0.221828,0.473709,0.432713,0.438212,0.112752,0.134989,0.0310049,0.066569,0.0864902,0.151103,0.174825,0.263574,0.540833,0.526593,0.477783,0.460193,0.464103,0.464103,0.464103,0.464103,0.464103,0.464103,0.464103,0.464103,0.464103,0.464103,0.464103,0.464103,0.464103,0.464103,0.464103,0.464103,0.464103,0.464103,0.464103,0.464103,0.464103,0.464103,0.464103,0.464103,0.464103,0.464103,0.464103,0.464103,0.464103,0.464103,0.464103,0.464103,0.464103,0.464103,0.464103,0.464103,0.464103,0.464103,0.464103,0.464103,0.464103,0.464103,0.464103,0.464103,0.464103,0.464103,0.464103,0.464103,0.464103,0.464103,0.464103,0.464103,0.464103,0.464103,0.464103,0.464103,0.464103,0.464103,0.464103,0.464103,0.464103,0.464103,0.464103,0.464103,0.464103,0.464103,0.464103,0.464103,0.464103,0.464103,0.464103,0.464103,0.464103,0.464103,0.464103,0.464103,0.464103,0.464103,0.464103,0.464103,0.464103,0.464103,0.464103,0.464103,0.464103
27,0.0820143,0.11374,0.0367026,0.0962742,0.0538996,0.0687191,0.034965,0.0945984,0.0514721,0.105108,0.0621504,0.0503499,0.0325786,0.0630159,0.0788955,0.0941265,0.052263,0.0434802,0.164799,0.273523,0.506329,0.419639,0.179083,0.134066,0.0150852,0.0513822,0.0740686,0.0533305,0.0866176,0.178253,0.195198,0.430663,0.153681,0.153752,0.0795735,0.074173,0.0624142,0.0674218,0.052615,0.0750413,0.0820143,0.0647962,0.125047,0.24558,0.19425,0.059453,0.0901551,0.0393701,0.0276978,0.0830358,0.0195542,0.0506817,0.1386,0.23912,0.318674,0.370508,0.418936,0.390472,0.223364,0.0462107,0.0525597,0.034965,0.0169782,0.0539229,0.0527176,0.0371154,0.093301,0.322165,0.447427,0.513875,0.508906,0.101533,0.222222,0.0505433,0.15873,0.0670107,0.0576834,0.131285,0.219732,0.259875,0.39032,0.195848,0.241546,0.0935279,0.0931793,0.143968,0.0289226,0.0895175,0.073497,0.0503271,0.178348,0.379219,0.673401,0.656168,0.308166,0.199084,0.192976,0.046013,0.0230516,0.0187645,0.0232488,0.0825083,0.222222,0.354484,0.158781,0.10627,0.0451243,0.0217188,0.0326083,0.0831532,0.0808146,0.16518,0.085859,0.263366,0.419287,0.494071,0.347584,0.253872,0.283447,0.131182,0.0475308,0.0913492,0.0442263,0.0418813,0.107701,0.131475,0.088308,0.300842,0.386997,0.17449,0.119717,0.0340217,0.0630279,0.0455789,0.0750244,0.0319591,0.0540979,0.0566926,0.174125,0.257798,0.350018,0.430108,0.344234,0.15758,0.0883939,0.143205,0.040808,0.039353,0.143205,0.0361533,0.04004,0.173974,0.358551,0.283206,0.203666,0.0468494,0.061512,0.0529381,0.039582,0.0660197,0.11443,0.207598,0.322477,0.268745,0.292826,0.270197,0.443853,0.145518,0.0500075,0.106056,0.0512111,0.068055,0.0319877,0.0719528,0.0474856,0.24558,0.314762,0.252589,0.0411828,0.162655,0.0591331,0.0272702,0.0426348,0.0267537,0.119303,0.0942951,0.208855,0.198728,0.0647878,0.224366,0.0348614,0.0434329,0.0328818,0.0201223,0.0451651,0.032699,0.0344199,0.0336973,0.122835,0.254065,0.421585,0.429553,0.335008,0.183251,0.0444089,0.0550752,0.0301832,0.0697788,0.0428522,0.142005,0.263574,0.279799,0.307314,0.20145,0.1167,0.14806,0.0911577,0.087804,0.0400432,0.134481,0.0629366,0.0701361,0.0858811,0.286615,0.206398,0.122669,0.141024,0.0486098,0.0562082,0.0269165,0.0355353,0.0641601,0.043416,0.0714031,0.115634,0.282486,0.221828,0.473709,0.432713,0.438212,0.112752,0.134989,0.0310049,0.066569,0.0864902,0.151103,0.174825,0.263574,0.540833,0.526593,0.477783,0.460193,0.464103,0.464103,0.464103,0.464103,0.464103,0.464103,0.464103,0.464103,0.464103,0.464103,0.464103,0.464103,0.464103,0.464103,0.464103,0.464103,0.464103,0.464103,0.464103,0.464103,0.464103,0.464103,0.464103,0.464103,0.464103,0.464103,0.464103,0.464103,0.464103,0.464103,0.464103,0.464103,0.464103,0.464103,0.464103,0.464103,0.464103,0.464103,0.464103,0.464103,0.464103,0.464103,0.464103,0.464103,0.464103,0.464103,0.464103,0.464103,0.464103,0.464103,0.464103,0.464103,0.464103,0.464103,0.464103,0.464103,0.464103,0.464103,0.464103,0.464103,0.464103,0.464103,0.464103,0.464103,0.464103,0.464103,0.464103,0.464103,0.464103,0.464103,0.464103,0.464103,0.464103,0.464103,0.464103,0.464103,0.464103,0.464103,0.464103,0.464103,0.464103,0.464103,0.464103,0.464103,0.464103
28,0.0820143,0.11374,0.0367026,0.0962742,0.0538996,0.0687191,0.034965,0.0945984,0.0514721,0.105108,0.0621504,0.0503499,0.0325786,0.0630159,0.0788955,0.0941265,0.052263,0.0434802,0.164799,0.273523,0.506329,0.419639,0.179083,0.134066,0.0150852,0.0513822,0.0740686,0.0533305,0.0866176,0.178253,0.195198,0.430663,0.153681,0.153752,0.0795735,0.074173,0.0624142,0.0674218,0.052615,0.0750413,0.0820143,0.0647962,0.125047,0.24558,0.19425,0.059453,0.0901551,0.0393701,0.0276978,0.0830358,0.0195542,0.0506817,0.1386,0.23912,0.318674,0.370508,0.418936,0.390472,0.223364,0.0462107,0.0525597,0.034965,0.0169782,0.0539229,0.0527176,0.0371154,0.093301,0.322165,0.447427,0.513875,0.508906,0.101533,0.222222,0.0505433,0.15873,0.0670107,0.0576834,0.131285,0.219732,0.259875,0.39032,0.195848,0.241546,0.0935279,0.0931793,0.143968,0.0289226,0.0895175,0.073497,0.0503271,0.178348,0.379219,0.673401,0.656168,0.308166,0.199084,0.192976,0.046013,0.0230516,0.0187645,0.0232488,0.0825083,0.222222,0.354484,0.158781,0.10627,0.0451243,0.0217188,0.0326083,0.0831532,0.0808146,0.16518,0.085859,0.263366,0.419287,0.494071,0.347584,0.253872,0.283447,0.131182,0.0475308,0.0913492,0.0442263,0.0418813,0.107701,0.131475,0.088308,0.300842,0.386997,0.17449,0.119717,0.0340217,0.0630279,0.0455789,0.0750244,0.0319591,0.0540979,0.0566926,0.174125,0.257798,0.350018,0.430108,0.344234,0.15758,0.0883939,0.143205,0.040808,0.039353,0.143205,0.0361533,0.04004,0.173974,0.358551,0.283206,0.203666,0.0468494,0.061512,0.0529381,0.039582,0.0660197,0.11443,0.207598,0.322477,0.268745,0.292826,0.270197,0.443853,0.145518,0.0500075,0.106056,0.0512111,0.068055,0.0319877,0.0719528,0.0474856,0.24558,0.314762,0.252589,0.0411828,0.162655,0.0591331,0.0272702,0.0426348,0.0267537,0.119303,0.0942951,0.208855,0.198728,0.0647878,0.224366,0.0348614,0.0434329,0.0328818,0.0201223,0.0451651,0.032699,0.0344199,0.0336973,0.122835,0.254065,0.421585,0.429553,0.335008,0.183251,0.0444089,0.0550752,0.0301832,0.0697788,0.0428522,0.142005,0.263574,0.279799,0.307314,0.20145,0.1167,0.14806,0.0911577,0.087804,0.0400432,0.134481,0.0629366,0.0701361,0.0858811,0.286615,0.206398,0.122669,0.141024,0.0486098,0.0562082,0.0269165,0.0355353,0.0641601,0.043416,0.0714031,0.115634,0.282486,0.221828,0.473709,0.432713,0.438212,0.112752,0.134989,0.0310049,0.066569,0.0864902,0.151103,0.174825,0.263574,0.540833,0.526593,0.477783,0.460193,0.464103,0.464103,0.464103,0.464103,0.464103,0.464103,0.464103,0.464103,0.464103,0.464103,0.464103,0.464103,0.464103,0.464103,0.464103,0.464103,0.464103,0.464103,0.464103,0.464103,0.464103,0.464103,0.464103,0.464103,0.464103,0.464103,0.464103,0.464103,0.464103,0.464103,0.464103,0.464103,0.464103,0.464103,0.464103,0.464103,0.464103,0.464103,0.464103,0.464103,0.464103,0.464103,0.464103,0.464103,0.464103,0.464103,0.464103,0.464103,0.464103,0.464103,0.464103,0.464103,0.464103,0.464103,0.464103,0.464103,0.464103,0.464103,0.464103,0.464103,0.464103,0.464103,0.464103,0.464103,0.464103,0.464103,0.464103,0.464103,0.464103,0.464103,0.464103,0.464103,0.464103,0.464103,0.464103,0.464103,0.464103,0.464103,0.464103,0.464103,0.464103,0.464103,0.464103,0.464103,0.464103
29,0.0820143,0.11374,0.0367026,0.0962742,0.0538996,0.0687191,0.034965,0.0945984,0.0514721,0.105108,0.0621504,0.0503499,0.0325786,0.0630159,0.0788955,0.0941265,0.052263,0.0434802,0.164799,0.273523,0.506329,0.419639,0.179083,0.134066,0.0150852,0.0513822,0.0740686,0.0533305,0.0866176,0.178253,0.195198,0.430663,0.153681,0.153752,0.0795735,0.074173,0.0624142,0.0674218,0.052615,0.0750413,0.0820143,0.0647962,0.125047,0.24558,0.19425,0.059453,0.0901551,0.0393701,0.0276978,0.0830358,0.0195542,0.0506817,0.1386,0.23912,0.318674,0.370508,0.418936,0.390472,0.223364,0.0462107,0.0525597,0.034965,0.0169782,0.0539229,0.0527176,0.0371154,0.093301,0.322165,0.447427,0.513875,0.508906,0.101533,0.222222,0.0505433,0.15873,0.0670107,0.0576834,0.131285,0.219732,0.259875,0.39032,0.195848,0.241546,0.0935279,0.0931793,0.143968,0.0289226,0.0895175,0.073497,0.0503271,0.178348,0.379219,0.673401,0.656168,0.308166,0.199084,0.192976,0.046013,0.0230516,0.0187645,0.0232488,0.0825083,0.222222,0.354484,0.158781,0.10627,0.0451243,0.0217188,0.0326083,0.0831532,0.0808146,0.16518,0.085859,0.263366,0.419287,0.494071,0.347584,0.253872,0.283447,0.131182,0.0475308,0.0913492,0.0442263,0.0418813,0.107701,0.131475,0.088308,0.300842,0.386997,0.17449,0.119717,0.0340217,0.0630279,0.0455789,0.0750244,0.0319591,0.0540979,0.0566926,0.174125,0.257798,0.350018,0.430108,0.344234,0.15758,0.0883939,0.143205,0.040808,0.039353,0.143205,0.0361533,0.04004,0.173974,0.358551,0.283206,0.203666,0.0468494,0.061512,0.0529381,0.039582,0.0660197,0.11443,0.207598,0.322477,0.268745,0.292826,0.270197,0.443853,0.145518,0.0500075,0.106056,0.0512111,0.068055,0.0319877,0.0719528,0.0474856,0.24558,0.314762,0.252589,0.0411828,0.162655,0.0591331,0.0272702,0.0426348,0.0267537,0.119303,0.0942951,0.208855,0.198728,0.0647878,0.224366,0.0348614,0.0434329,0.0328818,0.0201223,0.0451651,0.032699,0.0344199,0.0336973,0.122835,0.254065,0.421585,0.429553,0.335008,0.183251,0.0444089,0.0550752,0.0301832,0.0697788,0.0428522,0.142005,0.263574,0.279799,0.307314,0.20145,0.1167,0.14806,0.0911577,0.087804,0.0400432,0.134481,0.0629366,0.0701361,0.0858811,0.286615,0.206398,0.122669,0.141024,0.0486098,0.0562082,0.0269165,0.0355353,0.0641601,0.043416,0.0714031,0.115634,0.282486,0.221828,0.473709,0.432713,0.438212,0.112752,0.134989,0.0310049,0.066569,0.0864902,0.151103,0.174825,0.263574,0.540833,0.526593,0.477783,0.460193,0.464103,0.464103,0.464103,0.464103,0.464103,0.464103,0.464103,0.464103,0.464103,0.464103,0.464103,0.464103,0.464103,0.464103,0.464103,0.464103,0.464103,0.464103,0.464103,0.464103,0.464103,0.464103,0.464103,0.464103,0.464103,0.464103,0.464103,0.464103,0.464103,0.464103,0.464103,0.464103,0.464103,0.464103,0.464103,0.464103,0.464103,0.464103,0.464103,0.464103,0.464103,0.464103,0.464103,0.464103,0.464103,0.464103,0.464103,0.464103,0.464103,0.464103,0.464103,0.464103,0.464103,0.464103,0.464103,0.464103,0.464103,0.464103,0.464103,0.464103,0.464103,0.464103,0.464103,0.464103,0.464103,0.464103,0.464103,0.464103,0.464103,0.464103,0.464103,0.464103,0.464103,0.464103,0.464103,0.464103,0.464103,0.464103,0.464103,0.464103,0.464103,0.464103,0.464103,0.464103,0.464103
30,0.0820143,0.11374,0.0367026,0.0962742,0.0538996,0.0687191,0.034965,0.0945984,0.0514721,0.105108,0.0621504,0.0503499,0.0325786,0.0630159,0.0788955,0.0941265,0.052263,0.0434802,0.164799,0.273523,0.506329,0.419639,0.179083,0.134066,0.0150852,0.0513822,0.0740686,0.0533305,0.0866176,0.178253,0.195198,0.430663,0.153681,0.153752,0.0795735,0.074173,0.0624142,0.0674218,0.052615,0.0750413,0.0820143,0.0647962,0.125047,0.24558,0.19425,0.059453,0.0901551,0.0393701,0.0276978,0.0830358,0.0195542,0.0506817,0.1386,0.23912,0.318674,0.370508,0.418936,0.390472,0.223364,0.0462107,0.0525597,0.034965,0.0169782,0.0539229,0.0527176,0.0371154,0.093301,0.322165,0.447427,0.513875,0.508906,0.101533,0.222222,0.0505433,0.15873,0.0670107,0.0576834,0.131285,0.219732,0.259875,0.39032,0.195848,0.241546,0.0935279,0.0931793,0.143968,0.0289226,0.0895175,0.073497,0.0503271,0.178348,0.379219,0.673401,0.656168,0.308166,0.199084,0.192976,0.046013,0.0230516,0.0187645,0.0232488,0.0825083,0.222222,0.354484,0.158781,0.10627,0.0451243,0.0217188,0.0326083,0.0831532,0.0808146,0.16518,0.085859,0.263366,0.419287,0.494071,0.347584,0.253872,0.283447,0.131182,0.0475308,0.0913492,0.0442263,0.0418813,0.107701,0.131475,0.088308,0.300842,0.386997,0.17449,0.119717,0.0340217,0.0630279,0.0455789,0.0750244,0.0319591,0.0540979,0.0566926,0.174125,0.257798,0.350018,0.430108,0.344234,0.15758,0.0883939,0.143205,0.040808,0.039353,0.143205,0.0361533,0.04004,0.173974,0.358551,0.283206,0.203666,0.0468494,0.061512,0.0529381,0.039582,0.0660197,0.11443,0.207598,0.322477,0.268745,0.292826,0.270197,0.443853,0.145518,0.0500075,0.106056,0.0512111,0.068055,0.0319877,0.0719528,0.0474856,0.24558,0.314762,0.252589,0.0411828,0.162655,0.0591331,0.0272702,0.0426348,0.0267537,0.119303,0.0942951,0.208855,0.198728,0.0647878,0.224366,0.0348614,0.0434329,0.0328818,0.0201223,0.0451651,0.032699,0.0344199,0.0336973,0.122835,0.254065,0.421585,0.429553,0.335008,0.183251,0.0444089,0.0550752,0.0301832,0.0697788,0.0428522,0.142005,0.263574,0.279799,0.307314,0.20145,0.1167,0.14806,0.0911577,0.087804,0.0400432,0.134481,0.0629366,0.0701361,0.0858811,0.286615,0.206398,0.122669,0.141024,0.0486098,0.0562082,0.0269165,0.0355353,0.0641601,0.043416,0.0714031,0.115634,0.282486,0.221828,0.473709,0.432713,0.438212,0.112752,0.134989,0.0310049,0.066569,0.0864902,0.151103,0.174825,0.263574,0.540833,0.526593,0.477783,0.460193,0.464103,0.464103,0.464103,0.464103,0.464103,0.464103,0.464103,0.464103,0.464103,0.464103,0.464103,0.464103,0.464103,0.464103,0.464103,0.464103,0.464103,0.464103,0.464103,0.464103,0.464103,0.464103,0.464103,0.464103,0.464103,0.464103,0.464103,0.464103,0.464103,0.464103,0.464103,0.464103,0.464103,0.464103,0.464103,0.464103,0.464103,0.464103,0.464103,0.464103,0.464103,0.464103,0.464103,0.464103,0.464103,0.464103,0.464103,0.464103,0.464103,0.464103,0.464103,0.464103,0.464103,0.464103,0.464103,0.464103,0.464103,0.464103,0.464103,0.464103,0.464103,0.464103,0.464103,0.464103,0.464103,0.464103,0.464103,0.464103,0.464103,0.464103,0.464103,0.464103,0.464103,0.464103,0.464103,0.464103,0.464103,0.464103,0.464103,0.464103,0.464103,0.464103,0.464103,0.464103,0.464103
31,0.0820143,0.11374,0.0367026,0.0962742,0.0538996,0.0687191,0.034965,0.0945984,0.0514721,0.105108,0.0621504,0.0503499,0.0325786,0.0630159,0.0788955,0.0941265,0.052263,0.0434802,0.164799,0.273523,0.506329,0.419639,0.179083,0.134066,0.0150852,0.0513822,0.0740686,0.0533305,0.0866176,0.178253,0.195198,0.430663,0.153681,0.153752,0.0795735,0.074173,0.0624142,0.0674218,0.052615,0.0750413,0.0820143,0.0647962,0.125047,0.24558,0.19425,0.059453,0.0901551,0.0393701,0.0276978,0.0830358,0.0195542,0.0506817,0.1386,0.23912,0.318674,0.370508,0.418936,0.390472,0.223364,0.0462107,0.0525597,0.034965,0.0169782,0.0539229,0.0527176,0.0371154,0.093301,0.322165,0.447427,0.513875,0.508906,0.101533,0.222222,0.0505433,0.15873,0.0670107,0.0576834,0.131285,0.219732,0.259875,0.39032,0.195848,0.241546,0.0935279,0.0931793,0.143968,0.0289226,0.0895175,0.073497,0.0503271,0.178348,0.379219,0.673401,0.656168,0.308166,0.199084,0.192976,0.046013,0.0230516,0.0187645,0.0232488,0.0825083,0.222222,0.354484,0.158781,0.10627,0.0451243,0.0217188,0.0326083,0.0831532,0.0808146,0.16518,0.085859,0.263366,0.419287,0.494071,0.347584,0.253872,0.283447,0.131182,0.0475308,0.0913492,0.0442263,0.0418813,0.107701,0.131475,0.088308,0.300842,0.386997,0.17449,0.119717,0.0340217,0.0630279,0.0455789,0.0750244,0.0319591,0.0540979,0.0566926,0.174125,0.257798,0.350018,0.430108,0.344234,0.15758,0.0883939,0.143205,0.040808,0.039353,0.143205,0.0361533,0.04004,0.173974,0.358551,0.283206,0.203666,0.0468494,0.061512,0.0529381,0.039582,0.0660197,0.11443,0.207598,0.322477,0.268745,0.292826,0.270197,0.443853,0.145518,0.0500075,0.106056,0.0512111,0.068055,0.0319877,0.0719528,0.0474856,0.24558,0.314762,0.252589,0.0411828,0.162655,0.0591331,0.0272702,0.0426348,0.0267537,0.119303,0.0942951,0.208855,0.198728,0.0647878,0.224366,0.0348614,0.0434329,0.0328818,0.0201223,0.0451651,0.032699,0.0344199,0.0336973,0.122835,0.254065,0.421585,0.429553,0.335008,0.183251,0.0444089,0.0550752,0.0301832,0.0697788,0.0428522,0.142005,0.263574,0.279799,0.307314,0.20145,0.1167,0.14806,0.0911577,0.087804,0.0400432,0.134481,0.0629366,0.0701361,0.0858811,0.286615,0.206398,0.122669,0.141024,0.0486098,0.0562082,0.0269165,0.0355353,0.0641601,0.043416,0.0714031,0.115634,0.282486,0.221828,0.473709,0.432713,0.438212,0.112752,0.134989,0.0310049,0.066569,0.0864902,0.151103,0.174825,0.263574,0.540833,0.526593,0.477783,0.460193,0.464103,0.464103,0.464103,0.464103,0.464103,0.464103,0.464103,0.464103,0.464103,0.464103,0.464103,0.464103,0.464103,0.464103,0.464103,0.464103,0.464103,0.464103,0.464103,0.464103,0.464103,0.464103,0.464103,0.464103,0.464103,0.464103,0.464103,0.464103,0.464103,0.464103,0.464103,0.464103,0.464103,0.464103,0.464103,0.464103,0.464103,0.464103,0.464103,0.464103,0.464103,0.464103,0.464103,0.464103,0.464103,0.464103,0.464103,0.464103,0.464103,0.464103,0.464103,0.464103,0.464103,0.464103,0.464103,0.464103,0.464103,0.464103,0.464103,0.464103,0.464103,0.464103,0.464103,0.464103,0.464103,0.464103,0.464103,0.464103,0.464103,0.464103,0.464103,0.464103,0.464103,0.464103,0.464103,0.464103,0.464103,0.464103,0.464103,0.464103,0.464103,0.464103,0.464103,0.464103,0.464103
32,0.0820143,0.11374,0.0367026,0.0962742,0.0538996,0.0687191,0.034965,0.0945984,0.0514721,0.105108,0.0621504,0.0503499,0.0325786,0.0630159,0.0788955,0.0941265,0.052263,0.0434802,0.164799,0.273523,0.506329,0.419639,0.179083,0.134066,0.0150852,0.0513822,0.0740686,0.0533305,0.0866176,0.178253,0.195198,0.430663,0.153681,0.153752,0.0795735,0.074173,0.0624142,0.0674218,0.052615,0.0750413,0.0820143,0.0647962,0.125047,0.24558,0.19425,0.059453,0.0901551,0.0393701,0.0276978,0.0830358,0.0195542,0.0506817,0.1386,0.23912,0.318674,0.370508,0.418936,0.390472,0.223364,0.0462107,0.0525597,0.034965,0.0169782,0.0539229,0.0527176,0.0371154,0.093301,0.322165,0.447427,0.513875,0.508906,0.101533,0.222222,0.0505433,0.15873,0.0670107,0.0576834,0.131285,0.219732,0.259875,0.39032,0.195848,0.241546,0.0935279,0.0931793,0.143968,0.0289226,0.0895175,0.073497,0.0503271,0.178348,0.379219,0.673401,0.656168,0.308166,0.199084,0.192976,0.046013,0.0230516,0.0187645,0.0232488,0.0825083,0.222222,0.354484,0.158781,0.10627,0.0451243,0.0217188,0.0326083,0.0831532,0.0808146,0.16518,0.085859,0.263366,0.419287,0.494071,0.347584,0.253872,0.283447,0.131182,0.0475308,0.0913492,0.0442263,0.0418813,0.107701,0.131475,0.088308,0.300842,0.386997,0.17449,0.119717,0.0340217,0.0630279,0.0455789,0.0750244,0.0319591,0.0540979,0.0566926,0.174125,0.257798,0.350018,0.430108,0.344234,0.15758,0.0883939,0.143205,0.040808,0.039353,0.143205,0.0361533,0.04004,0.173974,0.358551,0.283206,0.203666,0.0468494,0.061512,0.0529381,0.039582,0.0660197,0.11443,0.207598,0.322477,0.268745,0.292826,0.270197,0.443853,0.145518,0.0500075,0.106056,0.0512111,0.068055,0.0319877,0.0719528,0.0474856,0.24558,0.314762,0.252589,0.0411828,0.162655,0.0591331,0.0272702,0.0426348,0.0267537,0.119303,0.0942951,0.208855,0.198728,0.0647878,0.224366,0.0348614,0.0434329,0.0328818,0.0201223,0.0451651,0.032699,0.0344199,0.0336973,0.122835,0.254065,0.421585,0.429553,0.335008,0.183251,0.0444089,0.0550752,0.0301832,0.0697788,0.0428522,0.142005,0.263574,0.279799,0.307314,0.20145,0.1167,0.14806,0.0911577,0.087804,0.0400432,0.134481,0.0629366,0.0701361,0.0858811,0.286615,0.206398,0.122669,0.141024,0.0486098,0.0562082,0.0269165,0.0355353,0.0641601,0.043416,0.0714031,0.115634,0.282486,0.221828,0.473709,0.432713,0.438212,0.112752,0.134989,0.0310049,0.066569,0.0864902,0.151103,0.174825,0.263574,0.540833,0.526593,0.477783,0.460193,0.464103,0.464103,0.464103,0.464103,0.464103,0.464103,0.464103,0.464103,0.464103,0.464103,0.464103,0.464103,0.464103,0.464103,0.464103,0.464103,0.464103,0.464103,0.464103,0.464103,0.464103,0.464103,0.464103,0.464103,0.464103,0.464103,0.464103,0.464103,0.464103,0.464103,0.464103,0.464103,0.464103,0.464103,0.464103,0.464103,0.464103,0.464103,0.464103,0.464103,0.464103,0.464103,0.464103,0.464103,0.464103,0.464103,0.464103,0.464103,0.464103,0.464103,0.464103,0.464103,0.464103,0.464103,0.464103,0.464103,0.464103,0.464103,0.464103,0.464103,0.464103,0.464103,0.464103,0.464103,0.464103,0.464103,0.464103,0.464103,0.464103,0.464103,0.464103,0.464103,0.464103,0.464103,0.464103,0.464103,0.464103,0.464103,0.464103,0.464103,0.464103,0.464103,0.464103,0.464103,0.464103
33,0.0820143,0.11374,0.0367026,0.0962742,0.0538996,0.0687191,0.034965,0.0945984,0.0514721,0.105108,0.0621504,0.0503499,0.0325786,0.0630159,0.0788955,0.0941265,0.052263,0.0434802,0.164799,0.273523,0.506329,0.419639,0.179083,0.134066,0.0150852,0.0513822,0.0740686,0.0533305,0.0866176,0.178253,0.195198,0.430663,0.153681,0.153752,0.0795735,0.074173,0.0624142,0.0674218,0.052615,0.0750413,0.0820143,0.0647962,0.125047,0.24558,0.19425,0.059453,0.0901551,0.0393701,0.0276978,0.0830358,0.0195542,0.0506817,0.1386,0.23912,0.318674,0.370508,0.418936,0.390472,0.223364,0.0462107,0.0525597,0.034965,0.0169782,0.0539229,0.0527176,0.0371154,0.093301,0.322165,0.447427,0.513875,0.508906,0.101533,0.222222,0.0505433,0.15873,0.0670107,0.0576834,0.131285,0.219732,0.259875,0.39032,0.195848,0.241546,0.0935279,0.0931793,0.143968,0.0289226,0.0895175,0.073497,0.0503271,0.178348,0.379219,0.673401,0.656168,0.308166,0.199084,0.192976,0.046013,0.0230516,0.0187645,0.0232488,0.0825083,0.222222,0.354484,0.158781,0.10627,0.0451243,0.0217188,0.0326083,0.0831532,0.0808146,0.16518,0.085859,0.263366,0.419287,0.494071,0.347584,0.253872,0.283447,0.131182,0.0475308,0.0913492,0.0442263,0.0418813,0.107701,0.131475,0.088308,0.300842,0.386997,0.17449,0.119717,0.0340217,0.0630279,0.0455789,0.0750244,0.0319591,0.0540979,0.0566926,0.174125,0.257798,0.350018,0.430108,0.344234,0.15758,0.0883939,0.143205,0.040808,0.039353,0.143205,0.0361533,0.04004,0.173974,0.358551,0.283206,0.203666,0.0468494,0.061512,0.0529381,0.039582,0.0660197,0.11443,0.207598,0.322477,0.268745,0.292826,0.270197,0.443853,0.145518,0.0500075,0.106056,0.0512111,0.068055,0.0319877,0.0719528,0.0474856,0.24558,0.314762,0.252589,0.0411828,0.162655,0.0591331,0.0272702,0.0426348,0.0267537,0.119303,0.0942951,0.208855,0.198728,0.0647878,0.224366,0.0348614,0.0434329,0.0328818,0.0201223,0.0451651,0.032699,0.0344199,0.0336973,0.122835,0.254065,0.421585,0.429553,0.335008,0.183251,0.0444089,0.0550752,0.0301832,0.0697788,0.0428522,0.142005,0.263574,0.279799,0.307314,0.20145,0.1167,0.14806,0.0911577,0.087804,0.0400432,0.134481,0.0629366,0.0701361,0.0858811,0.286615,0.206398,0.122669,0.141024,0.0486098,0.0562082,0.0269165,0.0355353,0.0641601,0.043416,0.0714031,0.115634,0.282486,0.221828,0.473709,0.432713,0.438212,0.112752,0.134989,0.0310049,0.066569,0.0864902,0.151103,0.174825,0.263574,0.540833,0.526593,0.477783,0.460193,0.464103,0.464103,0.464103,0.464103,0.464103,0.464103,0.464103,0.464103,0.464103,0.464103,0.464103,0.464103,0.464103,0.464103,0.464103,0.464103,0.464103,0.464103,0.464103,0.464103,0.464103,0.464103,0.464103,0.464103,0.464103,0.464103,0.464103,0.464103,0.464103,0.464103,0.464103,0.464103,0.464103,0.464103,0.464103,0.464103,0.464103,0.464103,0.464103,0.464103,0.464103,0.464103,0.464103,0.464103,0.464103,0.464103,0.464103,0.464103,0.464103,0.464103,0.464103,0.464103,0.464103,0.464103,0.464103,0.464103,0.464103,0.464103,0.464103,0.464103,0.464103,0.464103,0.464103,0.464103,0.464103,0.464103,0.464103,0.464103,0.464103,0.464103,0.464103,0.464103,0.464103,0.464103,0.464103,0.464103,0.464103,0.464103,0.464103,0.464103,0.464103,0.464103,0.464103,0.464103,0.464103
34,0.0820143,0.11374,0.0367026,0.0962742,0.0538996,0.0687191,0.034965,0.0945984,0.0514721,0.105108,0.0621504,0.0503499,0.0325786,0.0630159,0.0788955,0.0941265,0.052263,0.0434802,0.164799,0.273523,0.506329,0.419639,0.179083,0.134066,0.0150852,0.0513822,0.0740686,0.0533305,0.0866176,0.178253,0.195198,0.430663,0.153681,0.153752,0.0795735,0.074173,0.0624142,0.0674218,0.052615,0.0750413,0.0820143,0.0647962,0.125047,0.24558,0.19425,0.059453,0.0901551,0.0393701,0.0276978,0.0830358,0.0195542,0.0506817,0.1386,0.23912,0.318674,0.370508,0.418936,0.390472,0.223364,0.0462107,0.0525597,0.034965,0.0169782,0.0539229,0.0527176,0.0371154,0.093301,0.322165,0.447427,0.513875,0.508906,0.101533,0.222222,0.0505433,0.15873,0.0670107,0.0576834,0.131285,0.219732,0.259875,0.39032,0.195848,0.241546,0.0935279,0.0931793,0.143968,0.0289226,0.0895175,0.073497,0.0503271,0.178348,0.379219,0.673401,0.656168,0.308166,0.199084,0.192976,0.046013,0.0230516,0.0187645,0.0232488,0.0825083,0.222222,0.354484,0.158781,0.10627,0.0451243,0.0217188,0.0326083,0.0831532,0.0808146,0.16518,0.085859,0.263366,0.419287,0.494071,0.347584,0.253872,0.283447,0.131182,0.0475308,0.0913492,0.0442263,0.0418813,0.107701,0.131475,0.088308,0.300842,0.386997,0.17449,0.119717,0.0340217,0.0630279,0.0455789,0.0750244,0.0319591,0.0540979,0.0566926,0.174125,0.257798,0.350018,0.430108,0.344234,0.15758,0.0883939,0.143205,0.040808,0.039353,0.143205,0.0361533,0.04004,0.173974,0.358551,0.283206,0.203666,0.0468494,0.061512,0.0529381,0.039582,0.0660197,0.11443,0.207598,0.322477,0.268745,0.292826,0.270197,0.443853,0.145518,0.0500075,0.106056,0.0512111,0.068055,0.0319877,0.0719528,0.0474856,0.24558,0.314762,0.252589,0.0411828,0.162655,0.0591331,0.0272702,0.0426348,0.0267537,0.119303,0.0942951,0.208855,0.198728,0.0647878,0.224366,0.0348614,0.0434329,0.0328818,0.0201223,0.0451651,0.032699,0.0344199,0.0336973,0.122835,0.254065,0.421585,0.429553,0.335008,0.183251,0.0444089,0.0550752,0.0301832,0.0697788,0.0428522,0.142005,0.263574,0.279799,0.307314,0.20145,0.1167,0.14806,0.0911577,0.087804,0.0400432,0.134481,0.0629366,0.0701361,0.0858811,0.286615,0.206398,0.122669,0.141024,0.0486098,0.0562082,0.0269165,0.0355353,0.0641601,0.043416,0.0714031,0.115634,0.282486,0.221828,0.473709,0.432713,0.438212,0.112752,0.134989,0.0310049,0.066569,0.0864902,0.151103,0.174825,0.263574,0.540833,0.526593,0.477783,0.460193,0.464103,0.464103,0.464103,0.464103,0.464103,0.464103,0.464103,0.464103,0.464103,0.464103,0.464103,0.464103,0.464103,0.464103,0.464103,0.464103,0.464103,0.464103,0.464103,0.464103,0.464103,0.464103,0.464103,0.464103,0.464103,0.464103,0.464103,0.464103,0.464103,0.464103,0.464103,0.464103,0.464103,0.464103,0.464103,0.464103,0.464103,0.464103,0.464103,0.464103,0.464103,0.464103,0.464103,0.464103,0.464103,0.464103,0.464103,0.464103,0.464103,0.464103,0.464103,0.464103,0.464103,0.464103,0.464103,0.464103,0.464103,0.464103,0.464103,0.464103,0.464103,0.464103,0.464103,0.464103,0.464103,0.464103,0.464103,0.464103,0.464103,0.464103,0.464103,0.464103,0.464103,0.464103,0.464103,0.464103,0.464103,0.464103,0.464103,0.464103,0.464103,0.464103,0.464103,0.464103,0.464103
35,0.0820143,0.11374,0.0367026,0.0962742,0.0538996,0.0687191,0.034965,0.0945984,0.0514721,0.105108,0.0621504,0.0503499,0.0325786,0.0630159,0.0788955,0.0941265,0.052263,0.0434802,0.164799,0.273523,0.506329,0.419639,0.179083,0.134066,0.0150852,0.0513822,0.0740686,0.0533305,0.0866176,0.178253,0.195198,0.430663,0.153681,0.153752,0.0795735,0.074173,0.0624142,0.0674218,0.052615,0.0750413,0.0820143,0.0647962,0.125047,0.24558,0.19425,0.059453,0.0901551,0.0393701,0.0276978,0.0830358,0.0195542,0.0506817,0.1386,0.23912,0.318674,0.370508,0.418936,0.390472,0.223364,0.0462107,0.0525597,0.034965,0.0169782,0.0539229,0.0527176,0.0371154,0.093301,0.322165,0.447427,0.513875,0.508906,0.101533,0.222222,0.0505433,0.15873,0.0670107,0.0576834,0.131285,0.219732,0.259875,0.39032,0.195848,0.241546,0.0935279,0.0931793,0.143968,0.0289226,0.0895175,0.073497,0.0503271,0.178348,0.379219,0.673401,0.656168,0.308166,0.199084,0.192976,0.046013,0.0230516,0.0187645,0.0232488,0.0825083,0.222222,0.354484,0.158781,0.10627,0.0451243,0.0217188,0.0326083,0.0831532,0.0808146,0.16518,0.085859,0.263366,0.419287,0.494071,0.347584,0.253872,0.283447,0.131182,0.0475308,0.0913492,0.0442263,0.0418813,0.107701,0.131475,0.088308,0.300842,0.386997,0.17449,0.119717,0.0340217,0.0630279,0.0455789,0.0750244,0.0319591,0.0540979,0.0566926,0.174125,0.257798,0.350018,0.430108,0.344234,0.15758,0.0883939,0.143205,0.040808,0.039353,0.143205,0.0361533,0.04004,0.173974,0.358551,0.283206,0.203666,0.0468494,0.061512,0.0529381,0.039582,0.0660197,0.11443,0.207598,0.322477,0.268745,0.292826,0.270197,0.443853,0.145518,0.0500075,0.106056,0.0512111,0.068055,0.0319877,0.0719528,0.0474856,0.24558,0.314762,0.252589,0.0411828,0.162655,0.0591331,0.0272702,0.0426348,0.0267537,0.119303,0.0942951,0.208855,0.198728,0.0647878,0.224366,0.0348614,0.0434329,0.0328818,0.0201223,0.0451651,0.032699,0.0344199,0.0336973,0.122835,0.254065,0.421585,0.429553,0.335008,0.183251,0.0444089,0.0550752,0.0301832,0.0697788,0.0428522,0.142005,0.263574,0.279799,0.307314,0.20145,0.1167,0.14806,0.0911577,0.087804,0.0400432,0.134481,0.0629366,0.0701361,0.0858811,0.286615,0.206398,0.122669,0.141024,0.0486098,0.0562082,0.0269165,0.0355353,0.0641601,0.043416,0.0714031,0.115634,0.282486,0.221828,0.473709,0.432713,0.438212,0.112752,0.134989,0.0310049,0.066569,0.0864902,0.151103,0.174825,0.263574,0.540833,0.526593,0.477783,0.460193,0.464103,0.464103,0.464103,0.464103,0.464103,0.464103,0.464103,0.464103,0.464103,0.464103,0.464103,0.464103,0.464103,0.464103,0.464103,0.464103,0.464103,0.464103,0.464103,0.464103,0.464103,0.464103,0.464103,0.464103,0.464103,0.464103,0.464103,0.464103,0.464103,0.464103,0.464103,0.464103,0.464103,0.464103,0.464103,0.464103,0.464103,0.464103,0.464103,0.464103,0.464103,0.464103,0.464103,0.464103,0.464103,0.464103,0.464103,0.464103,0.464103,0.464103,0.464103,0.464103,0.464103,0.464103,0.464103,0.464103,0.464103,0.464103,0.464103,0.464103,0.464103,0.464103,0.464103,0.464103,0.464103,0.464103,0.464103,0.464103,0.464103,0.464103,0.464103,0.464103,0.464103,0.464103,0.464103,0.464103,0.464103,0.464103,0.464103,0.464103,0.464103,0.464103,0.464103,0.464103,0.464103
36,0.0820143,0.11374,0.0367026,0.0962742,0.0538996,0.0687191,0.034965,0.0945984,0.0514721,0.105108,0.0621504,0.0503499,0.0325786,0.0630159,0.0788955,0.0941265,0.052263,0.0434802,0.164799,0.273523,0.506329,0.419639,0.179083,0.134066,0.0150852,0.0513822,0.0740686,0.0533305,0.0866176,0.178253,0.195198,0.430663,0.153681,0.153752,0.0795735,0.074173,0.0624142,0.0674218,0.052615,0.0750413,0.0820143,0.0647962,0.125047,0.24558,0.19425,0.059453,0.0901551,0.0393701,0.0276978,0.0830358,0.0195542,0.0506817,0.1386,0.23912,0.318674,0.370508,0.418936,0.390472,0.223364,0.0462107,0.0525597,0.034965,0.0169782,0.0539229,0.0527176,0.0371154,0.093301,0.322165,0.447427,0.513875,0.508906,0.101533,0.222222,0.0505433,0.15873,0.0670107,0.0576834,0.131285,0.219732,0.259875,0.39032,0.195848,0.241546,0.0935279,0.0931793,0.143968,0.0289226,0.0895175,0.073497,0.0503271,0.178348,0.379219,0.673401,0.656168,0.308166,0.199084,0.192976,0.046013,0.0230516,0.0187645,0.0232488,0.0825083,0.222222,0.354484,0.158781,0.10627,0.0451243,0.0217188,0.0326083,0.0831532,0.0808146,0.16518,0.085859,0.263366,0.419287,0.494071,0.347584,0.253872,0.283447,0.131182,0.0475308,0.0913492,0.0442263,0.0418813,0.107701,0.131475,0.088308,0.300842,0.386997,0.17449,0.119717,0.0340217,0.0630279,0.0455789,0.0750244,0.0319591,0.0540979,0.0566926,0.174125,0.257798,0.350018,0.430108,0.344234,0.15758,0.0883939,0.143205,0.040808,0.039353,0.143205,0.0361533,0.04004,0.173974,0.358551,0.283206,0.203666,0.0468494,0.061512,0.0529381,0.039582,0.0660197,0.11443,0.207598,0.322477,0.268745,0.292826,0.270197,0.443853,0.145518,0.0500075,0.106056,0.0512111,0.068055,0.0319877,0.0719528,0.0474856,0.24558,0.314762,0.252589,0.0411828,0.162655,0.0591331,0.0272702,0.0426348,0.0267537,0.119303,0.0942951,0.208855,0.198728,0.0647878,0.224366,0.0348614,0.0434329,0.0328818,0.0201223,0.0451651,0.032699,0.0344199,0.0336973,0.122835,0.254065,0.421585,0.429553,0.335008,0.183251,0.0444089,0.0550752,0.0301832,0.0697788,0.0428522,0.142005,0.263574,0.279799,0.307314,0.20145,0.1167,0.14806,0.0911577,0.087804,0.0400432,0.134481,0.0629366,0.0701361,0.0858811,0.286615,0.206398,0.122669,0.141024,0.0486098,0.0562082,0.0269165,0.0355353,0.0641601,0.043416,0.0714031,0.115634,0.282486,0.221828,0.473709,0.432713,0.438212,0.112752,0.134989,0.0310049,0.066569,0.0864902,0.151103,0.174825,0.263574,0.540833,0.526593,0.477783,0.460193,0.464103,0.464103,0.464103,0.464103,0.464103,0.464103,0.464103,0.464103,0.464103,0.464103,0.464103,0.464103,0.464103,0.464103,0.464103,0.464103,0.464103,0.464103,0.464103,0.464103,0.464103,0.464103,0.464103,0.464103,0.464103,0.464103,0.464103,0.464103,0.464103,0.464103,0.464103,0.464103,0.464103,0.464103,0.464103,0.464103,0.464103,0.464103,0.464103,0.464103,0.464103,0.464103,0.464103,0.464103,0.464103,0.464103,0.464103,0.464103,0.464103,0.464103,0.464103,0.464103,0.464103,0.464103,0.464103,0.464103,0.464103,0.464103,0.464103,0.464103,0.464103,0.464103,0.464103,0.464103,0.464103,0.464103,0.464103,0.464103,0.464103,0.464103,0.464103,0.464103,0.464103,0.464103,0.464103,0.464103,0.464103,0.464103,0.464103,0.464103,0.464103,0.464103,0.464103,0.464103,0.464103
37,0.0820143,0.11374,0.0367026,0.0962742,0.0538996,0.0687191,0.034965,0.0945984,0.0514721,0.105108,0.0621504,0.0503499,0.0325786,0.0630159,0.0788955,0.0941265,0.052263,0.0434802,0.164799,0.273523,0.506329,0.419639,0.179083,0.134066,0.0150852,0.0513822,0.0740686,0.0533305,0.0866176,0.178253,0.195198,0.430663,0.153681,0.153752,0.0795735,0.074173,0.0624142,0.0674218,0.052615,0.0750413,0.0820143,0.0647962,0.125047,0.24558,0.19425,0.059453,0.0901551,0.0393701,0.0276978,0.0830358,0.0195542,0.0506817,0.1386,0.23912,0.318674,0.370508,0.418936,0.390472,0.223364,0.0462107,0.0525597,0.034965,0.0169782,0.0539229,0.0527176,0.0371154,0.093301,0.322165,0.447427,0.513875,0.508906,0.101533,0.222222,0.0505433,0.15873,0.0670107,0.0576834,0.131285,0.219732,0.259875,0.39032,0.195848,0.241546,0.0935279,0.0931793,0.143968,0.0289226,0.0895175,0.073497,0.0503271,0.178348,0.379219,0.673401,0.656168,0.308166,0.199084,0.192976,0.046013,0.0230516,0.0187645,0.0232488,0.0825083,0.222222,0.354484,0.158781,0.10627,0.0451243,0.0217188,0.0326083,0.0831532,0.0808146,0.16518,0.085859,0.263366,0.419287,0.494071,0.347584,0.253872,0.283447,0.131182,0.0475308,0.0913492,0.0442263,0.0418813,0.107701,0.131475,0.088308,0.300842,0.386997,0.17449,0.119717,0.0340217,0.0630279,0.0455789,0.0750244,0.0319591,0.0540979,0.0566926,0.174125,0.257798,0.350018,0.430108,0.344234,0.15758,0.0883939,0.143205,0.040808,0.039353,0.143205,0.0361533,0.04004,0.173974,0.358551,0.283206,0.203666,0.0468494,0.061512,0.0529381,0.039582,0.0660197,0.11443,0.207598,0.322477,0.268745,0.292826,0.270197,0.443853,0.145518,0.0500075,0.106056,0.0512111,0.068055,0.0319877,0.0719528,0.0474856,0.24558,0.314762,0.252589,0.0411828,0.162655,0.0591331,0.0272702,0.0426348,0.0267537,0.119303,0.0942951,0.208855,0.198728,0.0647878,0.224366,0.0348614,0.0434329,0.0328818,0.0201223,0.0451651,0.032699,0.0344199,0.0336973,0.122835,0.254065,0.421585,0.429553,0.335008,0.183251,0.0444089,0.0550752,0.0301832,0.0697788,0.0428522,0.142005,0.263574,0.279799,0.307314,0.20145,0.1167,0.14806,0.0911577,0.087804,0.0400432,0.134481,0.0629366,0.0701361,0.0858811,0.286615,0.206398,0.122669,0.141024,0.0486098,0.0562082,0.0269165,0.0355353,0.0641601,0.043416,0.0714031,0.115634,0.282486,0.221828,0.473709,0.432713,0.438212,0.112752,0.134989,0.0310049,0.066569,0.0864902,0.151103,0.174825,0.263574,0.540833,0.526593,0.477783,0.460193,0.464103,0.464103,0.464103,0.464103,0.464103,0.464103,0.464103,0.464103,0.464103,0.464103,0.464103,0.464103,0.464103,0.464103,0.464103,0.464103,0.464103,0.464103,0.464103,0.464103,0.464103,0.464103,0.464103,0.464103,0.464103,0.464103,0.464103,0.464103,0.464103,0.464103,0.464103,0.464103,0.464103,0.464103,0.464103,0.464103,0.464103,0.464103,0.464103,0.464103,0.464103,0.464103,0.464103,0.464103,0.464103,0.464103,0.464103,0.464103,0.464103,0.464103,0.464103,0.464103,0.464103,0.464103,0.464103,0.464103,0.464103,0.464103,0.464103,0.464103,0.464103,0.464103,0.464103,0.464103,0.464103,0.464103,0.464103,0.464103,0.464103,0.464103,0.464103,0.464103,0.464103,0.464103,0.464103,0.464103,0.464103,0.464103,0.464103,0.464103,0.464103,0.464103,0.464103,0.464103,0.464103
38,0.0820143,0.11374,0.0367026,0.0962742,0.0538996,0.0687191,0.034965,0.0945984,0.0514721,0.105108,0.0621504,0.0503499,0.0325786,0.0630159,0.0788955,0.0941265,0.052263,0.0434802,0.164799,0.273523,0.506329,0.419639,0.179083,0.134066,0.0150852,0.0513822,0.0740686,0.0533305,0.0866176,0.178253,0.195198,0.430663,0.153681,0.153752,0.0795735,0.074173,0.0624142,0.0674218,0.052615,0.0750413,0.0820143,0.0647962,0.125047,0.24558,0.19425,0.059453,0.0901551,0.0393701,0.0276978,0.0830358,0.0195542,0.0506817,0.1386,0.23912,0.318674,0.370508,0.418936,0.390472,0.223364,0.0462107,0.0525597,0.034965,0.0169782,0.0539229,0.0527176,0.0371154,0.093301,0.322165,0.447427,0.513875,0.508906,0.101533,0.222222,0.0505433,0.15873,0.0670107,0.0576834,0.131285,0.219732,0.259875,0.39032,0.195848,0.241546,0.0935279,0.0931793,0.143968,0.0289226,0.0895175,0.073497,0.0503271,0.178348,0.379219,0.673401,0.656168,0.308166,0.199084,0.192976,0.046013,0.0230516,0.0187645,0.0232488,0.0825083,0.222222,0.354484,0.158781,0.10627,0.0451243,0.0217188,0.0326083,0.0831532,0.0808146,0.16518,0.085859,0.263366,0.419287,0.494071,0.347584,0.253872,0.283447,0.131182,0.0475308,0.0913492,0.0442263,0.0418813,0.107701,0.131475,0.088308,0.300842,0.386997,0.17449,0.119717,0.0340217,0.0630279,0.0455789,0.0750244,0.0319591,0.0540979,0.0566926,0.174125,0.257798,0.350018,0.430108,0.344234,0.15758,0.0883939,0.143205,0.040808,0.039353,0.143205,0.0361533,0.04004,0.173974,0.358551,0.283206,0.203666,0.0468494,0.061512,0.0529381,0.039582,0.0660197,0.11443,0.207598,0.322477,0.268745,0.292826,0.270197,0.443853,0.145518,0.0500075,0.106056,0.0512111,0.068055,0.0319877,0.0719528,0.0474856,0.24558,0.314762,0.252589,0.0411828,0.162655,0.0591331,0.0272702,0.0426348,0.0267537,0.119303,0.0942951,0.208855,0.198728,0.0647878,0.224366,0.0348614,0.0434329,0.0328818,0.0201223,0.0451651,0.032699,0.0344199,0.0336973,0.122835,0.254065,0.421585,0.429553,0.335008,0.183251,0.0444089,0.0550752,0.0301832,0.0697788,0.0428522,0.142005,0.263574,0.279799,0.307314,0.20145,0.1167,0.14806,0.0911577,0.087804,0.0400432,0.134481,0.0629366,0.0701361,0.0858811,0.286615,0.206398,0.122669,0.141024,0.0486098,0.0562082,0.0269165,0.0355353,0.0641601,0.043416,0.0714031,0.115634,0.282486,0.221828,0.473709,0.432713,0.438212,0.112752,0.134989,0.0310049,0.066569,0.0864902,0.151103,0.174825,0.263574,0.540833,0.526593,0.477783,0.460193,0.464103,0.464103,0.464103,0.464103,0.464103,0.464103,0.464103,0.464103,0.464103,0.464103,0.464103,0.464103,0.464103,0.464103,0.464103,0.464103,0.464103,0.464103,0.464103,0.464103,0.464103,0.464103,0.464103,0.464103,0.464103,0.464103,0.464103,0.464103,0.464103,0.464103,0.464103,0.464103,0.464103,0.464103,0.464103,0.464103,0.464103,0.464103,0.464103,0.464103,0.464103,0.464103,0.464103,0.464103,0.464103,0.464103,0.464103,0.464103,0.464103,0.464103,0.464103,0.464103,0.464103,0.464103,0.464103,0.464103,0.464103,0.464103,0.464103,0.464103,0.464103,0.464103,0.464103,0.464103,0.464103,0.464103,0.464103,0.464103,0.464103,0.464103,0.464103,0.464103,0.464103,0.464103,0.464103,0.464103,0.464103,0.464103,0.464103,0.464103,0.464103,0.464103,0.464103,0.464103,0.464103
39,0.0820143,0.11374,0.0367026,0.0962742,0.0538996,0.0687191,0.034965,0.0945984,0.0514721,0.105108,0.0621504,0.0503499,0.0325786,0.0630159,0.0788955,0.0941265,0.052263,0.0434802,0.164799,0.273523,0.506329,0.419639,0.179083,0.134066,0.0150852,0.0513822,0.0740686,0.0533305,0.0866176,0.178253,0.195198,0.430663,0.153681,0.153752,0.0795735,0.074173,0.0624142,0.0674218,0.052615,0.0750413,0.0820143,0.0647962,0.125047,0.24558,0.19425,0.059453,0.0901551,0.0393701,0.0276978,0.0830358,0.0195542,0.0506817,0.1386,0.23912,0.318674,0.370508,0.418936,0.390472,0.223364,0.0462107,0.0525597,0.034965,0.0169782,0.0539229,0.0527176,0.0371154,0.093301,0.322165,0.447427,0.513875,0.508906,0.101533,0.222222,0.0505433,0.15873,0.0670107,0.0576834,0.131285,0.219732,0.259875,0.39032,0.195848,0.241546,0.0935279,0.0931793,0.143968,0.0289226,0.0895175,0.073497,0.0503271,0.178348,0.379219,0.673401,0.656168,0.308166,0.199084,0.192976,0.046013,0.0230516,0.0187645,0.0232488,0.0825083,0.222222,0.354484,0.158781,0.10627,0.0451243,0.0217188,0.0326083,0.0831532,0.0808146,0.16518,0.085859,0.263366,0.419287,0.494071,0.347584,0.253872,0.283447,0.131182,0.0475308,0.0913492,0.0442263,0.0418813,0.107701,0.131475,0.088308,0.300842,0.386997,0.17449,0.119717,0.0340217,0.0630279,0.0455789,0.0750244,0.0319591,0.0540979,0.0566926,0.174125,0.257798,0.350018,0.430108,0.344234,0.15758,0.0883939,0.143205,0.040808,0.039353,0.143205,0.0361533,0.04004,0.173974,0.358551,0.283206,0.203666,0.0468494,0.061512,0.0529381,0.039582,0.0660197,0.11443,0.207598,0.322477,0.268745,0.292826,0.270197,0.443853,0.145518,0.0500075,0.106056,0.0512111,0.068055,0.0319877,0.0719528,0.0474856,0.24558,0.314762,0.252589,0.0411828,0.162655,0.0591331,0.0272702,0.0426348,0.0267537,0.119303,0.0942951,0.208855,0.198728,0.0647878,0.224366,0.0348614,0.0434329,0.0328818,0.0201223,0.0451651,0.032699,0.0344199,0.0336973,0.122835,0.254065,0.421585,0.429553,0.335008,0.183251,0.0444089,0.0550752,0.0301832,0.0697788,0.0428522,0.142005,0.263574,0.279799,0.307314,0.20145,0.1167,0.14806,0.0911577,0.087804,0.0400432,0.134481,0.0629366,0.0701361,0.0858811,0.286615,0.206398,0.122669,0.141024,0.0486098,0.0562082,0.0269165,0.0355353,0.0641601,0.043416,0.0714031,0.115634,0.282486,0.221828,0.473709,0.432713,0.438212,0.112752,0.134989,0.0310049,0.066569,0.0864902,0.151103,0.174825,0.263574,0.540833,0.526593,0.477783,0.460193,0.464103,0.464103,0.464103,0.464103,0.464103,0.464103,0.464103,0.464103,0.464103,0.464103,0.464103,0.464103,0.464103,0.464103,0.464103,0.464103,0.464103,0.464103,0.464103,0.464103,0.464103,0.464103,0.464103,0.464103,0.464103,0.464103,0.464103,0.464103,0.464103,0.464103,0.464103,0.464103,0.464103,0.464103,0.464103,0.464103,0.464103,0.464103,0.464103,0.464103,0.464103,0.464103,0.464103,0.464103,0.464103,0.464103,0.464103,0.464103,0.464103,0.464103,0.464103,0.464103,0.464103,0.464103,0.464103,0.464103,0.464103,0.464103,0.464103,0.464103,0.464103,0.464103,0.464103,0.464103,0.464103,0.464103,0.464103,0.464103,0.464103,0.464103,0.464103,0.464103,0.464103,0.464103,0.464103,0.464103,0.464103,0.464103,0.464103,0.464103,0.464103,0.464103,0.464103,0.464103,0.464103
40,0.0820143,0.11374,0.0367026,0.0962742,0.0538996,0.0687191,0.034965,0.0945984,0.0514721,0.105108,0.0621504,0.0503499,0.0325786,0.0630159,0.0788955,0.0941265,0.052263,0.0434802,0.164799,0.273523,0.506329,0.419639,0.179083,0.134066,0.0150852,0.0513822,0.0740686,0.0533305,0.0866176,0.178253,0.195198,0.430663,0.153681,0.153752,0.0795735,0.074173,0.0624142,0.0674218,0.052615,0.0750413,0.0820143,0.0647962,0.125047,0.24558,0.19425,0.059453,0.0901551,0.0393701,0.0276978,0.0830358,0.0195542,0.0506817,0.1386,0.23912,0.318674,0.370508,0.418936,0.390472,0.223364,0.0462107,0.0525597,0.034965,0.0169782,0.0539229,0.0527176,0.0371154,0.093301,0.322165,0.447427,0.513875,0.508906,0.101533,0.222222,0.0505433,0.15873,0.0670107,0.0576834,0.131285,0.219732,0.259875,0.39032,0.195848,0.241546,0.0935279,0.0931793,0.143968,0.0289226,0.0895175,0.073497,0.0503271,0.178348,0.379219,0.673401,0.656168,0.308166,0.199084,0.192976,0.046013,0.0230516,0.0187645,0.0232488,0.0825083,0.222222,0.354484,0.158781,0.10627,0.0451243,0.0217188,0.0326083,0.0831532,0.0808146,0.16518,0.085859,0.263366,0.419287,0.494071,0.347584,0.253872,0.283447,0.131182,0.0475308,0.0913492,0.0442263,0.0418813,0.107701,0.131475,0.088308,0.300842,0.386997,0.17449,0.119717,0.0340217,0.0630279,0.0455789,0.0750244,0.0319591,0.0540979,0.0566926,0.174125,0.257798,0.350018,0.430108,0.344234,0.15758,0.0883939,0.143205,0.040808,0.039353,0.143205,0.0361533,0.04004,0.173974,0.358551,0.283206,0.203666,0.0468494,0.061512,0.0529381,0.039582,0.0660197,0.11443,0.207598,0.322477,0.268745,0.292826,0.270197,0.443853,0.145518,0.0500075,0.106056,0.0512111,0.068055,0.0319877,0.0719528,0.0474856,0.24558,0.314762,0.252589,0.0411828,0.162655,0.0591331,0.0272702,0.0426348,0.0267537,0.119303,0.0942951,0.208855,0.198728,0.0647878,0.224366,0.0348614,0.0434329,0.0328818,0.0201223,0.0451651,0.032699,0.0344199,0.0336973,0.122835,0.254065,0.421585,0.429553,0.335008,0.183251,0.0444089,0.0550752,0.0301832,0.0697788,0.0428522,0.142005,0.263574,0.279799,0.307314,0.20145,0.1167,0.14806,0.0911577,0.087804,0.0400432,0.134481,0.0629366,0.0701361,0.0858811,0.286615,0.206398,0.122669,0.141024,0.0486098,0.0562082,0.0269165,0.0355353,0.0641601,0.043416,0.0714031,0.115634,0.282486,0.221828,0.473709,0.432713,0.438212,0.112752,0.134989,0.0310049,0.066569,0.0864902,0.151103,0.174825,0.263574,0.540833,0.526593,0.477783,0.460193,0.464103,0.464103,0.464103,0.464103,0.464103,0.464103,0.464103,0.464103,0.464103,0.464103,0.464103,0.464103,0.464103,0.464103,0.464103,0.464103,0.464103,0.464103,0.464103,0.464103,0.464103,0.464103,0.464103,0.464103,0.464103,0.464103,0.464103,0.464103,0.464103,0.464103,0.464103,0.464103,0.464103,0.464103,0.464103,0.464103,0.464103,0.464103,0.464103,0.464103,0.464103,0.464103,0.464103,0.464103,0.464103,0.464103,0.464103,0.464103,0.464103,0.464103,0.464103,0.464103,0.464103,0.464103,0.464103,0.464103,0.464103,0.464103,0.464103,0.464103,0.464103,0.464103,0.464103,0.464103,0.464103,0.464103,0.464103,0.464103,0.464103,0.464103,0.464103,0.464103,0.464103,0.464103,0.464103,0.464103,0.464103,0.464103,0.464103,0.464103,0.464103,0.464103,0.464103,0.464103,0.464103
41,0.0820143,0.11374,0.0367026,0.0962742,0.0538996,0.0687191,0.034965,0.0945984,0.0514721,0.105108,0.0621504,0.0503499,0.0325786,0.0630159,0.0788955,0.0941265,0.052263,0.0434802,0.164799,0.273523,0.506329,0.419639,0.179083,0.134066,0.0150852,0.0513822,0.0740686,0.0533305,0.0866176,0.178253,0.195198,0.430663,0.153681,0.153752,0.0795735,0.074173,0.0624142,0.0674218,0.052615,0.0750413,0.0820143,0.0647962,0.125047,0.24558,0.19425,0.059453,0.0901551,0.0393701,0.0276978,0.0830358,0.0195542,0.0506817,0.1386,0.23912,0.318674,0.370508,0.418936,0.390472,0.223364,0.0462107,0.0525597,0.034965,0.0169782,0.0539229,0.0527176,0.0371154,0.093301,0.322165,0.447427,0.513875,0.508906,0.101533,0.222222,0.0505433,0.15873,0.0670107,0.0576834,0.131285,0.219732,0.259875,0.39032,0.195848,0.241546,0.0935279,0.0931793,0.143968,0.0289226,0.0895175,0.073497,0.0503271,0.178348,0.379219,0.673401,0.656168,0.308166,0.199084,0.192976,0.046013,0.0230516,0.0187645,0.0232488,0.0825083,0.222222,0.354484,0.158781,0.10627,0.0451243,0.0217188,0.0326083,0.0831532,0.0808146,0.16518,0.085859,0.263366,0.419287,0.494071,0.347584,0.253872,0.283447,0.131182,0.0475308,0.0913492,0.0442263,0.0418813,0.107701,0.131475,0.088308,0.300842,0.386997,0.17449,0.119717,0.0340217,0.0630279,0.0455789,0.0750244,0.0319591,0.0540979,0.0566926,0.174125,0.257798,0.350018,0.430108,0.344234,0.15758,0.0883939,0.143205,0.040808,0.039353,0.143205,0.0361533,0.04004,0.173974,0.358551,0.283206,0.203666,0.0468494,0.061512,0.0529381,0.039582,0.0660197,0.11443,0.207598,0.322477,0.268745,0.292826,0.270197,0.443853,0.145518,0.0500075,0.106056,0.0512111,0.068055,0.0319877,0.0719528,0.0474856,0.24558,0.314762,0.252589,0.0411828,0.162655,0.0591331,0.0272702,0.0426348,0.0267537,0.119303,0.0942951,0.208855,0.198728,0.0647878,0.224366,0.0348614,0.0434329,0.0328818,0.0201223,0.0451651,0.032699,0.0344199,0.0336973,0.122835,0.254065,0.421585,0.429553,0.335008,0.183251,0.0444089,0.0550752,0.0301832,0.0697788,0.0428522,0.142005,0.263574,0.279799,0.307314,0.20145,0.1167,0.14806,0.0911577,0.087804,0.0400432,0.134481,0.0629366,0.0701361,0.0858811,0.286615,0.206398,0.122669,0.141024,0.0486098,0.0562082,0.0269165,0.0355353,0.0641601,0.043416,0.0714031,0.115634,0.282486,0.221828,0.473709,0.432713,0.438212,0.112752,0.134989,0.0310049,0.066569,0.0864902,0.151103,0.174825,0.263574,0.540833,0.526593,0.477783,0.460193,0.464103,0.464103,0.464103,0.464103,0.464103,0.464103,0.464103,0.464103,0.464103,0.464103,0.464103,0.464103,0.464103,0.464103,0.464103,0.464103,0.464103,0.464103,0.464103,0.464103,0.464103,0.464103,0.464103,0.464103,0.464103,0.464103,0.464103,0.464103,0.464103,0.464103,0.464103,0.464103,0.464103,0.464103,0.464103,0.464103,0.464103,0.464103,0.464103,0.464103,0.464103,0.464103,0.464103,0.464103,0.464103,0.464103,0.464103,0.464103,0.464103,0.464103,0.464103,0.464103,0.464103,0.464103,0.464103,0.464103,0.464103,0.464103,0.464103,0.464103,0.464103,0.464103,0.464103,0.464103,0.464103,0.464103,0.464103,0.464103,0.464103,0.464103,0.464103,0.464103,0.464103,0.464103,0.464103,0.464103,0.464103,0.464103,0.464103,0.464103,0.464103,0.464103,0.464103,0.464103,0.464103
42,0.0820143,0.11374,0.0367026,0.0962742,0.0538996,0.0687191,0.034965,0.0945984,0.0514721,0.105108,0.0621504,0.0503499,0.0325786,0.0630159,0.0788955,0.0941265,0.052263,0.0434802,0.164799,0.273523,0.506329,0.419639,0.179083,0.134066,0.0150852,0.0513822,0.0740686,0.0533305,0.0866176,0.178253,0.195198,0.430663,0.153681,0.153752,0.0795735,0.074173,0.0624142,0.0674218,0.052615,0.0750413,0.0820143,0.0647962,0.125047,0.24558,0.19425,0.059453,0.0901551,0.0393701,0.0276978,0.0830358,0.0195542,0.0506817,0.1386,0.23912,0.318674,0.370508,0.418936,0.390472,0.223364,0.0462107,0.0525597,0.034965,0.0169782,0.0539229,0.0527176,0.0371154,0.093301,0.322165,0.447427,0.513875,0.508906,0.101533,0.222222,0.0505433,0.15873,0.0670107,0.0576834,0.131285,0.219732,0.259875,0.39032,0.195848,0.241546,0.0935279,0.0931793,0.143968,0.0289226,0.0895175,0.073497,0.0503271,0.178348,0.379219,0.673401,0.656168,0.308166,0.199084,0.192976,0.046013,0.0230516,0.0187645,0.0232488,0.0825083,0.222222,0.354484,0.158781,0.10627,0.0451243,0.0217188,0.0326083,0.0831532,0.0808146,0.16518,0.085859,0.263366,0.419287,0.494071,0.347584,0.253872,0.283447,0.131182,0.0475308,0.0913492,0.0442263,0.0418813,0.107701,0.131475,0.088308,0.300842,0.386997,0.17449,0.119717,0.0340217,0.0630279,0.0455789,0.0750244,0.0319591,0.0540979,0.0566926,0.174125,0.257798,0.350018,0.430108,0.344234,0.15758,0.0883939,0.143205,0.040808,0.039353,0.143205,0.0361533,0.04004,0.173974,0.358551,0.283206,0.203666,0.0468494,0.061512,0.0529381,0.039582,0.0660197,0.11443,0.207598,0.322477,0.268745,0.292826,0.270197,0.443853,0.145518,0.0500075,0.106056,0.0512111,0.068055,0.0319877,0.0719528,0.0474856,0.24558,0.314762,0.252589,0.0411828,0.162655,0.0591331,0.0272702,0.0426348,0.0267537,0.119303,0.0942951,0.208855,0.198728,0.0647878,0.224366,0.0348614,0.0434329,0.0328818,0.0201223,0.0451651,0.032699,0.0344199,0.0336973,0.122835,0.254065,0.421585,0.429553,0.335008,0.183251,0.0444089,0.0550752,0.0301832,0.0697788,0.0428522,0.142005,0.263574,0.279799,0.307314,0.20145,0.1167,0.14806,0.0911577,0.087804,0.0400432,0.134481,0.0629366,0.0701361,0.0858811,0.286615,0.206398,0.122669,0.141024,0.0486098,0.0562082,0.0269165,0.0355353,0.0641601,0.043416,0.0714031,0.115634,0.282486,0.221828,0.473709,0.432713,0.438212,0.112752,0.134989,0.0310049,0.066569,0.0864902,0.151103,0.174825,0.263574,0.540833,0.526593,0.477783,0.460193,0.464103,0.464103,0.464103,0.464103,0.464103,0.464103,0.464103,0.464103,0.464103,0.464103,0.464103,0.464103,0.464103,0.464103,0.464103,0.464103,0.464103,0.464103,0.464103,0.464103,0.464103,0.464103,0.464103,0.464103,0.464103,0.464103,0.464103,0.464103,0.464103,0.464103,0.464103,0.464103,0.464103,0.464103,0.464103,0.464103,0.464103,0.464103,0.464103,0.464103,0.464103,0.464103,0.464103,0.464103,0.464103,0.464103,0.464103,0.464103,0.464103,0.464103,0.464103,0.464103,0.464103,0.464103,0.464103,0.464103,0.464103,0.464103,0.464103,0.464103,0.464103,0.464103,0.464103,0.464103,0.464103,0.464103,0.464103,0.464103,0.464103,0.464103,0.464103,0.464103,0.464103,0.464103,0.464103,0.464103,0.464103,0.464103,0.464103,0.464103,0.464103,0.464103,0.464103,0.464103,0.464103
43,0.0820143,0.11374,0.0367026,0.0962742,0.0538996,0.0687191,0.034965,0.0945984,0.0514721,0.105108,0.0621504,0.0503499,0.0325786,0.0630159,0.0788955,0.0941265,0.052263,0.0434802,0.164799,0.273523,0.506329,0.419639,0.179083,0.134066,0.0150852,0.0513822,0.0740686,0.0533305,0.0866176,0.178253,0.195198,0.430663,0.153681,0.153752,0.0795735,0.074173,0.0624142,0.0674218,0.052615,0.0750413,0.0820143,0.0647962,0.125047,0.24558,0.19425,0.059453,0.0901551,0.0393701,0.0276978,0.0830358,0.0195542,0.0506817,0.1386,0.23912,0.318674,0.370508,0.418936,0.390472,0.223364,0.0462107,0.0525597,0.034965,0.0169782,0.0539229,0.0527176,0.0371154,0.093301,0.322165,0.447427,0.513875,0.508906,0.101533,0.222222,0.0505433,0.15873,0.0670107,0.0576834,0.131285,0.219732,0.259875,0.39032,0.195848,0.241546,0.0935279,0.0931793,0.143968,0.0289226,0.0895175,0.073497,0.0503271,0.178348,0.379219,0.673401,0.656168,0.308166,0.199084,0.192976,0.046013,0.0230516,0.0187645,0.0232488,0.0825083,0.222222,0.354484,0.158781,0.10627,0.0451243,0.0217188,0.0326083,0.0831532,0.0808146,0.16518,0.085859,0.263366,0.419287,0.494071,0.347584,0.253872,0.283447,0.131182,0.0475308,0.0913492,0.0442263,0.0418813,0.107701,0.131475,0.088308,0.300842,0.386997,0.17449,0.119717,0.0340217,0.0630279,0.0455789,0.0750244,0.0319591,0.0540979,0.0566926,0.174125,0.257798,0.350018,0.430108,0.344234,0.15758,0.0883939,0.143205,0.040808,0.039353,0.143205,0.0361533,0.04004,0.173974,0.358551,0.283206,0.203666,0.0468494,0.061512,0.0529381,0.039582,0.0660197,0.11443,0.207598,0.322477,0.268745,0.292826,0.270197,0.443853,0.145518,0.0500075,0.106056,0.0512111,0.068055,0.0319877,0.0719528,0.0474856,0.24558,0.314762,0.252589,0.0411828,0.162655,0.0591331,0.0272702,0.0426348,0.0267537,0.119303,0.0942951,0.208855,0.198728,0.0647878,0.224366,0.0348614,0.0434329,0.0328818,0.0201223,0.0451651,0.032699,0.0344199,0.0336973,0.122835,0.254065,0.421585,0.429553,0.335008,0.183251,0.0444089,0.0550752,0.0301832,0.0697788,0.0428522,0.142005,0.263574,0.279799,0.307314,0.20145,0.1167,0.14806,0.0911577,0.087804,0.0400432,0.134481,0.0629366,0.0701361,0.0858811,0.286615,0.206398,0.122669,0.141024,0.0486098,0.0562082,0.0269165,0.0355353,0.0641601,0.043416,0.0714031,0.115634,0.282486,0.221828,0.473709,0.432713,0.438212,0.112752,0.134989,0.0310049,0.066569,0.0864902,0.151103,0.174825,0.263574,0.540833,0.526593,0.477783,0.460193,0.464103,0.464103,0.464103,0.464103,0.464103,0.464103,0.464103,0.464103,0.464103,0.464103,0.464103,0.464103,0.464103,0.464103,0.464103,0.464103,0.464103,0.464103,0.464103,0.464103,0.464103,0.464103,0.464103,0.464103,0.464103,0.464103,0.464103,0.464103,0.464103,0.464103,0.464103,0.464103,0.464103,0.464103,0.464103,0.464103,0.464103,0.464103,0.464103,0.464103,0.464103,0.464103,0.464103,0.464103,0.464103,0.464103,0.464103,0.464103,0.464103,0.464103,0.464103,0.464103,0.464103,0.464103,0.464103,0.464103,0.464103,0.464103,0.464103,0.464103,0.464103,0.464103,0.464103,0.464103,0.464103,0.464103,0.464103,0.464103,0.464103,0.464103,0.464103,0.464103,0.464103,0.464103,0.464103,0.464103,0.464103,0.464103,0.464103,0.464103,0.464103,0.464103,0.464103,0.464103,0.464103
44,0.0820143,0.11374,0.0367026,0.0962742,0.0538996,0.0687191,0.034965,0.0945984,0.0514721,0.105108,0.0621504,0.0503499,0.0325786,0.0630159,0.0788955,0.0941265,0.052263,0.0434802,0.164799,0.273523,0.506329,0.419639,0.179083,0.134066,0.0150852,0.0513822,0.0740686,0.0533305,0.0866176,0.178253,0.195198,0.430663,0.153681,0.153752,0.0795735,0.074173,0.0624142,0.0674218,0.052615,0.0750413,0.0820143,0.0647962,0.125047,0.24558,0.19425,0.059453,0.0901551,0.0393701,0.0276978,0.0830358,0.0195542,0.0506817,0.1386,0.23912,0.318674,0.370508,0.418936,0.390472,0.223364,0.0462107,0.0525597,0.034965,0.0169782,0.0539229,0.0527176,0.0371154,0.093301,0.322165,0.447427,0.513875,0.508906,0.101533,0.222222,0.0505433,0.15873,0.0670107,0.0576834,0.131285,0.219732,0.259875,0.39032,0.195848,0.241546,0.0935279,0.0931793,0.143968,0.0289226,0.0895175,0.073497,0.0503271,0.178348,0.379219,0.673401,0.656168,0.308166,0.199084,0.192976,0.046013,0.0230516,0.0187645,0.0232488,0.0825083,0.222222,0.354484,0.158781,0.10627,0.0451243,0.0217188,0.0326083,0.0831532,0.0808146,0.16518,0.085859,0.263366,0.419287,0.494071,0.347584,0.253872,0.283447,0.131182,0.0475308,0.0913492,0.0442263,0.0418813,0.107701,0.131475,0.088308,0.300842,0.386997,0.17449,0.119717,0.0340217,0.0630279,0.0455789,0.0750244,0.0319591,0.0540979,0.0566926,0.174125,0.257798,0.350018,0.430108,0.344234,0.15758,0.0883939,0.143205,0.040808,0.039353,0.143205,0.0361533,0.04004,0.173974,0.358551,0.283206,0.203666,0.0468494,0.061512,0.0529381,0.039582,0.0660197,0.11443,0.207598,0.322477,0.268745,0.292826,0.270197,0.443853,0.145518,0.0500075,0.106056,0.0512111,0.068055,0.0319877,0.0719528,0.0474856,0.24558,0.314762,0.252589,0.0411828,0.162655,0.0591331,0.0272702,0.0426348,0.0267537,0.119303,0.0942951,0.208855,0.198728,0.0647878,0.224366,0.0348614,0.0434329,0.0328818,0.0201223,0.0451651,0.032699,0.0344199,0.0336973,0.122835,0.254065,0.421585,0.429553,0.335008,0.183251,0.0444089,0.0550752,0.0301832,0.0697788,0.0428522,0.142005,0.263574,0.279799,0.307314,0.20145,0.1167,0.14806,0.0911577,0.087804,0.0400432,0.134481,0.0629366,0.0701361,0.0858811,0.286615,0.206398,0.122669,0.141024,0.0486098,0.0562082,0.0269165,0.0355353,0.0641601,0.043416,0.0714031,0.115634,0.282486,0.221828,0.473709,0.432713,0.438212,0.112752,0.134989,0.0310049,0.066569,0.0864902,0.151103,0.174825,0.263574,0.540833,0.526593,0.477783,0.460193,0.464103,0.464103,0.464103,0.464103,0.464103,0.464103,0.464103,0.464103,0.464103,0.464103,0.464103,0.464103,0.464103,0.464103,0.464103,0.464103,0.464103,0.464103,0.464103,0.464103,0.464103,0.464103,0.464103,0.464103,0.464103,0.464103,0.464103,0.464103,0.464103,0.464103,0.464103,0.464103,0.464103,0.464103,0.464103,0.464103,0.464103,0.464103,0.464103,0.464103,0.464103,0.464103,0.464103,0.464103,0.464103,0.464103,0.464103,0.464103,0.464103,0.464103,0.464103,0.464103,0.464103,0.464103,0.464103,0.464103,0.464103,0.464103,0.464103,0.464103,0.464103,0.464103,0.464103,0.464103,0.464103,0.464103,0.464103,0.464103,0.464103,0.464103,0.464103,0.464103,0.464103,0.464103,0.464103,0.464103,0.464103,0.464103,0.464103,0.464103,0.464103,0.464103,0.464103,0.464103,0.464103
45,0.0820143,0.11374,0.0367026,0.0962742,0.0538996,0.0687191,0.034965,0.0945984,0.0514721,0.105108,0.0621504,0.0503499,0.0325786,0.0630159,0.0788955,0.0941265,0.052263,0.0434802,0.164799,0.273523,0.506329,0.419639,0.179083,0.134066,0.0150852,0.0513822,0.0740686,0.0533305,0.0866176,0.178253,0.195198,0.430663,0.153681,0.153752,0.0795735,0.074173,0.0624142,0.0674218,0.052615,0.0750413,0.0820143,0.0647962,0.125047,0.24558,0.19425,0.059453,0.0901551,0.0393701,0.0276978,0.0830358,0.0195542,0.0506817,0.1386,0.23912,0.318674,0.370508,0.418936,0.390472,0.223364,0.0462107,0.0525597,0.034965,0.0169782,0.0539229,0.0527176,0.0371154,0.093301,0.322165,0.447427,0.513875,0.508906,0.101533,0.222222,0.0505433,0.15873,0.0670107,0.0576834,0.131285,0.219732,0.259875,0.39032,0.195848,0.241546,0.0935279,0.0931793,0.143968,0.0289226,0.0895175,0.073497,0.0503271,0.178348,0.379219,0.673401,0.656168,0.308166,0.199084,0.192976,0.046013,0.0230516,0.0187645,0.0232488,0.0825083,0.222222,0.354484,0.158781,0.10627,0.0451243,0.0217188,0.0326083,0.0831532,0.0808146,0.16518,0.085859,0.263366,0.419287,0.494071,0.347584,0.253872,0.283447,0.131182,0.0475308,0.0913492,0.0442263,0.0418813,0.107701,0.131475,0.088308,0.300842,0.386997,0.17449,0.119717,0.0340217,0.0630279,0.0455789,0.0750244,0.0319591,0.0540979,0.0566926,0.174125,0.257798,0.350018,0.430108,0.344234,0.15758,0.0883939,0.143205,0.040808,0.039353,0.143205,0.0361533,0.04004,0.173974,0.358551,0.283206,0.203666,0.0468494,0.061512,0.0529381,0.039582,0.0660197,0.11443,0.207598,0.322477,0.268745,0.292826,0.270197,0.443853,0.145518,0.0500075,0.106056,0.0512111,0.068055,0.0319877,0.0719528,0.0474856,0.24558,0.314762,0.252589,0.0411828,0.162655,0.0591331,0.0272702,0.0426348,0.0267537,0.119303,0.0942951,0.208855,0.198728,0.0647878,0.224366,0.0348614,0.0434329,0.0328818,0.0201223,0.0451651,0.032699,0.0344199,0.0336973,0.122835,0.254065,0.421585,0.429553,0.335008,0.183251,0.0444089,0.0550752,0.0301832,0.0697788,0.0428522,0.142005,0.263574,0.279799,0.307314,0.20145,0.1167,0.14806,0.0911577,0.087804,0.0400432,0.134481,0.0629366,0.0701361,0.0858811,0.286615,0.206398,0.122669,0.141024,0.0486098,0.0562082,0.0269165,0.0355353,0.0641601,0.043416,0.0714031,0.115634,0.282486,0.221828,0.473709,0.432713,0.438212,0.112752,0.134989,0.0310049,0.066569,0.0864902,0.151103,0.174825,0.263574,0.540833,0.526593,0.477783,0.460193,0.464103,0.464103,0.464103,0.464103,0.464103,0.464103,0.464103,0.464103,0.464103,0.464103,0.464103,0.464103,0.464103,0.464103,0.464103,0.464103,0.464103,0.464103,0.464103,0.464103,0.464103,0.464103,0.464103,0.464103,0.464103,0.464103,0.464103,0.464103,0.464103,0.464103,0.464103,0.464103,0.464103,0.464103,0.464103,0.464103,0.464103,0.464103,0.464103,0.464103,0.464103,0.464103,0.464103,0.464103,0.464103,0.464103,0.464103,0.464103,0.464103,0.464103,0.464103,0.464103,0.464103,0.464103,0.464103,0.464103,0.464103,0.464103,0.464103,0.464103,0.464103,0.464103,0.464103,0.464103,0.464103,0.464103,0.464103,0.464103,0.464103,0.464103,0.464103,0.464103,0.464103,0.464103,0.464103,0.464103,0.464103,0.464103,0.464103,0.464103,0.464103,0.464103,0.464103,0.464103,0.464103
46,0.0820143,0.11374,0.0367026,0.0962742,0.0538996,0.0687191,0.034965,0.0945984,0.0514721,0.105108,0.0621504,0.0503499,0.0325786,0.0630159,0.0788955,0.0941265,0.052263,0.0434802,0.164799,0.273523,0.506329,0.419639,0.179083,0.134066,0.0150852,0.0513822,0.0740686,0.0533305,0.0866176,0.178253,0.195198,0.430663,0.153681,0.153752,0.0795735,0.074173,0.0624142,0.0674218,0.052615,0.0750413,0.0820143,0.0647962,0.125047,0.24558,0.19425,0.059453,0.0901551,0.0393701,0.0276978,0.0830358,0.0195542,0.0506817,0.1386,0.23912,0.318674,0.370508,0.418936,0.390472,0.223364,0.0462107,0.0525597,0.034965,0.0169782,0.0539229,0.0527176,0.0371154,0.093301,0.322165,0.447427,0.513875,0.508906,0.101533,0.222222,0.0505433,0.15873,0.0670107,0.0576834,0.131285,0.219732,0.259875,0.39032,0.195848,0.241546,0.0935279,0.0931793,0.143968,0.0289226,0.0895175,0.073497,0.0503271,0.178348,0.379219,0.673401,0.656168,0.308166,0.199084,0.192976,0.046013,0.0230516,0.0187645,0.0232488,0.0825083,0.222222,0.354484,0.158781,0.10627,0.0451243,0.0217188,0.0326083,0.0831532,0.0808146,0.16518,0.085859,0.263366,0.419287,0.494071,0.347584,0.253872,0.283447,0.131182,0.0475308,0.0913492,0.0442263,0.0418813,0.107701,0.131475,0.088308,0.300842,0.386997,0.17449,0.119717,0.0340217,0.0630279,0.0455789,0.0750244,0.0319591,0.0540979,0.0566926,0.174125,0.257798,0.350018,0.430108,0.344234,0.15758,0.0883939,0.143205,0.040808,0.039353,0.143205,0.0361533,0.04004,0.173974,0.358551,0.283206,0.203666,0.0468494,0.061512,0.0529381,0.039582,0.0660197,0.11443,0.207598,0.322477,0.268745,0.292826,0.270197,0.443853,0.145518,0.0500075,0.106056,0.0512111,0.068055,0.0319877,0.0719528,0.0474856,0.24558,0.314762,0.252589,0.0411828,0.162655,0.0591331,0.0272702,0.0426348,0.0267537,0.119303,0.0942951,0.208855,0.198728,0.0647878,0.224366,0.0348614,0.0434329,0.0328818,0.0201223,0.0451651,0.032699,0.0344199,0.0336973,0.122835,0.254065,0.421585,0.429553,0.335008,0.183251,0.0444089,0.0550752,0.0301832,0.0697788,0.0428522,0.142005,0.263574,0.279799,0.307314,0.20145,0.1167,0.14806,0.0911577,0.087804,0.0400432,0.134481,0.0629366,0.0701361,0.0858811,0.286615,0.206398,0.122669,0.141024,0.0486098,0.0562082,0.0269165,0.0355353,0.0641601,0.043416,0.0714031,0.115634,0.282486,0.221828,0.473709,0.432713,0.438212,0.112752,0.134989,0.0310049,0.066569,0.0864902,0.151103,0.174825,0.263574,0.540833,0.526593,0.477783,0.460193,0.464103,0.464103,0.464103,0.464103,0.464103,0.464103,0.464103,0.464103,0.464103,0.464103,0.464103,0.464103,0.464103,0.464103,0.464103,0.464103,0.464103,0.464103,0.464103,0.464103,0.464103,0.464103,0.464103,0.464103,0.464103,0.464103,0.464103,0.464103,0.464103,0.464103,0.464103,0.464103,0.464103,0.464103,0.464103,0.464103,0.464103,0.464103,0.464103,0.464103,0.464103,0.464103,0.464103,0.464103,0.464103,0.464103,0.464103,0.464103,0.464103,0.464103,0.464103,0.464103,0.464103,0.464103,0.464103,0.464103,0.464103,0.464103,0.464103,0.464103,0.464103,0.464103,0.464103,0.464103,0.464103,0.464103,0.464103,0.464103,0.464103,0.464103,0.464103,0.464103,0.464103,0.464103,0.464103,0.464103,0.464103,0.464103,0.464103,0.464103,0.464103,0.464103,0.464103,0.464103,0.464103
47,0.0820143,0.11374,0.0367026,0.0962742,0.0538996,0.0687191,0.034965,0.0945984,0.0514721,0.105108,0.0621504,0.0503499,0.0325786,0.0630159,0.0788955,0.0941265,0.052263,0.0434802,0.164799,0.273523,0.506329,0.419639,0.179083,0.134066,0.0150852,0.0513822,0.0740686,0.0533305,0.0866176,0.178253,0.195198,0.430663,0.153681,0.153752,0.0795735,0.074173,0.0624142,0.0674218,0.052615,0.0750413,0.0820143,0.0647962,0.125047,0.24558,0.19425,0.059453,0.0901551,0.0393701,0.0276978,0.0830358,0.0195542,0.0506817,0.1386,0.23912,0.318674,0.370508,0.418936,0.390472,0.223364,0.0462107,0.0525597,0.034965,0.0169782,0.0539229,0.0527176,0.0371154,0.093301,0.322165,0.447427,0.513875,0.508906,0.101533,0.222222,0.0505433,0.15873,0.0670107,0.0576834,0.131285,0.219732,0.259875,0.39032,0.195848,0.241546,0.0935279,0.0931793,0.143968,0.0289226,0.0895175,0.073497,0.0503271,0.178348,0.379219,0.673401,0.656168,0.308166,0.199084,0.192976,0.046013,0.0230516,0.0187645,0.0232488,0.0825083,0.222222,0.354484,0.158781,0.10627,0.0451243,0.0217188,0.0326083,0.0831532,0.0808146,0.16518,0.085859,0.263366,0.419287,0.494071,0.347584,0.253872,0.283447,0.131182,0.0475308,0.0913492,0.0442263,0.0418813,0.107701,0.131475,0.088308,0.300842,0.386997,0.17449,0.119717,0.0340217,0.0630279,0.0455789,0.0750244,0.0319591,0.0540979,0.0566926,0.174125,0.257798,0.350018,0.430108,0.344234,0.15758,0.0883939,0.143205,0.040808,0.039353,0.143205,0.0361533,0.04004,0.173974,0.358551,0.283206,0.203666,0.0468494,0.061512,0.0529381,0.039582,0.0660197,0.11443,0.207598,0.322477,0.268745,0.292826,0.270197,0.443853,0.145518,0.0500075,0.106056,0.0512111,0.068055,0.0319877,0.0719528,0.0474856,0.24558,0.314762,0.252589,0.0411828,0.162655,0.0591331,0.0272702,0.0426348,0.0267537,0.119303,0.0942951,0.208855,0.198728,0.0647878,0.224366,0.0348614,0.0434329,0.0328818,0.0201223,0.0451651,0.032699,0.0344199,0.0336973,0.122835,0.254065,0.421585,0.429553,0.335008,0.183251,0.0444089,0.0550752,0.0301832,0.0697788,0.0428522,0.142005,0.263574,0.279799,0.307314,0.20145,0.1167,0.14806,0.0911577,0.087804,0.0400432,0.134481,0.0629366,0.0701361,0.0858811,0.286615,0.206398,0.122669,0.141024,0.0486098,0.0562082,0.0269165,0.0355353,0.0641601,0.043416,0.0714031,0.115634,0.282486,0.221828,0.473709,0.432713,0.438212,0.112752,0.134989,0.0310049,0.066569,0.0864902,0.151103,0.174825,0.263574,0.540833,0.526593,0.477783,0.460193,0.464103,0.464103,0.464103,0.464103,0.464103,0.464103,0.464103,0.464103,0.464103,0.464103,0.464103,0.464103,0.464103,0.464103,0.464103,0.464103,0.464103,0.464103,0.464103,0.464103,0.464103,0.464103,0.464103,0.464103,0.464103,0.464103,0.464103,0.464103,0.464103,0.464103,0.464103,0.464103,0.464103,0.464103,0.464103,0.464103,0.464103,0.464103,0.464103,0.464103,0.464103,0.464103,0.464103,0.464103,0.464103,0.464103,0.464103,0.464103,0.464103,0.464103,0.464103,0.464103,0.464103,0.464103,0.464103,0.464103,0.464103,0.464103,0.464103,0.464103,0.464103,0.464103,0.464103,0.464103,0.464103,0.464103,0.464103,0.464103,0.464103,0.464103,0.464103,0.464103,0.464103,0.464103,0.464103,0.464103,0.464103,0.464103,0.464103,0.464103,0.464103,0.464103,0.464103,0.464103,0.464103
48,0.0820143,0.11374,0.0367026,0.0962742,0.0538996,0.0687191,0.034965,0.0945984,0.0514721,0.105108,0.0621504,0.0503499,0.0325786,0.0630159,0.0788955,0.0941265,0.052263,0.0434802,0.164799,0.273523,0.506329,0.419639,0.179083,0.134066,0.0150852,0.0513822,0.0740686,0.0533305,0.0866176,0.178253,0.195198,0.430663,0.153681,0.153752,0.0795735,0.074173,0.0624142,0.0674218,0.052615,0.0750413,0.0820143,0.0647962,0.125047,0.24558,0.19425,0.059453,0.0901551,0.0393701,0.0276978,0.0830358,0.0195542,0.0506817,0.1386,0.23912,0.318674,0.370508,0.418936,0.390472,0.223364,0.0462107,0.0525597,0.034965,0.0169782,0.0539229,0.0527176,0.0371154,0.093301,0.322165,0.447427,0.513875,0.508906,0.101533,0.222222,0.0505433,0.15873,0.0670107,0.0576834,0.131285,0.219732,0.259875,0.39032,0.195848,0.241546,0.0935279,0.0931793,0.143968,0.0289226,0.0895175,0.073497,0.0503271,0.178348,0.379219,0.673401,0.656168,0.308166,0.199084,0.192976,0.046013,0.0230516,0.0187645,0.0232488,0.0825083,0.222222,0.354484,0.158781,0.10627,0.0451243,0.0217188,0.0326083,0.0831532,0.0808146,0.16518,0.085859,0.263366,0.419287,0.494071,0.347584,0.253872,0.283447,0.131182,0.0475308,0.0913492,0.0442263,0.0418813,0.107701,0.131475,0.088308,0.300842,0.386997,0.17449,0.119717,0.0340217,0.0630279,0.0455789,0.0750244,0.0319591,0.0540979,0.0566926,0.174125,0.257798,0.350018,0.430108,0.344234,0.15758,0.0883939,0.143205,0.040808,0.039353,0.143205,0.0361533,0.04004,0.173974,0.358551,0.283206,0.203666,0.0468494,0.061512,0.0529381,0.039582,0.0660197,0.11443,0.207598,0.322477,0.268745,0.292826,0.270197,0.443853,0.145518,0.0500075,0.106056,0.0512111,0.068055,0.0319877,0.0719528,0.0474856,0.24558,0.314762,0.252589,0.0411828,0.162655,0.0591331,0.0272702,0.0426348,0.0267537,0.119303,0.0942951,0.208855,0.198728,0.0647878,0.224366,0.0348614,0.0434329,0.0328818,0.0201223,0.0451651,0.032699,0.0344199,0.0336973,0.122835,0.254065,0.421585,0.429553,0.335008,0.183251,0.0444089,0.0550752,0.0301832,0.0697788,0.0428522,0.142005,0.263574,0.279799,0.307314,0.20145,0.1167,0.14806,0.0911577,0.087804,0.0400432,0.134481,0.0629366,0.0701361,0.0858811,0.286615,0.206398,0.122669,0.141024,0.0486098,0.0562082,0.0269165,0.0355353,0.0641601,0.043416,0.0714031,0.115634,0.282486,0.221828,0.473709,0.432713,0.438212,0.112752,0.134989,0.0310049,0.066569,0.0864902,0.151103,0.174825,0.263574,0.540833,0.526593,0.477783,0.460193,0.464103,0.464103,0.464103,0.464103,0.464103,0.464103,0.464103,0.464103,0.464103,0.464103,0.464103,0.464103,0.464103,0.464103,0.464103,0.464103,0.464103,0.464103,0.464103,0.464103,0.464103,0.464103,0.464103,0.464103,0.464103,0.464103,0.464103,0.464103,0.464103,0.464103,0.464103,0.464103,0.464103,0.464103,0.464103,0.464103,0.464103,0.464103,0.464103,0.464103,0.464103,0.464103,0.464103,0.464103,0.464103,0.464103,0.464103,0.464103,0.464103,0.464103,0.464103,0.464103,0.464103,0.464103,0.464103,0.464103,0.464103,0.464103,0.464103,0.464103,0.464103,0.464103,0.464103,0.464103,0.464103,0.464103,0.464103,0.464103,0.464103,0.464103,0.464103,0.464103,0.464103,0.464103,0.464103,0.464103,0.464103,0.464103,0.464103,0.464103,0.464103,0.464103,0.464103,0.464103,0.464103
49,0.0820143,0.11374,0.0367026,0.0962742,0.0538996,0.0687191,0.034965,0.0945984,0.0514721,0.105108,0.0621504,0.0503499,0.0325786,0.0630159,0.0788955,0.0941265,0.052263,0.0434802,0.164799,0.273523,0.506329,0.419639,0.179083,0.134066,0.0150852,0.0513822,0.0740686,0.0533305,0.0866176,0.178253,0.195198,0.430663,0.153681,0.153752,0.0795735,0.074173,0.0624142,0.0674218,0.052615,0.0750413,0.0820143,0.0647962,0.125047,0.24558,0.19425,0.059453,0.0901551,0.0393701,0.0276978,0.0830358,0.0195542,0.0506817,0.1386,0.23912,0.318674,0.370508,0.418936,0.390472,0.223364,0.0462107,0.0525597,0.034965,0.0169782,0.0539229,0.0527176,0.0371154,0.093301,0.322165,0.447427,0.513875,0.508906,0.101533,0.222222,0.0505433,0.15873,0.0670107,0.0576834,0.131285,0.219732,0.259875,0.39032,0.195848,0.241546,0.0935279,0.0931793,0.143968,0.0289226,0.0895175,0.073497,0.0503271,0.178348,0.379219,0.673401,0.656168,0.308166,0.199084,0.192976,0.046013,0.0230516,0.0187645,0.0232488,0.0825083,0.222222,0.354484,0.158781,0.10627,0.0451243,0.0217188,0.0326083,0.0831532,0.0808146,0.16518,0.085859,0.263366,0.419287,0.494071,0.347584,0.253872,0.283447,0.131182,0.0475308,0.0913492,0.0442263,0.0418813,0.107701,0.131475,0.088308,0.300842,0.386997,0.17449,0.119717,0.0340217,0.0630279,0.0455789,0.0750244,0.0319591,0.0540979,0.0566926,0.174125,0.257798,0.350018,0.430108,0.344234,0.15758,0.0883939,0.143205,0.040808,0.039353,0.143205,0.0361533,0.04004,0.173974,0.358551,0.283206,0.203666,0.0468494,0.061512,0.0529381,0.039582,0.0660197,0.11443,0.207598,0.322477,0.268745,0.292826,0.270197,0.443853,0.145518,0.0500075,0.106056,0.0512111,0.068055,0.0319877,0.0719528,0.0474856,0.24558,0.314762,0.252589,0.0411828,0.162655,0.0591331,0.0272702,0.0426348,0.0267537,0.119303,0.0942951,0.208855,0.198728,0.0647878,0.224366,0.0348614,0.0434329,0.0328818,0.0201223,0.0451651,0.032699,0.0344199,0.0336973,0.122835,0.254065,0.421585,0.429553,0.335008,0.183251,0.0444089,0.0550752,0.0301832,0.0697788,0.0428522,0.142005,0.263574,0.279799,0.307314,0.20145,0.1167,0.14806,0.0911577,0.087804,0.0400432,0.134481,0.0629366,0.0701361,0.0858811,0.286615,0.206398,0.122669,0.141024,0.0486098,0.0562082,0.0269165,0.0355353,0.0641601,0.043416,0.0714031,0.115634,0.282486,0.221828,0.473709,0.432713,0.438212,0.112752,0.134989,0.0310049,0.066569,0.0864902,0.151103,0.174825,0.263574,0.540833,0.526593,0.477783,0.460193,0.464103,0.464103,0.464103,0.464103,0.464103,0.464103,0.464103,0.464103,0.464103,0.464103,0.464103,0.464103,0.464103,0.464103,0.464103,0.464103,0.464103,0.464103,0.464103,0.464103,0.464103,0.464103,0.464103,0.464103,0.464103,0.464103,0.464103,0.464103,0.464103,0.464103,0.464103,0.464103,0.464103,0.464103,0.464103,0.464103,0.464103,0.464103,0.464103,0.464103,0.464103,0.464103,0.464103,0.464103,0.464103,0.464103,0.464103,0.464103,0.464103,0.464103,0.464103,0.464103,0.464103,0.464103,0.464103,0.464103,0.464103,0.464103,0.464103,0.464103,0.464103,0.464103,0.464103,0.464103,0.464103,0.464103,0.464103,0.464103,0.464103,0.464103,0.464103,0.464103,0.464103,0.464103,0.464103,0.464103,0.464103,0.464103,0.464103,0.464103,0.464103,0.464103,0.464103,0.464103,0.464103
