real_name,flow_200301_sim,flow_200302_sim,flow_200303_sim,flow_200304_sim,flow_200305_sim,flow_200306_sim,flow_200307_sim,flow_200308_sim,flow_200309_sim,flow_200310_sim,flow_200311_sim,flow_200312_sim,flow_200401_sim,flow_200402_sim,flow_200403_sim,flow_200404_sim,flow_200405_sim,flow_200406_sim,flow_200407_sim,flow_200408_sim,flow_200409_sim,flow_200410_sim,flow_200411_sim,flow_200412_sim,flow_200501_sim,flow_200502_sim,flow_200503_sim,flow_200504_sim,flow_200505_sim,flow_200506_sim,flow_200507_sim,flow_200508_sim,flow_200509_sim,flow_200510_sim,flow_200511_sim,flow_200512_sim,flow_200601_sim,flow_200602_sim,flow_200603_sim,flow_200604_sim,flow_200605_sim,flow_200606_sim,flow_200607_sim,flow_200608_sim,flow_200609_sim,flow_200610_sim,flow_200611_sim,flow_200612_sim,flow_200701_sim,flow_200702_sim,flow_200703_sim,flow_200704_sim,flow_200705_sim,flow_200706_sim,flow_200707_sim,flow_200708_sim,flow_200709_sim,flow_200710_sim,flow_200711_sim,flow_200712_sim,flow_200801_sim,flow_200802_sim,flow_200803_sim,flow_200804_sim,flow_200805_sim,flow_200806_sim,flow_200807_sim,flow_200808_sim,flow_200809_sim,flow_200810_sim,flow_200811_sim,flow_200812_sim,flow_200901_sim,flow_200902_sim,flow_200903_sim,flow_200904_sim,flow_200905_sim,flow_200906_sim,flow_200907_sim,flow_200908_sim,flow_200909_sim,flow_200910_sim,flow_200911_sim,flow_200912_sim,flow_201001_sim,flow_201002_sim,flow_201003_sim,flow_201004_sim,flow_201005_sim,flow_201006_sim,flow_201007_sim,flow_201008_sim,flow_201009_sim,flow_201010_sim,flow_201011_sim,flow_201012_sim,flow_201101_sim,flow_201102_sim,flow_201103_sim,flow_201104_sim,flow_201105_sim,flow_201106_sim,flow_201107_sim,flow_201108_sim,flow_201109_sim,flow_201110_sim,flow_201111_sim,flow_201112_sim,flow_201201_sim,flow_201202_sim,flow_201203_sim,flow_201204_sim,flow_201205_sim,flow_201206_sim,flow_201207_sim,flow_201208_sim,flow_201209_sim,flow_201210_sim,flow_201211_sim,flow_201212_sim,flow_201301_sim,flow_201302_sim,flow_201303_sim,flow_201304_sim,flow_201305_sim,flow_201306_sim,flow_201307_sim,flow_201308_sim,flow_201309_sim,flow_201310_sim,flow_201311_sim,flow_201312_sim,flow_201401_sim,flow_201402_sim,flow_201403_sim,flow_201404_sim,flow_201405_sim,flow_201406_sim,flow_201407_sim,flow_201408_sim,flow_201409_sim,flow_201410_sim,flow_201411_sim,flow_201412_sim,flow_201501_sim,flow_201502_sim,flow_201503_sim,flow_201504_sim,flow_201505_sim,flow_201506_sim,flow_201507_sim,flow_201508_sim,flow_201509_sim,flow_201510_sim,flow_201511_sim,flow_201512_sim,flow_201601_sim,flow_201602_sim,flow_201603_sim,flow_201604_sim,flow_201605_sim,flow_201606_sim,flow_201607_sim,flow_201608_sim,flow_201609_sim,flow_201610_sim,flow_201611_sim,flow_201612_sim,flow_201701_sim,flow_201702_sim,flow_201703_sim,flow_201704_sim,flow_201705_sim,flow_201706_sim,flow_201707_sim,flow_201708_sim,flow_201709_sim,flow_201710_sim,flow_201711_sim,flow_201712_sim,flow_201801_sim,flow_201802_sim,flow_201803_sim,flow_201804_sim,flow_201805_sim,flow_201806_sim,flow_201807_sim,flow_201808_sim,flow_201809_sim,flow_201810_sim,flow_201811_sim,flow_201812_sim,flow_201901_sim,flow_201902_sim,flow_201903_sim,flow_201904_sim,flow_201905_sim,flow_201906_sim,flow_201907_sim,flow_201908_sim,flow_201909_sim,flow_201910_sim,flow_201911_sim,flow_201912_sim,flow_202001_sim,flow_202002_sim,flow_202003_sim,flow_202004_sim,flow_202005_sim,flow_202006_sim,flow_202007_sim,flow_202008_sim,flow_202009_sim,flow_202010_sim,flow_202011_sim,flow_202012_sim,flow_202101_sim,flow_202102_sim,flow_202103_sim,flow_202104_sim,flow_202105_sim,flow_202106_sim,flow_202107_sim,flow_202108_sim,flow_202109_sim,flow_202110_sim,flow_202111_sim,flow_202112_sim,flow_202201_sim,flow_202202_sim,flow_202203_sim,flow_202204_sim,flow_202205_sim,flow_202206_sim,flow_202207_sim,flow_202208_sim,flow_202209_sim,flow_202210_sim,flow_202211_sim,flow_202212_sim,flow_202301_sim,flow_202302_sim,flow_202303_sim,flow_202304_sim,flow_202305_sim,flow_202306_sim,flow_202307_sim,flow_202308_sim,flow_202309_sim,flow_202310_sim,flow_202311_sim,flow_202312_sim,head_w001_sim,head_w002_sim,head_w003_sim,head_w004_sim,head_w005_sim,head_w006_sim,head_w007_sim,head_w008_sim,head_w009_sim,head_w010_sim,head_w011_sim,head_w012_sim,head_w013_sim,head_w014_sim,head_w015_sim,head_w016_sim,head_w017_sim,head_w018_sim,head_w019_sim,head_w020_sim,head_w021_sim,head_w022_sim,head_w023_sim,head_w024_sim,head_w025_sim,head_w026_sim,head_w027_sim,head_w028_sim,head_w029_sim,head_w030_sim,head_w031_sim,head_w032_sim,head_w033_sim,head_w034_sim,head_w035_sim,head_w036_sim,head_w037_sim,head_w038_sim,head_w039_sim,head_w040_sim,head_w041_sim,head_w042_sim,head_w043_sim,head_w044_sim,head_w045_sim,head_w046_sim,head_w047_sim,head_w048_sim,head_w049_sim,head_w050_sim,head_w051_sim,head_w052_sim,head_w053_sim,head_w054_sim,head_w055_sim,head_w056_sim,head_w057_sim,head_w058_sim,head_w059_sim,head_w060_sim,head_w061_sim,head_w062_sim,head_w063_sim,head_w064_sim,head_w065_sim,head_w066_sim,head_w067_sim,head_w068_sim,head_w069_sim,head_w070_sim,head_w071_sim,head_w072_sim,head_w073_sim,head_w074_sim,head_w075_sim,head_w076_sim,head_w077_sim,head_w078_sim,head_w079_sim,head_w080_sim,head_w081_sim,head_w082_sim,head_w083_sim,head_w084_sim,head_w085_sim
0,117.193,85.2417,279.771,107.369,191.853,128.323,288.587,108.673,189.339,109.338,171.931,188.888,318.964,169.866,110.248,102.564,211.281,199.696,64.9494,39.3801,19.3003,20.8327,69.6824,73.2528,718.068,215.92,144.586,237.24,112.657,61.22,43.7719,23.6354,67.3973,61.6082,141.97,137.428,174.248,156.945,195.955,131.342,142.898,161.725,88.3251,42.1237,47.9529,158.809,117.552,240.222,397.114,101.69,480.207,166.944,73.5676,42.0848,33.9548,23.211,21.1212,26.5527,43.2619,255.076,172.275,279.443,758.62,155.309,152.207,215.363,89.2361,28.6065,21.7369,14.8951,19.2395,99.5757,45.7755,168.701,63.266,152.643,163.865,65.7553,34.9791,43.9006,26.3633,52.4616,45.0569,107.881,122.199,68.2106,407.85,131.179,140.038,231.344,60.899,24.9594,14.2029,14.8705,34.8372,62.9438,50.0051,197.183,395.267,598.023,450.655,120.792,43.9152,29.7044,64.1716,103.282,250.853,449.527,263.693,125.478,115.609,63.4447,122.635,37.5803,20.1556,19.1992,32.9426,38.8915,37.3954,80.2935,224.252,113.354,174.124,198.635,88.5761,67.4737,124.348,30.9994,27.4218,51.4173,83.9936,305.573,147.414,222.567,101.525,316.071,152.648,164.018,53.2601,34.0853,31.2576,22.5918,33.0185,46.064,126.705,73.0083,216.739,267.422,75.2327,273.735,236.351,56.8921,33.3184,40.3042,47.9222,221.06,163.679,195.874,259.582,134.911,90.7891,41.6179,30.7828,39.9007,35.08,39.6675,21.6534,59.4115,190.386,75.0645,200.819,147.46,311.549,139.355,219.851,41.4572,30.793,42.6243,221.905,65.2502,160.411,420.039,215.474,360.104,81.242,112.751,42.6647,56.4397,149.966,42.9584,284.313,234.975,254.395,507.346,258.51,251.717,302.366,272.977,83.2511,37.076,24.5677,24.7842,24.2795,55.8493,240.765,182.903,351.511,152.236,233.817,71.2724,39.0113,38.5596,33.4024,40.0848,80.6678,74.3252,120.314,104.578,244.647,69.6605,157.465,159.51,111.413,34.5339,58.7566,90.1395,76.2056,196.853,169.468,341.505,291.032,165.946,204.856,173.12,102.018,38.9374,43.361,17.7259,19.4706,21.7844,97.8376,75.0532,328.291,148.686,109.205,67.8619,62.6294,48.1431,21.2635,19.9085,16.9622,22.2745,284.657,326.247,298.189,300.898,152.703,159.077,160.136,156.569,163.483,164.467,166.146,164.433,170.864,171.353,173.399,182.948,184.118,186.493,183.225,185.706,188.264,190.691,192.656,184.554,190.352,188.342,204.147,197.819,196.576,199.048,201.001,202.829,199.973,201.866,203.64,205.247,267.96,211.125,246.089,268.419,278.012,282.424,278.487,328.401,324.948,212.499,209.655,211.549,220.357,218.472,217.136,223.129,223.51,224.322,222.516,298.958,310.183,252.67,265.426,258.973,254.437,315.173,281.043,263.586,250.599,241.464,267.932,265.844,278.947,266.239,309.783,307.876,253.261,274.332,275.555,274.052,274.473,273.264,279.197,269.062,278.459,287.022,186.69,191.585,206.292
1,122.876,85.4188,252.417,115.176,158.17,144.943,331.871,124.465,162.702,91.3139,128.083,186.918,307.999,154.952,129.711,102.448,208.814,218.978,56.8938,34.6495,21.3006,24.2495,57.3997,83.6692,739.742,187.128,141.878,163.232,104.858,56.8683,54.5418,23.6378,69.1536,56.9084,119.757,143.407,142.149,144.543,197.902,149.373,115.297,163.037,78.6537,38.0661,50.1201,171.902,95.1057,263.498,398.899,115.906,437.248,186.986,80.1157,45.1829,37.2804,21.3665,23.9141,27.317,37.1772,197.362,214.063,322.598,556.323,169.054,213.581,249.968,116.76,32.6305,18.3108,19.9349,19.4633,103.767,34.9179,201.445,74.1525,137.561,143.89,72.5248,40.8726,47.8473,21.7069,53.3995,36.0929,114.458,85.9934,74.8959,373.897,117.962,151.108,191.537,66.0547,27.527,14.0883,16.7408,38.2492,47.1282,59.0731,208.153,437.851,526.385,426.973,123.595,48.9671,31.2575,73.4238,94.1971,235.853,491.357,315.795,120.419,112.576,63.5935,127.679,30.4108,22.5222,23.137,34.0327,46.4581,28.9772,59.2153,158.191,116.44,251.293,220.906,92.0582,73.7944,119.867,30.0637,21.2347,50.239,78.9484,343.967,175.133,250.517,146.827,323.637,193.293,189.92,61.1771,31.7498,26.8444,21.7203,23.0689,65.3172,118.863,69.211,239.311,283.469,58.689,275.271,238.352,56.0633,31.3721,28.6083,60.0102,190.437,169.68,173.738,195.316,128.606,96.4366,39.1621,35.5101,40.5393,33.5601,32.6514,22.1721,77.6766,200.961,95.0969,194.21,164.462,341.314,99.324,154.668,40.098,32.3147,43.4115,250.098,64.7687,194.062,390.86,238.101,352.497,78.5185,106.82,54.7181,59.0385,145.82,40.0284,271.556,216.479,313.527,456.147,234.978,341.512,256.819,288.613,61.9968,38.34,24.1074,22.3161,36.3081,55.3498,262.543,170.766,306.829,145.006,244.045,63.499,36.9959,37.8541,31.5841,49.4246,86.3067,72.9548,118.184,101.826,224.776,99.0067,177.974,135.206,106.534,38.6752,60.3283,83.5332,77.348,224.101,198.472,380.201,310.386,159.838,197.055,138.227,79.9952,32.6825,40.7854,21.7818,23.0044,26.827,79.5237,74.4667,268.715,141.347,108.321,59.5121,50.1902,42.3258,18.0336,15.2512,21.0096,20.2537,285.522,330.018,303.028,304.453,152.562,158.769,163.703,160.935,162.766,165.31,164.647,165.737,171.688,172.8,177.179,181.421,189.025,185.909,187.126,189.597,187.817,188.35,191.032,185.338,189.007,188.453,194.132,195.071,199.243,202.438,202.177,198.872,198.72,202.479,200.083,205.733,268.502,214.526,248.874,268.056,275.75,280.704,279.306,324.82,326.47,215.965,205.387,211.492,219.591,218.941,217.172,222.136,222.617,226.505,221.479,295.752,310.444,250.815,261.949,258.915,256.06,310.703,280.918,262.925,251.415,240.132,267.555,264.204,278.334,257.28,303.416,308.075,250.594,273.495,277.848,273.636,267.119,271.546,276.41,264.477,271.58,288.571,186.76,187.314,199.57
2,119.641,98.6648,278.206,105.871,166.236,144.841,268.555,87.2192,210.915,93.0084,159.531,210.887,325.432,171.589,123.872,105.021,160.512,230.424,61.9377,33.3199,17.929,26.5454,57.9498,56.874,695.347,188.276,123.201,214.76,105.62,60.3364,49.1215,24.7042,55.9492,78.0491,129.972,122.363,151.768,153.319,149.415,124.966,118.757,167.175,79.8781,42.2746,44.9374,194.886,102.162,275.523,342.443,125.235,490.112,192.038,73.8355,37.408,31.4819,27.4032,26.3677,26.2399,49.9993,186.045,212.124,309.113,470.295,170.004,218.263,250.404,105.759,30.8719,20.117,23.0005,23.7867,78.4042,41.8565,197.604,52.3567,173.377,193.48,71.2097,47.9189,41.9417,20.892,48.9219,39.6295,96.2202,120.389,56.866,391.912,123.691,120.38,184.243,58.1495,25.4371,13.0105,16.0017,25.8406,53.445,57.1036,238.933,433.191,531.952,415.358,117.91,47.3096,22.5146,69.8856,95.4962,197.573,546.25,308.007,144.411,107.981,49.5417,123.386,37.1939,22.769,19.9214,29.687,43.3473,35.7565,83.6371,224.356,112.581,252.067,177.587,88.1365,79.9923,103.777,32.6383,28.2029,57.95,76.2432,226.834,165.49,237.342,132.717,325.42,235.097,177.306,62.05,39.1219,27.8927,26.4741,28.3502,73.7093,121.308,75.7769,239.301,219.713,62.3244,288.033,261.688,62.4931,30.3159,31.7053,43.7466,226.05,162.447,223.005,245.32,117.133,88.158,54.3917,28.7794,31.7958,35.7334,44.6218,18.1587,62.0199,207.059,89.8218,190.039,143.383,334.504,134.573,239.77,45.9939,29.7143,40.0987,227.174,58.5289,158.485,310.888,177.413,379.697,74.3879,94.304,49.3749,58.2326,144.931,46.9928,275.535,208.139,341.26,533.435,236.95,335.692,293.017,278.519,80.1001,39.9435,22.4012,21.9361,28.9394,49.7158,267.279,210.979,363.518,149.368,211.792,77.1276,34.2096,34.2042,28.3364,45.8331,89.2449,66.396,111.579,97.1641,245.371,68.3077,192.74,140.515,101.311,38.7963,41.9762,81.7161,72.0364,235.5,201.052,339.712,279.651,177.583,214.331,143.147,106.421,34.7978,48.5684,20.5663,21.1631,21.6313,82.3518,87.2748,312.454,150.572,112.673,68.41,54.65,36.8211,19.3234,18.9796,18.9631,22.4308,284.635,330.603,302.541,299.929,161.233,160.697,162.417,156.02,164.391,164.068,166.681,163.381,166.583,168.524,173.346,183.797,188.899,181.863,183.689,190.753,184.801,187.316,189.156,190.743,187.906,189.951,197.461,195.209,198.161,200.698,201.136,200.984,202.056,201.646,206.351,208.32,269.882,216.108,247.635,268.786,281.934,279.925,281.368,325.906,330.953,211.837,209.14,210.671,220.165,218.56,218.451,220.195,224.433,224.152,225.229,300.508,307.849,254.758,266.425,255.319,257.802,312.576,284.38,265.134,247.074,241.176,265.98,267.269,274.732,264.092,310.511,305.331,249.926,273.93,279.839,275.18,270.627,268.26,278.118,270.316,270.031,288.403,187.402,189.198,200.106
3,126.697,93.8989,259.27,95.9093,170.416,138.735,226.136,100.112,177.105,107.35,137.126,192.875,284.73,141.445,131.539,102.525,198.958,293.162,72.442,35.9765,20.15,23.868,62.1388,94.5231,674.771,213.764,134.436,207.487,119.472,61.2522,48.3138,21.3749,62.0923,79.3086,124.36,111.386,142.535,133.641,177.805,115.633,121.51,169.487,77.6873,39.2375,51.7583,184.742,119.848,309.856,341.211,116.996,531.073,214.639,71.2562,46.3723,32.3559,29.3998,20.3676,27.5259,43.315,243.939,183.386,319.9,628.557,188.269,175.647,241.47,114.659,31.6187,23.3721,21.0582,17.7654,93.4215,41.5081,201.145,70.7632,156.132,185.171,78.342,39.5692,40.622,26.8645,44.3806,43.3731,94.4735,99.2681,57.163,361.386,107.147,129.605,235.42,57.3175,22.34,16.9558,13.6011,35.5387,45.2821,49.1834,190.488,416.071,525.197,488.087,132.984,40.1032,27.0246,63.7585,106.261,228.911,410.202,334.679,108.852,114.533,62.0994,118.414,35.9945,26.7271,19.2914,33.6879,44.5424,40.9593,79.841,198.925,120.579,240.349,247.977,85.9948,73.6471,129.344,38.6891,26.5893,59.2277,71.8532,289.172,146.378,232.597,141.712,328.156,169.816,182.056,59.2298,39.2886,29.7062,27.0653,26.565,66.557,114.268,77.4529,238.62,259.707,74.7662,208.557,179.697,61.8012,28.0043,29.8414,45.6583,229.935,165.403,182.993,234.412,145.115,94.3829,51.5236,33.8672,33.6948,36.1218,27.7556,20.4377,74.8889,192.522,100.192,175.599,149.429,269.958,144.085,225.686,41.9288,32.652,44.9688,275.971,59.4854,169.358,329.166,227.436,372.599,83.8918,106.941,48.4671,57.2785,166.555,39.1812,311.902,225.52,276.548,562.866,261.837,283.064,257.374,299.239,77.876,33.7696,22.8643,23.8836,31.097,56.148,207.201,187.304,303.571,143.004,229.792,67.8872,40.0501,38.4158,28.9187,52.9933,76.5231,72.8857,99.7105,105.523,276.951,78.5851,148.862,119.38,114.766,34.683,45.1802,52.552,62.8479,183.525,194.737,352.535,255.248,164.564,204.682,153.112,78.4533,32.5465,51.3622,20.663,23.8104,26.07,95.3332,62.7476,295.127,142.465,132.322,63.1728,49.2597,41.0616,17.6811,18.9607,22.5093,21.0509,286.26,329.459,300.611,302.479,160.214,158.219,159.481,158.311,163.514,163.861,164.939,158.784,167.881,173.153,175.451,181.592,185.317,178.317,183.141,185.35,189.779,183.619,188.424,191.775,187.013,189.36,195.067,197.622,196.694,200.075,200.651,200.056,204.764,196.032,200.211,207.784,271.871,214.455,251.539,268.423,279.45,284.618,280.558,333.716,328.928,214.369,206.27,211.166,216.325,217.604,216.456,221.412,225.207,225.318,222.646,301.498,309.406,251.63,261.116,252.641,251.201,311.835,280.615,269.723,246.939,240.169,266.576,268.045,276.828,261.325,304.154,308.332,250.947,272.939,279.541,279.043,269.197,267.945,276.093,271.86,274.058,288.571,185.107,190.981,203.296
4,108.902,80.0048,220.676,109.835,149.669,149.785,308.585,114.667,205.535,97.7345,152.5,207.777,342.945,158.921,123.485,91.1195,216.5,210.952,55.2847,35.8689,19.9776,24.8005,54.9778,79.9162,665.875,197.287,126.855,179.237,115.777,54.1922,43.6234,20.3316,68.9127,59.0828,102.72,129.166,186.666,171.36,191.158,146.894,119.637,150.529,79.172,44.7651,62.3622,182.748,119.211,229.279,388.211,115.79,445.435,200.564,77.9063,34.1879,34.3459,30.7861,27.6213,24.0091,43.5265,188.061,160.241,282.87,610.531,181.477,193.643,251.19,106.534,32.8435,16.5042,18.1841,18.6538,95.0477,48.2321,175.534,54.9406,156.947,160.46,68.0625,49.43,42.7569,27.0946,64.1303,41.4278,104.499,86.5065,60.0568,298.302,110.935,152.162,216.25,50.7327,23.1343,15.8633,13.6377,27.9117,49.2281,52.116,204.319,474.992,554.687,440.859,113.646,42.6289,31.1331,48.2129,94.4134,197.085,495.252,296.335,109.578,108.441,59.469,131.094,36.2339,24.0718,20.7618,27.4024,48.217,34.2151,89.2172,207.589,104.545,254.896,293.823,93.0465,76.4173,120.876,30.4942,27.2131,61.1443,84.5215,323.441,143.728,203.063,117.778,335.031,171.286,201.528,57.7566,32.5095,31.6291,19.2215,29.4326,59.4599,111.029,76.5884,319.302,264.709,66.6488,281.065,252.144,58.3131,28.7262,38.316,49.5514,203.184,178.829,208.831,270.772,183.135,77.7608,46.7019,33.31,30.6587,34.7049,36.7207,19.9955,66.1433,216.53,92.4024,221.549,139.711,294.691,147.074,211.892,41.4349,32.8285,42.5556,245.104,71.2777,186.031,379.677,224.265,448.572,91.3189,104.785,52.287,53.9541,162.977,39.5983,331.367,212.253,274.242,476.541,228.026,339.588,312.318,315.064,72.6792,36.8807,24.2609,20.0449,29.5191,64.5113,260.473,184.706,328.907,146.345,249.058,65.0356,34.4935,35.4144,32.5643,42.5017,75.6657,80.6709,103.958,126.521,257.949,77.9585,168.92,147.837,112.139,31.3201,55.0605,79.342,64.7924,197.181,181.928,409.162,299.414,141.855,240.664,129.692,93.8784,34.8196,40.7161,21.9869,24.5367,27.3456,80.4778,69.1313,252.02,149.967,109.157,73.0485,53.8119,38.8318,15.7379,20.0593,20.2961,22.925,281.98,329.532,300.93,302.703,154.448,159.844,161.466,161.845,162.11,162.084,166.913,166.369,168.351,172.092,175.573,179.502,185.851,185.936,186.148,185.498,189.284,189.01,189.097,190.05,187.841,191.044,195.83,199.068,197.708,204.48,204.397,205.114,199.973,204.419,203.122,210.038,268.029,211.488,247.132,264.486,276.162,278.454,282.259,327.858,325.875,213.09,206.897,212.367,217.57,216.857,216.3,223.122,222.293,226.532,222.538,298.444,311.96,254.969,260.289,255.409,257.613,312.207,282.464,264.823,248.18,242.333,265.275,268.918,276.038,263.433,305.856,310.562,251.272,276.627,274.571,273.966,269.516,268.973,275.204,267.211,267.061,289.259,185.463,187.15,202.215
5,108.604,87.5325,265.908,89.9837,192.598,169.105,292.284,125.941,212.688,101.241,184.392,188.638,265.546,164.094,115.659,110.217,165.051,191.899,71.0895,35.9034,20.7958,23.664,58.104,83.1397,730.736,205.981,158.931,196.318,102.486,61.5638,64.4585,24.225,65.8575,66.1605,146.749,135.438,160.177,156.079,200.555,128.845,120.914,140.521,82.0534,38.4183,55.0854,172.967,103.887,241.82,292.228,152.552,563.034,183.282,60.9354,41.2618,37.0751,26.0039,22.3816,28.0976,48.3365,200.962,182.43,297.71,638.648,194.207,196.819,286.233,118.515,28.9601,24.6295,16.0425,17.0383,107.701,41.772,196.316,62.0321,163.81,212.154,80.5088,38.3182,37.895,28.5416,40.6814,46.149,113.22,105.52,71.8101,368.659,126.08,140.07,221.73,47.8798,28.0597,15.9297,18.7628,33.493,45.1507,53.2188,206.648,414.299,576.004,366.16,109.386,48.1095,25.8112,63.4099,69.6102,225.798,535.081,280.95,120.361,121.213,47.3467,107.203,34.5218,23.2579,20.7272,28.8244,34.439,37.2855,64.6767,173.863,119.44,256.062,201.041,94.6239,72.9628,110.946,29.2048,26.2394,65.3135,103.201,276.846,181.35,227.045,139.105,318.464,159.528,169.118,49.1908,44.7483,30.2971,26.6542,28.1702,58.5652,121.321,74.8352,270.114,197.852,61.3208,308.04,273.122,55.9996,27.3456,37.0015,52.5336,245.074,153.108,187.939,242.65,149.622,105.778,54.7327,36.9969,45.0781,37.2366,36.401,21.0385,58.8084,203.51,100.976,187.567,151.888,359.144,126.459,226.53,37.173,31.7314,42.1907,244.582,59.0717,144.355,390.862,217.592,391.142,86.7855,104.042,45.4501,44.6483,135.766,44.2248,279.57,220.702,294.112,479.827,236.668,286.893,340.315,301.534,77.9624,43.953,23.5297,23.9509,30.6364,47.8503,179.363,192.179,325.531,146.992,247.626,77.2999,40.3262,43.8282,38.4747,51.4437,75.5773,69.1821,103.165,111.124,259.949,64.1713,177.792,131.102,110.068,34.9613,49.0352,83.3041,80.1885,215.41,161.315,402.691,289.524,169.766,223.597,145.279,69.5229,31.4185,49.5515,23.2796,24.1825,24.1976,98.9935,71.1108,388.016,173.445,106.251,55.7166,55.7682,35.2601,21.6484,20.2111,22.1464,19.7557,289.737,330.019,303.659,304.115,154.268,155.511,159.866,159.247,163.676,161.029,164.263,169.323,170.995,172.989,176.27,182.747,185.46,187.858,187.106,185.936,185.873,191.444,187.493,185.037,187.607,193.908,199.084,195.857,196.054,199.538,206.398,203.519,200.486,201.104,200.861,211.451,268.041,209.106,249.36,267.836,277.347,277.486,286.467,331.38,327.106,213.783,208.297,210.736,218.061,216.353,213.46,220.554,222.974,224.568,223.783,292.388,313.399,256.678,263.198,254.72,254.748,314.424,280.46,264.655,249.191,242.061,269.537,267.924,272.027,263.769,309.129,309.13,252.438,271.341,276.874,277.913,271.532,271.752,277.896,272.118,275.377,292.311,184.443,187.267,200.129
6,100.105,92.5438,254.497,102.245,170.096,135.309,346.219,94.5825,185.443,96.664,179.872,202.857,308.481,148.639,113.954,90.6112,198.999,234.934,67.329,36.2065,21.3378,27.0767,51.4524,72.4281,700.383,186.541,128.186,202.252,105.217,61.8892,51.1989,25.6198,59.9933,65.0804,139.017,163.811,173.34,135.205,207.681,131.692,129.732,147.996,58.7722,38.6765,50.5525,186.883,110.238,214.476,417.691,107.209,474.412,172.083,71.4216,41.3905,32.5174,27.5087,24.4324,24.9154,51.0009,250.404,164.635,292.647,473.683,181.333,182.589,282.556,114.559,29.9828,25.958,16.4807,20.0967,111.501,52.5877,223.195,68.9577,152.171,159.072,69.3814,44.9265,41.4566,27.7793,53.291,44.3706,107.988,112.553,78.0355,350.924,108.157,108.143,188.182,43.7986,25.6011,15.4833,14.1052,32.1112,47.7134,47.8886,184.489,548.112,505.211,421.82,114.127,45.649,25.1579,66.6256,95.3385,250.242,506.106,307.646,129.06,137.357,70.3587,116.071,35.9806,24.6964,15.6251,28.9613,38.5109,38.6642,79.4165,186.566,110.525,215.073,254.756,97.8484,81.246,123.902,29.8102,29.3348,55.3608,68.8894,330.753,169.544,201.256,145.49,320.632,215.881,184.35,53.8159,48.2715,28.2099,22.0214,31.4516,54.4883,125.054,86.661,205.913,244.678,72.1405,279.585,219.59,57.2861,24.7973,34.3659,47.1732,230.984,173.47,225.725,238.337,126.298,86.4663,58.7968,32.008,37.7862,37.0299,38.8451,16.4342,79.8823,189.247,100.249,186.885,156.964,326.904,121.806,208.614,34.8931,35.0025,40.4149,191.257,70.4396,157.204,381.986,274.095,358.842,87.1123,112.303,57.4507,59.4961,192.804,43.0027,317.245,253.042,313.05,517.397,237.361,299.637,281.252,266.904,78.2943,36.9485,25.6478,25.9488,28.4507,49.6276,250.59,172.737,352.804,148.417,230.418,57.8209,41.1083,33.1621,24.7242,37.4683,88.3873,56.0607,123.909,112.71,227.139,69.9525,192.442,118.304,101.265,42.7957,58.1235,65.8204,68.2485,248.557,134.936,393.977,270.718,160.942,213.342,148.662,76.8063,28.5356,50.0487,21.8592,23.0568,24.8768,82.1095,75.1285,351.859,167.707,123.417,70.9595,61.1944,40.1775,18.0741,19.9737,20.4795,23.9432,283.644,324.496,304.934,304.322,162.085,157.722,161.807,159.735,165.828,165.609,166.192,161.678,173.577,170.356,174.803,178.327,183.655,184.193,183.507,182.242,185.147,185.528,189.315,188.57,187.376,189.726,199.393,197.924,200.703,198.912,202.414,198.449,198.941,200.158,204.755,202.851,268.192,215.146,253.715,266.442,278.536,274.835,280.903,329.943,326.565,213.448,207.193,213.479,215.214,215.153,215.135,224.168,224.42,222.394,223.836,293.46,308.683,249.106,263.37,259.442,253.095,316.262,283.848,264.731,245.147,242.294,268.655,268.318,277.51,260.849,305.608,306.78,252.506,276.26,278.06,272.619,269.092,271.915,277.277,268.782,270.285,288.265,185.588,188.857,204.587
7,155.242,74.1762,257.892,99.5827,191.691,103.56,296.725,100.189,213.838,109.513,167.847,247.696,313.642,157.942,113.845,100.332,186.644,229.599,66.7146,44.543,23.9855,22.1285,51.4487,67.7065,544.613,176.235,132.746,163.585,125.029,53.7234,47.0922,23.2915,61.8535,67.7944,137.788,150.515,167.948,164.564,166.571,123.783,117.473,154.536,98.8962,38.8974,46.6317,171.305,121.181,299.347,454.581,117.082,592.536,184.16,73.3934,44.3249,33.3112,30.453,28.1713,24.1498,47.2156,220.224,148.348,327.216,664.116,200.306,214.8,234.411,112.893,24.9186,23.1666,19.9746,21.6987,93.0706,41.8289,214.766,57.7782,178.069,181.135,82.8166,47.9334,32.9172,31.3869,52.1452,40.2395,109.689,105.923,66.082,313.372,125.221,146.362,181.13,64.1118,28.197,16.0775,17.2357,29.0314,55.86,53.0354,230.247,454.059,462.392,432.086,114.661,40.4734,25.9795,61.8972,90.4603,253.538,489.629,328.479,112.589,146.263,69.9295,113.92,41.3154,25.0508,21.821,31.4896,30.4643,35.2323,85.5089,216.186,96.4133,226.998,240.104,99.7508,80.747,95.132,37.5108,25.5215,50.534,76.5273,299.036,176.189,245.811,110.301,301.086,182.049,189.344,64.8034,31.6275,28.6772,20.0682,28.9299,57.2874,107.616,86.7274,271.39,268.704,61.111,286.084,269.735,58.8802,30.1303,36.3394,45.1673,221.331,151.218,191.118,263.285,173.62,77.5666,51.4069,31.6022,39.7776,31.684,31.6118,21.9075,54.6441,176.211,103.083,175.839,151.012,323.276,115.928,216.499,42.7359,29.6194,34.8886,215.673,72.3418,177.921,372.498,231.021,388.999,81.7774,103.048,45.8501,55.8657,155.358,46.4905,263.83,238.79,322.696,488.103,185.48,299.125,288.751,312.631,77.2667,34.2622,23.2587,17.9569,28.9686,53.1524,223.422,192.656,228.282,155.819,217.111,78.5104,35.4054,36.0635,26.2542,50.8048,96.8358,77.9984,128.3,120.74,219.679,67.9837,159.949,121.538,112.828,39.6172,42.9493,83.0995,76.0797,248.892,147.956,373.403,261.535,134.18,253.06,152.383,91.8152,33.6899,46.1868,18.5082,24.5157,23.2888,96.3813,76.0642,348.863,163.042,105.287,68.0174,56.8435,41.0236,21.4082,19.8098,18.8893,24.6161,283.618,331.804,300.012,302.023,153.429,163.469,160.113,158.842,161.428,166.136,164.519,166.529,171.248,171.18,170.052,184.621,188.948,184.869,183.405,186.699,192.287,190.636,191.594,186.634,185.963,190.518,198.256,198.35,193.861,198.292,203.451,203.892,201.036,202.164,201.647,207.606,264.328,209.446,249.216,269.571,279.384,278.233,280.959,327.684,324.641,209.525,205.12,211.673,217.176,215.215,215.554,221.156,223.576,222.35,220.842,292.736,308.968,256.023,263.028,257.38,260.029,310.371,282.978,263.899,247.189,238.046,266.4,266.115,273.585,262.708,308.917,312.58,249.596,274.169,280.037,272.745,273.028,271.923,277.438,271.698,273.871,293.257,186.935,187.028,198.629
8,120.949,87.4293,300.856,120.607,197.047,135.522,271.959,105.582,233.502,102.223,158.592,173.899,339.879,137.315,122,95.4772,203.125,249.762,66.3755,30.9901,18.151,23.2165,58.4402,63.063,763.058,190.838,148.15,175.011,106.149,60.3209,53.5384,23.6937,61.8519,70.3479,119.186,140.878,163.939,147.585,211.341,130.447,120.004,160.421,83.8739,29.5224,42.0538,206.964,99.6853,242.854,458.809,123.78,510.051,183.084,66.9368,37.0694,33.3007,29.2161,24.9577,24.435,50.9044,223.077,212.558,308.4,571.047,203.822,192.197,284.571,119.233,34.107,24.2957,20.4134,19.6018,99.5816,43.9571,198.478,69.0896,169.716,191.472,69.2456,46.2637,41.0987,28.2769,55.3778,47.6599,106.634,99.7562,70.1033,347.562,88.9872,114.172,219.712,45.0935,30.8964,14.7554,14.235,34.1327,52.04,55.1824,219.654,381.687,535.274,352.771,120.153,38.4707,30.3284,70.3396,106.721,197.833,455.943,370.15,119.514,122.924,65.1536,103.964,40.1829,18.7138,23.4073,30.9396,43.4845,26.4333,71.6186,230.196,105.581,242.824,215.237,88.2198,70.9982,128.432,37.5953,26.3105,54.9886,82.6016,324.903,162.138,216.58,142.21,333.73,180.275,166.384,63.5807,35.2144,26.0754,20.3159,27.0657,60.7719,96.8451,84.3244,246.542,319.885,75.3201,305.498,300.446,56.5052,28.7384,33.5993,47.8813,179.996,186.439,179.881,258.801,152.616,89.4663,49.3138,32.7039,45.8538,36.0716,33.5382,21.7903,71.2547,218.063,86.8032,204.246,148.633,284.005,126.317,175.779,38.8949,29.139,38.7089,208.09,61.3598,181.37,389.878,233.35,463.64,77.8554,96.6734,49.7815,48.9667,155.582,45.4155,336.59,242.65,301.463,440.815,229.99,311.248,247.92,341.198,95.4756,40.4513,24.7655,22.1292,27.2509,53.5798,229.796,173.842,328.85,171.125,246.561,73.1079,39.999,32.0226,24.8473,51.9766,95.4074,69.3788,90.1711,119.002,270.597,86.5157,177.786,149.252,124.828,34.5613,41.6682,75.8415,67.2188,190.731,206.734,322.745,283.003,168.682,223.316,138.852,86.736,31.4691,43.4169,17.5916,25.5991,23.1793,90.0071,79.2638,304.569,143.501,88.9781,71.8477,47.6312,36.2516,18.9852,19.7333,18.5196,18.5614,284.321,326.391,300.196,299.034,156.797,156.249,155.873,156.746,163.678,168.238,164.242,164.417,171.767,165.921,174.514,182.041,184.768,181.725,184.941,189.643,188.387,186.586,191.207,184.781,185.416,190.74,197.838,197.564,197.297,199.654,204.264,201.878,200.232,202.13,206.134,208.808,269.913,213.405,250.58,269.645,280.316,282.304,280.491,330.772,329.054,211.499,205.749,210.958,216.417,216.654,212.919,222.958,219.02,226.632,228.095,294.068,309.242,250.138,261.257,255.208,257.395,313.612,280.306,261.11,249.448,238.616,268.715,265.179,276.512,264.218,305.27,308.837,248.829,276.515,276.63,275.566,270.013,268.397,274.089,270.985,272.694,289.569,186.361,189.503,203.311
9,134.521,92.9505,298.808,109.242,195.192,152.643,289.269,124.744,197.938,101.109,168.577,168.858,251.833,140.777,124.02,97.71,180.856,250.284,58.9315,38.0203,20.2518,23.9436,60.0623,83.9276,572.293,178.015,163.39,186.796,113.23,50.0292,51.8724,26.9418,60.6722,70.8904,137.52,151.462,160.97,157.418,200.773,118.816,123.231,162.404,83.7219,37.8042,49.1112,192.913,108.57,307.599,349.183,92.0893,545.4,208.203,79.485,40.509,29.4323,28.3959,30.2582,23.1868,38.7638,198.366,210.728,299.271,609.809,238.394,195.721,233.788,113.415,33.4523,16.6947,18.7234,17.7861,93.9549,50.4246,198.915,70.7584,151.789,204.177,64.2473,37.7782,39.2583,25.7236,50.4406,44.2512,99.813,105.24,72.6862,310.453,127.543,157.311,157.897,59.6842,25.8781,12.5003,12.3652,35.3505,44.772,57.8826,191.501,379.93,465.453,405.352,115.12,50.8879,25.2066,50.4029,99.1119,243.732,484.196,309.171,138.204,147.837,62.0378,128.536,39.6946,17.9854,18.524,28.0123,36.2771,37.2505,79.7321,223.438,126.952,217.693,265.319,81.1819,66.1534,124.637,33.8784,22.5087,49.9666,82.7425,271.232,172.701,220.694,132.925,313.232,187.938,188.509,65.8202,35.4775,27.3189,25.8581,32.0024,52.6023,125.776,61.0296,284.515,233.168,68.6419,283.428,181.764,64.8162,28.34,38.2998,46.1062,196.987,147.476,187.737,271.94,157.191,96.1271,43.9124,26.1184,34.3579,38.4264,33.4877,22.758,56.8863,189.537,103.471,178.716,150.245,286.796,161.363,211.265,49.8593,31.2758,44.7189,260.559,56.9829,188.217,379.906,227.854,360.838,101.399,125.072,49.1381,44.4241,158.563,43.9272,281.158,247.435,303.914,553.443,198.499,323.079,296.273,289.081,83.3404,43.9806,22.9393,23.8305,29.4768,47.6677,208.259,196.691,320.671,140.982,220.394,68.0736,40.8511,40.334,32.7947,51.5897,85.4665,69.0396,109.338,107.315,279.876,63.3376,164.636,154.897,100.231,30.0785,38.7783,74.7661,66.0399,214.721,194.819,385.52,300.893,143.372,271.24,154.95,91.9521,34.0953,46.9498,19.3889,18.026,24.747,81.7412,77.7944,362.218,163.604,123.842,79.6857,67.762,32.2057,19.9117,18.1464,19.9409,23.2876,284.787,331.924,301.978,304.121,157.175,155.077,158.122,161.903,165.595,166.629,163.212,165.569,165.549,169.668,173.107,183.098,184.017,180.683,184.494,189.633,185.559,188.207,189.108,188.62,188.51,195.25,196.502,200.164,199.377,200.935,207.635,200.417,203.166,204.455,202.115,209.21,268.174,214.14,246.504,271.764,279.884,281.365,282.212,329.224,325.576,209.179,207.091,209.725,217.326,217.224,216.332,222.541,222.881,224.326,221.314,293.042,314.227,251.978,261.43,256.794,258.035,315.892,286.41,263.812,250.199,247.766,265.957,265.431,272.55,264.726,308.536,307.478,252.527,276.664,276.071,278.899,269.588,266.849,274.842,269.515,273.371,285.071,184.2,183.88,196.841
10,109.994,78.3879,291.362,112.443,199.366,153.114,272.627,101.666,177.196,113.891,140.386,213.382,277.068,146.484,96.8634,86.8079,175.854,257.087,59.8739,40.366,19.67,22.3723,53.2985,81.7964,743.19,186.194,116.897,183.581,125.537,54.3535,56.5101,22.2539,77.6234,67.0087,127.821,132.973,171.746,149.749,195.013,133.965,121.566,182.534,81.1925,44.0061,36.1336,176.123,99.193,276.439,424.815,106.559,549.403,185.139,71.8492,40.3715,32.662,30.978,23.5853,24.0866,45.6673,204.92,183.885,250.801,602.736,204.223,187.516,293.266,99.8846,33.0344,20.3465,18.7621,22.3463,87.5577,48.0128,220.673,52.5622,162.13,185.574,90.2357,53.1652,36.4304,27.1176,54.2235,41.8744,105.917,106.505,78.5837,311.156,90.8566,135.015,155.119,48.399,27.0172,13.09,16.4911,30.8739,45.2054,46.9785,189.325,476.617,571.634,452.772,115.438,40.3217,28.9842,59.8403,90.8466,244.306,500.148,360.118,122.832,116.192,68.6856,129.161,35.0466,26.2306,19.2555,25.6402,30.5962,44.2244,77.7341,217.089,127.838,232.778,231.096,94.1786,76.6244,102.543,32.775,26.8946,47.8181,93.158,243.131,172.718,207.286,137.267,287.325,205.853,174.836,58.6105,39.6322,29.9395,24.8207,26.426,57.1979,114.004,66.8655,238.091,253.44,65.7581,295.117,255.465,48.1788,29.254,43.6449,43.8849,253.716,181.439,199.509,280.865,110.519,94.362,42.7831,33.857,38.9731,34.3541,43.3867,23.5142,68.7886,229.959,85.798,187.844,120.734,331.614,140.672,214.495,44.2958,33.2103,39.4952,254.685,74.3741,160.15,407.084,266.046,334.012,80.9683,119.935,52.1133,54.1156,177.257,45.7095,277.34,232.982,279.155,512.622,213.391,313.514,269.8,314.549,80.4895,42.2187,22.0055,26.3425,30.7396,57.8194,230.875,194.6,306.562,129.324,198.064,72.1726,29.4707,34.5121,33.5001,54.7636,100.661,77.4133,111.023,123.195,255.17,73.689,146.49,126.862,109.702,31.221,58.3731,85.14,78.3435,170.855,167.674,345.743,262.761,114.052,214.922,132.791,71.8408,31.9793,40.2403,21.7852,22.9017,26.6632,80.0706,76.9315,338.983,154.679,113.947,62.5153,56.0961,46.1224,19.73,16.4331,24.7508,24.7439,281.807,326.849,302.248,301.136,155.509,157.538,160.58,155.646,162.651,163.499,162.844,163.193,172.513,172.734,174.087,182.48,184.886,185.743,180.411,186.985,190.431,186.775,184.705,190.613,189.549,191.966,196.953,200.546,197.618,200.19,202.903,201.844,202.989,201.331,205.362,205.005,270.014,213.033,247.856,267.725,277.309,277.375,282.827,329.241,330.762,217.49,204.229,216.243,217.941,218.494,216.832,219.595,227.203,223.064,226.99,297.441,314.991,252.123,264.124,260.577,253.362,312.916,284.046,264.576,249.681,245.174,266.008,268.289,275.55,263.707,307.112,308.164,254.153,271.744,280.636,276.47,270.562,270.442,280.762,273.67,271.933,290.251,182.032,190.926,199.932
11,103.243,90.5759,325.686,115.994,209.459,144.394,344.202,106.425,194.506,98.9499,138.837,197.799,297.428,194.407,130.796,134.138,218.17,207.431,54.8432,33.2906,18.5598,20.5248,56.3496,73.3385,768.526,196.622,150.961,178.412,112.247,52.8076,53.6992,21.875,75.4328,69.8556,120.536,119.817,167.907,164.265,196.514,145.317,113.2,153.635,80.9531,44.9377,48.3346,176.672,124.408,260.065,382.451,128.032,517.158,192.389,69.2252,44.8267,30.8246,29.7979,28.5978,26.9258,46.9011,226.395,155.963,296.253,669.596,192.504,181.984,260.532,87.5934,33.5897,20.2281,23.9801,19.7546,111.371,49.1432,224.367,75.9274,136.934,150.227,65.271,47.0348,35.4584,25.5095,44.3937,40.1947,115.994,79.7511,69.1822,336.491,84.3695,138.147,214.665,65.0979,27.4786,12.1885,15.1091,30.4232,54.8369,55.3504,207.915,420.497,506.262,537.704,122.897,49.0893,27.0309,67.887,95.1646,213.017,467.719,317.259,104.54,111.577,65.5001,122.176,34.744,19.6027,19.1662,29.6479,36.9756,36.0309,75.3358,181.407,107.19,269.911,283.051,96.3545,63.4351,113.743,37.215,25.9181,58.825,78.6615,283.029,183.289,240.673,128.805,259.117,193.872,177.13,53.2243,35.2199,28.9827,22.3216,26.5858,67.5403,115.959,67.2793,235.92,263.423,75.9564,312.847,252.147,55.7229,21.6993,26.5683,48.0687,209.115,157.827,198.786,229.457,116.039,85.7429,48.503,34.0064,39.8373,31.8764,33.7633,23.3335,59.4987,182.561,99.8946,195.9,118.463,331.007,152.576,205.255,44.7554,34.3065,36.8867,249.207,62.3933,175.065,471.633,218.901,361.98,71.2737,105.526,54.6865,48.0865,134.011,32.7258,280.42,239.77,308.988,446.52,257.134,324.858,311.743,319.981,92.2217,34.828,22.9208,23.545,34.4091,64.7096,218.989,180.915,296.712,174.545,275.93,70.0762,34.6197,35.107,31.9902,51.3466,80.3891,60.1563,107.466,103.593,278.616,66.7411,176.496,150.754,106.412,34.2867,38.3896,89.3895,63.6571,208.772,171.231,367.013,252.82,157.483,239.218,117.171,82.4883,37.4312,48.1078,19.6014,23.3042,24.6234,93.6813,69.5722,348.418,150.123,104.635,68.5887,55.5311,39.9616,19.594,19.0102,18.5316,26.3722,280.715,332.185,302.703,300.21,161.255,157.864,161.942,160.081,164.618,161.634,163.302,164.806,166.266,174.586,170.845,179.313,189.13,182.856,184.103,192.503,187.104,190.191,186.14,187.047,191.131,190.565,197.92,194.706,201.512,199.281,203.735,202.252,200.501,200.57,202.192,209.549,265.223,213.352,252.19,267.706,279.145,276.352,282.429,331.578,329.269,214.185,208.402,213.733,218.968,217.564,213.337,222.667,222.307,225.849,227.865,298.728,312.705,252.927,263.599,258.438,253.24,313.245,280.266,265.556,247.925,241.596,267.963,267.95,273.361,262.803,303.405,308.407,250.639,275.557,275.573,278.212,269.724,267.513,280.205,275.296,269.22,288.239,185.789,183.762,203.14
12,112.444,93.7872,236.76,89.7694,180.619,148.635,275.754,104.062,196.536,80.9725,167.671,176.276,287.629,144.791,157.282,108.769,174.062,253.822,58.2102,35.7288,25.6345,22.3836,58.1471,72.8395,581.321,208.35,161.15,168.217,133.356,62.5871,53.7928,25.364,63.5782,60.1706,103.989,139.241,163.974,157.32,171.844,121.486,111.344,162.045,71.6296,47.1482,51.1673,162.211,109.299,274.469,311.122,116.61,548.082,221.064,81.6946,46.3223,32.5499,26.7045,24.4116,25.4868,42.9919,212.601,166.393,290.632,631.657,177.094,199.133,271.485,99.4704,32.3136,21.5526,19.3794,18.4101,104.811,41.2064,194.447,56.0821,141.49,194.394,72.1085,48.6793,40.3721,24.6086,57.2367,46.8122,105.344,120.548,72.6041,353.394,109.708,161.856,195.252,40.8908,26.8844,14.2095,14.936,33.3502,50.4723,48.3352,213.3,443.596,508.937,409.236,130.254,42.4387,32.7006,61.5585,93.7045,209.504,399.465,319.094,115.161,138.645,66.0799,130.57,35.626,22.4393,23.5205,27.9337,35.5784,34.6336,75.0193,203.601,90.6484,218.549,196.485,88.6419,83.7341,109.273,38.5331,28.0731,44.3084,98.9875,360.452,158.346,223.925,114.808,339.255,190.887,180.856,68.4885,43.2621,25.3535,19.7529,27.712,73.7715,111.984,61.2142,257.361,288.704,75.0348,263.043,260.476,56.8148,30.2782,39.066,43.8803,171.875,197.543,206.676,291.368,160.473,86.9414,52.0133,31.5163,39.0687,35.5346,31.4209,22.1578,81.5636,187.702,96.4024,224.198,127.236,289.133,153.44,194.961,50.8027,31.3187,42.2657,253.685,58.5732,197.612,316.7,254.623,374.188,83.8087,119.016,49.5697,54.7639,188.115,46.7267,246.346,258.605,313.021,582.608,205.296,307.278,266.064,328.12,95.9651,40.1882,25.8711,22.1376,26.6221,54.27,242.674,201.116,361.384,129.486,234.032,66.6383,35.0257,39.3348,33.4956,52.7139,96.4117,78.475,92.6391,97.4056,191.984,78.3651,141.442,136.028,106.215,33.3379,42.3101,80.3467,68.7684,233.837,175.846,357.141,329.8,154.429,248.527,148.775,85.8904,30.6819,44.8996,22.47,28.2106,19.31,87.7092,66.3483,354.753,113.075,118.736,63.1659,61.4567,35.1517,19.4587,19.05,20.4598,21.4312,289.874,330.15,299.503,304.972,155.104,162.285,160.461,159.365,163.269,164.538,166.25,170.469,172.07,166.635,173.066,180.384,184.505,182.555,183.55,185.6,191.658,191.208,186.508,185.76,187.127,191.115,199.486,199.232,196.414,199.728,200.316,200.306,199.222,204.024,206.534,204.894,264.308,209.174,249.715,271.327,278.595,284.294,280.922,328.786,332.076,215.001,208.491,210.997,215.115,217.204,219.235,221.843,224.385,224.499,222.68,299.797,308.231,259.387,264.383,251.907,256.824,313.79,280.505,263.994,251.625,243.591,268.664,267.41,278.052,264.378,309.424,312.451,254.409,273.493,277.229,275.799,270.297,271.93,276.121,271.48,271.038,292.123,188.923,189.232,204.418
13,118.58,90.4339,240.593,93.1586,156.507,176.533,315.725,93.4174,208.521,88.1343,164.825,152.687,310.728,144.467,116.829,109.674,188.071,266.002,63.8701,38.3,19.6496,24.2648,54.1042,72.2906,665.334,186.531,115.005,205.75,131.565,54.8908,50.8928,26.2688,64.0192,63.2652,131.66,140.025,166.585,156.953,184.39,140.259,150.246,133.995,89.2345,43.7758,46.6551,171.004,100.255,251.492,370.773,125.183,519.851,233.72,73.8032,41.0806,30.3394,25.6482,22.3231,25.1547,48.4131,235.486,180.317,294.921,706.591,190.054,169.554,264.14,100.899,29.5515,24.4576,20.9415,22.0958,82.024,32.9427,213.086,77.8803,147.733,165.891,84.8443,50.0492,41.2155,22.6783,49.8051,42.5625,95.0416,115.276,82.1376,387.575,111.671,136.643,183.109,63.5382,27.1012,14.6714,15.197,36.0825,48.9269,47.9498,241.308,461.958,562.247,458.211,125.435,44.6295,26.8474,59.5977,93.6395,243.203,528.327,306.226,114.854,112.527,62.0458,98.0583,38.9426,25.7128,19.7824,25.966,32.0924,33.2267,74.6788,200.202,137.323,191.21,249.95,90.7434,80.6292,117.918,36.2474,29.2757,56.3469,77.6478,253.782,160.686,190.808,129.508,336.745,189.303,155.409,58.8723,41.4479,23.8887,25.7328,29.5766,52.4302,120.487,74.3717,213.158,278.54,70.2858,309.677,263.899,64.7227,31.0775,38.5098,54.6922,211.391,162.307,159.168,204.324,149.24,95.9016,57.4406,28.0229,38.3514,37.6454,35.0269,22.6079,69.0002,180.019,92.1992,202.804,131.898,325.163,141.33,232.231,39.525,29.2855,37.0647,241.638,54.059,155.245,373.907,227.56,305.111,77.6874,94.9621,42.8608,56.0834,173.901,32.1869,308.384,199.46,319.316,462.918,243.124,330.672,303.14,273.478,86.6671,32.9296,21.4091,23.555,27.043,61.2313,248.797,193.275,370.611,146.392,239.497,67.9346,35.0118,35.4214,34.9803,54.1796,94.1738,61.3367,132.491,110.774,239.785,78.9633,150.342,150.017,98.1058,35.8822,50.2066,66.8997,74.2462,239.673,179.154,420.448,259.667,135.299,228.008,142.814,83.2687,43.1176,38.9709,22.9884,23.4332,22.3661,82.3871,79.3379,294.654,128.214,101.786,66.9059,55.7841,39.0535,17.151,22.8015,20.9622,16.3175,287.572,328.067,299.625,301.97,158.283,158.111,164.33,158.508,162.713,165.148,164.641,165.94,168.952,172.072,174.501,180.547,184.273,183.441,182.171,184.061,188.908,186.941,188.203,187.708,188.475,191.41,195.518,197.898,198.093,198.703,200.346,202.084,202.135,203.887,206.562,208.11,270.278,210.645,247.311,265.019,275.419,280.691,279.21,330.561,326.243,211.259,210.079,215.365,218.1,217.407,215.635,221.753,226.375,228.011,225.697,298.647,307.495,254.12,261.29,253.235,253.663,311.37,282.729,263.769,250.369,243.697,267.672,266.592,275.724,267.092,304.642,306.302,251.607,274.492,277.77,276.593,270.541,269.965,277.652,270.85,270.972,289.826,185.186,183.433,201.778
14,128.536,85.698,257.125,88.3984,201.342,127.492,299.209,103.865,191.055,103.193,137.882,221.178,323.613,161.134,140.357,107.581,211.218,271.273,52.5003,36.5837,18.4786,24.6371,53.4169,82.7155,644.567,189.694,137.918,198.392,121.365,59.8718,57.2708,20.9237,67.0161,62.9178,132.425,154.255,159.95,130.82,204.041,134.745,117.811,156.412,74.8362,40.5795,49.1027,135.076,122.277,214.517,348.725,125.032,543.693,199.246,73.9052,34.1089,33.4347,26.1391,26.7225,24.8976,43.8792,208.687,192.389,290.407,623.47,208.954,185.093,259.714,98.7881,34.9724,21.6285,22.3594,16.9934,90.7007,43.5964,180.222,68.6076,142.31,184.276,75.6236,37.8294,34.548,28.7206,39.092,45.2287,115.595,100.263,54.0435,369.007,106.779,141.447,188.49,51.5378,28.6036,13.8693,15.1237,27.2673,40.249,44.8132,222.621,444.744,589.913,459.866,110.2,44.9428,25.7613,56.3247,101.989,220.657,463.155,364.977,123.31,133.789,64.7584,98.4013,39.0792,20.9494,20.9477,34.6184,36.7484,35.4012,84.8725,227.131,103.932,227.049,240.206,88.7258,67.9563,111.622,30.7747,23.9053,53.8834,92.8691,259,158.507,187.544,133.205,288.915,140.087,169.35,56.1581,42.4242,29.7264,20.9578,27.1899,72.7678,124.239,69.8177,242.161,262.028,79.925,232.974,259.922,57.2003,26.8212,37.1493,39.943,240.789,179.687,156.116,244.211,171.719,87.7234,59.3454,30.6072,34.0318,30.1663,37.8057,20.0461,55.7663,205.794,91.7057,199.002,143.224,290.256,144.163,199.497,43.4777,27.3577,38.5832,245.92,50.6815,160.429,338.684,208.987,388.25,92.9654,125.452,47.6915,42.1433,146.774,47.1146,288.294,199.736,291.781,449.465,198.666,269.104,312.088,281.166,77.2947,39.0032,21.1567,21.9917,39.8971,51.826,222.009,176.293,338.66,134.838,220.048,71.3383,36.1455,35.1949,32.0424,45.1818,80.9741,58.8709,106.345,108.327,232.324,81.8942,147.627,138.728,103.609,29.1283,48.8826,93.1977,62.5773,178.163,155.426,415.303,296.714,160.99,204.509,134.537,90.2211,31.8603,40.7637,18.8723,22.1539,25.8023,97.0755,69.3948,343.504,139.457,111.859,70.1283,49.2736,33.9484,22.4635,20.5597,19.8276,24.7716,287.093,330.269,299.529,300.516,159.681,157.667,157.235,160.917,165.465,166.415,164.488,162.723,174.848,172.466,174.076,180.272,188.248,185.375,185.95,188.455,187.7,188.8,188.486,187.978,188.165,191.064,192.599,201.225,194.216,199.126,199.094,204.32,201.847,203.885,202.959,209.948,267.81,217.074,247.894,267.673,280.327,279.127,277.415,326.479,325.709,213.476,209.305,211.436,219.952,221.953,215.566,218.775,223.781,223.558,221.74,297.168,313.109,254.508,261.412,252.244,258.251,315.025,285.721,268.056,249.833,238.638,268.18,265.191,278.177,262.839,304.627,311.296,251.413,274.484,274.927,271.886,269.242,271.637,274.635,270.654,273.973,288.745,187.148,191.187,204.755
15,112.005,94.3786,275.349,89.9658,194.743,134.862,303.081,119.773,197.407,95.479,147.854,215.071,323.193,175.062,126.006,111.849,209.97,178.97,54.611,33.2929,19.9046,19.7984,54.1385,82.8523,624.607,186.078,137.272,178.874,140.507,58.5148,45.4015,23.8781,70.6305,71.9147,133.79,135.942,178.921,147.094,197.477,167.374,135.429,161.147,68.6182,43.7147,46.198,152.712,125.236,219.761,359.553,113.054,451.907,243.008,70.261,38.4895,34.2722,30.5386,23.2889,25.6925,50.5248,232.766,184.251,298.914,631.54,190.829,183.918,243.536,83.7854,33.5732,23.0509,20.4305,20.7637,113.073,43.3939,190.289,59.9076,126.711,174.569,76.9515,50.4138,43.0991,23.6705,50.6696,42.6548,97.2294,106.157,81.0072,385.715,128.326,112.916,191.191,61.5896,25.4733,15.9279,14.1605,27.1235,56.3894,51.1065,204.766,527.655,552.486,445.166,103.741,48.9773,26.8664,59.811,120.051,199.349,481.328,296.345,124.254,108.504,68.5287,137.005,38.7896,20.5143,20.9384,28.5133,38.8702,46.5057,68.4171,228.549,115.913,198.3,195.045,108.917,79.0653,118.289,30.0702,21.6231,58.4398,97.3201,234.1,153.309,251.505,134.303,276.105,194.888,179.579,59.0391,48.8224,25.0097,21.2757,31.6698,82.5786,120.414,68.6393,265.025,257.688,64.0006,304.519,225.303,50.9462,26.8987,39.0316,51.5086,209.338,162.683,180.46,276.687,121.257,98.758,46.8088,35.7576,42.9759,33.3212,42.2216,22.7791,69.0568,190.206,92.9702,210.873,130.558,361.343,128.947,211.26,40.8673,32.8076,39.4797,231.027,63.3511,144.738,323.569,257.449,355.268,81.0511,99.9801,43.2348,51.5128,179.174,36.8346,281.803,250.809,290.427,443.786,245.664,329.504,286.711,312.878,84.3002,43.0223,22.1791,20.2345,29.305,54.4299,238.334,204.526,301.816,159.667,206.609,62.8074,39.0171,34.2163,33.4241,51.054,68.6341,67.1063,128.247,116.369,231.673,75.9092,156.466,171.103,111.337,37.5527,42.86,78.4946,63.4041,232.549,152.557,382.814,214.503,135.593,237.194,143.826,108.009,39.8244,42.5475,25.5299,23.7071,24.709,99.6048,76.7078,342.345,138.068,117.017,61.5691,51.1027,41.3776,22.1331,20.3328,22.0764,22.0032,284.115,329.101,299.703,302.14,152.864,153.874,161.468,156.568,163.324,167.898,163.797,167.456,172.823,172.87,173.895,179.18,187.364,182.206,183.028,184.883,186.339,187.789,189.844,189.477,187.802,190.122,191.259,199.849,198.024,199.436,200.022,202.612,200.483,203.562,204.894,210.013,264.813,212.655,249.428,270.637,280.575,279.903,280.493,324.314,325.697,217.277,206.082,209.635,212.692,213.418,216.824,217.794,223.969,223.755,223.351,298.332,310.331,253.048,263.376,256.395,256.56,313.401,283.74,263.144,248.118,237.541,268.62,268.095,275.831,263.898,307.968,307.317,254.154,273.951,278.114,272.469,267.369,270.456,275.473,269.287,275.081,293.439,186.399,187.481,201.659
16,119.773,94.8763,309.731,94.0782,197.454,174.233,252.773,101.398,198.924,98.8563,149.939,233.258,314.781,165.255,120.561,117.129,187.19,227.767,66.4564,38.9505,19.6401,20.2379,57.9489,77.5316,643.641,203.435,113.706,195.432,111.183,67.3525,41.5022,27.3156,71.0223,64.7967,105.411,144.243,145.749,94.1003,195.877,131.371,116.541,182.067,91.5094,43.9684,51.2832,154.928,128.656,293.599,430.443,125.794,428.686,201.15,72.3701,42.7532,24.0193,28.7586,23.1988,27.7142,53.2264,230.858,202.178,251.875,641.523,189.635,169.957,243.434,107.725,30.9308,20.4792,22.5333,18.5082,87.4425,41.7946,208.979,75.9873,162.904,189.639,76.6504,42.0988,43.1002,27.9871,50.4629,40.3488,106.184,114.019,73.5889,371.186,111.085,128.203,185.979,49.3931,27.6897,13.8955,13.3473,33.1941,58.7541,51.5177,214.651,457.931,474.075,425.606,112.51,52.7935,29.9632,79.7418,98.2004,211.597,473.463,266.452,132.736,129.337,66.9339,118.8,37.6952,25.3335,21.755,25.3234,40.2473,37.1206,72.3508,195.234,84.3292,253.233,244.776,96.7207,67.1683,119.866,33.1266,30.18,55.9606,83.6512,257.959,164.884,194.008,129.565,288.116,180.749,168.151,54.4102,36.9783,29.3322,21.1604,26.2352,69.3599,119.402,59.6739,278.948,243.854,76.9347,284.882,254.383,47.096,30.6482,37.017,54.0759,273.263,151.539,177.475,225.613,164.448,95.2682,46.0159,31.168,37.4093,32.3898,36.35,25.5982,73.9411,235.682,91.9649,187.82,147.692,256.712,135.474,203.745,39.8272,33.3209,37.1366,245.286,61.0313,180.057,357.084,234.387,364.216,79.1648,114.129,44.1035,52.9585,157.189,37.7506,276.695,238.105,315.583,525.05,190.754,304.702,277.05,267.433,87.9241,36.6687,26.2077,26.1212,34.471,54.0962,254.543,157.531,300.731,137.667,197.48,69.4838,35.3146,33.5797,32.7735,49.3283,79.372,67.1906,109.954,141.349,219.462,67.368,143.739,137.008,109.25,33.4982,51.54,70.6024,64.0527,201.744,166.613,312.433,295.811,161.888,237.859,154.968,83.9155,33.2062,45.5255,21.65,21.1629,25.5121,86.1411,73.2984,313.956,144.22,136.577,74.5829,61.6302,38.7325,15.3953,19.5381,21.9588,20.3223,284.49,328.774,305.702,300.997,158.685,158.466,161.87,159.663,163.919,166.433,165.378,167.143,168.874,175.071,173.888,179.768,185.577,184.873,183.349,190.755,188.07,190.73,189.573,186.103,187.107,189.51,198.568,202.794,196.785,196.849,201.26,201.036,200.166,198.143,205.184,208.755,270.666,210.157,248.959,266.115,281.117,280.552,279.024,324.631,333.966,212.829,207.458,208.702,214.652,218.456,218.013,223.274,221.488,226.741,224.233,293.804,310.944,251.558,267.475,259.292,257.159,310.672,282.308,267.548,246.403,245.185,266.119,266.726,274.679,260.902,312.484,308.964,253.48,274.116,280.407,273.6,269.894,265.714,274.98,274.121,266.403,290.593,185.163,189.272,200.843
17,144.914,82.1443,300.219,89.9958,193,130.32,339.554,105.088,175.21,94.5159,183.53,205.365,310.516,160.551,123.992,106.645,201.037,207.988,64.6012,40.1687,18.3909,22.8248,61.2446,78.7639,779.903,249.507,127.743,189.903,97.849,60.4012,51.9906,24.041,68.8772,61.9638,125.781,146.493,130.032,144.851,192.939,135.537,146.282,182.678,73.553,46.8634,49.6735,165.72,112.141,238.182,353.057,121.769,584.601,184.551,57.4131,41.229,31.2682,24.0851,22.4398,25.7893,43.3892,206,177.969,290.628,562.788,193.41,151.839,295.763,120.585,31.9255,23.1714,19.6637,15.5735,94.9185,45.3611,169.615,67.9047,131.978,152.05,76.5243,48.4311,39.1724,22.901,56.842,36.6105,119.39,86.6878,78.4324,297.736,105.852,120.7,169.35,47.9426,25.6105,11.6871,13.0957,31.2494,49.0436,53.9147,202.703,441.411,522.828,500.951,113.032,41.2054,29.8446,63.7362,106.32,222.508,457.833,312.998,96.2705,117.173,55.4721,127.178,40.1077,29.1185,20.1163,28.9926,37.9284,38.7061,70.4897,213.676,91.2667,243.371,210.734,93.4834,80.6078,124.777,33.683,24.6698,55.3027,73.6458,307.516,139.196,208.156,133.643,311.713,177.086,204.039,68.6347,38.0684,32.864,24.6089,29.0885,67.1975,119.131,57.7984,241.221,296.378,70.9857,239.863,265.235,56.8161,32.7454,32.5605,47.6871,239.073,156.71,182.616,242.419,162.153,84.1747,52.714,30.5884,38.7929,36.4012,35.1539,21.743,73.9757,205.452,95.7069,155.34,132.32,201.012,140.573,190.612,37.9755,30.4556,49.1508,223.139,55.0093,154.649,320.402,196.755,435.47,83.6813,108.577,53.7827,46.1842,179.455,38.7687,321.34,241.556,312.58,444.834,195.808,303.198,207.294,299.456,74.1483,37.7956,24.7319,23.6206,26.9428,45.446,230.63,190.665,372.748,143.297,176.405,82.308,39.1674,39.6183,31.6197,42.1991,96.6427,57.7224,95.5052,116.37,238.295,76.1285,168.605,124.032,105.235,35.4946,47.2723,66.1672,67.8491,221.321,199.353,353.381,331.306,159.974,224.758,156.543,94.7956,29.081,44.2824,22.5768,22.695,20.854,83.058,62.185,362.388,138.171,138.252,65.6594,55.5418,41.2335,20.5849,21.7459,23.8045,24.3804,286.146,331.556,302.391,303.85,154.708,154.276,159.481,158.721,161.559,168.086,166.945,165.303,166.498,171.261,173.805,182.67,184.617,185.343,185.243,185.326,188.666,188.299,187.752,187.315,190.943,192.967,198.706,198.489,202.724,201.015,200.701,202.264,202.622,199.336,208.466,209.237,270.489,207.27,251.01,266.025,282.45,279.678,278.647,325.293,327.422,212.553,204.418,208.793,212.717,213.528,215.721,223.896,225.515,229.251,222.973,296.705,307.884,250.986,266.242,258.153,252.592,313.702,278.114,268.072,249.397,244.564,268.067,268.56,277.538,259.881,306.171,307.36,255.97,275.765,279.766,280.473,268.127,271.903,279.189,271.67,271.148,290.56,189.419,190.383,201.445
18,145.745,77.165,245.596,110.741,155.238,172.551,269.361,111.147,201.687,86.1193,141.799,196.682,301.692,145.879,135.809,97.4178,196.91,247.975,53.4716,32.7307,20.4236,28.0095,60.6628,68.2631,709.935,164.401,135.962,184.36,123.377,55.5313,54.8674,20.2219,63.8856,47.7887,122.735,144.049,171.917,114.945,226.577,139.497,128.615,144.463,70.3303,43.1936,54.3567,185.106,121.698,276.992,364.398,133.826,556.74,197.392,73.3435,47.7273,36.0024,26.9441,18.392,25.5881,51.3139,198.958,194.698,275.204,577.073,164.057,174.805,260.429,112.152,27.8474,25.4554,20.5051,20.7855,95.6772,43.6596,193.175,57.7262,177.183,166.877,62.1366,42.4456,40.0905,28.4639,43.5523,40.5052,102.464,102.034,67.3732,386.31,111.258,130.957,232.237,51.0712,24.7493,15.3503,17.9908,30.8942,50.0793,54.705,241.042,490.062,521.971,483.101,118.129,47.2291,22.2018,66.9543,100.313,206.838,422.241,305.955,115.948,134.888,64.2974,111.621,40.0256,21.9722,21.982,30.975,38.7206,37.6989,72.8428,206.012,113.161,187.545,254.456,110.365,74.93,120.906,31.3609,29.1854,47.4165,74.1108,295.054,160.996,249.064,137.203,339.678,183.635,156.097,56.2309,31.1987,32.8348,22.2301,30.9581,68.4599,126.398,59.3131,237.278,258.292,66.6276,330.731,260.407,54.3514,26.5127,33.0713,39.0247,209.233,160.279,184.547,247.762,141.306,103.956,47.8049,30.9672,29.4776,37.063,41.6996,20.1075,66.0276,201.84,99.5618,204.026,132.441,279.799,132.145,178.106,36.1504,36.6995,38.0812,210.447,55.8445,178.118,330.394,215.882,411.148,93.1209,100.261,53.6144,47.8869,180.167,45.0415,288.127,242.65,284.775,470.026,193.336,310.088,273.866,297.317,78.7459,42.9664,24.8711,22.6708,31.7097,60.2864,212.474,202.534,314.413,128.155,261.548,65.9826,32.1974,34.3316,30.0038,52.2688,67.8867,67.7726,109.543,121.591,289.302,89.4485,171.185,142.103,113.728,33.758,46.5604,69.331,71.5515,213.064,151.285,321.336,280.127,155.124,236.493,136.021,86.6082,36.9363,48.9238,24.5544,22.5141,20.2646,72.5275,76.632,361.176,145.7,114.045,64.0664,57.8973,32.5368,16.4272,21.826,21.0301,20.8992,285.764,329.515,300.51,305.288,161.336,158.307,158.423,160.137,161.081,164.28,168.124,167.721,173.339,169.908,173.028,183.2,189.088,184.117,185.571,187.666,187.914,186.826,185.572,190.626,188.098,191.474,197.47,196.342,196.019,200.546,201.505,201.04,202.303,202.183,203.168,207.508,267.197,210.636,247.978,264.71,274.496,281.051,279.068,325.959,330.408,212.094,206.281,209.818,214.673,216.054,219.972,223.126,222.985,227.145,220.759,299.721,309.981,254.317,267.887,257.976,251.939,314.357,286.407,265.707,245.298,243.771,267.234,264.231,272.81,260.238,305.027,306.236,251.523,273.31,279.952,276.275,269.74,268.233,277.882,271.015,271.804,288.071,186.511,187.419,195.904
19,118.622,87.7376,309.477,107.228,211.642,137.095,316.381,90.0437,193.867,88.4646,175.818,187.016,323.979,157.376,108.527,94.3306,190.143,190.693,72.895,38.8837,21.8532,25.3927,48.1512,72.7438,636.134,188.974,140.251,182.619,126.232,53.6444,54.4482,19.6072,64.4615,64.6979,117.707,147.495,156.233,165.99,180.597,145.282,131.127,153.138,78.7455,41.7562,46.2329,185.361,108.527,207.334,359.806,117.169,472.129,194.288,77.4596,44.4901,33.3954,25.3757,23.6775,22.6696,37.6948,262.729,178.782,279.655,572.047,160.336,189.731,270.393,110.275,33.4649,22.0217,19.5798,17.4404,102.16,43.7569,204.249,68.1231,156.121,161.172,64.5253,47.5183,39.9476,27.9127,49.9619,36.6305,88.2074,111.604,78.5982,335.743,118.904,145.784,198.374,50.3382,25.5972,16.7691,15.1564,29.211,49.5617,60.477,228.589,427.292,554.094,463.023,133.541,44.0517,29.773,58.2391,100.733,171.968,476.043,311.5,139.399,130.841,66.4866,120.105,37.4729,25.0497,20.621,30.6078,40.7212,34.9656,80.9453,206.746,83.3867,197.315,237.837,92.3197,65.9432,110.507,28.7563,25.1163,56.4139,79.3113,278.898,155.503,218.409,136.813,304.67,155.561,188.239,58.4713,36.039,30.9663,19.75,32.7035,58.2314,98.0166,67.8036,214.481,229.921,76.6286,282.698,275.203,59.4805,27.3428,31.0907,45.705,193.758,180.593,211.562,224.017,146.729,89.3086,50.7217,31.8831,42.0624,35.1543,40.6054,20.9077,82.5065,141.164,95.6583,251.946,131.587,292.617,144.839,213.865,41.7447,37.6506,42.6817,214.625,70.2846,179.578,340.51,229.275,379.292,78.0195,100.721,46.1559,54.4629,139.923,47.5399,327.074,264.781,285.934,403.677,210.779,248.44,296.591,307.55,71.8263,44.5462,23.769,22.0558,31.5326,59.7305,249.233,214.102,329.241,160.101,265.391,66.4403,38.9491,30.9656,34.9121,57.1287,89.416,64.6277,97.4934,109.931,265.916,70.8302,151.374,146.274,129.244,35.8863,50.3585,92.1528,87.1553,193.189,152.981,358.31,309.835,119.541,259.116,142.418,85.1289,33.9944,49.4602,19.8369,19.5239,21.3844,86.3776,74.9138,320.837,161.662,127.569,63.6496,59.129,34.8096,19.3376,19.8781,17.4659,21.1161,281.786,326.439,300.4,303.075,155.821,158.213,157.11,159.044,163.692,162.895,167.074,166.195,169.938,169.286,173.461,181.52,187.221,185.325,181.087,187.409,183.961,191.009,188.623,185.82,188.188,190.006,196.177,197.477,193.374,198.434,199.497,202.98,205.018,204.608,203.293,208.024,264.306,211.996,249.58,268.194,278.543,278.582,280.45,328.844,328.862,207.707,206.174,209.117,214.407,217.342,216.784,219.815,221.287,225.009,224.62,291.025,309.259,257.833,263.451,260.121,254.444,310.933,282.719,266.916,248.733,239.093,267.765,268.688,273.518,262.647,308.349,312.975,254.206,278.678,277.157,273.526,271.772,268.898,273.209,271.258,275.76,288.443,189.58,190.077,200.679
20,108.474,93.3873,268.289,90.5966,141.373,148.664,307.355,113.805,189.984,100.551,190.345,210.361,345.67,159.509,109.89,99.8216,193.321,210.048,55.8375,32.7234,23.0865,21.9529,54.3931,64.2886,698.17,180.29,139.154,226.107,120.524,53.3131,48.1527,24.2586,64.5448,57.8662,151.472,152.371,122.474,140.395,214.686,128.562,107.62,143.345,97.4467,46.4953,53.5195,158.4,103.082,231.986,348.449,107.863,496.89,168.719,67.7265,44.5716,39.3911,26.3911,21.388,28.6828,48.1617,192.024,209.753,279.567,616.744,219.236,171.227,248.374,113.747,28.5868,21.8354,20.0009,21.1217,119.286,45.6725,216.079,64.8032,173.486,169.265,70.567,44.3195,34.4655,30.4871,49.7662,42.7171,104.143,111.048,70.9591,348.697,119.598,125.681,208.868,60.6529,29.9065,16.8344,15.5944,35.2345,48.1414,51.5643,224.715,481.535,529.464,468.278,106.529,48.2286,29.536,60.9229,111.843,199.659,495.561,308.366,133.708,112.86,53.0469,128.728,44.3849,23.5605,19.1196,27.668,39.9908,36.7457,68.5584,190.286,96.1191,212.143,223.379,78.9099,80.405,116.524,33.4272,23.6477,60.2169,91.2508,304.817,154.186,254.806,158.098,357.913,215.215,168.957,68.1862,38.9734,30.1679,22.7626,24.3076,68.7326,98.1794,71.2412,223.531,249.449,52.9302,279.076,244.214,62.9828,25.9373,38.9026,50.0378,205.69,145.435,195.945,240.244,141.133,74.2713,48.9922,33.1833,43.9465,33.1986,41.1235,18.4711,73.8792,209.977,107.529,184.751,126.047,280.423,141.343,202.249,40.3373,36.0219,39.9677,262.081,64.9484,157.783,422.384,227.037,362.481,95.0529,115.395,40.8016,44.555,150.114,44.1256,244.088,226.779,365.949,588.644,172.415,356.549,290.057,338.383,82.6877,44.5565,19.6954,24.6154,28.72,55.0597,269.919,165.47,310.925,157.857,269.18,72.4688,31.3113,38.7184,27.3864,40.0238,97.957,64.9696,118.263,116.138,237.063,71.4285,151.239,140.804,118.201,32.8053,54.8087,81.8914,76.5662,192.767,170.556,395.775,294.83,150.108,246.878,167.581,81.5312,36.5808,49.7418,16.2588,22.2223,22.4239,95.3061,75.3798,317.78,148.34,120.711,55.6625,46.8181,34.2539,18.1863,18.8232,19.8965,20.5812,280.117,328.596,303.931,300.224,158.522,157.177,159.867,156.596,162.964,169.345,164.996,168.838,167.401,173.072,175.631,181.764,187.039,184.022,183.062,187.29,186.562,185.78,184.583,188.822,190.558,193.244,197.049,197.348,200.117,198.024,200.374,199.936,202.19,198.603,206.412,204.809,266.571,211.7,250.632,266.892,281.075,278.378,282.027,329.577,325.551,217.29,208.415,210.747,217.434,219.522,219.35,222.712,222.34,221.619,226.381,299.075,310.401,250.638,264.547,254.163,257.206,303.601,281.149,262.41,249.191,237.945,270.617,266.401,274.552,260.18,309.62,307.724,248.06,277.032,276.713,272.941,272.009,267.34,277.63,270.28,273.323,292.221,186.303,184.034,198.655
21,111.036,90.8649,264.151,108.979,219.907,148.773,300.904,86.7829,209.735,93.2859,187.486,156.837,307.04,152.991,95.7127,105.249,175.891,238.226,55.1258,38.6171,17.6848,22.9035,44.0823,65.6055,649.986,212.221,140.209,166.514,119.483,54.3875,51.7137,24.5443,65.9061,68.3856,104.742,130.244,137.452,123.491,194.22,125.379,139.159,130.554,64.1294,40.6671,56.5532,166.379,106.561,242.019,327.008,136.566,586.719,178.623,62.4416,42.6011,29.2843,32.1637,28.4727,28.9018,45.9327,245.789,170.54,285.899,623.975,210.585,208.923,195.155,104.828,33.3739,21.5584,19.0789,21.7263,116.606,41.5914,204.601,65.8141,132.567,187.524,49.6781,39.2563,43.1877,25.8366,47.158,41.4998,82.1163,114.577,61.0236,270.969,109.392,128.263,200.741,55.9366,23.3132,15.4114,13.6677,30.7712,48.7769,53.178,214.72,515.612,528.75,450.147,113.962,43.3152,27.7143,67.3981,99.9702,219.021,454.726,296.803,125.707,121.504,56.3133,110.941,39.1337,22.4838,22.0084,30.8457,38.4283,41.7045,84.7646,249.534,111.308,239.717,224.214,88.1677,83.0006,96.1771,36.3788,23.9485,57.1869,87.1429,295.887,161.878,244.335,141.836,320.035,178.202,160.187,51.0464,41.9496,25.9554,23.0943,25.9892,61.5556,129.401,65.6992,227.459,216.36,82.8719,329.281,207.956,59.4199,25.9343,32.2123,50.078,199.698,156.065,195.239,261.094,143.332,98.1545,52.1238,27.1892,32.392,35.5116,36.0796,22.4712,83.5896,204.518,76.3374,162.391,148.612,310.681,135.836,212.749,43.42,30.0215,43.7862,230.277,59.0932,172.105,320.371,220.564,345.664,97.477,102.906,46.4154,55.8231,179.615,47.6357,293.584,238.629,309.875,551.191,248.239,269.348,324.851,278.804,93.8353,41.5663,28.214,23.0135,29.447,55.4372,211.185,150.362,400.975,125.234,216.589,63.7423,41.2223,33.1454,35.1275,45.5767,91.0297,67.3191,121.237,111.093,240.315,80.8967,162.496,149.505,128.867,34.4357,46.7173,81.6481,77.5437,207.211,153.145,392.583,255.304,129.501,197.438,162.102,74.389,43.5509,50.9763,22.6943,23.2023,22.1455,97.215,70.0106,275.635,162.987,123.613,63.6571,57.366,36.3198,15.9942,21.6637,20.5093,20.9736,284.154,322.797,297.737,303.131,156.588,157.667,158.449,158.477,163.792,166.31,162.632,168.91,170.338,169.973,175.841,183.39,185.424,186.428,184.446,189.562,188.068,185.46,190.528,184.93,185.059,191.375,197.618,197.01,197.368,199.764,201.99,201.97,200.91,201.678,205.911,209.499,267.66,211.234,249.023,270.322,275.606,282.81,285.781,333.12,328.58,217.947,211.478,211.464,215.488,215.549,217.456,223.365,221.665,227.554,221.856,296.238,307.765,253.987,265.566,259.649,253.954,313.357,285.567,268.553,247.168,245.867,269.102,265.403,277.111,263.877,305.503,310.347,252.129,277.026,274.983,276.927,270.895,267.453,278.229,269.137,273.354,291.593,186.782,189.38,199.787
22,117.829,67.7423,284.397,90.0363,193.685,124.927,338.981,108.305,163.8,96.5274,188.804,206.295,325.277,164.012,121.995,114.437,177.274,238.267,69.9283,38.6846,18.9583,27.9549,56.7809,66.2177,654.201,198.508,143.922,207.741,141.853,55.5324,47.8964,25.7203,62.1511,68.2657,124.857,146.118,151.49,157.018,166.822,113.982,109.262,197.262,93.9606,35.0458,45.0159,169.465,129.991,253.715,405.759,124.973,570.693,173.074,53.7135,47.6796,29.7191,28.4964,26.2655,27.0715,42.7582,231.298,207.052,252.751,477.091,182.661,206.993,269.409,91.3027,27.6226,20.4521,19.3744,21.0751,99.935,44.1349,196.546,59.6143,158.303,195.085,84.4187,45.6134,34.6788,23.0852,54.1458,53.9156,83.8295,103.144,71.8967,361.089,122.549,137.503,181.122,57.8007,26.7151,16.2169,16.0521,38.0049,56.7581,55.995,221.161,394.237,618.199,338.87,118.633,43.3819,27.4087,68.3091,97.2386,175.96,477.884,279.97,145.678,111.691,50.0314,94.434,37.4164,20.008,17.634,27.479,32.35,33.5628,75.223,212.386,102.971,259.476,260.732,84.1099,85.8089,118.303,37.8505,22.9894,60.3451,73.8457,292.905,170.975,183.384,149.073,303.255,177.692,186.399,58.2021,35.1642,29.7352,23.019,26.6937,57.3301,112.627,68.27,235.701,270.469,79.6955,292.233,232.698,51.878,31.2505,32.1452,52.5536,206.209,173.19,189.9,247.441,166.043,85.5786,52.5327,34.5504,39.1486,40.9022,36.3256,20.4278,68.3507,202.476,90.7311,190.302,156.692,326.753,125.299,205.314,37.1172,29.9899,49.4361,240.881,66.114,137.27,365.79,233.424,397.066,89.2894,114.444,51.7473,52.3973,153.289,39.4926,236.689,235.961,303.321,510.185,242.024,311.473,313.995,211.944,95.5346,44.2549,20.4937,21.3257,29.8131,60.5138,221.114,163.444,337.046,159.265,276.953,68.9771,37.5763,36.5511,29.1553,45.9116,86.6454,66.3734,116.803,94.3991,302.568,74.1257,145.984,143.626,117.262,32.2314,35.0138,71.9833,79.9658,196.511,181.049,391.108,296.695,168.118,272.016,123.443,82.9856,32.522,46.6599,19.6289,21.9234,19.8334,108.496,72.8988,313.042,152.975,135.315,62.9206,56.3589,42.9465,13.0507,16.8554,19.0906,20.477,284.949,325.297,300.298,300.922,158.174,158.678,161.227,163.796,160.8,169.221,165.725,165.889,169.014,170.917,175.489,181.973,184.424,182.75,185.607,192.982,189.153,190.547,187.341,189.266,185.21,197.377,196.169,197.686,196.118,198.313,202.425,200.022,198.171,197.949,208.299,204.861,269.133,212.823,247.546,268.458,277.18,276.815,284.992,326.458,327.279,213.976,208.055,209.305,216.16,218.181,216.296,223.499,223.666,226.128,221.685,295.096,313.84,250.676,263.61,257.638,255.418,314.787,283.135,264.684,249.897,240.299,271.06,262.788,275.567,268.705,302.445,309.116,249.806,276.51,282.567,275.725,274.122,272.139,280.62,264.566,275.716,286.775,187.809,187.964,203.371
23,108.59,88.8574,271.938,102.119,191.12,142.043,285.169,128.461,217.04,87.9463,165.013,207.402,262.879,170.578,129.213,110.228,180.947,218.89,60.8471,36.5456,19.0198,20.5994,49.2093,71.4257,695.588,210.678,124.703,185.009,108.934,53.3597,49.0838,25.5906,60.5898,76.8924,110.51,147.673,130.239,145.164,169.285,136.656,119.613,152.398,74.2631,46.7957,56.3176,161.212,125.909,281.155,371.673,113.213,501.741,184.09,59.889,45.1416,30.57,28.6814,22.9422,29.3879,52.2299,204.115,195.857,301.103,620.797,175.544,184.872,264.335,126.65,31.4169,24.3601,17.6808,20.8937,96.5389,45.5589,201.209,59.954,148.682,189.325,70.5192,41.1472,36.5821,24.198,47.3287,41.2187,117.43,110.224,65.637,306.044,118.153,141.682,200.04,55.062,31.096,14.9657,15.929,29.1905,49.9555,50.5482,198.618,385.948,590.516,417.445,129.916,46.0602,26.341,60.4191,82.9494,237.243,463.726,347.451,135.525,121.632,62.6975,114.295,37.7073,19.707,19.9185,32.6029,45.2604,34.2912,82.798,199.414,106.043,229.487,268.4,88.3023,74.0836,89.8172,30.6139,24.6124,63.3354,89.3346,246.935,138.01,237.42,137.149,299.676,186.101,179.32,53.7347,39.2362,21.8779,23.6887,24.2301,57.8686,112.503,77.8123,219.629,250.626,53.6754,291.661,260.854,58.2419,26.3965,28.413,56.3212,222.617,199.112,181.303,269.653,141.722,93.2065,51.2542,32.1802,39.6962,35.6585,40.3078,20.4003,63.151,213.604,91.1816,205.166,176.314,286.799,145.019,214.632,36.7304,33.8976,39.7522,244.028,60.9944,159.851,316.98,259.399,416.335,76.3205,108.271,49.3739,47.6386,158.581,57.5915,293.464,242.165,313.674,412.517,229.247,267.33,284.918,316.713,90.5188,40.6175,24.3544,23.3083,24.7077,57.0294,267.147,220.606,345.139,132.136,275.72,59.2167,42.8509,37.2718,28.7935,41.9233,84.9887,67.7551,110.549,94.5698,262.241,69.7474,184.068,165.85,106.319,28.4918,53.746,91.1225,72.7583,177.504,168.901,364.197,313.698,184.516,226.849,142.5,83.6776,39.9693,43.2008,23.1959,22.6584,22.9462,92.0538,76.7632,294.476,161.493,108.302,71.0446,64.942,48.6833,15.8932,17.4652,22.2066,19.7814,277.923,331.306,304.17,304.124,156.167,160.315,157.253,157.572,162.295,168.142,160.743,164.906,170.897,170.957,171.125,181.186,189.557,187.366,183.592,187.29,185.849,191.237,190.7,188.658,182.92,191.867,197.404,197.463,195.564,201.791,203.978,202.991,202.531,201.303,206.043,209.115,267.957,211.14,248.697,271.998,275.12,281.013,283.93,331.602,327.579,209.778,208.078,214.69,217.079,216.62,216.177,221.517,224.351,226.287,224.593,297.309,309.757,255.948,263.024,258.02,253.387,313.963,284.76,270.568,249.433,243.121,267.187,264.936,271.245,261.825,307.362,306.43,250.985,276.704,275.236,279.9,271.548,266.443,278.539,267.543,269.719,291.223,188.408,187.649,203.569
24,113.148,75.5072,286.42,106.143,187.185,140.004,279.635,100.954,214.015,103.886,165.755,151.111,273.024,142.097,95.1841,97.9917,183.668,218.885,68.7719,33.2984,19.7702,26.3102,65.7892,63.511,554.87,189.173,134.675,168.506,102.55,46.2914,52.6709,23.4602,68.2519,73.1722,130.862,145.013,156.915,126.877,173.902,137.816,126.512,151.301,74.9443,47.974,48.7748,137.064,93.9582,219.258,404.678,111.164,501.446,173.338,64.1548,45.315,28.8199,27.0966,22.836,29.9062,41.6554,211.491,185.119,251.201,605.498,188.707,199.733,268.392,91.1704,21.9637,20.1878,16.5416,22.4549,108.184,48.3398,168.605,52.5116,143.015,179.056,69.5961,53.778,29.4306,25.111,55.0377,48.9052,98.3198,95.8068,70.7249,345.392,121.866,132.708,206.197,56.3168,26.0175,14.3267,14.2072,31.5378,46.8899,50.9413,197.551,499.193,613.551,409.76,131.336,44.0268,28.5854,69.5923,99.0023,231.761,513.568,320.386,125.346,122.872,63.8187,111.97,33.6654,25.2172,22.8857,28.6076,38.7227,38.2863,80.8731,190.432,97.6648,204.522,228.441,92.4335,85.1229,115.001,34.2845,22.6455,57.3448,71.3176,268.015,108.895,226.154,125.523,276.513,173.784,156.95,58.3004,44.8299,25.8937,23.4344,30.0721,56.6959,102.366,66.4894,246.077,256.881,74.9709,298.832,276.511,65.1709,31.8277,32.8124,46.397,210.169,160.068,212.508,249.07,169.852,65.2748,54.0305,33.4839,36.3748,28.0334,32.637,26.022,70.0247,173.649,103.705,182.396,145.073,287.099,169.654,229.518,43.0153,32.4769,39.9969,209.912,54.3913,164.163,412.531,238.39,345.718,88.7191,88.6767,50.9767,55.1468,153.857,48.4767,272.443,218.511,267.503,419.993,239.355,317.779,268.491,269.276,79.2812,37.3866,23.0143,22.9827,27.3401,52.3556,251.546,181.621,311.285,142.093,225.667,73.7667,44.1267,44.3198,32.7471,43.4238,93.4386,67.754,130.195,89.8709,260.082,74.7618,181.584,159.819,113.904,32.0775,47.1381,68.8609,77.3128,204.119,145.303,392.945,253.995,169.706,178.18,135,88.396,39.5142,46.1361,22.2166,23.1188,25.7945,89.8201,79.3069,261.188,134.987,128.631,66.7908,58.9421,44.9397,19.3839,18.3352,21.9196,20.0168,282.524,327.744,300.258,302.455,157.299,156.695,157.989,161.222,160.87,163.651,167.746,164.543,173.926,176.148,174.812,179.505,186.246,188.242,187.751,188.638,184.23,189.047,188.653,191.265,186.107,192.475,195.447,197.85,195.715,199.759,197.856,201.402,201.725,203.025,205.695,204.048,268.171,213.19,245.026,267.038,282.517,275.853,279.49,326.307,327.508,213.681,206.836,211.927,212.296,221.047,214.211,226.154,220.275,224.797,222.357,300.291,311.149,257.932,263.252,256.282,255.126,317.082,283.736,265.712,250.576,241.799,266.755,265.214,272.911,262.436,308.967,309.14,250.537,274.183,273.487,275.914,272.531,272.275,276.096,268.595,271.785,289.441,186.254,188.527,201.939
25,159.805,92.5793,283.299,108.423,200.631,152.653,307.981,110.349,195.801,94.3304,142.978,193.267,313.654,154.184,118.555,100.174,190.633,232.247,58.2339,39.8285,22.0711,22.9572,59.6777,78.4007,533.533,233.753,132.157,175.716,128.461,56.7438,54.7497,24.4272,57.8244,64.6931,123.9,127.093,140.295,163.893,179.567,158.206,110.707,157.051,90.0296,44.6304,49.6585,178.459,110.267,245.519,347.014,121.53,641.313,195.911,73.4845,48.5792,34.4755,26.6267,24.1,24.1714,44.713,200.712,210.001,284.402,563.002,189.844,197.018,301.099,98.0992,25.2377,18.3019,22.7658,20.6471,89.8045,51.0079,186.784,67.079,156.962,154.322,85.1773,46.6853,39.9473,21.8559,43.2475,46.059,118.501,119.16,81.0613,376.848,103.876,124.181,218.501,50.4106,22.5611,16.6708,17.6285,37.5976,44.2071,46.4808,194.84,493.23,535.101,439.492,120.965,40.2329,28.8753,65.7016,81.5593,221.354,480.311,285.706,128.356,126.956,63.5996,111.503,34.6952,21.6496,23.4726,27.1466,38.8544,36.8723,81.3681,247.438,98.4936,215.236,241.762,84.4216,76.2643,91.1418,37.0628,23.7479,56.6051,74.4117,299.884,162.828,233.269,127.063,283.626,161.786,176.026,62.1801,35.6194,28.9976,18.374,28.174,70.275,109.297,64.2279,263.668,258.302,70.1895,289.693,232.883,62.2948,26.0412,32.4666,54.5675,199.798,172.567,209.644,268.123,164.316,92.9936,51.19,29.0027,38.1837,30.1514,41.9261,22.1374,73.1776,179.974,93.2424,181.204,179.557,329.672,137.706,240.958,45.2965,30.6584,39.725,249.282,72.6363,165.212,379.464,246.02,330.774,85.117,109.059,49.862,52.9595,160.747,50.2088,316.435,192.211,301.624,470.842,238.914,291.498,305.696,232.762,77.4344,42.2808,21.4506,24.4247,30.524,56.5755,234.762,196.433,280.758,149.1,236.37,70.7577,43.4233,36.8149,33.9594,51.6102,84.3054,71.5457,106.974,114.263,283.268,75.7653,136.978,143.144,120.102,35.3132,56.1831,85.34,66.7251,209.114,167.943,330.927,279.394,144.445,215.302,155.732,85.3651,32.8186,48.509,25.3678,26.2136,22.0116,88.7515,68.551,313.67,153.09,121.982,67.9485,63.3425,32.0468,17.1954,17.326,19.4421,22.2019,289.656,330.462,300.729,303.465,161.155,156.975,160.733,161.873,165.706,167.243,167.439,165.545,173.675,173.181,175.98,172.999,183.355,182.288,187.508,184.617,192.211,193.213,187.564,188.384,186.631,193.103,199.501,199.211,195.764,199.774,204.913,200.549,203.628,200.207,205.589,206.496,271.22,211.063,248.932,266.086,279.678,282.43,280.457,331.267,328.574,210.369,207.496,214.01,219.733,217.461,214.603,222.499,221.361,225.255,225.245,295.657,310.019,251.083,262.448,253.956,254.51,312.92,282.937,265.337,250.264,242.228,267.114,265.793,279.378,261.331,305.53,308.174,249.256,273.261,281.062,279.263,274.382,269.881,276.534,271.152,271.068,288.545,187.524,183.962,202.005
26,121.256,98.2569,300.782,116.434,167.112,150.966,336.771,100.645,191.6,86.0552,156.335,208.943,316.622,180.396,135.229,111.357,179.622,177.658,56.169,38.3313,19.2424,25.3309,52.2776,77.1441,620.681,206.178,123.627,173.776,100.289,60.0772,53.6934,22.7249,72.5004,67.409,130.22,120.993,164.073,139.259,217.518,127.748,102.915,125.471,68.2394,50.4839,57.0658,157.848,97.26,240.517,370.3,92.7499,480.253,185.324,55.594,43.145,26.753,29.429,23.9551,27.7404,35.3876,222.934,184.295,296.259,611.421,188.692,196.064,225.184,96.7771,30.8184,22.0431,19.3644,21.725,92.0467,45.3785,168.359,52.2308,160.013,161.045,82.647,38.4092,44.7541,26.0804,53.2976,45.2077,114.707,93.3416,68.7577,281.88,76.8204,140.106,213.126,63.3937,24.2925,16.5027,12.664,30.1551,60.0866,52.6865,260.678,452.228,481.392,458.272,149.81,46.5,26.387,53.4276,90.1448,242.887,521.391,250.342,113.964,136.372,61.7171,94.7896,40.5709,26.342,17.8369,28.6165,42.7208,33.2534,90.4324,214.137,118.768,200.857,212.567,77.6477,71.472,121.46,31.0021,27.2534,54.8662,81.5723,292.438,171.865,253.027,130.04,260.131,180.951,182.227,62.9108,40.1146,32.158,23.5367,29.4,43.6092,107.903,74.0315,250.064,268.001,63.9381,273.825,274.564,58.7181,21.1604,34.6649,53.6773,175.253,170.26,144.698,247.785,160.338,91.9827,47.0106,34.6157,36.6079,35.4417,39.2069,19.3208,55.9314,185.903,82.4784,182.592,114.285,322.556,140.735,196.84,48.3289,30.6742,38.0612,215.404,65.3289,163.716,357.021,245.369,367.558,77.3214,93.7393,41.7929,57.5926,148.056,52.0661,265.261,226.479,299.756,526.608,263.167,251.449,338.849,304.511,71.3278,36.3072,23.332,26.2313,36.2336,52.2421,199.368,184.868,318.603,150.988,254.818,68.5619,32.6743,30.9598,34.204,42.6126,98.0101,64.4946,105.404,120.012,266.425,84.3228,134.084,161.077,108.185,37.4679,53.002,83.4425,70.4895,194.219,184.871,345.779,299.892,161.487,232.611,141.754,86.7592,34.6074,51.4425,23.5321,26.7523,22.4075,93.4267,75.6005,354.56,157.288,112.985,62.9621,58.3864,37.6985,22.9753,18.6292,23.1268,22.8053,284.306,326.576,302.198,304.145,153.646,155.325,157.924,157.985,165.313,168.254,160.719,165.341,173.98,175.407,174.25,180.947,185.817,184.363,183.07,184.75,182.648,185.233,187.354,189.406,189.561,191.62,194.596,196.156,195.571,198.033,203.428,198.403,203.124,200.413,204.664,205.319,272.442,213.306,250.447,269.797,278.062,276.164,278.991,327.009,327.106,213.591,210.296,210.517,210.995,220.002,216.322,217.877,227.315,228.555,223.78,295.781,310.182,255.186,265.515,253.643,253.014,317.266,283.965,264.186,252.81,241.285,261.892,265.407,273.462,263.427,307.599,307.091,253.956,275.097,276.261,275.763,269.176,270.665,275.332,270.298,271.685,288.543,187.028,186.621,198.354
27,136.459,83.646,256.007,111.641,137.226,133.3,255.042,97.8872,199.283,100.927,114.092,209.891,332.618,181.151,110.946,101.523,191.669,245.714,62.5324,37.1077,20.261,19.0747,56.2294,74.7183,702.305,185.031,136.41,235.431,119.811,55.1146,50.8532,21.5618,66.017,73.5494,122.675,146.752,169.255,141.3,207.742,130.453,110.637,148.766,83.2678,40.6441,45.7861,167.906,118.551,225.009,325.474,126.256,592.358,174.291,74.5254,33.9399,36.8675,30.0735,25.2402,24.2815,44.441,248.155,155.04,278.759,541.144,197.008,184.889,279.748,101.375,36.5968,23.8457,20.9443,20.9685,97.2112,50.7458,243.094,67.2379,128.702,159.57,85.804,49.7638,38.224,26.0876,52.9597,43.7319,109.415,102.939,68.0399,302.079,96.7789,128.778,239.384,57.3783,30.0456,14.9141,17.0962,32.7969,50.6907,56.2523,214.469,416.471,605.922,462.316,122.53,36.5054,26.0366,49.4925,100.351,224.46,438.991,257.644,121.526,122.522,71.2768,107.154,40.6255,22.7917,18.7307,28.1848,37.171,32.2932,79.2665,208.318,125.537,212.875,226.94,100.602,80.24,116.513,35.5571,28.1715,58.8926,82.7912,256.418,181.974,188.076,151.282,271.807,206.949,194.373,58.1513,40.3327,28.4859,23.871,28.001,38.7509,115.708,65.4278,271.416,232.949,73.6146,262.803,248.402,47.2312,27.0963,35.1333,52.5126,194.268,134.066,209.435,280.692,164.349,82.9637,49.4654,30.5727,32.3488,36.3433,38.6762,22.6345,71.0211,209.419,98.243,175.238,136.388,383.203,157.203,203.581,47.6597,30.8292,42.5671,257.185,51.2609,197.225,333.773,248.363,396.702,82.3825,114.223,52.4877,51.2265,165.043,43.8631,317.71,250.066,296.587,427.888,258.451,309.201,323.827,279.061,82.9211,41.4572,26.7716,23.6081,30.8273,55.274,217.549,178.516,337.031,145.262,261.03,68.7261,42.8375,37.6207,28.0384,55.4092,80.5721,71.0091,92.6216,132.55,303.062,80.0502,122.744,151.444,107.108,34.3718,43.9101,81.3486,75.6586,210.756,183.723,381.862,265.836,144.077,209.649,128.204,89.9821,30.1865,47.8219,19.3902,22.3632,21.4389,90.0472,68.9942,341.845,150.754,94.7513,64.4136,66.977,37.5288,15.8244,20.5958,21.1198,21.3516,284.6,328.455,301.333,303.104,153.302,158.78,155.833,159.633,164.969,166.319,164.125,167.047,170.132,172.792,169.756,182.483,185.523,187.479,182.611,188.093,189.538,187.122,190.111,190.547,187.534,190.437,200.882,199.565,193.303,199.137,204.286,203.135,200.354,203.061,205.411,206.873,267.741,211.509,245.498,272.339,279.627,281.018,279.913,326.906,321.349,213.133,205.608,211.718,220.01,212.764,215.808,219.479,222.362,223.733,222.484,294.551,313.283,251.927,261.401,256.211,252.329,309.348,281.502,265.885,247.14,243.39,265.633,267.601,275.3,262.442,308.542,305.781,251.794,276.135,278.194,274.53,272.947,272.349,275.08,268.06,269.984,291.279,184.038,186.393,200.517
28,122.462,95.1575,254.961,107.673,149.267,145.127,307.093,116.738,163.246,105.805,128.723,201.212,314.949,149.394,134.001,118.017,197.988,241.26,65.4941,31.2125,22.2096,24.562,55.8733,83.0341,756.278,210.405,138.731,176.015,107.625,48.7162,45.2886,23.2535,48.696,72.0448,117.896,141.04,164.822,168.313,192.299,134.668,132.99,131.387,86.4781,41.9792,51.9425,190.012,108.805,266.719,344.93,133.878,589.367,195.872,87.2253,40.0308,29.9109,27.2613,29.6547,17.5012,47.1697,199.468,174.586,286.75,564.997,194.671,163.208,280.199,116.137,28.5193,17.1195,22.9838,22.7175,108.515,45.2813,181.778,65.8205,128.993,154.917,83.4725,48.0292,29.9253,22.1791,48.7301,40.9271,104.762,113.196,62.4421,330.694,138.189,100.324,221.902,61.9734,27.1394,14.2864,18.0608,36.3932,42.9293,54.1466,229.06,442.417,517.898,444.256,120.998,45.4974,29.4708,76.3765,102.013,223.406,411.434,268.912,136.388,127.444,54.4854,122.048,46.4963,24.0045,22.1935,29.5837,43.9422,32.0207,77.1073,203.978,126.451,213.877,249.207,98.1898,83.9858,104.878,33.0708,24.467,55.0859,77.7773,275.539,164.569,228.804,157.869,387.577,185.623,169.625,54.104,35.4302,29.9607,27.307,24.5091,65.321,123.843,74.7936,286.211,271.226,71.1593,282.122,257.845,63.7354,33.7882,36.427,49.0524,220.89,131.662,202.153,199.273,163.932,75.4202,48.4049,32.4731,35.4025,40.4713,32.547,22.3503,58.3419,225.669,92.8847,225.843,138.384,272.999,140.598,200.314,43.5656,28.4497,39.6628,213.382,69.7558,199.644,394.445,235.976,393.817,91.8095,115.037,46.9961,44.927,163.756,46.555,240.059,224.236,322.899,503.026,205.896,251.563,251.485,324.009,74.7399,45.0675,20.0406,23.1408,27.3452,50.6912,247.658,171.663,330.306,156.678,252.908,76.8159,38.0209,37.9588,32.5651,47.4394,72.956,73.6432,113.74,120.54,242.146,73.5746,169.726,160.447,126.909,40.4748,44.5342,85.0021,72.4166,197.37,143.852,371.785,264.417,157.813,226.492,138.574,87.2882,36.9355,47.3028,20.7125,24.9871,21.9005,87.1472,71.4411,355.151,158.262,117.337,58.2391,42.5338,40.5541,21.7047,19.3388,22.8795,20.0988,282.252,330.679,303.688,301.869,156.898,157.6,157.15,159.886,158.652,166.894,165.144,166.48,169.358,175.579,174.817,180.431,185.126,181.874,185.247,190.134,190.148,191.061,188.537,190.871,190.316,190.006,194.435,197.987,198.011,199.713,201.435,199.487,198.462,200.774,210.975,210.592,269.082,211.053,247.339,266.73,279.5,278.562,279.149,335.741,328.748,208.846,210.862,214.893,215.687,214.796,220.536,218.368,222.068,225.792,223.591,297.717,310.661,253.373,262.184,252.484,251.586,311.948,284.61,263.013,247.266,239.167,272.744,268.98,271.539,263.625,307.181,308.972,255.489,274.284,277.128,277.201,267.898,272.791,278.608,267.358,275.514,291.079,187.377,187.732,201.561
29,127.897,83.0591,307.03,95.4845,145.04,133.413,235.612,110.916,186.74,95.73,133.655,195.336,339.35,146.657,134.919,105.952,176.422,248.25,54.059,36.0492,22.2136,20.8575,55.6746,79.3788,731.152,203.505,143.303,195.128,127.732,46.2623,50.537,23.6701,64.6725,63.3328,112.287,151.222,145.192,158.156,228.621,122.178,106.992,158.308,84.8586,34.5851,56.0175,210.043,129.359,262.485,310.804,123.921,440.629,179.449,69.714,43.6382,28.5189,24.8034,26.2402,27.5133,52.9742,221.501,183.628,250.402,571.247,180.527,183.681,259.724,102.033,26.9645,21.5849,19.1645,18.8346,89.1761,46.7459,197.505,64.1322,164.893,156.982,76.5327,48.925,37.3058,25.4575,48.7875,48.1751,94.1255,94.5288,68.1688,365.285,112.994,121.533,188.365,54.7039,22.7226,15.1604,12.5286,30.0196,53.1602,51.8459,211.572,424.779,487.634,429.103,118.023,43.7542,27.7536,64.563,102.141,228.784,463.918,287.145,132.114,115.016,56.8003,126.967,43.5108,26.3378,20.1896,25.4475,38.6047,33.6233,74.9852,186.301,98.6112,205.379,268.77,100.482,80.5881,131.688,30.0144,21.0187,55.5538,83.8953,282.639,142.875,223.347,119.852,346.55,182.216,201.258,59.8219,39.3005,29.7814,21.8989,28.419,71.8706,119.481,70.8173,263.981,287.493,71.3921,344.629,192.283,47.4985,27.3371,34.9434,46.8302,207.328,202.422,193.961,223.137,149.539,101.861,43.6734,33.5317,41.1832,37.5388,35.1762,18.8372,66.2524,203.471,75.2892,180.772,133.731,327.207,159.703,218.533,49.2057,30.9966,42.1798,257.807,65.6536,187.498,381.713,221.478,378.666,86.0148,109.42,57.8885,48.5875,152.081,58.2513,297.806,200.414,334.764,487.128,251.534,287.569,303.984,272.717,87.5926,32.6381,24.1994,19.5597,31.1897,60.0024,216.933,184.362,357.06,171.077,243.546,69.4289,44.4542,31.298,30.0624,51.6194,103.473,72.2362,117.713,97.4269,223.143,62.1431,166.043,157.041,135.945,35.7048,40.7522,80.9719,58.8158,208.875,155.17,369.794,279.209,161.628,220.08,116.376,91.1094,33.8268,41.3807,18.1759,25.9427,20.3081,84.9748,76.4582,355.859,173.281,114.993,83.4668,60.4423,43.2226,22.1005,17.245,21.9406,20.3345,280.116,327.63,305.585,299.671,152.566,157.856,155.62,163.438,164.863,167.356,166.087,164.978,168.265,172.443,174.553,182.814,182.895,184.1,184.566,184.102,186.589,190.304,187.406,188.117,185.733,190.902,199.435,194.11,199.463,197.978,203.586,199.929,203.129,203.469,206.325,207.441,268.975,211.923,244.152,266.499,276.921,273.92,282.561,325.113,330.241,210.147,205.582,210.353,214.423,221.322,218.029,220.895,223.608,221.862,224.964,294.085,312.781,253.703,261.272,255.317,251.225,312.757,285.114,263.594,246.14,241.927,265.407,267.613,277.189,264.234,305.348,309.398,254.127,276.81,279.834,277.204,269.288,271.594,279.231,269.354,268.861,289.425,187.803,189.909,201.101
30,107.569,70.7513,290.934,95.9908,179.206,145.824,221.93,127.713,180.662,99.6978,145.482,217.935,353.107,169.606,128.137,116.427,202.124,224.338,59.4194,36.827,15.4166,22.978,59.0572,77.9925,649.685,192.243,137.524,201.535,113.191,53.9808,46.204,26.3391,63.0572,57.0256,130.157,130.567,159.168,171.615,206.06,128.603,124.473,180.502,75.6367,40.4721,46.0807,163.49,116.49,257.146,331.975,110.562,473.884,183.695,73.4392,43.0163,29.806,22.4287,24.1685,26.2869,46.8984,204.268,177.097,275.729,515.499,144.639,157.679,341.825,122.484,33.5778,21.7164,20.3348,18.7794,102.62,51.8054,183.104,62.3337,131.435,165.844,82.2693,47.452,31.8881,26.9021,48.8423,39.664,90.5897,125.648,75.4998,318.836,124.375,137.742,189.332,48.3767,25.309,16.5797,15.8605,31.8726,51.6431,55.9142,213.113,439.495,525.266,464.129,101.929,47.1643,26.6031,68.9374,94.8217,189.908,478.871,222.442,143.405,124.03,53.8078,102.479,39.551,24.2087,18.68,21.4045,41.6853,34.8054,92.0672,238.701,113.412,234.759,224.565,100.586,68.357,126.727,39.4869,25.3458,53.233,84.6672,318.563,167.47,187.697,135.593,340.401,188.75,191.745,63.859,36.7408,27.405,22.054,28.7381,71.1355,117.514,78.7348,275.283,201.847,71.6298,220.634,266.309,53.4474,29.295,36.7969,54.5732,219.343,156.574,195.692,212.032,165,71.8204,41.1793,32.8105,33.4457,32.7615,30.8353,21.9782,69.8863,207.747,96.8711,195.311,134.477,314.795,138.34,223.533,38.1198,32.6444,35.3335,245.11,70.5437,170.674,331.635,228.207,392.41,84.6257,85.8336,53.9686,46.9872,173.958,45.0964,280.959,222.456,312.821,512.436,207.065,377.909,275.59,265.441,88.3852,40.5547,17.198,25.4263,29.2997,53.8489,222.883,199.403,394.071,156.087,211.178,69.8941,41.9877,36.2692,26.7622,47.0719,84.5963,52.3649,115.024,121.275,245.953,64.3374,153.827,138.177,132.846,35.553,46.0672,106.141,74.2384,184.814,170.536,388.546,262.433,159.598,249.536,140.262,97.6867,40.8768,46.3551,21.1121,15.9023,23.8857,89.7983,75.4308,334.962,155.651,121.245,60.0392,66.6661,34.9003,18.952,19.4391,17.5358,18.7016,278.063,330.264,302.385,304.787,159.295,158.961,159.38,158.238,158.993,164.258,168.495,166.272,170.958,171.491,172.988,183.767,185.209,183.155,183.082,187.064,184.696,186.151,184.31,186.844,185.858,192.258,199.673,198.444,195.889,202.517,201.625,201.594,195.305,201.504,206.46,207.095,267.615,212.71,247.883,266.043,277.371,277.347,283.395,331.072,327.99,213.376,209.037,213.402,216.1,215.151,215.963,226.668,224.89,228.345,222.132,291.377,309.134,251.846,263.354,256.398,255.653,313.15,281.551,264.431,253.693,243.188,270.216,264.185,274.23,259.091,309.568,308.767,251.595,274.141,279.005,276.789,269.836,267.094,274.736,269.924,269.58,285.517,187.999,186.265,202.165
31,133.949,94.7737,284.897,116.889,197.906,153.663,253.791,105.412,217.395,107.217,169.889,207.876,292.836,176.858,144.04,121.006,160.644,226.507,72.1027,40.1822,18.4595,24.3488,44.5897,83.815,673.516,197.432,147.096,164.678,90.5525,52.0388,41.138,22.6096,62.0796,54.9885,136.979,138.153,134.139,168.082,215.788,126.49,95.0978,154.641,80.1252,35.89,51.3124,150.107,117.408,213.217,407.207,144.878,528.836,169.589,76.5414,37.0789,29.9839,24.7831,23.2301,25.8266,48.8677,203.619,194.39,260.359,582.5,203.768,170.336,294.878,110.863,30.0618,21.2426,14.2198,18.1337,109.502,53.7605,187.225,68.5807,118.381,195.733,81.0666,52.9077,38.8667,23.8915,47.0446,46.2769,108.46,97.8776,58.566,372.418,115.782,131.607,193.321,51.6968,28.7292,17.273,15.6477,34.4511,44.2998,52.812,219.159,435.699,565.692,399.557,136.591,42.2858,29.298,59.7026,90.3254,223.219,565.105,288.307,129.942,124.705,52.0391,98.7611,35.9537,24.7592,21.9679,30.1093,42.1726,35.6471,96.9449,179.38,99.73,236.103,288.78,94.1629,68.384,123.005,28.3184,24.6637,54.9593,81.0348,277.035,165.612,226.135,117.121,301.892,175.454,186.924,44.0616,34.915,28.9585,20.9816,30.4891,56.5826,99.0958,66.4244,243.489,246.391,70.6159,296.52,249.688,60.4604,20.7975,39.1032,48.6142,227.446,181.05,215.261,264.602,149.669,91.8845,53.2305,33.9156,38.8571,36.2836,41.1869,21.0706,77.7299,163.218,99.7034,190.728,138.785,331.457,156.653,233.024,44.2164,35.1611,32.8672,246.259,58.8869,152.59,412.938,237.901,406.316,74.0134,102.111,44.0622,52.4025,152.98,44.2795,278.284,242.907,372.926,549.768,248.058,341.489,280.487,271.065,93.9006,36.909,23.3989,23.2902,25.6798,46.4473,227.019,150.427,369.915,147.684,236.894,77.4072,37.9872,33.821,30.5802,45.2372,100.335,71.842,102.866,110.781,255.857,86.5153,189.066,147.64,94.6305,29.7236,43.7854,89.2678,66.9589,198.289,206.085,307.078,296.003,160.573,213.205,140.912,96.507,37.7645,34.6336,23.0493,23.2965,22.1238,81.8667,69.356,312.241,134.589,129.792,67.4092,58.2295,38.7747,17.7159,19.2975,21.8145,19.3034,282.678,327.72,303.548,305.933,157.866,159.053,159.94,158.277,163.188,166.257,164.086,165.972,169.687,170.027,175.826,183.622,183.24,189.168,183.989,186.269,186.994,185.526,186.136,187.892,188.147,193.189,196.633,198.167,196.922,200.563,199.52,199.764,199.753,199.905,204.043,206.014,269.74,215.701,248.799,269.658,282.407,284.449,286.911,325.347,327.559,214.865,206.516,209.918,220.094,212.506,217.225,222.869,219.951,223.562,222.262,299.877,311.361,250.586,262.748,259.18,259.149,313.931,280.353,265.393,250.798,239.088,268.705,267.392,278.628,264.536,306.493,309.62,249.019,277.661,278.794,276.566,271.909,270.903,273.578,271.075,270.149,293.059,186.361,189.631,201.05
32,130.349,79.2635,284.149,103.457,216.475,141.29,290.072,96.9493,184.015,82.8103,139.973,158.331,299.015,180.785,129.06,104.02,186.592,254.593,62.5383,38.6116,20.7436,27.2141,54.0835,65.5653,643.982,185.014,126.363,185.245,124.788,55.2508,48.1551,21.267,67.8035,71.3254,128.507,139.946,170.872,135.066,204.204,114.694,132.669,146.176,72.9058,40.5345,50.7825,186.338,109.016,217.178,314.088,113.241,510.22,199.813,69.2722,36.6094,31.1207,26.7569,20.9649,21.4076,46.7251,203.102,203.241,263.695,596.223,186.577,204.798,264.014,110.589,27.8297,21.1321,21.4771,18.4145,94.7083,42.8775,222.353,67.7203,158.923,171.732,75.4812,43.9302,41.1395,23.8627,50.4223,35.7298,111.481,118.452,76.6641,296.22,94.0453,112.515,188.405,57.8687,25.0148,14.2837,15.0439,32.8797,58.0915,57.6016,226.935,450.48,519.692,454.131,99.7565,46.7171,25.5765,63.6285,97.3664,211.072,398.668,306.6,108.355,134.313,60.0311,83.5205,42.8162,22.9897,16.4176,28.7808,41.9977,39.2038,77.812,198.712,132.482,189.956,272.816,92.835,80.9804,100.368,37.0963,22.0284,58.7166,90.9506,358.45,198.371,207.163,139.712,330.299,183.962,162.052,60.6268,44.0264,28.1273,22.4806,31.5609,62.3789,95.4494,72.5741,226.792,239.378,65.2768,251.267,244.227,68.4664,30.7882,33.9598,53.4726,228.073,164.784,182.531,234.63,179.771,83.2302,45.9757,31.4497,33.051,29.5039,33.3018,22.695,72.6172,233.056,88.2197,164.957,151.891,266.015,146.358,181.507,40.9527,31.2232,33.1995,245.991,68.9423,183.292,379.016,259.399,448.236,79.012,118.577,48.906,60.373,186.917,47.6094,293.809,212.808,278.337,473.27,236.828,276.878,300.135,324.079,82.1685,43.1166,24.8709,23.6597,36.2542,54.0109,227.442,165.761,314.315,148.506,260.669,69.3853,43.3262,30.0959,24.9955,54.3347,93.0392,72.1215,115.014,128.72,282.085,72.2883,182.755,154.218,106.25,32.3767,46.6893,85.7805,77.8209,197.326,173.117,419.093,321.673,140.09,238.487,144.882,75.2559,40.667,39.0099,18.4851,18.4615,21.52,104.497,84.3203,317.736,152.662,117.979,55.4367,55.8835,47.0286,15.2303,19.3663,20.813,21.7607,283.938,327.267,303.451,300.519,160.273,157.903,156.736,159.483,163.462,165.365,163.936,165.589,172.225,170.426,172.494,180.635,187.865,182.286,187.043,189.252,189.497,186.792,188.954,190.183,191.053,189.932,194.318,197.236,197.175,199.158,201.872,202.628,202.961,200.612,204.267,208.873,267.363,213.719,249.269,266.801,280.666,280.867,274.405,330.078,326.27,214.275,206.576,213.064,215.098,216.238,214.699,222.276,226.983,223.934,224.433,301.767,309.28,253.953,265.671,262.769,253.622,316.569,282.867,265.157,247.493,243.415,270.104,263.8,272.607,262.269,309.697,309.934,248.874,275.348,276.209,278.581,269.005,268.757,276.62,271.557,272.023,292.549,186.843,189.058,204.425
33,123.594,80.0769,268.821,106.933,223.796,136.002,260.76,117.45,188.083,108.016,159.452,220.586,278.224,179.392,124.794,107.841,184.825,240.823,62.4444,41.5444,19.8893,22.2249,59.001,79.2027,607.59,185.762,145.328,202.601,107.906,53.8555,54.2941,25.9463,60.906,59.8888,114.277,126.845,169.855,133.851,196.46,111.595,138.081,182.215,80.2139,34.8241,60.8124,172.6,102.632,241.106,337.329,121.624,565.658,164.77,60.75,42.7961,27.861,29.6354,26.6644,22.9655,52.0809,213.134,166.106,296.376,595.95,128.449,179.869,276.121,94.8995,26.782,20.6555,15.3101,21.3478,97.4953,41.8275,206.25,60.4326,149.762,172.444,71.2368,42.3937,34.787,21.427,54.9211,50.1998,112.758,113.402,72.5631,393.475,107.126,127.861,237.22,57.2985,25.7645,13.4381,10.8114,30.2894,53.5302,53.9927,205.442,420.739,513.231,364.106,133.992,48.1257,27.7058,68.9878,86.413,237.418,521.728,277.654,123.881,128.475,59.788,111.511,39.8894,24.8588,21.2487,31.6606,38.5179,32.6904,83.9584,231.461,111.474,205.371,256.579,88.8639,85.8134,131.673,28.2054,25.0251,62.0038,81.9653,228.403,135.623,252.008,141.213,317.132,169.559,175.006,52.0445,44.5447,31.1464,24.2134,31.7973,66.7469,101.179,63.3395,246.764,242.949,61.0299,325.846,242.151,62.8127,25.002,36.8525,53.9291,240.726,133.723,215.975,286.901,165.955,67.8394,50.8216,25.9125,37.484,34.6754,30.9528,16.9105,67.8072,212.24,99.8729,214.662,159.42,281.757,144.398,175.714,40.8141,29.4773,37.5236,206.741,55.7515,137.779,383.076,271.504,373.726,92.8015,94.0548,46.1892,37.3735,148.242,38.4648,265.26,296.137,286.239,476.423,199.577,302.537,343.048,310.315,72.222,36.2728,21.3491,26.1832,33.1864,62.3645,206.021,185.408,284.05,144.481,244.063,61.7224,40.106,38.248,33.3356,39.2322,99.6082,65.7308,109.443,126.662,226.621,78.6649,151.637,143.331,117.001,39.4044,45.9857,83.9426,80.584,204.004,151.158,369.889,285.516,127.557,236.666,120.012,86.2071,36.7767,50.9811,18.3164,21.7444,23.3822,95.2544,79.6799,343.028,144.578,129.679,66.4087,49.0816,42.9723,17.4901,16.9015,22.3759,21.6736,285.114,325.591,299.058,301.573,156.194,161.997,162.177,158.401,162.138,165.442,163.904,166.744,171.484,173.587,177.619,179.969,186.454,187.182,184.795,182.771,185.484,185.776,186.134,186.575,185.732,192.779,196.48,194.749,200.244,199.704,202.931,205.284,204.426,204.166,204.647,204.712,270.904,208.222,251.414,271.425,281.302,277.699,285.749,331.817,324.827,212.518,203.71,211.483,216.593,217.108,214.878,220.14,224.054,225.501,223.42,292.39,311.823,254.041,262.258,256.38,257.281,314.331,278.976,267.83,249.192,244.091,267.061,264.069,273.043,261.263,312.214,310.672,248.138,272.723,280.485,274.9,271.67,269.378,275.352,268.492,268.31,289.439,182.352,189.113,202.84
34,121.814,97.7891,277.166,105.007,172.171,178.303,249.086,82.2215,164.119,69.6553,185.086,233.278,308.497,130.454,122.659,113.973,211.354,228.66,57.2374,38.5651,18.5806,25.0196,56.3973,74.2994,677.835,178.098,121.328,181.116,130.272,63.1331,56.6151,23.3336,70.089,63.1311,136.769,141.87,175.055,153.338,212.134,141.733,96.6972,134.634,75.7988,50.4197,54.2234,147.604,103.314,259.133,389.448,105.413,550.894,210.167,65.3534,44.3878,29.8663,26.9893,21.6118,23.8885,34.9886,260.882,198.132,284.752,633.442,155.763,198.219,274.591,109.389,31.6053,22.0738,20.8312,20.5826,121.992,36.7615,206.015,60.4276,163.567,187.237,88.4137,39.6374,43.9414,25.984,48.0264,39.4997,111.178,97.0607,69.445,310.06,103.379,104.93,197.714,58.0084,24.4817,15.1829,16.8079,33.2956,53.4146,42.4089,216.584,398.591,643.459,407.729,129.45,47.563,23.198,60.4392,94.3302,219.654,489.164,311.316,126.383,120.181,52.4517,120.489,38.4952,25.712,20.7068,34.9521,32.3635,37.4821,73.04,209.338,127.406,193.292,236.59,94.455,82.5569,125.976,32.5238,25.3324,56.9951,76.87,308.565,160.166,210.283,129.487,282.887,226.104,206.69,58.5614,41.8301,31.048,17.5725,26.9714,60.7463,127.485,68.1209,220.824,230.179,79.2647,275.493,274.772,52.767,31.0793,40.7548,53.8247,203.127,164.661,167.365,279.754,148.045,79.8415,44.0869,34.2797,34.2788,33.0331,36.4746,21.5721,66.587,219.19,102.676,186.145,143.299,321.49,115.145,198.019,48.9719,31.9762,41.9265,227.936,56.6977,170.932,379.718,220.191,380.89,85.6088,93.1315,49.4551,55.4303,143.158,42.3536,280.414,222.708,320.793,512.612,250.105,337.955,280.329,330.251,78.3634,32.3587,26.272,25.2881,28.4246,58.0494,289.454,193.486,320.646,135.402,223.704,59.4018,36.6213,36.01,33.3473,50.8064,85.3135,72.426,110.521,120.578,242.569,79.2955,145.824,145.4,114.927,30.0327,41.2637,69.7068,60.5686,200.74,167.91,351.76,263.726,157.102,199.56,135.003,89.7804,29.325,45.0111,19.6204,21.7698,21.245,74.0252,77.1905,283.944,155.15,96.4265,69.9598,64.1607,33.9475,18.0451,19.1391,18.9267,21.2476,282.874,330.399,301.444,300.041,154.411,158.351,156.485,158.886,164.185,163.857,163.77,166.414,172.129,170.523,174.586,183.966,185.303,181.554,181.811,182.326,189.426,187.951,185.298,187.468,189.634,185.252,195.521,196.122,197.147,197.921,198.973,204.431,206.165,199.096,200.97,204.571,266.909,213.994,250.041,265.577,277.904,276.897,279.585,330.423,326.871,213.479,207.104,212.378,216.253,218.69,216.881,224.362,225.459,225.881,223.081,298.52,307.547,252.798,263.959,250.995,254.153,311.702,279.352,263.771,245.589,239.604,267.142,268.649,275.865,259.805,305.943,307.987,254.505,276.87,278.65,274.552,272.013,271.256,273.296,268.567,272.524,290.74,187.72,186.776,202.229
35,127.335,84.3892,298.168,111.383,179.152,151.473,304.436,99.809,230.55,91.9245,157.262,195.788,282.129,158.856,111.262,116.911,176.178,236.047,56.7875,38.1679,22.7255,23.3945,59.8244,74.0143,623.598,185.388,128.486,235.085,92.2931,70.3348,50.5317,20.4165,74.0513,56.1691,144.339,129.811,156.633,155.236,188.407,137.89,134.678,151.417,89.4729,37.313,50.8966,152.881,113.128,273.601,351.672,115.739,538.268,210.685,53.652,39.6103,30.3727,27.8954,20.1574,28.7422,45.4809,245.617,189.646,254.981,582.567,190.792,200.364,315.407,112.706,27.9969,25.3929,19.0558,20.9274,108.477,52.4768,209.915,64.2932,152.492,157.799,78.6604,50.3334,38.6628,27.8752,62.656,33.7506,92.0411,109.033,70.4657,311.93,111.334,121.014,182.291,52.16,28.579,13.3685,14.446,34.673,56.904,58.9508,244.993,395.178,524.671,443.851,124.13,50.5876,27.1962,67.5044,94.5079,204.54,449.419,294.725,96.5045,136.908,55.7335,118.239,34.0045,23.8473,22.0042,20.922,48.5106,36.9575,86.6313,195.593,91.8515,249.611,250.098,105.941,71.2455,118.925,37.279,26.6555,47.4598,79.4527,322.232,169.501,218.833,123.562,310.711,209.749,161.31,55.2888,43.6496,26.5232,24.7982,23.3718,59.7399,103.036,69.7249,252.76,225.572,70.1497,273.833,257.122,64.2851,27.3601,32.4982,43.4961,199.875,166.232,207.892,275.945,154.197,77.9932,45.2228,32.1164,40.8039,38.814,39.4179,25.9417,71.9368,205.427,68.139,179.112,150.383,316.568,131.804,192.806,35.0459,34.6339,40.9016,255.524,68.6469,175.893,355.615,262.813,337.107,82.0929,114.2,51.8433,40.8006,154.594,42.9115,259.245,210.453,252.937,449.652,190.155,302.303,286.585,325.692,77.7358,38.9935,23.7611,21.8822,32.1172,56.6778,207.949,145.197,334.086,122.098,210.79,63.3353,37.3493,40.1028,33.1079,41.422,90.8804,72.2213,116.254,112.245,236.065,80.4705,155.429,150.699,113.406,31.7064,47.9424,80.7362,68.6924,224.793,155.567,342.655,286.043,156.125,223.782,133.608,96.2449,36.7369,39.7839,21.7885,19.2433,20.3762,89.5588,66.4546,272.688,112.154,116.336,61.641,50.8557,42.5824,17.287,20.3073,18.5182,20.0854,283.648,331.75,303.222,301.805,155.789,158.09,159.725,161.188,164.016,164.565,163.616,170.07,171.688,170.948,177.477,182.324,183.343,180.731,185.692,183.411,187.16,185.177,190.936,186.52,184.1,193.121,198.751,203.957,196.64,200.593,202.308,201.343,202.581,201.847,208.851,208.065,265.418,216.065,248.629,266.513,280.931,277.264,279.415,326.41,328.69,209.272,199.223,209.345,216.719,216.93,217.699,221.193,222.315,225.207,223.053,296.479,311.72,252.124,263.52,252.798,253.592,312.357,282.327,267.537,248.433,241.012,268.561,269.818,278.579,259.559,309.102,307.989,249.172,275.555,279.65,278.462,273.544,270.699,277.894,271.56,270.418,289.81,184.696,185.867,205.188
36,119.267,79.8102,278.051,105.701,208.231,145.77,315.308,129.695,196.255,110.761,147.334,190.163,344.854,167.346,137.306,88.3714,208.504,206.336,57.3874,37.6045,22.5992,18.3419,62.0958,72.1871,591.501,194.654,160.89,150.076,119.661,58.2586,46.4086,24.1886,65.6369,57.846,152.172,115.242,178.587,138.477,180.525,135.917,109.706,158.549,91.1726,33.6791,51.1065,186.479,107.799,269.13,393.652,109.209,556.398,179.677,64.391,41.7604,27.1213,24.1446,22.4266,27.9719,42.3129,217.751,181.314,273.086,694.826,191.402,205.178,276.109,103.809,29.7165,23.9587,21.8538,17.3382,100.473,45.0563,200.224,55.8291,138.038,170.215,73.366,35.8293,38.3899,26.097,51.4202,45.919,105.786,115.974,67.8988,381.445,113.949,124.564,234.381,53.6104,26.8233,16.1467,14.063,35.6318,49.582,44.9982,213.154,424.332,531.47,439.03,149.326,40.0398,33.6833,68.7134,75.3361,197.095,475.777,336.847,108.113,112.844,63.5471,134.272,34.8781,25.4437,21.2802,32.8075,38.6724,30.2578,69.0642,241.445,110.129,174.615,241.534,83.1611,71.889,109.134,34.9301,28.9081,60.2994,102.665,283.122,148.142,224.745,122.243,290.964,169.306,138.247,60.813,30.0142,31.5317,26.5793,27.6339,70.3191,124.955,76.1322,255.736,264.429,67.9592,296.982,252.986,50.2289,25.92,39.1244,44.1805,198.98,166.03,161.474,252.026,164.395,81.7791,51.8369,32.1085,37.3847,31.2544,38.0701,22.2246,70.0709,188.275,103.033,194.892,174.416,305.843,119.786,222.846,42.3001,32.2528,37.945,245.366,52.5132,187.575,396.655,253.448,369.437,83.2174,90.841,44.7532,51.1888,169.83,40.8625,266.718,235.367,324.067,431.906,183.144,326.046,322.119,283.004,71.6611,33.729,23.2203,19.9082,31.2276,64.3071,243.219,190.873,376.702,142.264,271.145,67.039,37.6562,38.1473,29.5248,48.0869,84.2335,71.0488,114.376,105.418,245.539,88.579,182.853,147.779,104.791,33.1283,48.4253,93.6197,80.5245,242.058,175.524,398.651,262.803,166.677,196.234,148.113,103.393,29.7099,36.5297,19.7145,20.3415,22.9093,71.8424,70.9203,278.433,159.377,124.151,63.0487,54.2237,40.2452,17.0817,17.2394,22.6927,20.7841,283.11,330.266,301.96,305.523,156.414,156.153,157.884,154.222,161.129,162.732,163.711,165.757,173.781,173.891,172.737,179.844,185.265,185.507,187.11,184.495,185.67,182.161,190.044,188.286,185.992,187.556,196.198,194.701,194.983,199.075,203.199,203.874,203.48,203.533,208.649,207.064,268.379,215.197,252.37,265.936,277.49,278.791,277.821,331.743,326.915,215.443,205.065,207.351,219.334,212.925,215.094,220.405,222.967,227.758,224.775,293.296,311.043,253.686,262.035,255.18,251.793,313.234,282.997,267.107,250.153,243.36,268.864,263.735,275.757,261.667,309.177,306.544,255.973,273.803,278.221,278.776,269.894,267.105,277.578,272.382,274.049,289.091,182.642,188.406,200.836
37,107.972,91.6582,313.302,108.128,158.407,152.395,279.075,107.689,203.661,93.9366,163.408,179.146,332.05,171.923,140.215,96.5781,179.252,264.433,58.7747,36.5,18.0356,25.453,59.2967,72.5426,726.284,186.883,126.379,170.651,109.946,50.1855,47.2217,24.5319,60.6563,78.1746,115.742,133.721,142.993,143.402,171.157,121.63,113.259,145.539,94.394,47.87,51.0335,171.915,132.593,226.922,326.603,118.085,539.175,220.41,72.4638,45.4102,33.5999,28.5541,24.1292,27.0081,38.0599,206.475,206.294,228.434,625.597,206.76,173.092,257.607,90.5979,26.5349,19.263,20.7813,19.6554,115.785,52.2851,214.341,64.7025,148.243,201.875,76.5993,50.6721,41.7002,21.8973,50.1712,40.7462,99.643,106.569,68.4798,286.045,102.339,128.019,151.979,56.0357,26.6547,13.3056,12.5517,31.8576,50.7193,55.7288,195.838,390.347,461.845,405.711,105.355,47.1045,26.1618,52.0502,102.99,252.224,560.141,305.607,125.761,125.95,63.0066,128.275,43.9865,25.1104,17.4194,31.4946,40.2253,33.0365,83.9829,185.029,108.064,256.852,241.568,87.4464,87.3555,113.73,30.9289,23.9054,49.1685,82.7564,274.31,179.01,221.186,133.885,304.636,178.359,162.438,56.2516,40.9196,28.9442,24.9676,27.6257,67.7728,122.346,66.7615,250.915,213.92,71.688,279.361,256.274,56.1874,29.0969,33.5883,44.0051,225.618,166.634,187.653,227.636,137.351,95.5484,51.0526,32.0087,33.3642,32.4942,44.5548,21.2126,73.9908,215.378,90.8242,232.14,134.126,322.314,108.902,257.189,38.9422,28.2492,42.4034,260.269,55.4171,170.89,366.209,232.87,448.742,105.378,105.714,52.1927,55.7036,169.647,42.9982,232.146,212.558,330.427,519.66,215.976,312.207,249.689,295.286,75.2971,44.3522,25.3097,23.6435,25.2779,65.6809,203.083,191.431,316.817,152.466,230.589,71.4285,41.7372,31.0374,28.0267,49.2316,87.9356,64.2892,108.35,122.973,240.076,64.0239,134.358,167.721,114.741,37.1672,51.5884,60.427,52.0332,177.378,177.707,382.871,270.613,154.367,242.871,117.933,84.5499,34.2296,40.4902,19.7649,24.049,22.9617,101.739,54.8255,285.665,154.641,120.813,52.7115,69.1581,38.6403,17.1075,20.8783,21.2168,23.3782,282.457,330.21,303.682,301.538,159.224,157.497,161.705,157.947,163.052,163.604,164.479,168.871,170.22,174.84,173.4,181.33,185.909,183.055,182.665,188.086,191.73,189.028,186.339,186.9,188.923,193.153,195.764,193.601,198.438,200.954,199.585,205.692,201.253,197.895,205.088,205.741,267.441,212.529,249.986,266.148,281.686,281.412,279.758,328.565,328.37,213.779,208.627,211.121,218.515,212.35,218.043,221.348,223.232,229.692,219.502,296.967,309.672,256.855,264.548,256.121,256.039,312.539,282.104,268.46,248.934,237.915,268.343,266.451,275.696,263.992,308.944,306.327,250.959,274.273,275.444,277.355,271.343,268.01,276.945,271.021,270.786,286.676,186.09,189.733,207.653
38,113.615,90.0395,284.756,110.203,197.153,165.622,298.45,73.8437,202.931,88.1377,171.242,187.292,306.657,168.982,111.706,91.3439,151.404,243.876,55.7789,41.4651,18.6067,23.382,51.1056,80.9027,709.662,197.059,90.403,206.496,113.216,68.7891,54.6097,25.5765,64.169,63.013,130.466,126.099,178.449,142.595,185.566,132.202,108.052,145.547,80.2847,36.3989,53.8222,172.631,96.2748,262.552,354.46,139.569,446.551,175.245,70.7015,39.4481,29.8913,29.6604,21.6923,27.1262,43.368,202.316,206.818,318,539.574,192.401,190.693,284.935,115.712,29.0206,24.2164,19.5116,19.4178,103.093,45.67,144.555,55.6196,173.203,164.963,72.4714,50.0665,33.0503,23.2158,47.1588,33.4458,109.054,111.379,62.8628,352.004,83.9555,144.839,178.348,55.8328,26.1654,16.7952,14.846,26.1449,57.7398,49.8641,216.448,521.009,537.267,442.737,105.75,44.9041,34.949,66.9866,101.753,228.936,413.556,355.738,127.652,123.545,56.4778,144.792,32.5254,23.66,18.3347,25.6788,37.3756,29.5516,67.276,239.626,102.694,223.556,266.119,76.0376,69.5138,135.637,37.177,24.3427,56.2384,65.0588,321.976,166.684,224.28,133.912,317.765,154.359,163.23,66.3509,44.3066,31.2116,19.0793,25.0076,59.1093,107.015,71.8242,212.439,220.401,69.5865,321.523,272.315,50.053,29.8062,39.9801,38.1393,197.999,176.337,190.751,267.306,150.337,78.3477,43.6931,28.607,38.5467,33.4641,40.1393,23.5137,69.7498,219.513,99.541,193.223,151.003,353.179,152.23,229.646,43.6537,29.4334,47.9551,248.131,58.5395,172.41,341.786,270.929,356.634,83.7322,118.483,45.0496,43.6016,140.963,58.8928,301.746,255.952,296.117,452.515,261.681,293.844,341.36,304.262,78.9641,44.7085,25.7249,24.3563,25.1913,55.1258,242.222,165.278,360.058,138.178,220.739,67.9829,37.6483,39.8927,30.199,50.6238,94.5691,66.9055,117.522,105.988,273.374,64.0899,128.81,115.635,130.205,36.7126,48.6985,93.8354,63.6638,225.466,157.654,313.786,295.704,188.04,237.295,155.893,104.192,37.3407,40.2219,25.3164,21.6484,21.9245,98.6881,74.8152,258.024,153.669,107.771,65.9204,60.5557,35.5959,17.3035,22.3196,22.8739,20.5139,285.919,330.067,298.68,298.985,156.454,157.97,160.25,160.105,164.543,160.712,165.012,167.766,167.152,170.283,174.841,181.462,184.399,185.425,186.337,188.126,185.659,188.169,184.293,190.457,188.969,194.434,200,199.092,196.831,199.491,198.815,200.654,199.601,205.425,203.833,211.235,268.159,213.732,252.977,271.321,277.611,280.031,276.575,327.59,326.502,213.313,206.396,213.585,213.521,219.103,218.351,222.407,225.641,226.333,224.894,298.508,314.908,255.003,263.417,257.042,254.346,313.228,282.804,266.365,248.885,242.158,269.814,266.867,276.115,265.926,305.817,309.164,250.412,277.66,273.537,277.307,268.002,269.829,276.103,270.944,270.064,292.443,184.717,188.559,201.374
39,122.913,70.3919,279.626,98.8364,181.006,158.447,312.407,96.2413,199.942,95.843,142.597,191.239,298.318,179.183,145.359,111.223,211.133,225.112,55.737,31.9181,20.5458,21.2316,59.8781,78.1483,663.891,197.141,148.101,197.648,137.661,59.0112,54.6095,26.2033,64.0821,68.5687,122.998,133.523,184.287,160.117,158.799,127.501,134.052,150.794,83.5016,41.2462,61.5742,179.511,122.679,246.728,295.448,101.748,439.211,194.468,76.4244,39.763,30.6053,33.0496,20.143,22.7214,43.238,229.305,209.143,273.9,593.223,164.606,184.197,269.748,119.504,33.5624,20.1787,20.749,22.6861,94.7636,47.7316,197.991,67.0679,145.179,151.876,76.0017,39.9942,41.2765,26.9976,53.0833,38.2679,93.1166,114.834,66.5427,362.992,119.814,137.47,195.683,62.5587,25.4858,14.1628,17.1487,30.7555,42.1713,59.2416,193.322,386.416,607.48,407.858,123.154,46.0653,31.6137,70.2502,104.787,227.397,541.798,324.291,112.493,131.74,56.6621,130.788,31.3004,19.9988,19.8226,30.7516,39.5402,34.8309,61.2876,199.509,99.8865,163.965,228.184,92.1169,76.8164,129.21,28.2773,26.7653,57.585,77.2254,290.743,140.905,198.886,150.342,319.119,203.557,187.372,54.1147,47.0159,27.0221,25.3041,32.8713,64.5539,122.336,73.1182,221.082,257.12,71.5857,266.787,256.468,53.2071,29.3308,35.2869,45.2014,202.282,178.201,175.829,228.95,152.356,72.7157,47.2511,33.0307,36.1605,30.1269,36.4807,23.168,59.6986,214.369,94.9927,200.655,153.485,293.456,115.181,199.063,44.9831,34.6758,47.3627,224.561,62.7308,187.409,346.778,238.111,355.93,80.1318,99.5065,46.4031,43.3678,129.524,45.0177,296.026,246.178,303.331,523.564,242.399,270.423,259.661,309.351,74.2495,46.6833,21.3783,20.2679,31.4772,58.7397,211.571,170.934,275.724,157.037,270.44,77.0238,35.7359,34.2877,33.7106,54.3937,70.2747,60.5,110.253,130.505,250.932,77.6921,134.911,144.267,114.962,32.2045,58.8316,74.7796,71.2398,182.738,184.937,385.017,274.198,155.257,215.291,123.809,96.0441,31.4228,48.1647,21.8134,20.8188,26.077,91.6451,76.392,211.316,156.409,99.2647,62.014,58.2687,38.5263,19.6967,15.4148,19.6362,21.0794,282.237,329.027,303.585,302.328,159.955,156.463,162.479,158.904,165.058,163.262,165.178,165.953,171.988,173.267,175.935,178.945,185.784,181.611,179.754,184.205,187.857,187.005,187.368,190.19,185.716,189.63,198.684,199.992,201.665,200.972,199.726,201.258,200.493,206.38,205.417,212.556,272.409,214.961,248.962,270.285,282.542,279.754,279.949,325.807,327.829,212.244,207.551,212.079,218.343,216.842,218.113,223.804,223.447,220.519,224.998,301.973,307.901,253.408,264.99,258.113,253.214,313.577,280.899,265.719,247.231,240.541,268.387,266.84,279.094,265.631,308.365,308.795,251.653,275.171,275.894,278.855,272.791,265.035,274.664,268.446,271.143,294.326,187.774,185.155,196.17
40,123.709,91.5039,250.357,115.057,176.273,135.954,355.334,105.753,180.772,79.1479,158.324,199.601,277.335,172.719,107.371,106.689,178.588,196.592,55.9564,37.3072,19.4031,25.0423,51.2582,68.3259,690.96,232.692,105.369,204.92,105.683,48.1585,46.3892,22.8115,64.0349,61.9483,110.787,122.185,163.893,136.381,166.34,142.362,128.592,133.375,88.8241,34.3538,54.5208,205.547,108.75,258.219,369.866,115.009,543.181,206.703,76.0496,38.481,29.9235,27.2472,25.7113,26.5453,40.4255,201.053,154.232,352.903,649.457,163.458,172.032,306.082,126.999,31.6299,17.9066,17.7846,19.5389,99.2354,45.3211,188.849,62.2013,141.124,165.77,69.5243,43.5416,45.7399,27.2322,48.6214,47.4478,119.48,112.663,73.2189,344.863,109.745,147.244,212.629,60.119,26.5157,12.9499,14.3615,33.0726,52.0491,56.8698,220.504,366.056,435.161,486.824,115.021,45.9518,29.7531,63.7808,95.4675,210.711,455.762,310.436,94.4543,137.189,68.374,116.422,42.1413,23.1099,17.759,27.718,40.1207,33.1163,73.6778,208.318,118.186,242.739,229.169,90.7139,81.3287,101.028,26.9307,27.4037,66.1597,78.9376,264.031,154.86,269.367,139.711,291.338,186.522,172.052,61.0834,43.2341,27.1935,18.3317,28.5296,63.9247,112.071,73.5438,287.519,214.725,72.1887,314.398,204.947,50.7329,21.9272,38.8976,51.384,255.411,146.164,187.164,216.348,145.492,71.3329,49.2845,30.5443,46.0649,29.396,35.6275,19.6668,78.1241,181.068,96.2131,214.291,154.792,288.907,128.185,182.748,47.9557,31.02,37.4432,276.624,61.2307,205.816,386.866,185.656,376.416,71.5614,104.01,51.9836,50.5844,133.716,35.4734,233.639,214.324,307.452,552.763,227.719,312.991,340.359,290.157,78.0922,36.6387,20.6201,21.1894,30.7067,61.4277,213.982,183.115,315.132,132.086,237.911,64.6032,33.597,34.4716,37.6779,49.7775,98.3891,56.4932,106.287,96.7838,254.197,85.2864,143.001,145.355,117.281,31.6818,58.5579,90.2832,82.7731,222.232,183.187,430.055,267.279,175.879,254.08,137.99,92.8897,35.9586,40.0463,21.9104,20.7599,20.0793,85.9302,72.0594,321.967,138.837,129.668,65.2761,56.359,36.4901,17.7224,18.5578,19.177,19.3298,282.311,324.94,298.144,306.941,156.721,159.01,161.644,156.205,160.713,165.388,164.305,163.585,170.424,171.572,176.809,182.244,183.388,185.59,186.319,183.405,185.724,186.897,186.361,190.42,189.444,193.841,199.302,197.504,198.945,200.685,204.408,201.244,204.854,201.066,204.13,205.167,268.706,214.615,245.732,266.996,279.908,281.562,282.121,329.226,325.051,209.973,203.886,210.616,213.29,219.86,217.478,225.204,223.524,224.078,222.622,300.053,311.952,249.644,264.02,255.083,252.841,310.259,275.919,264.888,246.567,237.747,263.891,263.976,277.897,267.168,306.229,308.923,251.459,274.475,278.373,275.061,270.732,266.765,279.02,266.745,271.401,293.73,188.564,187.204,202.803
41,128.963,81.6918,246.778,95.9944,194.831,167.845,238.475,96.7489,185.334,102.372,172.816,157.165,295.698,171.05,127.223,87.4399,208.681,232.642,58.7436,33.1998,19.8557,26.018,52.6026,65.529,672.941,195.171,157.342,211.741,123.682,51.0456,48.0599,25.5017,66.5593,72.0845,136.783,134.751,188.098,150.406,165.371,127.449,139.476,141.987,81.0983,39.9561,55.1534,154.89,105.665,272.022,334.592,122.727,500.777,244.087,68.1673,41.2647,31.8589,25.3211,21.7972,29.9327,50.964,199.019,233.252,277.886,582.209,160.879,194.598,198.311,97.1461,29.205,20.2902,18.655,18.6795,108.318,37.5517,197.627,66.782,148.189,174.181,69.2775,50.4352,34.295,22.7273,57.3128,39.199,91.9474,116.537,77.4442,349.528,118.455,107.002,205.585,57.9015,25.0148,13.7791,11.7299,36.3365,51.5055,53.3593,246.88,406.379,524.88,414.337,133.225,43.2522,28.6182,64.9664,98.6535,186.612,397.002,328.728,127.142,114.199,57.2114,142.121,32.4738,26.1753,20.1408,25.2357,38.0261,41.4533,91.5865,217.852,104.745,239.204,207.722,86.4618,74.577,97.9653,39.8235,24.7308,63.2921,94.6714,264.429,133.07,219.999,137.409,290.083,191.868,147.637,52.4903,33.8104,26.8618,25.5343,27.6415,64.0241,116.58,56.957,233.686,261.968,73.2715,297.923,242.753,60.4206,30.1107,31.4953,51.8636,229.97,141.681,182.948,251.622,160.554,88.0743,49.3309,30.4252,27.1974,34.7449,25.969,20.015,67.5561,187.642,83.3995,168.483,157.007,351.339,133.331,210.034,43.828,33.0526,34.5847,245.762,62.1234,184.019,327.454,192.233,353.568,71.5688,102.169,53.312,53.0333,152.585,42.0954,287.075,232.742,245.871,478.393,215.517,284.505,296.572,323.573,78.3422,29.9689,25.6227,25.641,31.0847,53.2458,245.48,215.622,291.766,140.026,266.366,61.864,37.1242,38.3049,34.2592,47.1726,79.3824,63.7717,107.489,97.2564,193.351,84.0511,184.036,133.375,120.467,33.6128,47.6738,92.2543,61.0776,211.611,210.513,358.901,298.928,164.852,231.405,119.813,80.7813,37.5177,43.3962,25.4279,22.3393,20.343,88.6729,82.4518,299.79,148.876,114.179,59.5313,62.0332,32.9197,19.768,19.1383,21.8131,17.4626,286.227,327.581,305.479,299.822,153.402,158.014,159.482,160.875,161.299,161.937,163.704,162.094,169.165,175.1,175.335,180.708,184.735,182.57,184.429,187.468,185.754,189.191,186.514,191.72,187.582,191.398,198.022,199.592,196.673,197.641,202.279,202.597,200.954,202.87,205.96,206.245,270.997,211.335,245.924,267.401,277.43,278.532,277.932,325.487,327.964,213.268,209.93,208.625,216.996,215.451,219.607,223.382,224.985,228.167,222.255,295.388,314.669,251.709,266.042,256.148,257.224,313.398,282.001,266.522,250.253,242.585,268.471,269.375,275.443,264.002,308.672,306.082,248.204,271.775,280.102,275.038,270.726,272.8,276.651,271.005,270.76,289.656,183.576,187.697,202.154
42,125.952,77.8975,255.276,104.142,167.495,117.509,267.938,96.3725,229.279,95.8341,157.177,188.733,283.284,157.756,119.945,106.204,202.179,207.728,57.4295,30.042,19.8551,25.9526,47.2753,77.0888,700.613,216.062,127.853,186.399,114.39,62.1661,50.7397,23.4275,57.2163,65.9923,139.63,132.276,142.15,147.793,214.945,126.243,106.956,136.343,78.4182,39.1857,56.3121,137.171,140.659,291.954,400.507,105.675,484.5,216.932,70.5132,44.6494,35.1464,27.8408,24.684,29.7424,40.6293,213.21,170.962,287.698,515.049,179.572,204.727,196.302,108.02,36.6872,22.4547,19.6608,18.0771,86.1498,45.6957,183.444,57.987,177.245,173.32,59.5846,38.4387,32.4738,25.591,47.8339,44.6779,128.046,104.577,64.515,383.599,111.169,137.093,196.471,56.5242,24.9124,14.4782,16.9766,37.2192,50.3265,43.6443,225.269,385.086,478.443,413.484,111.608,50.2918,24.3236,60.7371,103.481,232.091,363.971,266.334,114.681,114.31,72.4213,142.404,31.2633,25.1943,20.753,26.3462,42.1395,37.8839,69.66,191.781,92.3837,211.671,248.84,105.82,81.0511,117.816,33.5676,25.2761,57.5924,61.2481,300.843,146.936,255.884,148.098,324.854,207.908,181.156,53.9785,37.9167,28.3441,25.8142,28.2978,63.5616,106.977,75.1888,239.062,241.623,63.38,223.354,237.559,59.7534,27.3315,34.026,53.8206,239.31,160.402,165.559,231.992,181.799,88.578,47.6062,29.9937,37.3281,32.576,40.7733,24.0476,70.7926,194.167,95.4706,181.617,161.314,269.292,133.582,175.011,46.2103,27.2627,43.4229,238.466,61.5213,152.936,397.721,259.001,333.327,105.832,104.899,48.5435,52.0693,147.183,46.6162,290.549,226.305,333.057,469.342,198.729,355.769,316.594,324.941,86.6541,35.4454,25.8494,26.4477,27.002,60.6443,258.465,172.544,335.184,124.801,238.305,63.2755,43.9063,42.2109,31.8907,42.1694,86.6652,65.2317,112.098,115.287,304.158,83.8878,159.454,111.508,112.283,35.628,45.3039,81.0174,73.1276,193.29,183.411,343.186,312.256,155.423,198.921,137.006,76.9864,35.8188,47.3697,18.6908,22.7552,23.8385,83.9827,61.9267,293.628,183.903,109.393,56.4331,56.7886,41.5588,18.1893,20.6752,22.3316,26.7663,283.431,328.902,303.299,302.489,157.793,162.19,159.343,159.394,161.294,166.666,165.444,163.772,167.733,166.601,176.527,186.058,185.986,182.818,182.992,189.239,190.369,187.313,188.127,188.005,186.287,185.353,198.56,196.328,196.477,199.756,199.806,202.219,201.169,200.159,204.977,207.541,268.781,208.711,251.634,265.465,278.246,278.624,279.741,334.716,327.438,217.448,211.741,211.997,216.516,214.97,214.835,223.581,220.87,226.156,223.336,296.151,311.005,254.833,263.094,256.519,257.081,313.05,284.159,268.445,251.86,236.45,268.065,266.142,274.639,263.797,304.154,305.025,252.865,273.87,276.729,274.043,268.003,272.771,276.106,272.566,272.747,294.478,188.662,190.063,198.928
43,116.472,95.9589,251.22,106.004,172.496,148.573,323.409,95.1511,210.501,103.514,173.239,174.669,280.051,161.606,125.02,107.623,166.693,256.843,69.6623,38.4563,19.0901,20.995,41.4086,86.523,697.557,162.129,134.813,180.886,117.9,53.0534,55.3619,20.7389,58.9217,63.7771,126.018,120.891,173.472,158.259,212.384,121.347,127.395,158.762,78.581,47.3114,55.3436,172.532,115.733,234.513,329.652,130.77,508.268,201.458,65.787,37.4875,33.0775,24.9615,25.7275,23.3944,46.8243,193.449,172.4,284.787,729.095,159.79,168.144,265.074,119.375,32.647,26.3462,20.5834,16.4106,99.5346,44.545,230.835,60.923,173.111,163.967,68.3315,41.8614,44.9649,27.6324,54.5195,39.0192,109.122,115.301,66.8484,330.651,107.687,149.303,206.374,55.3092,30.6345,15.5023,13.111,25.77,43.2808,49.8887,211.28,383.797,460.481,461.065,117.959,41.8993,27.6679,64.3689,93.5521,250.455,345.958,311.21,123.939,121.766,68.4466,102.672,32.273,24.8522,21.1959,30.6055,42.34,37.4345,72.5341,192.554,102.375,222.889,266.275,92.8275,72.7706,98.4265,27.6581,28.1886,51.9143,75.2993,332.431,185.079,256.47,125.798,324.571,160.498,181.333,57.5231,38.8035,30.2554,23.5635,27.0084,61.2715,91.8092,72.1025,283.688,278.015,69.4496,275.787,280.836,56.7836,34.5483,38.4453,46.984,173.102,172.643,193.033,254.364,154.82,73.1157,54.8584,23.4955,38.2299,38.7268,36.441,25.9374,68.6446,183.138,94.595,177.431,137.415,308.473,145.416,184.92,38.5777,28.6551,38.6318,261.727,57.8441,199.737,419.622,213.625,389.707,80.0959,90.9807,46.6976,50.8903,127.256,50.4744,290.841,177.029,324.773,559.78,203.034,254.373,297.558,312.005,84.5325,40.9553,18.6828,26.1078,28.6145,50.4785,249.572,161.771,336.717,132.122,262.504,71.9163,48.7356,34.0045,33.7361,45.4603,92.6233,79.4338,104.267,110.644,237.732,55.1682,165.531,147.691,120.642,37.7061,48.5183,68.6273,66.6874,226.338,187.64,426.651,269.09,157.892,251.25,139.99,87.8245,30.3289,41.3558,22.304,24.8137,16.149,70.5437,73.5638,304.082,135.117,110.984,59.0294,52.0741,36.7438,17.455,20.4059,20.8054,17.8958,283.923,322.471,301.359,304.141,157.168,160.702,165.159,158.086,164.459,166.562,163.789,166.01,172.695,173.182,176.555,180.519,187.359,187.646,183.242,188.024,183.745,186.908,186.94,190.524,186.742,196.07,193.963,198.044,197.922,199.55,203.748,202.887,201.253,198.946,203.116,206.556,271.239,213.439,250.519,268.101,281.756,277.599,280.258,329.113,322.719,213.558,208.862,210.948,215.631,217.022,217.677,220.267,224.685,225.864,225.14,295.477,308.966,255.998,261.949,256.213,251.675,314.374,281.065,265.805,249.36,240.403,264.058,263.802,274.378,265.308,305.918,309.586,250.755,276.015,276.868,273.652,271.8,269.271,275.593,272.921,269.013,288.572,188.56,189.082,198.215
44,140.51,60.9375,222.917,93.5302,173.167,133.364,280.864,99.2958,170.822,85.6996,146.21,213.215,375.416,160.127,127.156,102.807,215.473,225.298,53.1329,31.0837,18.119,24.184,51.8094,82.6544,733.751,188.424,125.448,181.948,106.363,55.7229,54.2474,24.2378,67.2863,60.058,139.694,132.256,145.587,162.143,206.379,142.14,140.944,159.306,81.9878,35.0356,48.4712,138.442,103.958,242.561,320.55,137.865,482.193,185.284,69.0645,44.2838,32.3765,25.2943,25.6337,24.0727,39.3636,209.203,146.35,285.175,593.978,178.041,175.872,236.145,107.853,26.1929,19.9272,20.0967,17.05,104.783,43.0182,230.474,63.2129,168.022,173.071,70.3983,47.1296,35.7856,27.4496,49.806,48.1954,100.448,101.632,73.6777,325.499,100.4,136.682,183.941,62.4572,28.117,17.7094,13.6165,29.5151,52.4068,57.5189,194.335,474.717,509.497,436.114,110.591,43.3612,27.9477,57.384,94.1897,200.886,502.125,230.09,126.544,111.512,66.6221,96.3928,33.5514,23.8523,19.4701,31.1337,36.4005,31.8767,79.722,205.651,110.068,276.334,208.825,78.3631,69.2265,112.023,36.6685,25.3445,49.0863,83.229,317.108,155.116,209.245,114.156,330.866,182.721,166.188,58.4125,40.3072,25.6054,22.9194,29.1356,56.3547,89.2564,65.9489,258.564,232.101,55.4275,296.549,271.151,59.8327,27.316,35.6107,56.9882,194.619,173.631,180.86,293.751,136.599,79.6313,47.3286,34.0848,37.2069,36.3742,39.9813,18.2695,64.6994,204.774,106.434,195.095,138.908,347.905,155.257,180.303,37.7043,31.4514,38.4561,275.383,61.1436,169.015,328.885,201.359,365.81,90.6664,111.341,52.6525,50.2215,154.41,46.8878,315.037,238.924,275.166,562.235,222.111,303.773,315.925,306.266,70.3056,35.3069,18.1593,27.3796,30.4845,62.4099,241.239,159.949,311.246,140.809,221.73,77.5883,38.7185,33.4457,32.7047,52.1634,98.0504,77.6534,102.948,108.169,229.876,63.0782,157.207,144.323,129.351,31.8846,47.5836,79.1718,69.3405,207.074,203.233,408.353,249,138.635,274.97,147.803,90.2899,41.068,50.0675,19.8426,23.7919,25.5178,92.725,70.8741,392.187,151.042,105.42,61.8319,62.7263,42.698,20.624,18.1759,24.2541,21.675,284.18,328.647,299.264,302.986,158.463,158.011,159.779,158.408,160.447,160.795,161.801,166.436,172.079,171.054,172.401,180.806,184.697,184.241,188.042,186.692,192.152,186.052,188.017,187.881,186.265,190.279,196.978,195.554,194.602,197.716,202.348,204.081,202.533,199.82,206.617,204.966,269.851,211.994,249.21,270.989,275.84,281.278,278.779,328.576,326.053,213.115,209.107,212.825,214.032,214.668,215.744,221.487,225.592,223.017,222.766,295.853,310.049,255.055,262.721,252.97,254.586,312.679,283.373,262.867,248.806,237.01,266.528,266.952,273.755,260.666,305.774,307.812,251.748,275.794,276.906,276.303,270.499,270.139,275.476,269.568,272.461,290.657,185.74,187.335,198.296
45,135.008,84.094,290.818,100.487,187.562,123.618,263.431,98.8504,180.548,110.476,171.673,210.926,276.962,182.18,131.392,100.912,199.16,239.205,57.1232,35.3456,21.8643,22.8595,63.3167,80.288,696.414,208.735,114.659,190.156,130.337,54.1741,52.4554,25.0152,68.9405,66.4886,114.754,133.891,174.539,148.639,202.752,132.757,137.472,165.604,76.5097,47.0965,53.3145,163.619,112.347,266.142,357.917,135.382,645.917,190.581,75.8319,40.7793,34.2786,23.977,18.3453,25.4789,39.6899,221.271,168.304,329.786,601.481,221.638,177.858,293.304,115.931,23.8433,22.583,18.6489,17.7686,122.132,40.7468,188.971,65.5908,159.331,181.378,76.81,47.789,31.5797,28.5786,48.7857,40.4607,113.61,112.264,69.7514,298.188,104.941,123.973,209.205,64.8524,25.6902,13.5931,14.9792,31.6925,54.1465,46.9408,184.856,455.731,498.395,446.743,103.869,35.1166,28.6239,71.9414,111.893,228.735,429.542,322.948,116.55,114.619,59.9337,132.275,43.0201,21.9121,19.8575,26.7955,37.4227,33.1396,80.6265,206.422,116.727,238.208,230.819,86.6197,75.9076,114.041,35.0213,26.0105,48.2802,79.0216,265.853,169.539,207.148,144.468,342.18,192.003,157.468,49.9589,43.8684,25.7176,24.4723,28.4347,63.354,92.2318,64.5415,281.748,275.866,74.2977,248.542,292.523,57.7869,35.7166,37.3497,48.7471,166.015,135.918,189.201,201.309,178.687,84.8007,48.7657,23.4977,37.4173,30.221,34.9237,18.9451,69.1394,220.665,92.1276,158.452,146.371,323.875,119.27,209.834,42.7177,32.2956,39.6195,249.663,57.8566,174.565,347.698,223.248,331.99,90.1709,104.569,49.5449,48.5461,164.11,46.1614,227.702,252.519,271.307,458.391,196.711,308.897,328.334,273.338,84.8038,36.9298,22.1136,26.6763,24.0467,46.7888,215.547,222.047,332.402,122.837,215.848,74.0624,43.401,30.1109,25.1847,53.3146,81.1549,72.498,109.194,107.608,267.519,75.7613,174.134,153.162,103.406,37.5386,44.2897,84.1985,90.3719,153.836,178.888,374.663,260.003,145.642,266.824,140.715,83.2719,30.197,48.8273,19.52,23.5956,26.9718,81.9519,92.8602,321.465,160.395,120.677,72.3225,55.2395,41.1913,18.8767,20.0131,20.1076,20.6576,283.315,329.983,303.634,300.247,157.111,157.036,159.845,161.331,163.818,165.558,167.748,167.9,170.221,174.63,169.896,179.659,185.641,183.343,181.942,185.483,183.165,187.22,187.211,188.677,188.249,192.826,195.722,196.494,195.834,200.002,204.382,204.096,198.351,201.644,201.625,203.53,267.906,216.857,248.336,265.216,278.793,278.11,280.597,329.312,326.226,209.702,205.68,211.165,213.935,215.91,218.898,222.435,225.239,222.626,222.634,297.776,307.775,257.315,259.944,256.916,254.499,314.652,280.897,265.039,248.365,240.011,268.532,268.364,274.932,263.949,308.578,308.618,251.046,277.472,281.15,275.867,274.796,271.862,275.748,270.768,269.098,286.67,188.313,192.548,201.172
46,136.942,84.1657,294.757,83.608,179.473,180.606,240.229,115.651,198.64,96.1167,136.297,211.927,313.567,156.462,114.761,109.986,186.701,247.213,61.8565,40.3119,21.2045,20.7414,55.0048,70.633,669.956,179.159,144.014,189.77,122.987,56.7425,50.7468,22.6245,55.4647,58.9023,126.222,121.217,153.98,154.358,178.455,138.496,110.791,161.083,69.3445,46.8342,55.6426,183.187,109.314,249.387,279.239,118.123,541.213,159.119,69.6587,45.68,30.7986,28.4189,24.9465,28.7283,41.2749,206.644,179.082,307.183,636.181,217.377,189.299,288.738,107.679,32.445,21.6006,19.9139,19.2934,103.345,44.2636,215.466,52.1266,133.669,166.227,70.0267,51.2128,43.6138,27.8172,48.497,42.6902,115.917,111.35,76.3352,289.953,131.396,131.567,184.828,57.8408,31.8497,14.2591,16.237,28.3588,47.2291,54.5305,231.588,372.034,495.716,379.536,134.04,53.9228,27.8599,61.5213,83.4951,196.849,428.392,286.848,120.757,137.482,58.3631,117.417,42.331,20.4873,23.8995,31.746,40.662,32.2404,80.0002,232.358,116.093,219.541,248.883,91.5404,96.367,106.419,32.9158,25.7132,57.1387,84.772,310.49,139.789,252.347,132.142,336.26,170.886,174.941,55.3511,35.3609,24.0188,25.7804,28.8546,75.2026,114.455,72.3898,225.772,269.628,81.566,299.311,284.297,54.5131,24.9215,29.5103,58.1743,200.469,173.899,224.107,279.12,149.955,97.3302,52.2081,39.8962,43.2558,37.5015,44.1949,20.9669,73.8314,187.389,104.303,213.602,132.763,274.133,142.657,217.024,37.9544,27.0069,39.3824,278.593,59.7694,143.007,340.97,234.376,348.621,95.6994,105.794,37.8845,54.4292,124.46,52.1118,248.445,218.354,346.075,500.923,265.921,305.607,294.582,275.643,95.5034,33.4203,26.5889,25.7877,30.7207,60.3286,247.033,213.543,342.811,150.467,278.142,66.1398,40.5005,31.0507,31.9187,48.8399,83.9644,71.5128,101.124,85.8978,268.372,65.5256,177.957,128.761,92.9321,29.2288,47.1719,76.9192,69.1932,207.554,201.471,293.97,291.979,168.668,231.687,142.823,85.4334,40.9422,42.4469,17.7264,23.0268,22.656,93.4497,65.5242,227.768,170.67,110.814,68.8827,46.6016,40.6144,17.0055,15.7813,21.4132,21.5907,282.887,329.013,301.863,300.905,155.243,152.902,157.457,163.147,160.752,165.932,162.913,162.974,175.889,172.16,175.263,183.572,184.625,182.852,186.231,184.692,189.642,186.405,188.281,188.994,188.65,188.792,199.982,197.038,198.124,198.526,202.851,204.116,199.574,199.201,201.139,201.899,266.957,214.415,250.278,267.853,277.646,278.364,279.948,330.189,324.658,214.129,207.582,210.856,212.781,217.778,217.241,219.389,223.838,225.674,225.396,295.225,309.849,251.481,262.129,262.152,254.158,312.49,280.396,267.443,247.302,240.768,266.948,263.345,275.293,263.46,303.768,307.624,249.566,273.901,274.629,274.899,269.167,269.874,275.614,272.93,269.133,287.023,187.442,191.721,200.692
47,129.626,84.6846,300.814,84.8416,161.563,114.546,294.455,106.659,228.743,100.506,178.194,211.882,304.534,151.576,147.309,105.25,179.072,203.63,62.7464,30.9903,19.5824,25.6812,54.6891,85.3189,614.415,181.522,132.216,184.494,138.1,60.1174,59.2492,24.4932,62.3504,72.4841,123.045,158.045,167.493,171.586,197.654,138.489,112.736,124.73,82.1515,36.218,56.279,180.483,113.214,238.42,348.405,116.312,526.357,207.765,66.1668,38.7317,27.146,26.7272,23.5973,25.9848,43.3934,221.97,190.775,326.08,462.429,192.848,189.024,310.502,111.579,33.9143,23.9931,21.953,17.6838,88.0535,36.16,181.764,58.8338,173.853,212.154,72.7009,36.2089,40.4569,30.2997,50.9483,38.6342,120.748,115.616,62.2179,319.381,105.785,133.203,187.89,64.8815,26.3174,16.1936,14.4932,33.9559,43.4959,59.1428,209.335,387.438,494.715,380.304,126.702,45.1181,27.9411,53.1637,80.3347,220.884,620.352,299.261,120.042,127.742,72.2133,113.167,38.6761,25.4851,21.5518,31.2411,46.3791,32.9713,68.1729,214.079,109.353,229.131,215.57,83.0965,62.7577,108.37,30.9528,26.0919,51.3488,78.8878,286.238,193.807,207.612,123.657,323.002,185.4,183.824,48.7153,34.4374,27.8038,18.667,33.8693,57.589,91.9178,73.9,231.67,198.492,61.8266,282.966,238.639,52.6465,20.1975,31.4877,53.6927,245.512,148.593,173.524,282.807,142.746,91.8828,47.8188,33.4079,34.825,34.672,35.2568,19.6078,64.2368,217.524,98.5182,193.547,118.655,331.705,136.282,218.879,44.9717,35.5342,40.2165,232.133,64.1394,188.13,381.534,228.977,382.365,83.7059,106.772,48.6696,52.7131,154.372,45.414,191.555,260.016,275.472,451.383,249.392,257.196,298.727,248.506,83.0884,37.2649,26.9171,25.907,36.6772,54.3161,253.4,184.739,342.696,115.212,232.66,68.7766,38.1502,32.7816,38.1072,50.8067,75.5057,60.4589,119.231,108.745,270.436,70.8587,150.902,149.106,120.172,28.8994,57.9379,54.9233,68.026,187.285,189.2,352.236,298.012,159.347,220.568,142.594,86.8009,30.9133,43.119,18.7148,23.1598,20.4452,83.5054,73.13,303.237,121.566,113.334,78.0277,53.2948,39.383,19.3116,19.5409,22.4307,21.1469,282.646,325.494,305.404,300.398,155.854,154.961,159.612,162.596,160.817,165.943,164.117,169.731,170.113,171.617,176.921,187.958,183.36,184.221,182.322,188.947,187.156,189.514,190.982,189.301,192.166,188.741,201.355,197.041,196.817,201.245,202.098,200,202.228,199.924,204.941,207.662,264.785,215.906,247.54,270.399,277.625,276.324,283.055,332.22,328.043,214.835,207.257,210.574,212.571,219.723,219.901,220.276,222.076,226.089,225.635,297.799,309.246,253.825,264.103,257.058,255.127,309.595,281.541,265.198,249.767,238.342,271.431,269.479,279.411,264.204,307.357,310.157,251.838,275.596,274.917,272.836,273.564,267.334,274.889,268.547,268.931,290.733,189.456,188.299,198.519
48,117.26,92.5776,240.079,96.4033,222.321,145.285,272.715,110.243,189.091,93.6788,166.689,201.728,327.717,136.405,123.864,106.067,176.643,257.503,65.3939,42.8308,20.9627,25.7167,52.9322,70.2616,643.659,189.128,140.268,204.799,113.126,46.216,60.4564,26.4847,51.7713,67.1695,124.426,138.415,160.166,161.904,170.053,107.654,135.009,145.532,87.0975,43.5635,49.5527,174.045,105.609,265.779,337.498,106.587,545.094,188.951,68.9915,35.9688,32.8776,24.8349,23.9946,28.9984,44.7596,225.787,202.281,254.926,574.899,175.107,205.268,278.478,101.671,30.3142,25.9523,19.581,19.935,101.488,34.787,232.131,53.4328,153.179,183.333,72.4039,46.4804,34.976,24.1618,57.625,34.4201,94.9679,98.3922,71.7543,302.127,108.124,129.181,190.862,60.6,24.9626,15.142,14.3651,33.673,53.5716,47.8082,210.428,376.947,601.299,447.192,134.453,37.7559,30.5748,69.1298,108.55,214.849,490.097,318.289,137.029,116.508,53.9273,122.831,31.4106,21.4719,19.9075,25.9261,44.1443,35.1848,65.1018,222.569,122.748,222.776,227.306,86.0223,74.6925,129.246,34.9331,24.9722,70.0606,86.5779,333.309,192.166,171.656,122.961,303.258,173.942,157.746,53.9995,38.32,30.3194,27.2738,34.5262,70.6774,112.164,73.6432,241.028,225.497,67.7088,269.367,234.242,65.6282,26.349,40.8506,38.1503,220.528,165.163,180.713,253.546,110.017,95.3774,47.943,29.2373,37.3183,34.5518,37.4922,19.7072,73.3294,193.568,79.6375,177.557,156.296,347.881,160.414,197.691,39.7742,30.3379,32.8248,263.437,62.6172,196.209,350.401,215.073,422.475,93.7678,96.475,43.3658,50.8626,163.135,50.4388,266.16,208.645,273.704,491.838,185.768,272.379,218.084,343.162,91.4469,43.3723,22.044,19.2376,28.1443,49.4246,211.374,215.441,321.734,133.654,205.48,71.1705,33.764,36.4198,28.6606,51.3736,88.8421,70.4439,123.618,116.802,292.314,85.1809,175.028,117.577,115.888,36.999,45.189,78.6396,58.687,206.355,187.711,360.936,272.777,159.113,243.351,137.026,91.1591,38.9058,40.716,20.5977,24.9122,21.9967,79.287,71.3529,341.211,147.316,118.31,73.2398,61.4018,30.4697,19.5075,17.4852,20.8264,19.5228,283.617,328.751,301.723,302.646,161.757,157.762,156.948,156.457,159.391,162.946,163.919,170.793,166.354,170.004,175.383,182.454,186.524,185.636,181.368,186.878,186.803,191.494,186.063,188.923,185.179,191.057,197.702,198.307,193.685,200.431,204.409,199.827,199.154,204.194,205.371,205.81,269.361,209.885,250.652,267.427,277.007,281.328,278.853,326.877,328.332,210.167,210.407,209.743,215.586,215.526,216.679,222.91,227.189,229.915,225.911,298.833,313.715,249.08,263.589,257.236,255.054,311.147,281.728,268.766,245.097,241.743,269.071,268.506,279.549,265.082,307.344,309.941,251.567,275.119,277.922,275.13,269.464,268.727,281.274,272.681,270.565,290.523,187.371,187.141,198.603
base,121.93,87.92,272.46,103.87,185.53,145.52,286,105.71,194.28,95.14,160.9,198.61,306.95,158.69,126.75,106.24,191.34,229.99,60.68,36.56,19.75,23.83,55.84,74.59,662.9,194.62,135.01,187.51,115.45,56.1,51.23,23.22,65.07,65.04,125.67,134.82,160.22,148.32,190.06,133.26,121.93,154.33,79.97,40.72,51.48,168.2,110.92,254,361.04,120.43,511.4,197.31,72.15,41.82,31.38,26.99,23.87,25.61,44.77,216.4,190.26,286,588.99,185.45,189.69,269.43,107.18,31.04,22.35,19.46,19.65,98.49,45,197.85,63,149.23,173.36,76.17,45.51,38.48,25.62,51.06,41.4,106.92,107.32,69.46,345.75,111.71,136.06,198.7,56.07,26.37,14.85,15.24,32.45,50.23,51.82,217.33,433.81,532.92,430.13,121.2,45,28.21,62.98,94.1,221.61,460.43,306.67,120.26,123.74,60.54,116.47,37.97,23.85,20.24,28.77,39.39,35.28,76.23,210.39,109.47,226.11,238.77,92.85,76.06,113.24,33.24,25.84,57.31,83.53,293.93,158.66,219.4,133.29,312.9,184.85,176.39,57.43,38.79,28.57,23.25,29.05,63.46,113.13,69.83,245.05,254.11,69.83,276.6,249.75,57.48,27.89,35.31,49.1,213.45,162.57,188.9,252.64,151.47,87.39,48.17,31.01,37.21,34.15,37.01,22.53,68.72,199.97,94.29,195.27,146.94,312.62,138.98,210.59,40.72,31.77,39.59,242.82,61.48,169.11,366.7,234.55,373.78,83.82,106.05,47.88,50.32,154.35,44.57,286.85,230.24,304.12,496.96,221.41,305.82,290.53,296.76,81.41,39.36,23.72,23.28,29.85,54.57,225.18,181.57,331.31,143.31,233.36,70.42,37.94,35.74,32.54,49.64,85.69,67.54,109.7,113.89,249.73,74.36,158.89,142.58,116.44,34.89,48.45,81.52,70.91,205.72,177.91,371.52,281.41,155.86,230.33,140.05,86.48,35.4,45.08,21.11,23.11,22.82,88.69,74.08,322.53,150.22,115.62,66.18,57.2,37.94,18.49,18.99,20.93,21.73,283.595,328.452,302.209,302.179,156.935,158.072,159.862,159.182,162.888,165.147,164.568,165.729,170.536,171.974,174.291,181.447,185.834,183.944,184.611,186.736,187.574,187.751,188.01,188.501,188.016,190.89,197.596,197.776,197.388,199.489,201.86,201.97,201.061,201.32,204.649,207.035,268.666,212.513,248.884,267.846,278.843,279.563,280.739,329.129,327.053,212.568,207.599,211.074,216.46,216.938,216.883,222.217,223.47,225.531,223.452,296.406,310.323,253.231,263.195,256.629,254.929,312.807,282.519,265.222,249.034,241.341,267.752,266.956,275.207,263.32,307.046,307.86,251.658,274.719,277.755,276.036,270.528,269.483,276.338,269.757,271.077,289.871,186.852,187.803,201.278
