real_name,flow_200301_sim,flow_200302_sim,flow_200303_sim,flow_200304_sim,flow_200305_sim,flow_200306_sim,flow_200307_sim,flow_200308_sim,flow_200309_sim,flow_200310_sim,flow_200311_sim,flow_200312_sim,flow_200401_sim,flow_200402_sim,flow_200403_sim,flow_200404_sim,flow_200405_sim,flow_200406_sim,flow_200407_sim,flow_200408_sim,flow_200409_sim,flow_200410_sim,flow_200411_sim,flow_200412_sim,flow_200501_sim,flow_200502_sim,flow_200503_sim,flow_200504_sim,flow_200505_sim,flow_200506_sim,flow_200507_sim,flow_200508_sim,flow_200509_sim,flow_200510_sim,flow_200511_sim,flow_200512_sim,flow_200601_sim,flow_200602_sim,flow_200603_sim,flow_200604_sim,flow_200605_sim,flow_200606_sim,flow_200607_sim,flow_200608_sim,flow_200609_sim,flow_200610_sim,flow_200611_sim,flow_200612_sim,flow_200701_sim,flow_200702_sim,flow_200703_sim,flow_200704_sim,flow_200705_sim,flow_200706_sim,flow_200707_sim,flow_200708_sim,flow_200709_sim,flow_200710_sim,flow_200711_sim,flow_200712_sim,flow_200801_sim,flow_200802_sim,flow_200803_sim,flow_200804_sim,flow_200805_sim,flow_200806_sim,flow_200807_sim,flow_200808_sim,flow_200809_sim,flow_200810_sim,flow_200811_sim,flow_200812_sim,flow_200901_sim,flow_200902_sim,flow_200903_sim,flow_200904_sim,flow_200905_sim,flow_200906_sim,flow_200907_sim,flow_200908_sim,flow_200909_sim,flow_200910_sim,flow_200911_sim,flow_200912_sim,flow_201001_sim,flow_201002_sim,flow_201003_sim,flow_201004_sim,flow_201005_sim,flow_201006_sim,flow_201007_sim,flow_201008_sim,flow_201009_sim,flow_201010_sim,flow_201011_sim,flow_201012_sim,flow_201101_sim,flow_201102_sim,flow_201103_sim,flow_201104_sim,flow_201105_sim,flow_201106_sim,flow_201107_sim,flow_201108_sim,flow_201109_sim,flow_201110_sim,flow_201111_sim,flow_201112_sim,flow_201201_sim,flow_201202_sim,flow_201203_sim,flow_201204_sim,flow_201205_sim,flow_201206_sim,flow_201207_sim,flow_201208_sim,flow_201209_sim,flow_201210_sim,flow_201211_sim,flow_201212_sim,flow_201301_sim,flow_201302_sim,flow_201303_sim,flow_201304_sim,flow_201305_sim,flow_201306_sim,flow_201307_sim,flow_201308_sim,flow_201309_sim,flow_201310_sim,flow_201311_sim,flow_201312_sim,flow_201401_sim,flow_201402_sim,flow_201403_sim,flow_201404_sim,flow_201405_sim,flow_201406_sim,flow_201407_sim,flow_201408_sim,flow_201409_sim,flow_201410_sim,flow_201411_sim,flow_201412_sim,flow_201501_sim,flow_201502_sim,flow_201503_sim,flow_201504_sim,flow_201505_sim,flow_201506_sim,flow_201507_sim,flow_201508_sim,flow_201509_sim,flow_201510_sim,flow_201511_sim,flow_201512_sim,flow_201601_sim,flow_201602_sim,flow_201603_sim,flow_201604_sim,flow_201605_sim,flow_201606_sim,flow_201607_sim,flow_201608_sim,flow_201609_sim,flow_201610_sim,flow_201611_sim,flow_201612_sim,flow_201701_sim,flow_201702_sim,flow_201703_sim,flow_201704_sim,flow_201705_sim,flow_201706_sim,flow_201707_sim,flow_201708_sim,flow_201709_sim,flow_201710_sim,flow_201711_sim,flow_201712_sim,flow_201801_sim,flow_201802_sim,flow_201803_sim,flow_201804_sim,flow_201805_sim,flow_201806_sim,flow_201807_sim,flow_201808_sim,flow_201809_sim,flow_201810_sim,flow_201811_sim,flow_201812_sim,flow_201901_sim,flow_201902_sim,flow_201903_sim,flow_201904_sim,flow_201905_sim,flow_201906_sim,flow_201907_sim,flow_201908_sim,flow_201909_sim,flow_201910_sim,flow_201911_sim,flow_201912_sim,flow_202001_sim,flow_202002_sim,flow_202003_sim,flow_202004_sim,flow_202005_sim,flow_202006_sim,flow_202007_sim,flow_202008_sim,flow_202009_sim,flow_202010_sim,flow_202011_sim,flow_202012_sim,flow_202101_sim,flow_202102_sim,flow_202103_sim,flow_202104_sim,flow_202105_sim,flow_202106_sim,flow_202107_sim,flow_202108_sim,flow_202109_sim,flow_202110_sim,flow_202111_sim,flow_202112_sim,flow_202201_sim,flow_202202_sim,flow_202203_sim,flow_202204_sim,flow_202205_sim,flow_202206_sim,flow_202207_sim,flow_202208_sim,flow_202209_sim,flow_202210_sim,flow_202211_sim,flow_202212_sim,flow_202301_sim,flow_202302_sim,flow_202303_sim,flow_202304_sim,flow_202305_sim,flow_202306_sim,flow_202307_sim,flow_202308_sim,flow_202309_sim,flow_202310_sim,flow_202311_sim,flow_202312_sim,head_w001_sim,head_w002_sim,head_w003_sim,head_w004_sim,head_w005_sim,head_w006_sim,head_w007_sim,head_w008_sim,head_w009_sim,head_w010_sim,head_w011_sim,head_w012_sim,head_w013_sim,head_w014_sim,head_w015_sim,head_w016_sim,head_w017_sim,head_w018_sim,head_w019_sim,head_w020_sim,head_w021_sim,head_w022_sim,head_w023_sim,head_w024_sim,head_w025_sim,head_w026_sim,head_w027_sim,head_w028_sim,head_w029_sim,head_w030_sim,head_w031_sim,head_w032_sim,head_w033_sim,head_w034_sim,head_w035_sim,head_w036_sim,head_w037_sim,head_w038_sim,head_w039_sim,head_w040_sim,head_w041_sim,head_w042_sim,head_w043_sim,head_w044_sim,head_w045_sim,head_w046_sim,head_w047_sim,head_w048_sim,head_w049_sim,head_w050_sim,head_w051_sim,head_w052_sim,head_w053_sim,head_w054_sim,head_w055_sim,head_w056_sim,head_w057_sim,head_w058_sim,head_w059_sim,head_w060_sim,head_w061_sim,head_w062_sim,head_w063_sim,head_w064_sim,head_w065_sim,head_w066_sim,head_w067_sim,head_w068_sim,head_w069_sim,head_w070_sim,head_w071_sim,head_w072_sim,head_w073_sim,head_w074_sim,head_w075_sim,head_w076_sim,head_w077_sim,head_w078_sim,head_w079_sim,head_w080_sim,head_w081_sim,head_w082_sim,head_w083_sim,head_w084_sim,head_w085_sim
real_0001,123.905,77.3909,47.0652,32.9447,171.471,205.59,300.896,123.827,280.116,11.8877,267.018,219.07,320.117,-16.0766,105.593,-34.3597,344.016,294.293,156.142,-13.894,176.611,-47.0612,43.5208,187.414,640.901,96.3999,39.82,219.394,-53.5315,-35.149,147.52,243.764,-104.418,36.6264,88.7004,288.002,234.23,139.973,246.116,255.575,154.711,119.296,16.883,89.8691,277.559,130.444,346.264,444.862,544.729,174.051,625.131,-9.86077,155.202,-38.2363,-23.4655,-137.131,-126.082,-48.0487,117.697,103.327,156.234,334.054,716.339,412.06,114.54,116.943,24.0561,157.892,132.227,-3.40283,-55.1444,-28.076,3.457,117.568,160.608,260.69,312.982,242.189,81.3948,-86.3515,-28.9368,108.173,95.4228,105.653,25.7773,102.398,268.226,252.674,170.839,213.947,42.5726,-88.9801,-78.4438,-157.154,292.587,36.9417,126.394,197.329,199.518,500.575,376.763,-6.95586,-112.227,-60.7055,40.4239,120.124,85.9416,413.064,168.605,26.8604,121.848,145.157,81.8192,104.201,124.309,-52.3183,-178.712,34.4258,13.5007,-89.3859,49.6246,109.795,266.502,151.531,240.128,78.6001,18.1182,-104.074,-4.66516,-95.3948,291.209,467.387,145.151,145.845,273.201,459.648,485.117,73.8922,29.846,163.701,-93.0352,-231.89,-65.5787,52.7738,189.594,198.016,217.48,176.112,61.6149,268.254,34.1107,90.372,-67.4916,98.5572,-131.53,228.438,312.465,-29.3093,238.549,155.924,67.4884,14.0238,-52.8047,29.4012,-224.178,119.206,148.031,291.652,102.565,220.736,198.673,46.5092,349.344,369.523,25.4667,100.996,342.452,80.8297,375.903,218.445,169.11,366.7,234.55,373.78,83.82,106.05,47.88,50.32,154.35,44.57,286.85,230.24,304.12,496.96,221.41,305.82,290.53,296.76,81.41,39.36,23.72,23.28,29.85,54.57,225.18,181.57,331.31,143.31,233.36,70.42,37.94,35.74,32.54,49.64,85.69,67.54,109.7,113.89,249.73,74.36,158.89,142.58,116.44,34.89,48.45,81.52,70.91,205.72,177.91,371.52,281.41,155.86,230.33,140.05,86.48,35.4,45.08,21.11,23.11,22.82,88.69,74.08,322.53,150.22,115.62,66.18,57.2,37.94,18.49,18.99,20.93,21.73,467.869,991.652,-559.111,443.566,197.229,1144.13,1189.59,210.947,-285.401,-198.749,-129.038,-149.975,201.087,30.539,645.721,307.621,71.4922,514.837,831.339,339.735,-493.494,-797.23,501.364,354.35,1.93185,-367.115,138.818,-329.405,598.76,-124.599,220.588,251.858,495.721,694.439,-348.865,591.77,-95.954,103.877,330.417,-64.9211,1310.46,235.893,119.497,-37.6464,1066.26,1400.44,-359.473,-86.9211,201.174,177.242,127.852,1051.99,417.721,418.208,-250.235,-55.8183,-404.075,1089.26,784.197,-132.003,332.686,372.689,-313.179,-623.129,-733.152,-1020.44,1192.93,673.498,779.12,-277.122,-145.998,187.657,-397.013,193.347,670.699,-202.149,656.973,-108.496,197.245,-183.488,-281.218,219.381,53.589,629.164,795.561
real_0002,182.491,21.1128,314.116,-21.6097,387.53,222.769,439.597,231.477,239.209,228.034,196.1,388.683,170.993,73.577,-146.302,30.8535,-23.8123,328.013,-31.8952,73.0803,59.7997,119.738,190.851,142.685,627.182,219.785,52.7369,235.491,-59.6859,-24.0709,-47.8209,68.6987,109.599,28.0528,176.439,254.142,77.9652,11.1389,174.22,147.978,101.166,259.382,217.89,188.292,-126.784,168.261,54.7833,248.653,408.399,-2.01112,689.039,341.793,-102.823,109.004,-60.9047,-9.36617,-146.166,255.806,24.6821,154.95,251.133,391.659,796.255,120.374,303.356,274.196,-52.4524,23.1779,-9.08211,132.036,44.2963,40.4036,94.6382,147.151,96.465,87.9472,290.457,-79.2671,-55.9499,-239.326,-117.163,181.56,78.1075,-26.2502,-60.4692,97.4343,457.971,116.711,132.543,-40.196,12.5414,157.992,-35.772,203.716,167.724,163.372,38.4943,96.793,498.768,457.088,148.469,193.596,-13.3442,79.257,188.233,298.846,123.497,533.939,138.224,296.75,92.8807,229.567,213.369,16.9371,-41.4568,-17.1761,-15.1148,-14.2381,2.65181,106.275,235.027,159.034,242.429,247.69,-71.1399,-43.2382,-79.8261,36.6749,-39.9893,-8.55449,-5.96967,125.053,196.228,127.417,198.742,162.221,129.824,178.223,70.3795,-151.145,79.3074,-30.5479,258.596,145.805,158.482,-98.0411,285.197,270.869,13.8589,156.905,-23.1754,-83.6309,-49.0992,-167.973,-28.0303,-0.821479,17.6916,251.244,129.454,194.802,107.577,29.9206,-84.7836,202.215,67.7593,-22.5956,-118.597,-41.7996,187.334,146.371,197.355,-59.2998,536.058,371.897,353.289,-137.206,-45.7806,156.308,204.627,96.4385,169.11,366.7,234.55,373.78,83.82,106.05,47.88,50.32,154.35,44.57,286.85,230.24,304.12,496.96,221.41,305.82,290.53,296.76,81.41,39.36,23.72,23.28,29.85,54.57,225.18,181.57,331.31,143.31,233.36,70.42,37.94,35.74,32.54,49.64,85.69,67.54,109.7,113.89,249.73,74.36,158.89,142.58,116.44,34.89,48.45,81.52,70.91,205.72,177.91,371.52,281.41,155.86,230.33,140.05,86.48,35.4,45.08,21.11,23.11,22.82,88.69,74.08,322.53,150.22,115.62,66.18,57.2,37.94,18.49,18.99,20.93,21.73,1080.41,175.681,726.089,-260.292,-1047.46,-394.198,-1004.49,-174.71,1209.03,-565.253,-480.409,-460.105,789.752,594.955,461.83,242.227,513.299,-536.144,-408.198,-21.9297,945.662,-1168.68,-154.326,875.962,571.05,578.463,881.494,33.5988,470.62,578.442,-374.281,-65.4883,848.939,453.916,-80.6734,352.468,1306.54,307.299,-49.6722,-338.106,757.704,890.722,751.421,1343.38,372.242,521.605,1386.03,-87.7192,817.301,600.862,-986.66,110.015,64.9392,1726.76,-35.6912,63.9677,589.013,1092.64,-626.518,235.342,25.5038,573.606,-623.249,-140.946,553.701,-70.8502,749.931,239.015,612.492,-164.114,-196.273,49.1037,1061.5,27.0943,870.45,524.447,-176.926,143.243,-564.33,1222.83,881.62,1143.16,400.775,417.501,808.073
real_0003,160.608,247.676,165.594,131.472,91.3457,219.554,327.426,87.3569,308.342,170.368,158.053,118.576,233.101,163.354,20.6177,30.6644,286.666,300.954,130.332,41.324,-61.4281,-4.68495,110.152,277.937,760.753,347.918,-83.0422,196.563,-51.4387,40.9219,-17.6726,-119.176,52.3545,191.972,214.708,-125.842,76.8359,358.869,129.981,143.229,46.247,58.6468,220.041,80.0046,-16.8035,139.564,298.113,397.925,207.123,63.1006,438.195,-15.0515,199.477,150.932,-2.35678,-205.169,207.359,-110.377,27.8661,287.037,95.1515,529.171,416.101,147.408,207.28,167.14,116.946,178.453,-23.3474,23.9349,-65.7469,63.0191,-16.8558,219.922,107.546,144.038,166.649,49.4695,-23.0814,-37.7943,19.2683,342.528,89.3826,198,235.36,140.775,447.997,226.19,266.141,187.808,56.9271,-21.9956,50.226,212.76,50.1807,-89.3367,77.8211,174.784,371.611,414.544,481.401,277.274,40.6094,-16.3206,-101.883,197.531,232.556,478.047,269.886,301.874,227.403,47.2666,275.148,-134.155,23.1782,-103.888,185.396,229.189,29.4117,-85.9783,166.068,74.7157,256.723,277.198,131.732,-58.7608,123.558,65.2226,-3.17702,227.562,161.744,238.083,203.312,299.749,-15.2416,273.428,303.747,26.1154,137.701,126.791,2.59525,-120.246,311.863,43.0069,208.075,194.691,325.973,556.678,42.2263,380.72,83.6634,77.8876,68.6942,-24.8864,197.079,235.515,262.461,255.244,288.024,135.05,283.584,102.839,150.204,76.5382,-44.0139,-26.6894,90.7448,6.83673,313.962,-83.2359,125.684,-28.6389,335.035,146.205,304.201,-119.016,-99.6077,81.584,204.389,265.382,169.11,366.7,234.55,373.78,83.82,106.05,47.88,50.32,154.35,44.57,286.85,230.24,304.12,496.96,221.41,305.82,290.53,296.76,81.41,39.36,23.72,23.28,29.85,54.57,225.18,181.57,331.31,143.31,233.36,70.42,37.94,35.74,32.54,49.64,85.69,67.54,109.7,113.89,249.73,74.36,158.89,142.58,116.44,34.89,48.45,81.52,70.91,205.72,177.91,371.52,281.41,155.86,230.33,140.05,86.48,35.4,45.08,21.11,23.11,22.82,88.69,74.08,322.53,150.22,115.62,66.18,57.2,37.94,18.49,18.99,20.93,21.73,-225.67,204.931,1853.79,-573.432,-907.634,-923.021,-742.09,-263.179,15.0925,-1098.62,52.0157,225.115,263.381,-621.759,197.037,304.674,-109.25,-552.676,-1062.02,945.647,343.886,335.631,663.888,236.926,934.929,93.9815,1165.23,1136.71,354.884,1084.56,665.844,-86.222,-33.6871,70.6881,600.979,1570.65,79.9776,-286.902,-229.771,925.991,535.923,261.448,150.861,614.518,428.988,738.265,918.513,83.4968,-538.536,450.712,-137.112,480.702,508.614,170.245,-611.054,19.3805,1091.68,185.055,586.228,543.81,609.883,503.948,-956.13,-640.348,1.0489,-366.834,796.215,-96.1985,605.004,-290.622,336.945,521.259,-130.221,352.482,-1006.12,330.627,-667.996,-108.389,-114.829,-383.665,777.87,137.358,922.815,-1289.02,847.716
real_0004,173.856,-43.8878,332.226,192.138,173.713,84.3138,274.332,327.763,355.642,67.7732,201.577,206.391,349.068,190.037,2.02804,150.615,36.1589,221.633,143.176,67.6296,101.67,-20.559,-98.6959,19.9115,430.281,227.04,139.051,183.601,118.532,106.272,71.8855,-11.864,152.51,-33.2274,195.633,76.1362,326.166,55.5338,148.318,98.171,194.019,30.0618,218.717,8.31965,10.2282,158.111,134.384,67.4637,384.882,311.595,309.569,243.787,-19.2804,67.6201,-34.822,67.7618,97.583,-187.293,71.5161,295.361,198.635,355.564,660.048,187.682,203.5,301.645,197.185,61.2744,-197.255,-47.4045,134.264,208.873,-48.2843,174.627,-9.10179,138.996,308.83,26.9149,33.8648,281.172,146.249,136.259,-7.77431,52.7829,15.1498,108.47,419.579,-14.469,405.453,403.687,170.073,-17.1339,-168.038,-164.427,-19.3251,167.901,66.8076,237.708,422.161,469.619,459.124,229.49,351.808,199.342,118.163,-122.181,250.195,516.668,189.897,-92.6057,55.9216,-163.542,169.702,52.4751,-114.523,51.7529,-7.22763,122.954,-33.3639,93.6197,177.513,62.2631,305.606,147.93,227.789,2.69745,58.7011,69.7873,181.512,303.315,-125.467,417.613,23.7438,566.245,135.569,269.914,161.485,130.934,102.923,-18.8398,57.4703,-30.1955,-65.6271,26.0813,39.6341,-78.1715,275.393,210.125,221.301,157.369,211.212,-53.99,24.2507,144.178,74.2707,419.81,243.774,202.283,300.907,153.576,23.3928,-1.4134,166.122,29.8226,4.42402,155.146,146.657,42.6435,325.24,16.1288,108.644,229.814,319.128,148.491,151.721,238.766,186.32,184.482,243.648,146.363,169.11,366.7,234.55,373.78,83.82,106.05,47.88,50.32,154.35,44.57,286.85,230.24,304.12,496.96,221.41,305.82,290.53,296.76,81.41,39.36,23.72,23.28,29.85,54.57,225.18,181.57,331.31,143.31,233.36,70.42,37.94,35.74,32.54,49.64,85.69,67.54,109.7,113.89,249.73,74.36,158.89,142.58,116.44,34.89,48.45,81.52,70.91,205.72,177.91,371.52,281.41,155.86,230.33,140.05,86.48,35.4,45.08,21.11,23.11,22.82,88.69,74.08,322.53,150.22,115.62,66.18,57.2,37.94,18.49,18.99,20.93,21.73,186.86,-221.707,-193.873,1288.59,1102.2,872.873,-13.8171,2004.93,-549.361,124.679,1110.09,1419.33,212.313,18.7091,-222.027,767.84,-608.646,162.568,1048.69,1142.57,-688.094,-28.904,-910.805,-128.652,206.42,63.9838,323.437,5.49498,689.375,-58.4673,-134.292,-79.5628,624.024,296.158,355.13,862.799,893.165,5.13129,522.932,-429.687,-215.44,353.347,629.016,426.057,665.149,-460.991,-45.8828,554.191,-391.191,79.7288,439.157,873.649,-69.6247,529.481,134.773,-54.7176,168.01,371.794,-504.906,458.087,819.852,110.425,-498.643,-16.6757,843.828,674.565,1280.74,-855.539,285.169,622.402,-606.638,-166.103,925.671,964.112,-21.0458,-200.265,949.047,-119.662,757.88,545.816,-702.555,421.358,135.658,476.431,-1005.75
real_0005,142.661,289.88,183.253,-90.0662,130.933,29.2691,563.722,-68.5413,246.553,-51.1083,241.33,-28.102,396.233,251.566,190.596,232.419,150.215,433.149,110.737,-21.9603,132.099,227.715,-14.6108,234.274,614.726,205.248,121.021,179.136,137.995,156.675,174.478,212.406,66.2477,138.364,202.302,168.768,161.732,45.3939,247.603,243.053,-105.196,90.813,243.264,249.409,256.195,-35.6154,-143.723,-29.0539,433.677,247.492,426.044,187.582,38.1671,108.587,-77.6384,-176.339,-116.892,-36.9653,238.985,334.848,352.066,401.868,628.137,237.558,277.2,343.866,-99.881,-37.8664,-52.7112,-215.43,53.0389,156.303,34.8866,171.131,194.811,-32.788,167.88,24.1032,17.3916,180.918,-190.913,304.564,-81.6014,156.814,15.7514,-189.403,173.536,229.812,-77.2826,364.259,158.146,6.6624,-119.506,-2.88126,181.144,55.8819,61.5831,211.139,569.849,637.633,104.601,-181.753,27.5724,47.7716,173.105,128.296,282.636,628.766,381.837,137.534,58.7792,-11.6181,124.756,200.906,221.518,-42.8101,-87.4807,-21.4383,-32.9054,111.52,116.696,179.384,359.257,106.391,61.5307,-195.992,83.6754,51.8751,-21.3956,304.137,99.8327,483.229,90.7777,135.101,146.788,365.137,72.7246,148,124.914,5.27523,23.6195,31.4609,120.515,151.688,-7.72267,-44.1692,623.189,391.136,10.8237,179.545,373.521,337.181,56.0649,138.89,151.035,345.306,189.226,306.371,281.757,-13.3456,72.5416,-37.3791,-56.5701,-71.4749,70.4588,31.7966,222.854,-49.1903,205.925,-96.0672,127.882,74.923,197.674,-0.831428,342.471,12.5621,-192.844,43.9274,165.314,163.488,169.11,366.7,234.55,373.78,83.82,106.05,47.88,50.32,154.35,44.57,286.85,230.24,304.12,496.96,221.41,305.82,290.53,296.76,81.41,39.36,23.72,23.28,29.85,54.57,225.18,181.57,331.31,143.31,233.36,70.42,37.94,35.74,32.54,49.64,85.69,67.54,109.7,113.89,249.73,74.36,158.89,142.58,116.44,34.89,48.45,81.52,70.91,205.72,177.91,371.52,281.41,155.86,230.33,140.05,86.48,35.4,45.08,21.11,23.11,22.82,88.69,74.08,322.53,150.22,115.62,66.18,57.2,37.94,18.49,18.99,20.93,21.73,675.255,533.154,870.739,-791.267,331.168,1118.48,598.058,128.74,203.604,185,166.532,453.684,376.952,894.049,167.892,979.334,677.121,812.718,900.073,247.607,337.286,943.235,-602.758,436.183,-421.277,-675.252,-478.846,661.657,934.736,278.667,-572.705,-383.434,490.912,-940.309,-120.948,165.946,771.968,209.943,301.344,-505.532,564.175,-78.6387,-796.765,183.458,1176.4,-340.408,312.11,993.856,717.395,289.175,196.55,8.84758,467.023,-267.893,59.8227,326.535,-293.695,-58.2627,834.857,539.454,-271.206,-87.5124,-291.914,860.654,-53.358,192.044,-420.262,1048.84,-1234.94,-644.28,360.817,41.8918,-54.4427,297.979,-322.278,-576.42,786.232,287.564,-1043.82,395.544,-53.8713,266.87,64.6055,-239.2,100.149
real_0006,261.355,111.98,294.443,-14.7745,180.205,75.9297,86.4404,203.392,168.719,85.4337,231.424,267.304,399.683,132.787,113.663,-77.5688,193.494,253.635,-40.4287,-68.6285,149.748,66.9352,-215.129,130.432,625.713,94.8309,300.805,90.3748,201.603,9.14413,124.153,-136.693,293.261,104.091,20.2534,74.6365,198.673,-95.6586,119.052,103.57,216.886,153.019,123.525,-104.273,232.485,78.1174,207.592,195.233,406.555,72.9394,480.919,223.962,-48.2113,45.5257,48.8438,146.365,51.9307,158.867,-115.262,347.504,282.458,56.0904,493.971,357.298,109.127,254.309,101,-82.9421,229.918,259.631,-213.014,18.7941,43.5823,5.11148,247.602,281.635,99.0659,136.557,148.144,-172.057,-22.152,2.27143,-72.7694,245.853,-99.5329,221.778,468.111,-19.7702,53.0516,241.011,15.7078,-114.951,71.8713,-217.13,105.472,166.554,165.222,215.701,431.738,493.739,399.162,179.755,-185.331,153.303,79.9073,-29.6418,434.256,465.404,535.785,-25.0316,-83.5201,128.285,93.1497,-13.7418,5.88977,56.6021,143.388,54.7995,146.136,151.964,242.81,240.441,-66.2252,180.855,151.832,-19.2801,92.5879,137.566,38.5799,-42.214,-176.898,343.039,251.959,214.494,178.94,623.014,190.773,268.168,67.1906,11.7449,186.773,-4.23273,213.309,145.928,210.289,43.0651,90.6209,131.487,116.985,331.135,349.249,156.712,-88.5787,-89.0795,116.445,212.583,368.549,155.845,-5.98548,161.496,234.746,-33.8927,-134.991,90.1079,268.788,-184.339,-88.7018,109.162,145.908,63.7272,167.651,226.801,276.44,297.063,358.351,-33.0998,46.4285,-33.922,188.057,-10.1984,169.11,366.7,234.55,373.78,83.82,106.05,47.88,50.32,154.35,44.57,286.85,230.24,304.12,496.96,221.41,305.82,290.53,296.76,81.41,39.36,23.72,23.28,29.85,54.57,225.18,181.57,331.31,143.31,233.36,70.42,37.94,35.74,32.54,49.64,85.69,67.54,109.7,113.89,249.73,74.36,158.89,142.58,116.44,34.89,48.45,81.52,70.91,205.72,177.91,371.52,281.41,155.86,230.33,140.05,86.48,35.4,45.08,21.11,23.11,22.82,88.69,74.08,322.53,150.22,115.62,66.18,57.2,37.94,18.49,18.99,20.93,21.73,-536.374,-983.934,387.488,-304.056,-439.769,326.281,1007,-169.567,455.749,-47.3599,-352.585,823.659,565.946,550.098,700.524,227.573,-145.314,97.2576,264.474,-112.789,-123.423,23.396,-291.215,1195.72,1060.63,714.625,425.35,-300.144,710.545,-330.22,-29.6407,-493.989,-212.1,424.821,113.4,299.294,-522.53,118.467,-189.607,1415.59,200.809,-420.426,883.91,-390.725,340.015,298.148,987.47,911.836,-244.783,183.266,967.769,-151.999,342.593,1467.8,131.804,713.301,171.557,-200.636,-17.4392,-128.382,1214.51,144.497,295.161,127.905,430.564,1.1657,108.874,509.785,272.244,-242.955,480.798,567.967,789.435,357.655,-284.726,1350.79,926.966,908.188,-514.24,645.645,1.28149,818.218,-400.266,-800.568,-661.25
real_0007,71.9115,212.335,434.75,-6.28844,136.715,358.21,139.194,82.6778,254.967,213.858,155.078,148.895,299.783,22.7993,167.691,170.245,153.015,177.804,113.379,53.8234,109.893,91.8821,120.248,264.948,596.747,244.375,298.649,206.689,148.749,-114.549,257.7,-15.5046,146.637,43.6903,321.851,220.682,243.248,41.2427,241.032,60.2272,216.022,371.499,-51.0416,121.552,222.521,98.8524,263.047,241.774,459.6,115.796,407.643,188.57,-21.6653,58.404,6.2518,67.8905,207.31,-108.317,-46.96,174.605,300.581,240.68,594.235,120.674,283.954,299.035,51.7856,-46.7091,51.456,93.3393,-42.4254,143.095,122.582,142.62,-24.4369,56.2936,120.169,-162.629,-14.9009,-62.3743,172.038,-117.507,8.45456,24.3328,-16.6602,112.566,305.852,157.134,449.425,419.84,37.8632,49.4742,16.6686,143.931,337.328,70.6601,164.041,212.483,555.357,572.663,534.905,56.2588,-45.6551,-23.9982,313.265,82.2077,23.3098,334.501,193.759,46.6972,-27.1665,56.6096,228.514,5.40509,-17.6858,26.4074,140.967,131.22,286.162,13.5723,177.861,153.359,326.309,224.638,217.039,111.541,215.103,-134.157,111.189,20.2323,228.714,252.71,293.887,296.041,150.633,228.439,66.4579,256.002,78.7011,90.9637,122.264,-86.1692,-29.661,-25.0672,132.128,210.412,297.812,331.838,102.361,127.673,313.255,112.896,-121.352,89.6831,-83.707,127.854,-39.4053,240.494,206.036,97.3491,298.224,73.5523,-143.344,198.99,-88.5409,145.6,-89.8512,10.6731,59.0633,47.6401,178.738,300.664,423.545,14.8344,162.648,54.8219,179.208,77.1766,118.364,165.678,169.11,366.7,234.55,373.78,83.82,106.05,47.88,50.32,154.35,44.57,286.85,230.24,304.12,496.96,221.41,305.82,290.53,296.76,81.41,39.36,23.72,23.28,29.85,54.57,225.18,181.57,331.31,143.31,233.36,70.42,37.94,35.74,32.54,49.64,85.69,67.54,109.7,113.89,249.73,74.36,158.89,142.58,116.44,34.89,48.45,81.52,70.91,205.72,177.91,371.52,281.41,155.86,230.33,140.05,86.48,35.4,45.08,21.11,23.11,22.82,88.69,74.08,322.53,150.22,115.62,66.18,57.2,37.94,18.49,18.99,20.93,21.73,-227.469,-72.4004,440.979,392.093,-123.354,807.972,-92.6256,1080.1,867.592,1032.39,419.765,-127.849,717.234,511.244,382.028,-216.312,14.9292,950.108,1067.77,342.954,367.85,-565.363,100.799,-228.545,512.066,531.28,460.265,-240.375,370.446,368.326,271.107,416.219,1085.13,-259.524,467.567,261.209,856.775,71.1455,367.541,648.675,-1046.45,-1231.56,685.754,351.213,-507.318,-165.068,623.677,304.959,47.9995,-171.758,-9.13227,653.314,598.539,721.909,-285.492,607.464,-1036.8,-247.087,746.811,55.9802,592.126,-229.893,373.785,-469.968,446.922,627.534,427.683,416.526,1007.16,998.841,132.259,315.748,-299.773,111.313,260.729,280.652,315.802,335.545,1021.34,695.77,-380.3,760.376,76.4198,-300.619,915.744
real_0008,330.241,3.027,142.263,113.401,136.005,-16.5182,244.842,135.291,241.94,128.131,69.81,234.636,211.431,156.252,109.306,65.2065,254.792,315.404,-66.2841,113.627,-102.296,114.127,-48.0494,-9.22403,787.258,259.444,63.0055,1.87409,99.05,49.3299,-25.7654,-382.183,-64.6404,-58.0495,233.572,76.5211,54.1584,212.033,63.0212,239.668,16.0395,62.369,238.957,16.5605,86.0557,330.682,196.374,79.4763,264.11,61.5323,676.209,145.469,-86.2202,135.686,-18.5319,25.2317,109.958,-10.0434,185.874,269.715,105.624,301.866,762.583,193.219,169.53,223.288,140.343,-37.0772,42.0188,-348.259,-120.936,160.906,106.421,205.535,35.6232,-148.713,95.5398,2.7779,162.278,-180.277,47.5459,224.399,-11.7154,25.8906,-26.6092,61.3148,309.011,142.729,72.0416,97.3723,252.158,-253.614,-220.106,54.8787,202.145,153.08,192.408,247.876,465.927,800.592,420.545,364.046,144.276,123.58,-7.41335,98.9592,214.443,495.705,284.04,77.6553,215.7,49.2878,73.8057,307.585,-24.6847,-64.5262,-81.3098,-171.786,-162.099,24.7456,109.559,347.786,115.206,176.713,30.5732,133.746,199.066,-72.4014,-127.282,82.3058,45.8753,199.703,253.216,378.62,62.829,231.48,171.861,287.719,215.285,-30.0406,-63.8367,191.51,135.877,-58.4385,10.4212,-147.003,310.565,33.5961,103.27,366.691,346.415,123.575,59.0011,-24.2534,101.757,347.234,164.232,159.515,90.2685,301.487,-7.04851,-53.2678,9.44513,50.3559,80.6119,19.3939,103.994,73.8396,215.602,25.3827,144.932,150.169,273.823,-30.414,68.6768,108.093,-72.7252,-168.759,194.975,249.788,169.11,366.7,234.55,373.78,83.82,106.05,47.88,50.32,154.35,44.57,286.85,230.24,304.12,496.96,221.41,305.82,290.53,296.76,81.41,39.36,23.72,23.28,29.85,54.57,225.18,181.57,331.31,143.31,233.36,70.42,37.94,35.74,32.54,49.64,85.69,67.54,109.7,113.89,249.73,74.36,158.89,142.58,116.44,34.89,48.45,81.52,70.91,205.72,177.91,371.52,281.41,155.86,230.33,140.05,86.48,35.4,45.08,21.11,23.11,22.82,88.69,74.08,322.53,150.22,115.62,66.18,57.2,37.94,18.49,18.99,20.93,21.73,1120.48,359.579,853.388,200.876,24.2536,104.315,695.046,1298.01,628.863,567.831,-359.779,571.168,-37.0196,-522.944,263.133,611.265,-797.358,693.139,942.347,1033.4,-149.206,38.1129,-517.515,-661.503,129.048,387.924,82.1818,310.055,-167.34,167.001,514.888,-1207.15,-152.159,-71.8119,16.3538,593.979,-338.98,-476.679,527.49,-133.045,-294.592,743.602,879.532,639.199,1706.11,216.183,85.5939,-833.753,-512.863,-522.383,179.521,859.808,699.309,-287.297,-437.611,664.031,-256.108,-500.233,155.737,287.405,-67.6032,824.232,502.569,399.603,-86.7448,-42.5328,825.995,-996.247,293.149,-332.884,714.492,126.305,-226.878,-391.354,182.451,952.466,24.2056,319.579,415.222,13.6686,1478.35,127.263,1104.7,116.074,-41.0795
real_0009,267.171,350.967,274.874,109.229,262.457,51.2785,346.622,182.039,207.823,209.686,53.5267,113.662,174.179,239.383,43.0327,268.826,197.829,45.2734,182.838,-161.114,34.777,-48.0826,34.6481,185.007,1008.59,242.206,83.0364,205.928,126.387,72.6355,85.436,120.343,75.5591,10.1704,239.772,255.194,242.1,386.82,64.3523,98.4888,206.548,-46.532,98.5085,31.8016,-76.8607,125.422,205.396,231.161,514.576,64.3051,445.971,263.755,79.2033,61.8502,69.3918,112.45,34.603,207.422,158.923,256.773,140.233,514.282,691.057,171.847,294.699,351.823,170.944,-96.2214,199.402,-69.6658,-92.4314,51.6143,79.0925,323.821,148.557,219.597,51.0078,4.30598,71.5254,-120.062,12.9721,258.897,220.21,126.627,99.0449,93.624,422.496,24.4787,32.4242,188.306,56.9235,-137.687,-118.612,237.043,-27.2694,176.753,89.3665,272.539,505.828,574.982,387.99,4.46971,200.658,-2.27036,-35.4459,46.7465,247.375,576.021,379.659,17.7451,174.926,-23.8386,214.071,19.2643,-86.5891,67.6334,99.2017,265.64,-70.3575,0.0180949,-39.0213,107.545,162.338,357.175,25.2734,102.878,-56.568,97.4817,-8.71266,120.048,-1.95496,351.088,90.953,247.143,1.60665,406.72,269.77,317.416,16.2195,-123.376,152.747,57.112,-86.6621,69.6972,181.013,-33.1591,245.973,359.587,151.2,211.069,340.28,124.167,85.4533,117.301,39.8298,221.618,69.0464,257.309,269.58,415.724,221.7,214.627,-26.5783,201.286,-46.6794,195.99,-11.2173,14.452,107.224,-83.5954,53.3222,88.2041,393.074,71.6873,148.207,68.369,-5.41135,108.036,301.604,57.2006,169.11,366.7,234.55,373.78,83.82,106.05,47.88,50.32,154.35,44.57,286.85,230.24,304.12,496.96,221.41,305.82,290.53,296.76,81.41,39.36,23.72,23.28,29.85,54.57,225.18,181.57,331.31,143.31,233.36,70.42,37.94,35.74,32.54,49.64,85.69,67.54,109.7,113.89,249.73,74.36,158.89,142.58,116.44,34.89,48.45,81.52,70.91,205.72,177.91,371.52,281.41,155.86,230.33,140.05,86.48,35.4,45.08,21.11,23.11,22.82,88.69,74.08,322.53,150.22,115.62,66.18,57.2,37.94,18.49,18.99,20.93,21.73,137.861,554.712,7.92932,552.524,-71.497,667.517,569.126,593.846,-563.606,-139.853,835.661,15.7951,156.892,72.1811,-39.2899,429.551,-433.605,674.561,392.294,214.984,-109.918,863.398,91.5117,665.471,-608.185,-326.69,-55.3189,70.1821,-86.1379,-437.144,-802.199,48.868,-146.267,38.0819,438.847,-381.758,244.923,82.9647,-471.352,473.073,1151.99,397.943,1311.79,839.589,672.551,999.165,-62.9032,-515.621,399.922,-254.477,418.542,-517.99,-668.797,1149.72,126.7,581.671,272.785,471.662,880.711,807.931,569.423,1267.33,535.583,-339.735,773.73,1632.46,500.934,332.154,368.022,1166.96,331.727,306.397,533.489,572.196,99.2552,231.148,-211.52,409.837,-28.182,647.062,423.778,-51.7106,-71.4851,-839.005,1638.24
real_0010,237.117,6.80626,95.1301,88.6408,392.582,103.836,214.863,216.526,285.163,13.7531,113.949,245.321,403.136,212.564,169.629,177.391,311.996,153.544,177.038,-163.792,-131.884,130.528,-25.9983,65.7427,645.373,306.082,390.308,252.496,-64.8355,38.7563,181.329,-208.674,195.938,132.258,106.54,173.419,235.813,295.08,223.685,265.491,-44.7164,227.434,162.92,304.438,88.1502,52.8355,141.716,197.927,309.728,212.664,341.729,86.1082,150.983,-55.1901,39.1678,-269.923,45.4324,210.582,-50.9111,217.355,166.965,37.3756,498.218,81.8454,161.365,296.89,109.336,-112.357,87.2011,-153.447,-178.422,202.392,196.126,17.5768,84.7967,102.774,150.246,-62.3253,63.1439,197.804,294.29,-15.2516,204.552,146.675,157.094,89.7461,189.465,64.6749,-27.6141,373.941,125.036,193.411,-19.703,-72.7562,115.049,132.004,168.508,-35.2502,294.789,662.599,536.893,91.8176,22.7311,82.8624,142.762,263.125,155.212,454.624,261.558,106.343,363.796,215.971,336.73,279.208,126.966,1.46655,-46.7539,-125.158,55.4747,157.124,165.387,147.889,395.894,135.989,179.202,-23.3165,111.853,108.185,34.1185,12.6198,-83.474,369.102,76.1769,272.394,173.652,291.296,126.951,47.7999,-79.9301,29.9535,-0.382875,-24.0102,-8.4924,24.1271,191.752,-0.778087,440.549,272.465,21.5164,409.728,240.599,90.3574,57.9467,-105.174,-183.027,280.11,142.671,218.208,322.385,262.93,159.142,306.355,239.083,78.6635,-100.488,64.7478,-45.4317,41.0078,246.654,-62.0294,330.992,55.1005,250.191,141.312,224.37,65.6886,181.05,93.3291,136.402,157.2,169.11,366.7,234.55,373.78,83.82,106.05,47.88,50.32,154.35,44.57,286.85,230.24,304.12,496.96,221.41,305.82,290.53,296.76,81.41,39.36,23.72,23.28,29.85,54.57,225.18,181.57,331.31,143.31,233.36,70.42,37.94,35.74,32.54,49.64,85.69,67.54,109.7,113.89,249.73,74.36,158.89,142.58,116.44,34.89,48.45,81.52,70.91,205.72,177.91,371.52,281.41,155.86,230.33,140.05,86.48,35.4,45.08,21.11,23.11,22.82,88.69,74.08,322.53,150.22,115.62,66.18,57.2,37.94,18.49,18.99,20.93,21.73,438.935,809.105,144.726,503.309,-899.434,-447.861,694.241,712.885,412.9,490.373,790.448,-50.2034,1264.39,1004.91,-262.243,-670.326,50.9831,-196.597,1104.86,533.149,500.678,-301.73,1723.81,580.29,550.469,674.916,-469.208,-442.434,198.423,215.865,398.823,-827.751,124.922,1100.02,319.399,460.788,763.417,537.557,155.273,1246.54,902.792,79.6176,-144.449,1252.57,197.793,-653.476,105.438,965.635,588.391,-262.986,-116.732,234.547,1358.16,612.8,79.5857,242.513,-636.863,1357.3,106.997,-595.338,373.934,310.4,-91.4446,-253.988,1681.15,804.204,280.889,570.732,449.796,178.722,707.447,161.54,-604.223,-141.001,153.677,35.1339,353.363,-735.26,1045.38,1131.59,271.922,-187.563,141.565,592.021,-313.556
real_0011,91.9324,96.23,310.568,198.399,236.796,-22.85,309.764,216.022,261.548,136.461,-17.9813,151.945,406.332,211.849,246.889,188.73,316.347,457.665,189.859,-90.9916,-8.60436,-36.9876,-148.369,134.589,587.684,176.77,40.1026,107.454,355.665,-63.9925,-0.66434,41.4946,199.588,89.4355,131.361,62.5588,45.046,-19.5108,235.728,157.785,246.939,143.298,171.689,196.154,-38.1619,135.133,175.428,206.639,303.373,210.125,410.281,315.04,71.4581,159.728,-57.6283,27.6984,145.036,270.931,138.192,115.522,296.031,272.579,661.994,138.628,-112.72,212.177,86.6253,157.761,15.3357,-158.065,198.662,-26.7602,-37.5152,51.9864,51.4822,137.512,214.711,98.0956,72.3901,7.53773,184.399,230.33,-112.253,133.435,-116.027,44.1338,303.04,167.292,214.606,159.843,240.239,-148.296,40.7834,165.952,224.818,196.375,159.707,239.814,339.782,431.242,415.503,209.451,141.156,78.0584,144.841,105.499,277.239,601.28,323.742,83.9693,-110.345,0.149241,-133.218,4.7059,72.5049,-64.713,16.8579,-17.7686,-51.2735,-96.1651,510.989,50.152,204.069,172.189,109.304,-47.3731,179.279,48.2554,173.239,170.486,87.1594,377.416,284.21,404.431,129.381,253.127,225.337,-83.7362,65.0172,13.3271,138.006,70.9391,-100.14,74.4542,57.4415,146.214,306.466,331.897,177.249,158.883,404.048,18.6778,-172.073,178.237,127.365,119.102,266.99,217.09,444.156,202.953,15.5957,327.033,16.6298,-23.0747,128.467,-124.28,142.779,343.7,17.7612,51.9417,233.018,159.252,174.849,135.132,84.0819,10.2158,-13.0001,133.306,319.314,283.887,169.11,366.7,234.55,373.78,83.82,106.05,47.88,50.32,154.35,44.57,286.85,230.24,304.12,496.96,221.41,305.82,290.53,296.76,81.41,39.36,23.72,23.28,29.85,54.57,225.18,181.57,331.31,143.31,233.36,70.42,37.94,35.74,32.54,49.64,85.69,67.54,109.7,113.89,249.73,74.36,158.89,142.58,116.44,34.89,48.45,81.52,70.91,205.72,177.91,371.52,281.41,155.86,230.33,140.05,86.48,35.4,45.08,21.11,23.11,22.82,88.69,74.08,322.53,150.22,115.62,66.18,57.2,37.94,18.49,18.99,20.93,21.73,-21.4119,-566.853,245.265,1490.69,330.321,241.494,614.185,426.309,-1294.75,1040.23,-124.33,506.198,-60.8028,539.482,420.45,-484.298,135.277,-586.976,732.766,298.982,-956.436,972.872,-191.294,413.074,1096.32,-24.4132,409.203,515.427,1274.27,1181.91,1544.05,12.5215,771.924,734.877,362.836,428.586,656.794,103.594,76.8296,-274.154,72.655,-50.5106,718.595,946.732,74.4949,-275.373,815.527,-51.0005,565.975,408.932,148.965,-741.66,673.357,-163.063,-1070.55,-1024.58,479.905,-662.429,961.004,200.829,-232.417,-6.51706,1420.14,-652.034,-453.095,1462.07,1343.39,-770.584,72.9993,1385.13,-994.264,633.502,46.9675,450.373,-119.584,607.334,-332.107,-775.189,870.131,460.967,258.668,775.449,-212.875,264.057,691.169
real_0012,254.736,164.858,354.853,183.54,252.812,119.856,345.096,81.1512,310.479,97.7432,-48.5387,342.873,420.404,431.388,108.199,209.225,220.613,385.637,85.1628,122.562,-194.732,184.825,-29.8405,101.681,497.708,79.2685,148.195,129.058,-122.505,-72.4143,-66.462,92.3336,68.7136,31.1666,64.0376,229.947,168.068,323.86,159.502,162.568,-64.5037,42.0846,18.4705,46.3086,-170.064,143.114,250.328,509.77,286.689,104.175,261.088,205.981,115.241,15.9787,77.9922,5.51546,151.195,-40.3784,-49.743,123.838,293.574,336.318,422.889,205.785,33.6907,182.588,-111.245,40.2997,171.313,-77.6561,202.561,168.859,19.0271,-7.96313,113.441,197.029,245.5,198.11,-85.2981,-37.6396,-31.5776,95.9485,122.98,123.073,-73.6111,-6.5944,474.514,161.433,84.4326,156.776,-28.9541,-40.5589,70.6347,190.456,344.14,-128.111,-9.18003,170.241,471.692,203.954,472.914,61.61,159.852,200.558,112.237,376.063,246.481,455.051,190.51,56.8124,95.7379,58.6019,229.929,287.081,268.512,-61.2191,-60.9492,-65.8935,-168.293,-31.5402,191.258,-36.0975,320.771,190.439,0.704574,79.5732,56.8464,81.5555,135.849,190.12,138.558,418.875,17.6633,138.262,91.5839,314.423,454.854,125.325,-50.015,59.8487,134.111,226.929,324.634,31.7479,294.132,-6.20454,264.711,322.444,140.04,422.981,455.33,-7.56703,90.2102,55.4706,-202.22,377.86,308.088,280.292,403.659,3.18778,148.202,-176.819,72.6959,67.3762,153.093,-25.7658,-57.8656,166.261,105.409,314.764,246.437,246.492,373.371,-25.9474,467.391,64.9677,-0.208683,69.135,227.968,5.99716,169.11,366.7,234.55,373.78,83.82,106.05,47.88,50.32,154.35,44.57,286.85,230.24,304.12,496.96,221.41,305.82,290.53,296.76,81.41,39.36,23.72,23.28,29.85,54.57,225.18,181.57,331.31,143.31,233.36,70.42,37.94,35.74,32.54,49.64,85.69,67.54,109.7,113.89,249.73,74.36,158.89,142.58,116.44,34.89,48.45,81.52,70.91,205.72,177.91,371.52,281.41,155.86,230.33,140.05,86.48,35.4,45.08,21.11,23.11,22.82,88.69,74.08,322.53,150.22,115.62,66.18,57.2,37.94,18.49,18.99,20.93,21.73,-220.914,980.047,710.138,-174.188,929.624,531.32,605.186,864.673,-404.679,768.989,290.926,485.927,422.002,-541.013,198.795,-109.204,-356.096,-242.033,91.9851,-21.6417,963.749,529.408,571.135,-155.15,1168.64,1026.45,79.6558,672.437,468.634,620.311,711.128,-1018.8,193.773,857.087,353.069,-435.531,289.815,242.613,649.285,599.832,-582.647,971.749,214.343,-307.844,-124.599,306.161,802.803,859.592,-712.735,13.5356,135.255,617.857,915.157,-769.238,243.665,-440.861,288.048,-270.787,0.631944,1560.27,834.009,622.211,-390.152,449.936,680.135,372.575,700.5,424.013,-156.302,462.238,-69.1462,371.118,478.651,1062.55,-327.833,638.057,373.411,641.226,-112.697,-516.043,122.236,-813.631,-453.232,690.203,-334.805
real_0013,153.547,126.806,83.2319,135.883,242.009,68.2932,150.521,-21.8385,395.838,154.579,178.938,181.445,353.402,130.888,94.4517,57.8732,317.072,237.443,109.84,-54.9962,62.1146,93.516,35.5063,-110.549,637.926,187.633,196.022,129.447,-32.3106,33.9106,-209.636,-10.468,35.4323,56.1313,195.33,-219.956,259.798,68.8791,321.131,57.0454,132.255,-66.0521,106.74,189.114,228.14,361.636,179.539,116.717,263.212,128.032,343.03,161.92,226.724,-87.7062,53.4855,110.164,263.288,-166.471,50.552,135.824,31.5675,398.584,689.457,255.833,134.579,297.441,-33.4334,100.436,45.7862,118.397,50.207,191.636,142.376,95.8915,94.6748,142.12,266.085,256.23,94.7595,-72.7564,177.144,52.2771,218.864,-9.40425,99.0726,-116.197,631.52,125.003,118.035,121.394,108.456,23.7579,57.233,52.9188,-9.60212,-174.209,219.895,382.196,482.806,469.05,428.154,370.721,197.737,217.998,-35.8569,-14.608,201.903,495.35,337.045,-66.4961,60.3813,144.8,218.223,36.6388,68.5593,-138.696,59.0016,-190.291,-127.135,93.8098,301.709,138.122,155.679,250.417,16.3435,-51.6613,-47.8648,-98.0276,57.5645,95.205,-7.71862,223.576,102.502,225.03,-35.1503,174.7,-9.46697,104.649,205.24,29.9563,68.3586,293.262,-99.919,87.7425,43.0682,-27.8743,70.5716,182.522,25.2839,190.724,217.355,156.536,277.792,-73.8778,19.9606,334.263,-11.6772,321.254,381.841,209.706,190.165,196.128,210.275,41.6086,-6.86423,-103.242,13.3511,62.3528,318.873,278.124,266.088,68.5548,256.611,137.603,440.91,125.661,15.4039,-102.357,365.209,-92.1882,169.11,366.7,234.55,373.78,83.82,106.05,47.88,50.32,154.35,44.57,286.85,230.24,304.12,496.96,221.41,305.82,290.53,296.76,81.41,39.36,23.72,23.28,29.85,54.57,225.18,181.57,331.31,143.31,233.36,70.42,37.94,35.74,32.54,49.64,85.69,67.54,109.7,113.89,249.73,74.36,158.89,142.58,116.44,34.89,48.45,81.52,70.91,205.72,177.91,371.52,281.41,155.86,230.33,140.05,86.48,35.4,45.08,21.11,23.11,22.82,88.69,74.08,322.53,150.22,115.62,66.18,57.2,37.94,18.49,18.99,20.93,21.73,81.6962,-217.325,634.04,765.338,662.605,-662.703,-276.326,20.483,413.756,-667.414,978.555,61.0261,694.855,-187.145,-259.753,586.786,428.585,293.858,-81.8262,626.403,-90.3821,429.822,313.061,161.799,791.239,77.1549,112.477,410.411,460.386,-1281.99,-784.598,1443.57,-344.609,-35.0911,1663.55,356.879,254.456,-175.917,-140.381,-344.139,608.586,723.906,526.226,81.9483,1065.24,378.801,838.985,633.017,52.342,750.65,288.078,524.962,829.334,757.85,692.457,560.346,297.12,312.941,138.336,273.735,775.678,1052.37,845.371,-224.532,338.251,607.977,826.458,722.531,1089.81,248.892,-72.6538,357.752,279.886,-821.128,-588.916,845.74,-784.129,1194.22,242.01,-85.5066,550.435,483.999,536.416,245.415,-446.023
real_0014,126.969,-117.264,262.604,-61.6645,271.204,278.837,439.019,-16.6974,183.162,331.296,153.825,191.087,393.892,36.1885,193.241,-139.45,369.871,316.023,179.269,-249.519,-49.2638,131.231,15.3058,158.92,550.455,137.728,59.0851,340.566,264.934,76.8717,5.01825,10.5392,185.29,90.0493,111.007,211.169,236.169,120.085,125.342,255.446,16.767,54.7139,-64.0054,-37.2079,3.1551,3.97479,347.726,260.945,656.345,210.126,630.594,428.891,52.8032,76.525,-23.8927,-1.32614,-154.936,193.116,-9.70131,244.222,198.89,313.106,616.079,247.768,454.71,333.627,0.159274,-6.41473,64.4294,122.681,-70.9366,150.935,58.1438,93.4236,-40.9459,-39.3562,122.225,-18.3086,20.1184,-124.697,23.3903,133.77,113.512,101.083,381.593,-11.7232,244.879,157.019,105.377,207.807,77.712,224.197,76.3424,5.27245,-96.4409,94.4398,72.0705,50.0071,604.646,730.033,461.761,171.485,-11.3981,-71.1253,42.2791,117.488,173.053,451.958,528.098,184.795,167.287,122.455,-2.19408,-231.738,77.5519,149.615,59.8302,-163.707,86.4841,171.559,396.888,245.149,279.498,320.956,82.1005,-83.6326,33.7701,-26.1476,-57.2838,242.147,-66.2476,300.388,252.515,184.66,123.528,316.277,58.1656,134.3,-132.717,161.666,46.5333,40.1929,108.883,-0.0719322,62.1053,-193.055,342.754,63.2585,19.0595,307.156,294.403,-73.9076,-138.469,73.7257,-60.0186,106.884,-3.94855,181.582,156.115,-59.7579,-41.597,90.0011,194.693,19.9575,-35.2989,102.205,-297.948,80.5498,231.442,37.8575,77.7787,164.412,466.535,182.05,148.93,209.977,-165.18,-98.0551,234.876,74.2688,169.11,366.7,234.55,373.78,83.82,106.05,47.88,50.32,154.35,44.57,286.85,230.24,304.12,496.96,221.41,305.82,290.53,296.76,81.41,39.36,23.72,23.28,29.85,54.57,225.18,181.57,331.31,143.31,233.36,70.42,37.94,35.74,32.54,49.64,85.69,67.54,109.7,113.89,249.73,74.36,158.89,142.58,116.44,34.89,48.45,81.52,70.91,205.72,177.91,371.52,281.41,155.86,230.33,140.05,86.48,35.4,45.08,21.11,23.11,22.82,88.69,74.08,322.53,150.22,115.62,66.18,57.2,37.94,18.49,18.99,20.93,21.73,230.524,305.664,343.474,903.151,133.905,-49.2252,362.497,530.51,606.204,477.029,387.693,589.711,620.227,540.236,859.7,119.375,596.555,684.149,-82.6335,-275.726,158.578,176.999,116.885,-802.584,373.379,-921.768,472.965,1358.59,-387.263,-70.7738,-571.379,-282.529,-154.268,817.825,405.877,-346.176,-759.449,315.903,-432.358,508.729,-165.448,605.746,505.339,-115.036,571.368,-494.836,656.711,-70.3262,99.0103,88.1054,-54.6308,-340.059,530.451,629.851,148.031,173.683,735.474,761.578,819.515,564.879,775.919,591.443,563.075,528.918,310.61,1211.39,369.188,604.97,532.259,-543.728,-660.331,-300.257,135.624,-157.834,-17.442,751.409,115.292,484.675,413.206,295.438,678.439,964.295,-549.512,-271.854,1333.74
real_0015,117.586,65.9789,149.003,118.176,368.391,68.4133,388.621,213.288,335.104,100.478,230.881,262.916,183.293,170.867,186.437,159.765,109.646,177.494,228.303,12.3909,260.495,-13.6388,-212.638,150.439,725.887,310.604,99.2458,116.698,174.876,361.421,-56.7181,-129.836,-30.003,187.77,178.607,175.146,485.923,184.59,39.1382,199.623,210.595,-134.347,36.7845,-67.4938,-1.05217,305.728,117.059,394.496,380.607,323.235,332.824,3.48668,95.2262,46.4344,17.5408,105.56,-51.9637,3.50383,97.7601,99.9329,351.962,464.193,354.716,258.988,168.408,88.9142,-108.026,133.015,-101.616,152.933,-115.939,-43.207,-99.4317,132.131,5.76867,298.504,51.8984,-151.66,106.274,152.363,84.507,60.3658,211.625,329.089,135.545,187.651,397.567,-168.822,39.3351,168.655,-34.0908,90.0914,67.2629,85.9954,214.642,7.76216,178.674,73.962,285.216,647.744,452.042,-25.881,-101.184,17.4544,-25.1192,195.065,228.34,457.308,307.881,139.32,202.123,227.213,19.0441,-11.9874,151.828,136.188,-166.426,166.921,-108.498,259.965,116.367,90.0586,254.272,-71.7918,238.46,94.4674,209.84,-36.3231,-62.1505,-48.6148,76.5053,381.082,201.754,333.462,32.4517,132.937,97.4059,319.254,-51.1475,50.3355,-167.888,-36.2743,140.132,-33.2561,138.788,-24.4105,428.787,257.768,325.889,258.852,397.55,140.823,-55.5605,164.21,90.1867,180.879,123.067,428.168,457.277,181.446,-46.2821,79.3076,14.5562,14.5706,119.354,36.2373,152.197,-49.334,264.356,116.842,165.748,173.992,446.549,101.432,237.567,26.455,-112.532,-46.1402,337.832,24.8444,169.11,366.7,234.55,373.78,83.82,106.05,47.88,50.32,154.35,44.57,286.85,230.24,304.12,496.96,221.41,305.82,290.53,296.76,81.41,39.36,23.72,23.28,29.85,54.57,225.18,181.57,331.31,143.31,233.36,70.42,37.94,35.74,32.54,49.64,85.69,67.54,109.7,113.89,249.73,74.36,158.89,142.58,116.44,34.89,48.45,81.52,70.91,205.72,177.91,371.52,281.41,155.86,230.33,140.05,86.48,35.4,45.08,21.11,23.11,22.82,88.69,74.08,322.53,150.22,115.62,66.18,57.2,37.94,18.49,18.99,20.93,21.73,196.082,29.1249,122.7,715.552,849.433,200.237,371.457,145.132,282.505,147.37,-146.454,816.073,-628.042,366.806,639.688,-568.507,-557.12,-891.499,-261.735,-183.273,423.296,699.787,391.017,561.498,-243.634,1147.76,770.759,538.671,-1.16267,422.946,-237.363,-983.222,655.99,-220.776,474.776,869.962,748.659,595.64,1348.32,1262.63,-535.413,693.808,41.4106,74.5369,713.228,510.59,1075.66,153.237,701.899,276.915,-531.884,-212.904,903.798,902.272,594.048,-42.6344,270.227,-993.686,-313.377,-39.3558,667.811,-141.495,-532.842,236.058,973.283,-262.58,381.875,541.576,305.026,386.744,1397.15,34.2993,848.749,772.029,639.307,1720.06,-117.881,795.713,1060.31,-363.78,814.813,166.817,593.552,-407.202,1180.91
real_0016,177.023,183.34,350.455,108.918,107.338,-33.9019,259.082,34.3059,240.128,110.272,131.715,215.744,275.769,94.8835,13.558,-71.8748,398.066,163.66,-32.7898,45.2982,184.195,187.197,261.869,-0.0697034,724.607,534.828,39.9698,106.79,-25.245,130.543,130.126,3.00708,111.108,168.04,36.5174,286.431,110.463,8.85797,110.834,120.431,243.384,-99.8374,-60.4394,-166.978,-183.448,56.5187,-12.7696,333.149,455.204,205.509,570.933,143.965,28.5083,-58.5034,256.232,-118.467,108.726,-85.4536,-42.9816,-52.6059,-18.4118,193.667,723.406,170.294,308.457,264.81,37.3907,-20.8844,132.573,157.64,-29.7441,-54.5718,21.0941,297.533,27.4833,266.815,125.895,296.267,80.0423,58.0048,9.98763,133.131,52.3933,136.654,113.354,66.0528,554.244,129.151,228.129,-141.396,109.807,-94.2474,115.635,216.763,-98.9567,135.01,-18.5532,212.574,394.296,579.529,598.704,107.595,-22.862,51.0769,2.45666,55.875,81.1995,487.056,422.159,107.187,224.671,-17.1145,189.774,-64.298,-17.0635,176.786,-97.8642,115.771,166.886,-112.787,309.014,189.846,436.784,430.672,32.083,142.747,183.925,46.3124,15.1392,48.6478,233.385,179.781,-54.3098,210.641,-116.934,156.817,212.85,41.1766,151.09,-16.6201,-85.5529,-83.3391,-117.958,176.037,196.007,129.884,190.809,135.503,101.139,219.726,210.306,174.318,126.304,234.144,73.4962,143.861,316.071,313.208,164.803,265.346,31.8983,-75.9403,-223.686,326.449,56.6601,73.3364,213.955,102.363,163.302,110.614,203.736,39.1712,296.662,185.54,21.6368,172.221,-165.401,140.678,179.83,95.5171,169.11,366.7,234.55,373.78,83.82,106.05,47.88,50.32,154.35,44.57,286.85,230.24,304.12,496.96,221.41,305.82,290.53,296.76,81.41,39.36,23.72,23.28,29.85,54.57,225.18,181.57,331.31,143.31,233.36,70.42,37.94,35.74,32.54,49.64,85.69,67.54,109.7,113.89,249.73,74.36,158.89,142.58,116.44,34.89,48.45,81.52,70.91,205.72,177.91,371.52,281.41,155.86,230.33,140.05,86.48,35.4,45.08,21.11,23.11,22.82,88.69,74.08,322.53,150.22,115.62,66.18,57.2,37.94,18.49,18.99,20.93,21.73,-156.742,940.585,254.734,412.916,273.901,416.324,523.809,-327.449,-368.732,206.744,-64.1437,12.7407,156.338,-142.171,534.948,304.721,-685.936,447.424,1456.31,-385.483,1203.88,813.055,490.581,790.39,-1268.51,620.701,-404.884,692.382,452.662,231.687,1130.09,437.306,206.442,1009.26,-280.555,2.14279,-692.146,539.844,314.469,367.735,751.94,523.809,267.844,592.373,1456.94,-72.875,800.9,934.502,-356.722,33.6514,922.228,698.546,629.84,1025.09,361.194,117.799,374.484,-189.009,432.986,61.5125,390.464,-71.5966,605.455,204.304,640.314,-148.057,976.475,427.514,596.006,399.563,693.664,-94.5572,-274.096,-540.132,411.839,-926.593,85.4392,428.436,832.403,1211.02,1058.63,354.825,626.997,305.166,152.664
real_0017,32.8926,-37.8485,206.447,-16.1031,419.191,196.182,405.597,-87.6435,128.644,15.9848,85.2972,-107.419,230.629,99.5595,-66.3733,-4.00094,68.8584,266.479,50.3959,228.699,-91.1254,67.744,114.037,108.455,646.391,131.446,112.993,433.557,191.959,-97.5129,259.495,181.457,-29.5955,-19.8392,127.725,79.581,84.7011,120.072,228.061,-53.9868,109.395,67.0577,-11.3184,-93.5426,156.136,208.432,100.123,308.677,310.82,215.698,289.035,210.519,223.435,-9.85387,-143.599,138.834,105.059,82.5836,10.7239,363.039,202.459,323.102,644.23,178.8,291.794,270.005,144.935,-76.4589,93.7469,47.0014,-34.7784,92.1026,-36.2395,82.0105,173.538,155.147,369.755,336.768,-132.935,312.164,104.041,133.424,38.7178,-31.9203,304.96,-61.1501,533.071,166.507,383.211,140.046,105.233,235.385,-68.0992,21.0012,113.282,16.0306,86.0541,420.269,341.466,603.51,448.312,141.695,48.4943,44.3031,195.085,-63.4058,374.14,483.395,308.46,171.035,357.965,267.751,161.78,58.0744,-231.379,185.601,-42.4749,-135.463,69.7436,299.102,343.551,256.612,217.278,470.94,100.565,77.3877,158.926,-123.195,21.1825,21.9184,340.311,330.343,458.242,379.373,21.3853,203.16,82.8283,107.636,-100.805,49.2006,9.42811,205.033,40.7829,198.249,57.773,38.1774,178.095,309.098,3.74696,458.289,334.22,10.8733,-99.0702,90.0476,171.744,252.19,265.791,107.219,247.505,165.495,205.558,-21.5364,88.4767,175.94,61.3924,104.667,94.5443,81.5661,171.518,48.0415,277.294,126.748,431.309,364.942,269.204,95.0261,84.4612,-166.065,283.718,217.612,169.11,366.7,234.55,373.78,83.82,106.05,47.88,50.32,154.35,44.57,286.85,230.24,304.12,496.96,221.41,305.82,290.53,296.76,81.41,39.36,23.72,23.28,29.85,54.57,225.18,181.57,331.31,143.31,233.36,70.42,37.94,35.74,32.54,49.64,85.69,67.54,109.7,113.89,249.73,74.36,158.89,142.58,116.44,34.89,48.45,81.52,70.91,205.72,177.91,371.52,281.41,155.86,230.33,140.05,86.48,35.4,45.08,21.11,23.11,22.82,88.69,74.08,322.53,150.22,115.62,66.18,57.2,37.94,18.49,18.99,20.93,21.73,488.526,109.586,124.287,-682.343,599.476,-353.395,1411.24,187.847,867.473,661.169,886.627,1271.2,-273.377,-546.925,-596.581,361.945,-237.209,160.705,-518.761,29.8954,644.769,-1196.19,166.464,44.2236,-1130.53,273.546,630.46,1065.21,423.884,-766.08,155.593,-134.524,695.173,568.357,-28.7516,41.7051,-0.830281,1559.88,324.295,757.413,53.6623,699.315,341.69,120.239,412.342,398.587,-496.625,-318.468,657.855,480.852,-240.847,-737.184,-62.3415,389.923,-106.764,411.068,247.127,-488.94,150.964,1300.24,1254.05,516.148,-611.717,289.154,893.29,257.615,410.173,-47.0444,75.4072,1099.61,829.414,126.571,-674.367,537.653,300.347,-118.491,-225.305,347.314,61.2148,-187.237,617.474,424.615,-9.93539,-12.914,398.72
real_0018,222.02,237.422,283.409,68.9942,-67.7043,-136.924,262.038,82.5402,160.999,154.845,56.2117,-68.2503,285.447,166.578,236.988,186.792,115.387,129.908,101.367,-116.529,-79.5722,91.6426,59.5234,-146.51,730,306.226,106.11,300.571,206.538,-21.7994,81.2398,40.1685,105.242,391.502,49.5509,98.8044,-10.5462,142.687,352.241,82.6217,-28.4032,-148.847,54.3964,87.9433,69.7399,52.4065,294.994,325.022,444.338,209.701,662.912,65.95,33.7105,54.8045,205.627,238.972,-7.49693,21.4974,-74.367,465.053,398.377,280.43,489.148,165.245,170.415,308.653,36.6051,-93.6827,-0.878862,-83.6877,151.614,-18.4017,171.411,263.258,-35.2493,129.504,-63.5339,186.303,-71.181,55.4034,-17.21,37.2191,-74.5075,118.798,151.341,-116.918,293.091,177.172,212.686,117.172,65.6575,116.529,79.0556,-54.1814,124.022,49.4957,-56.5716,258.853,400.524,593.709,498.251,122.411,-85.7321,271.935,-89.5302,291.779,247.771,356.19,535.414,109.24,233.847,108.141,208.065,-148.021,-43.2061,-28.64,-197.328,177.697,-147.196,-36.7435,384.912,51.8766,199.209,544.105,67.9592,205.269,14.2017,-43.7668,190.779,40.0995,100.698,131.364,377.009,208.395,232.548,327.82,155.175,136.691,-72.6454,171.888,-153.729,67.6543,204.109,56.0573,129.129,-100.172,334.55,383.8,187.176,362.205,292.28,198.267,160.661,68.4684,-138.651,237.278,100.967,205.721,486.278,274.416,213.536,32.0666,52.3888,133.015,-55.2566,60.2244,-96.7524,86.387,141.234,107.816,206.434,199.564,214.899,111.626,17.8051,69.7024,-22.2027,83.9439,127.298,176.71,169.11,366.7,234.55,373.78,83.82,106.05,47.88,50.32,154.35,44.57,286.85,230.24,304.12,496.96,221.41,305.82,290.53,296.76,81.41,39.36,23.72,23.28,29.85,54.57,225.18,181.57,331.31,143.31,233.36,70.42,37.94,35.74,32.54,49.64,85.69,67.54,109.7,113.89,249.73,74.36,158.89,142.58,116.44,34.89,48.45,81.52,70.91,205.72,177.91,371.52,281.41,155.86,230.33,140.05,86.48,35.4,45.08,21.11,23.11,22.82,88.69,74.08,322.53,150.22,115.62,66.18,57.2,37.94,18.49,18.99,20.93,21.73,82.6445,-164.124,1269.03,1687.05,-307.33,-249.915,-105.866,-851.24,628.328,-253.974,524.088,-540.172,-560.818,29.3613,289.617,-11.5585,101.869,246.503,-617.637,413.44,-418.249,-151.358,-283.836,1486.24,316.238,-295.601,755.859,-21.5064,74.9081,1804.65,-125.137,424.558,74.6271,-461.675,584.706,1250.13,-285.642,1048.09,871.854,537.352,776.287,156.055,-122.604,-600.309,503.714,338.8,534.512,-305.27,-259.531,-250.799,486.202,-339.657,1073.94,192.808,31.6209,217.679,744.469,-491.635,92.3253,643.064,903.502,1025.5,862.527,466.068,192.038,363.573,241.845,52.9835,180.63,-412.5,394.293,698.125,8.92309,542.912,318.843,-111.489,491.584,77.2763,254.03,-70.1864,616.83,-164.298,94.1921,-403.774,-78.1631
real_0019,260.355,27.0874,351.91,159.968,140.493,283.53,435.144,88.8961,334.899,146.781,186.122,178.161,523.246,138.895,-182.102,128.497,142.131,207.229,92.3291,42.0634,-56.9701,2.67268,81.5753,23.2484,607.481,279.845,70.0754,369.116,89.7001,51.3045,-11.093,-127.84,111.291,16.6717,263.089,239.219,298.33,77.8905,122.578,318.172,88.767,43.9336,59.0669,22.6003,14.6683,-27.9532,72.772,51.9597,309.334,235.537,471.435,378.978,170.745,-217.002,242.5,285.187,21.6139,49.1393,-113.421,312.492,227.52,314.886,808.669,316.98,61.249,97.832,54.6354,216.417,10.7955,-121.302,76.9677,253.804,130.034,141.934,111.999,136.027,271.05,197.525,-75.7721,-183.734,271.051,158.417,216.286,174.732,101.464,160.485,364.378,168.699,182.315,26.4119,37.2252,239.594,-55.1409,40.7991,201.463,-102.753,-33.8924,336.027,349.143,815.409,413.925,198.307,96.0467,-25.73,255.262,-61.4593,319.245,461.674,306.516,259.749,164.002,161.292,366.041,93.176,-137.241,160.79,62.1623,236.01,-47.7486,81.6703,114.318,230.032,430.082,262.776,196.311,20.0778,-10.1292,26.968,114.473,180.123,187.09,183.876,161.943,158.134,45.6568,427.652,218.353,247.036,200.176,223.5,-148.86,-141.878,-234.758,124.908,-12.1507,17.4057,144.868,203.358,-74.7476,260.18,215.293,213.408,14.6523,-8.84621,245.277,202.974,252.704,259.973,244.862,-0.582596,82.8258,121.671,282.807,-138.267,21.5337,-82.0619,136.512,-213.379,230.712,42.331,280.17,63.0963,372.392,142.585,184.96,25.0313,364.236,129.476,99.5177,209.386,169.11,366.7,234.55,373.78,83.82,106.05,47.88,50.32,154.35,44.57,286.85,230.24,304.12,496.96,221.41,305.82,290.53,296.76,81.41,39.36,23.72,23.28,29.85,54.57,225.18,181.57,331.31,143.31,233.36,70.42,37.94,35.74,32.54,49.64,85.69,67.54,109.7,113.89,249.73,74.36,158.89,142.58,116.44,34.89,48.45,81.52,70.91,205.72,177.91,371.52,281.41,155.86,230.33,140.05,86.48,35.4,45.08,21.11,23.11,22.82,88.69,74.08,322.53,150.22,115.62,66.18,57.2,37.94,18.49,18.99,20.93,21.73,-174.304,1381.72,451.999,348.009,252.082,5.80795,580.502,1344.34,546.542,-1169.82,-141.753,-99.9646,-161.655,-175.236,-90.9904,-102.61,1207.07,1048.31,-191.007,-498.616,-34.6508,243.968,660.532,552.452,-55.6137,250.618,-188.566,-218.263,-262.53,875.638,673.276,-333.381,-888.526,-633.565,412.511,1077.39,206.547,1395.47,294.754,182.127,1534.67,887.844,503.65,309.901,-9.18914,279.027,795.674,117.646,445.251,-40.9819,23.7536,1069.96,-299.583,1764.79,520.415,-884.145,784.057,498.93,-240.354,-50.3375,902.684,875.381,510.569,378.754,960.41,505.843,862.43,1414.93,962.991,-43.2544,175.5,248.593,194.004,886.442,223.622,706.861,260.862,832.472,794.167,626.99,1056.27,141.87,340.895,-442.317,-354.287
real_0020,-56.5399,331.058,391.032,-28.796,269.154,61.5118,313.832,-158.083,208.324,-7.1126,71.6058,235.481,287.461,337.329,186.728,160.537,185.54,250.804,25.2169,1.39012,23.9394,-23.5879,-113.209,185.565,822.147,170.03,127.502,337.304,97.0257,24.9683,105.613,67.2677,110.39,131.442,91.6352,194.737,425.161,-2.00236,322.228,218.876,15.0034,173.348,-29.7212,29.4533,82.2366,213.224,129.772,464.524,387.18,100.259,473.567,140.591,-1.78557,21.5362,124.217,127.612,-35.7498,61.1977,272.561,244.722,69.1551,263.599,522.129,130.739,297.274,356.285,249.183,-159.695,-283.332,107.315,289.117,87.0439,-4.15312,327.773,176.791,230.333,42.3672,48.13,77.5448,-88.2656,110.191,259.286,179.409,106.525,112.209,-20.0568,497.706,143.344,122.34,195.484,183.78,-3.22732,-70.355,141.112,106.476,113.012,126.3,257.197,424.418,477.814,368.861,115.617,156.161,196.445,61.3277,42.8145,118.231,488.806,126.322,149.482,212.849,34.7491,5.27808,-173.393,-42.5486,-2.97508,-26.4755,329.668,-140.813,129.65,184.506,178.005,273.244,341.991,244.539,56.8886,32.9002,-122.589,40.4088,-91.3681,51.162,380.872,186.142,83.6996,161.941,391.071,-2.08295,298.221,78.1105,-159.499,102.764,97.4507,-119.426,173.144,120.576,206.259,309.684,397.863,200.218,379.985,379.688,46.4769,26.0416,-144.257,-169.084,196.652,273.687,408.465,142.745,186.466,204.163,-12.9604,34.9558,41.861,-79.6762,11.7125,66.5491,-48.0715,245.745,113.584,312.51,113.46,223.4,66.2076,205.037,-96.9895,-61.7652,62.0127,208.821,-148.112,169.11,366.7,234.55,373.78,83.82,106.05,47.88,50.32,154.35,44.57,286.85,230.24,304.12,496.96,221.41,305.82,290.53,296.76,81.41,39.36,23.72,23.28,29.85,54.57,225.18,181.57,331.31,143.31,233.36,70.42,37.94,35.74,32.54,49.64,85.69,67.54,109.7,113.89,249.73,74.36,158.89,142.58,116.44,34.89,48.45,81.52,70.91,205.72,177.91,371.52,281.41,155.86,230.33,140.05,86.48,35.4,45.08,21.11,23.11,22.82,88.69,74.08,322.53,150.22,115.62,66.18,57.2,37.94,18.49,18.99,20.93,21.73,-110.568,-234.821,-262.543,919.228,839.323,-1338.73,564.301,-561.033,432.081,-203.897,692.927,603.532,404.375,-250.69,522.183,-698.718,-339.027,247.574,-322.008,844.373,752.619,535.064,827.073,304.375,329.687,0.7451,-218.207,149.749,601.404,692.171,735.246,-292.843,1320.34,53.9298,-9.89828,540.546,-21.1502,493.53,-599.395,421.046,474.173,-686.644,534.211,1218.28,364.716,922.071,-208.656,-499.628,162.145,323.265,16.8289,1396.73,-506.618,704.921,298.797,189.259,-72.5419,635.61,-202.427,-532.571,-389.656,371.902,149.159,423.334,-141.121,1322.66,276.04,-1074.93,1269.46,166.983,-339.054,255.547,588.82,284.425,1394.78,107.421,226.732,269.794,294.643,322.453,-124.859,314.418,239.254,-37.2425,-189.128
real_0021,95.3135,-41.2733,130.824,174.49,142.655,155.763,244.01,130.016,221.827,-14.8591,167.35,235.945,265.316,78.537,132.791,163.118,327.277,331.26,117.589,121.911,-79.173,-59.4818,-93.8382,-106.715,722.604,113.663,210.829,144.611,46.1594,187.393,278.413,110.04,89.9109,-1.05143,101.104,288.629,291.51,267.204,308.713,-16.4936,169.009,53.4454,-99.7544,-26.3279,-24.5861,179.294,33.9681,324.68,485.808,116.169,492.117,224.692,271.892,-85.4561,-51.0937,24.3047,11.8373,26.4114,74.2725,217.107,215.761,355.594,646.846,179.899,187.321,181.199,-124.176,57.5254,84.1602,-9.37293,-44.5598,-71.4432,142.228,56.5158,115.69,129.316,154.421,172.734,-117.703,168.113,87.5533,68.6333,163.875,121.324,225.841,274.243,191.961,112.451,62.6184,237.341,6.56374,150.65,-16.7018,-13.6358,57.019,116.441,110.269,294.035,568.335,420.095,464.251,83.975,106.321,192.671,61.0551,-40.5066,305.531,473.144,268.127,135.649,50.5003,56.6037,63.7869,-186.701,140.658,-157.102,-10.1446,82.9835,107.321,87.4249,238.144,-100.891,300.813,202.802,229.184,44.3248,90.5393,-7.42122,38.6089,74.8905,150.317,438.524,131.01,178.26,43.9635,457.433,148.02,346.369,-96.8081,-51.4372,-7.01598,-78.3974,130.598,10.5546,184.965,61.6457,52.5089,137.534,207.898,9.19349,355.259,150.044,-47.1279,-217.902,125.839,163.095,207.741,130.277,160.423,248.104,12.0487,39.4603,-151.201,-189.485,-120.111,64.786,51.2857,190.73,278.84,-9.25528,193.819,47.9089,192.061,234.628,205.682,47.4709,248.68,68.5195,335.47,140.975,169.11,366.7,234.55,373.78,83.82,106.05,47.88,50.32,154.35,44.57,286.85,230.24,304.12,496.96,221.41,305.82,290.53,296.76,81.41,39.36,23.72,23.28,29.85,54.57,225.18,181.57,331.31,143.31,233.36,70.42,37.94,35.74,32.54,49.64,85.69,67.54,109.7,113.89,249.73,74.36,158.89,142.58,116.44,34.89,48.45,81.52,70.91,205.72,177.91,371.52,281.41,155.86,230.33,140.05,86.48,35.4,45.08,21.11,23.11,22.82,88.69,74.08,322.53,150.22,115.62,66.18,57.2,37.94,18.49,18.99,20.93,21.73,-552.184,485.826,-352.991,490.552,1252.09,-203.218,178.377,769.973,591.58,-107.393,186.941,198.134,-68.7582,-402.015,97.3235,-218.112,-217.532,-138.168,786.954,-453.495,182.391,-594.478,184.587,-224.46,-1116.58,-24.1181,78.2833,702.514,415.442,-331.644,-143.095,992.153,730.075,200.374,141.128,374.9,1047.5,-637.199,468.306,241.631,72.3966,560.194,-723.998,1019.16,894.29,-722.422,27.8563,931.264,237.011,1466.81,146.91,-237.93,-404.992,341.359,-370.498,-719.118,467.221,105.573,366.148,120.398,-130.464,513.719,-1.27927,630.074,-499.181,104.332,336.529,-679.304,-1.34441,-148.272,-280.111,516.422,839.464,1260.37,256.545,-599.381,6.11219,577.064,303.457,-444.003,52.5,-225.012,-366.556,-459.003,601.028
real_0022,61.9816,30.2493,262.118,-19.4157,122.395,529.52,228.633,89.6428,161.124,120.45,93.4586,133.529,321.827,104.728,109.351,88.795,88.8794,167.204,-85.7559,1.66884,-35.9727,-55.6857,171.432,-6.28155,632.079,68.908,-53.3909,197.697,278.877,-77.9631,-101.594,-120.962,199.518,127.082,163.223,6.92358,115.312,197.673,75.9848,24.0263,0.995382,107.131,229.064,148.587,-20.6737,242.389,29.1772,216.886,429.105,-37.6622,391.373,442.479,166.453,-18.2707,191.068,212.194,120.054,-116.308,-43.2642,361.778,168.829,146.913,680.879,321.871,256.84,265.206,-52.0032,259.374,48.4262,8.10142,-42.5375,226.295,120.75,268.769,154.037,155.916,228.905,101.376,17.8039,46.3539,34.8184,-213.523,224.001,-61.0205,88.0967,-76.9818,470.153,153.314,271.847,109.223,210.322,-18.9271,256.34,-37.1877,23.2677,128.829,28.7134,41.3266,293.489,461.783,478.212,211.537,64.143,213.094,328.515,24.3682,39.3812,476.877,202.213,29.5985,164.089,208.034,184.079,-56.4167,-208.301,196.145,146.227,208.93,185.321,118.543,67.2737,132.124,132.652,396.01,67.3716,-52.0349,295.17,20.2887,13.3931,-92.4147,-136.224,225.844,272.714,129.253,180.794,466.262,125.232,192.042,236.613,222.904,-64.2988,107.058,41.1476,-89.2578,169.785,-13.7265,313.186,405.88,88.193,280.665,157.244,152.037,88.261,153.014,42.3992,273.677,273.651,-64.1853,138.535,49.518,96.3201,-144.843,-3.75382,163.582,-31.7527,-13.0617,41.6468,16.1786,447.579,143.399,65.4736,179.274,410.112,259.568,284.307,50.2136,164.936,30.1593,287.339,353.533,169.11,366.7,234.55,373.78,83.82,106.05,47.88,50.32,154.35,44.57,286.85,230.24,304.12,496.96,221.41,305.82,290.53,296.76,81.41,39.36,23.72,23.28,29.85,54.57,225.18,181.57,331.31,143.31,233.36,70.42,37.94,35.74,32.54,49.64,85.69,67.54,109.7,113.89,249.73,74.36,158.89,142.58,116.44,34.89,48.45,81.52,70.91,205.72,177.91,371.52,281.41,155.86,230.33,140.05,86.48,35.4,45.08,21.11,23.11,22.82,88.69,74.08,322.53,150.22,115.62,66.18,57.2,37.94,18.49,18.99,20.93,21.73,880.043,566.433,-462.536,698.395,-395.828,-338.015,855.173,-567.044,140.695,-164.804,-462.169,1413.49,29.4817,-257.068,670.834,889.772,54.6781,201.309,877.116,594.184,17.4286,431.01,577.208,344.768,24.0946,-326.884,-978.333,637.443,366.334,468.164,507.195,999.684,8.77846,-4.55959,-59.7926,-605.918,306.222,267.79,829.393,914.542,-131.108,238.368,444.026,-159.154,268.648,1108.18,830.323,1012.39,-699.953,13.3323,747.229,39.0275,614.519,-156.082,-660.863,957.029,236.144,-58.2136,1428.64,454.423,443.255,-463.251,758.679,8.6329,-22.0496,1727.09,-273.423,511.474,93.8313,442.256,-356.291,1018.77,1201.53,391.002,-475.736,461.923,222.463,198.395,1990.55,-282.403,736.079,606.937,-475.756,-798.763,1133.54
real_0023,167.008,138.784,163.668,-82.3084,208.02,333.867,53.7741,67.2347,361.222,103.811,26.743,260.565,327.576,190.656,421.816,-35.9316,94.4637,332.877,404.388,110.016,0.29601,116.827,71.9049,-20.6493,778.053,82.9455,5.327,146.959,235.693,112.064,29.2524,24.013,14.0989,173.629,-101.893,283.227,127.981,322.986,366.843,105.573,282.581,166.945,85.5608,-14.9846,35.511,259.359,-16.2728,431.808,278.679,124.06,515.526,234.57,68.972,-13.5861,66.1005,-137.431,-110.317,136.992,-11.7343,178.713,124.962,175.317,616.032,368.931,-8.31476,249.357,209.102,-20.3263,-99.7194,144.435,108.002,83.4918,106.963,238.353,169.152,75.1167,24.1123,55.3385,42.5805,105.126,169.863,-50.503,171.612,-23.8636,-16.0097,101.849,297.112,142.708,168.558,-28.3797,48.7438,219.252,39.6814,-67.2528,56.2179,32.827,280.05,167.335,520.879,401.291,387.79,0.438205,193.788,-134.37,97.6608,-177.145,73.2628,494.427,337.429,404.277,266.329,-3.55156,355.34,67.4449,118.29,160.642,69.2388,109.481,-57.013,90.0142,130.903,-12.1418,329.48,463.554,173.522,138.549,127.581,60.7493,60.2211,-75.3557,81.4681,78.3974,-63.6325,304.425,-5.1263,335.977,330.512,135.551,148.881,159.861,76.0339,2.28388,-90.9895,144.469,21.1258,-13.9732,146.922,188.701,71.8436,373.704,301.414,46.1561,-12.7636,-300.222,158.863,247.14,159.763,91.5913,286.612,120.878,206.099,61.1435,188.712,-166.772,41.665,65.8155,170.312,160.421,217.957,81.2812,-59.6734,75.1542,561.962,58.6545,134.383,-158.81,-154.621,36.4678,8.64487,87.9122,169.11,366.7,234.55,373.78,83.82,106.05,47.88,50.32,154.35,44.57,286.85,230.24,304.12,496.96,221.41,305.82,290.53,296.76,81.41,39.36,23.72,23.28,29.85,54.57,225.18,181.57,331.31,143.31,233.36,70.42,37.94,35.74,32.54,49.64,85.69,67.54,109.7,113.89,249.73,74.36,158.89,142.58,116.44,34.89,48.45,81.52,70.91,205.72,177.91,371.52,281.41,155.86,230.33,140.05,86.48,35.4,45.08,21.11,23.11,22.82,88.69,74.08,322.53,150.22,115.62,66.18,57.2,37.94,18.49,18.99,20.93,21.73,-160.396,303.092,783.68,304.1,111.218,203.237,101.317,567.082,311.512,470.389,-354.981,-63.2676,-779.529,389.059,459.107,337.535,330.293,414.544,48.9328,810.812,-4.46921,277.527,-703.795,-601.234,431.331,-25.5107,80.1487,1199.01,1089.38,86.2195,121.328,297.281,105.734,627.578,941.61,-300.835,614.906,1275.5,-377.006,48.0659,407.63,490.002,-86.2599,1268.98,464.498,435.433,-55.4792,763.242,99.601,164.854,729.73,574.477,193.49,-586.552,426.92,508.868,153.804,497.239,-586.93,484.243,55.8164,1393.4,-740.467,1215.47,741.845,221.185,-600.74,643.505,-211.378,-1706.09,471.927,231.477,13.5288,1242.96,1055.14,705.809,249.935,-155.611,1137.76,1109.67,1306.71,529.843,-684.509,292.643,217.71
real_0024,147.388,-179.689,347.219,71.7893,279.266,361.012,362.222,177.175,58.1537,196.895,186.648,79.9292,196.873,164.493,122.738,10.747,371.517,163.696,-67.2887,-44.7053,83.9216,259.017,160.379,181.719,670.096,109.106,271.989,292.919,102.109,27.133,43.3804,94.4363,132.886,148.969,119.286,68.9383,87.1835,12.4638,247.155,59.9286,-19.7599,180.489,273.575,34.0653,37.4141,231.636,-15.0534,242.001,279.245,318.014,582.303,500.944,121.863,-9.72754,63.6726,-122.626,142.227,77.2094,165.261,239.227,182.004,356.963,674.387,48.7774,214.52,328.949,49.124,-51.1447,-239.659,156.311,48.345,146.05,-88.3705,264.61,59.1084,340.844,146.498,77.8257,-94.1063,83.2335,-106.417,19.1734,-48.9653,81.6063,54.0333,9.47178,292.465,142.145,33.5227,88.1576,162.136,89.6226,-151.078,173.054,-13.5968,166.305,85.9802,238.495,227.708,645.747,485.283,236.818,364.695,-49.2053,-6.02069,-27.9486,319.356,563.279,255.652,126.073,129.851,1.73491,96.1244,193.338,110.529,223.984,0.637574,-4.13842,41.1172,-127.8,181.612,72.3881,201.097,294.464,22.1499,87.6463,104.914,107.09,-4.07803,56.5187,54.3383,230.569,245.568,129.414,193.111,333.886,10.2929,136.002,96.4022,81.7899,93.0566,-134.71,24.8789,10.5283,0.384868,161.117,167.042,373.761,209.064,453.216,239.844,206.244,-123.157,-69.9877,4.17883,38.0375,147.403,109.953,183.681,159.656,80.2262,-35.9474,25.1082,39.8552,309.215,-101.266,-84.7449,-40.0694,155.386,23.8408,149.761,219.7,159.83,28.6533,188.542,-31.7208,-149.673,97.975,286.947,98.7738,169.11,366.7,234.55,373.78,83.82,106.05,47.88,50.32,154.35,44.57,286.85,230.24,304.12,496.96,221.41,305.82,290.53,296.76,81.41,39.36,23.72,23.28,29.85,54.57,225.18,181.57,331.31,143.31,233.36,70.42,37.94,35.74,32.54,49.64,85.69,67.54,109.7,113.89,249.73,74.36,158.89,142.58,116.44,34.89,48.45,81.52,70.91,205.72,177.91,371.52,281.41,155.86,230.33,140.05,86.48,35.4,45.08,21.11,23.11,22.82,88.69,74.08,322.53,150.22,115.62,66.18,57.2,37.94,18.49,18.99,20.93,21.73,857.475,168.691,-31.664,355.422,294.755,-295.834,795.416,4.35375,106.048,21.9342,-50.5971,1142.25,854.576,589.232,286.825,-720.258,341.335,448.75,-164.386,410.506,268.155,1061.02,-107.537,626.003,286.482,692.858,317.844,455.546,518.977,401.914,555.357,-213.498,975.434,100.67,-215.157,142.742,501.001,-103.122,1253.78,391.975,1023.77,670.397,-318.902,101.795,-17.8719,455.681,1462.28,60.3299,-443.52,66.8551,-16.732,-1.54874,-570.836,359.24,653.545,796.446,-278.627,272.08,-169.493,825.22,502.099,-116.033,-842.057,1993.58,314.305,206.033,-325.214,-185.172,654.78,545.884,571.406,-187.593,554.305,470.105,-372.877,431.394,-147.895,1339.5,942.133,827.361,-262.789,237.058,768.453,-470.083,1162.46
real_0025,35.4423,75.7426,244.506,-24.1616,473.45,203.967,382.47,73.7887,334.717,-33.8664,127.318,-0.924608,235.028,389.768,-120.714,144.446,101.922,307.758,37.669,251.61,-55.1968,140.066,-96.5485,120.522,543.73,408.247,128.296,75.5251,107.966,216.556,90.035,36.4731,78.4526,40.2122,130.021,192.64,51.0774,222.043,302.67,54.7514,73.8083,264.75,143.81,242.084,373.229,106.793,125.479,80.0694,448.511,137.368,551.736,264.061,18.1914,42.8256,130.155,-187.963,-2.80956,42.8929,64.2629,444.257,399.817,194.455,761.112,145.416,172.871,281.986,36.1316,5.8132,35.0335,182.762,-54.125,-134.536,28.8766,193.786,-59.7876,80.8739,181.345,40.9834,-9.31969,-35.2236,44.0811,0.306773,90.37,-120.728,218.821,212.145,378.295,153.639,148.001,-37.9806,14.6997,35.524,-147.96,104.059,-99.4384,-90.0084,57.1263,290.558,454.339,411.841,559.32,-10.7847,178.062,-191.12,210.35,-64.3319,161.785,331.633,138.153,-45.1095,90.8827,-182.451,-44.0523,-4.23882,-3.09607,66.3556,-48.0155,59.3802,13.6759,264.072,133.507,13.2679,292.216,252.468,241.004,80.6821,106.806,56.7812,-201.739,-3.24087,-11.9739,398.817,222.89,471.419,126.32,321.727,142.518,287.182,-28.4791,56.6109,-161.139,110.344,-104.909,71.2429,181.345,186.066,260.254,202.443,29.8714,141.6,302.481,-82.4813,-30.5779,38.3274,44.7729,165.534,341.402,411.484,231.416,322.939,154.072,49.6839,98.2014,97.732,-162.418,19.185,212.297,87.6021,48.4436,165.026,182.094,345.552,223.786,106.15,347.54,-0.403676,-6.18435,-6.56417,323.286,19.5042,169.11,366.7,234.55,373.78,83.82,106.05,47.88,50.32,154.35,44.57,286.85,230.24,304.12,496.96,221.41,305.82,290.53,296.76,81.41,39.36,23.72,23.28,29.85,54.57,225.18,181.57,331.31,143.31,233.36,70.42,37.94,35.74,32.54,49.64,85.69,67.54,109.7,113.89,249.73,74.36,158.89,142.58,116.44,34.89,48.45,81.52,70.91,205.72,177.91,371.52,281.41,155.86,230.33,140.05,86.48,35.4,45.08,21.11,23.11,22.82,88.69,74.08,322.53,150.22,115.62,66.18,57.2,37.94,18.49,18.99,20.93,21.73,791.803,255.201,531.39,657.319,-113.255,-30.1212,571.889,306.874,243.844,-936.491,-371.476,-1757.61,232.304,-339.111,-188.815,-41.4415,1486.87,-252.723,-382.411,-273.945,-492.623,-680.363,1077.16,179.585,316.371,855.058,-245.191,1074.03,-503.84,847.256,466.634,351.829,-364.018,-421.635,158.463,-1336.45,317.611,-268.036,34.7571,497.673,357.655,-245.139,-620.028,459.511,596.912,886.394,207.125,-1103.8,1125.94,391.221,801.49,69.8496,-584.084,914.134,-559.657,-400.704,427.627,6.55203,391.32,586.014,-445.902,-205.638,375.874,134.272,-765.588,8.78536,676.319,916.272,12.1705,1218.54,449.241,177.533,886.117,792.755,-683.912,180.713,644.875,172.741,-187.808,-72.3537,-593.973,955.643,-245.279,1242.35,158.901
real_0026,88.8565,186.957,401.719,269.433,342.216,284.671,421.071,270.053,203.934,183.605,43.0112,-2.38832,286.754,134.306,56.4011,261.879,317.174,207.456,-153.109,-1.18469,-5.97375,88.5617,-8.62316,148.671,696.351,119.952,192.84,216.517,101.767,-6.70467,206.231,133.212,123.85,102.813,408.182,215.596,98.8526,163.877,272.688,28.1869,324.037,270.933,176.473,-236.873,164.068,71.7768,301.91,260.113,250.25,-82.6964,530.922,196.5,-96.2558,-78.9341,-166.795,-153.555,-37.6315,114.516,153.052,413.373,164.919,301.852,459.852,66.5971,351.028,350.131,-16.5659,78.4416,-210.887,170.371,38.8823,269.149,61.6945,282.782,186.442,-32.8619,127.045,49.7161,273.837,93.8697,132.117,285.974,-85.7398,235.037,258.3,170.742,349.524,148.168,272.003,335.326,64.9078,249.201,-124.708,-97.2475,107.918,-136.039,263.739,150.956,492.491,576.415,321.959,-14.2337,33.9277,8.66555,-29.1218,175.638,126.872,493.644,395.885,-15.2674,4.2471,99.4529,316.564,136.504,-72.9209,101.188,-148.371,47.4312,16.1164,154.56,198.825,190.473,78.8067,218.005,-209.754,49.4167,191.335,116.53,-230.877,276.507,136.93,356.482,85.7167,81.879,202.593,376.65,299.519,287.241,160.702,49.4006,155.472,124.396,29.5216,82.332,274.283,237.885,243.108,-7.70859,68.8558,443.357,157.795,84.092,-15.1769,12.2277,-82.5036,123.924,124.458,241.827,135.297,309.984,148.661,114.098,-1.57171,3.22701,7.19248,-58.4926,236.23,26.0586,-10.2194,17.4711,243.02,273.581,144.871,114.321,163.045,-15.4721,-2.50571,173.425,238.207,18.6914,169.11,366.7,234.55,373.78,83.82,106.05,47.88,50.32,154.35,44.57,286.85,230.24,304.12,496.96,221.41,305.82,290.53,296.76,81.41,39.36,23.72,23.28,29.85,54.57,225.18,181.57,331.31,143.31,233.36,70.42,37.94,35.74,32.54,49.64,85.69,67.54,109.7,113.89,249.73,74.36,158.89,142.58,116.44,34.89,48.45,81.52,70.91,205.72,177.91,371.52,281.41,155.86,230.33,140.05,86.48,35.4,45.08,21.11,23.11,22.82,88.69,74.08,322.53,150.22,115.62,66.18,57.2,37.94,18.49,18.99,20.93,21.73,1192.89,-151.854,-28.9062,483.685,1129.36,-100.221,143.701,459.12,750.677,863.733,53.8779,829.2,34.0236,438.843,-973.13,521.415,541.554,-175.169,-262.232,174.169,-5.5741,673.101,522.374,-35.7844,479.671,-233.291,661.266,610.681,105.834,568.865,-37.5238,89.8721,382.716,-717.543,558.566,1223.32,188.629,577.214,-55.67,965.333,-651.187,-327.945,301.343,408.462,1055.46,370.709,668.645,175.666,-403.331,104.454,-837.445,1026.42,-12.8467,579.402,647.918,928.261,-501.056,82.3751,351.85,9.55926,1309.24,542.696,-10.715,-0.820884,-92.5304,-864.153,161.326,191.038,151.049,159.304,-54.4764,1329.12,210.825,267.292,-841.777,735.58,953.175,-309.788,65.2629,320.142,572.288,531.445,-344.724,-377.8,-63.6887
real_0027,-54.0495,-40.1074,449.479,60.3898,33.4274,40.9441,346.769,-7.2426,103.479,209.197,287.493,136.332,443.587,103.528,317.574,118.308,196.42,291.484,-11.889,-25.2717,-124.909,39.7531,-9.59532,76.7305,625.565,299.151,190.372,157.654,186.529,175.61,-13.1463,154.946,6.88399,-55.6082,263.476,62.9299,-12.4594,103.364,101.139,193.676,-115.1,158.259,78.3355,117.864,232.259,399.693,199.204,250.185,334.471,83.4136,466.905,26.7264,82.4709,82.5502,-139.358,-127.116,18.6675,20.2235,75.297,183.579,191.951,335.511,686.267,371.596,160.275,141.673,-100.726,70.3414,159.05,-14.8657,4.10712,62.0539,58.9073,35.3754,-64.275,319.608,178.814,32.5495,160.368,94.745,-64.3557,215.653,274.423,119.351,31.102,120.044,250.082,65.8263,324.321,304.188,204.471,-83.024,-52.0195,108.033,204.723,59.3851,102.663,266.575,451.81,483.918,301.054,233.701,49.3352,59.107,56.3234,18.1929,149.108,516.383,287.882,71.0386,189.492,106.218,38.0548,63.0002,-53.9435,-79.133,-19.1834,-126.632,-194.871,155.02,121.925,-58.3544,403.724,213.673,23.0668,9.56759,18.6178,-13.5439,189.391,105.442,57.873,379.382,16.0494,394.905,115.156,370.383,433.278,247.698,-100.865,120.879,234.409,48.9459,-168.785,192.124,85.7019,-74.4464,118.128,90.9155,-37.0781,190.589,242.594,-17.1176,144.235,47.9544,7.36107,147.264,244.332,255.513,291.153,56.1434,69.3555,27.8312,-253.508,6.26232,31.7835,192.009,59.4162,229.289,133.919,215.479,26.1936,144.512,232.572,244.755,143.994,104.012,22.3237,-124.437,114.931,54.3445,169.11,366.7,234.55,373.78,83.82,106.05,47.88,50.32,154.35,44.57,286.85,230.24,304.12,496.96,221.41,305.82,290.53,296.76,81.41,39.36,23.72,23.28,29.85,54.57,225.18,181.57,331.31,143.31,233.36,70.42,37.94,35.74,32.54,49.64,85.69,67.54,109.7,113.89,249.73,74.36,158.89,142.58,116.44,34.89,48.45,81.52,70.91,205.72,177.91,371.52,281.41,155.86,230.33,140.05,86.48,35.4,45.08,21.11,23.11,22.82,88.69,74.08,322.53,150.22,115.62,66.18,57.2,37.94,18.49,18.99,20.93,21.73,-636.918,1412.95,644.628,875.886,510.228,-583.733,26.515,-58.3472,6.59373,374.295,24.0561,668.855,-65.285,510.402,-663.925,131.067,157.494,-157.42,691.108,52.6811,829.394,-80.4917,674.017,594.846,146.414,108.401,334.687,-351.337,747.049,83.2632,-787.939,183.558,55.1613,-212.39,122.141,603.499,612.643,558.527,-73.347,224.408,-339.719,-571.836,1434.12,4.10718,207.533,57.5958,-521.974,212.241,235.711,372.487,637.758,143.086,256.632,-380.268,424.228,147.584,484.575,691.329,511.972,-122.129,-568.688,550.545,487.984,747.337,133.17,-379.321,-675.125,481.994,983.976,107.394,653.983,692.886,242.809,-276.015,119.875,972.268,240.978,-268.261,204.659,1169.77,550.184,208.921,400.9,599.795,749.844
real_0028,97.8883,151.131,186.58,184.283,-70.0326,184.206,303.967,287.279,259.755,207.203,196.51,183.673,364.336,180.165,199.628,144.797,181.173,300.559,40.9216,-235.272,-125.538,19.3735,49.3243,-77.1566,635.362,40.729,103.058,169.672,57.831,-2.24691,28.531,18.0675,95.227,35.0312,-55.0982,211.457,180.906,67.4104,285.75,-38.4816,265.411,60.3316,-72.441,7.61363,-90.84,59.6024,221.994,279.152,477.31,160.136,489.015,60.9836,-6.7338,-63.4286,157.857,163.856,-105.386,-10.0979,69.8167,276.835,222.383,434.774,622.542,296.28,107.542,498.308,-228.32,47.5954,353.48,-99.7425,-53.3475,146.589,62.744,226.558,274.174,238.323,40.8874,239.554,116.132,-43.0001,-0.0378022,67.8833,-37.5502,49.5926,66.2388,163.389,239.115,187.731,296.038,369.855,-12.1519,-187.777,-39.9261,-198.817,56.2513,91.7097,-82.4835,367.655,436.165,472.925,494.437,229.088,166.864,232.619,55.8542,227.772,378.205,395.956,337.013,-32.143,206.907,232.651,166.078,-11.2239,-103.097,-19.4154,102.715,-14.7661,-18.6868,105.787,335.841,142.049,271.049,387.574,354.218,6.56708,-46.6222,-7.32427,141.078,-208.54,226.114,313.219,140.836,174.101,244.141,244.099,7.81743,104.617,27.6847,51.6313,22.5802,110.151,146.957,19.8395,151.603,-24.3026,297.346,307.462,-118.994,244.367,153.964,-49.126,-67.8823,82.7289,-9.90454,220.908,16.8575,181.615,295.189,32.2369,220.098,72.853,-0.657044,-105.127,-9.78032,40.8717,95.9693,141.815,13.3881,129.944,3.98394,319.425,345.058,-2.96035,219.68,-6.08546,-43.3405,23.7564,30.299,5.6141,169.11,366.7,234.55,373.78,83.82,106.05,47.88,50.32,154.35,44.57,286.85,230.24,304.12,496.96,221.41,305.82,290.53,296.76,81.41,39.36,23.72,23.28,29.85,54.57,225.18,181.57,331.31,143.31,233.36,70.42,37.94,35.74,32.54,49.64,85.69,67.54,109.7,113.89,249.73,74.36,158.89,142.58,116.44,34.89,48.45,81.52,70.91,205.72,177.91,371.52,281.41,155.86,230.33,140.05,86.48,35.4,45.08,21.11,23.11,22.82,88.69,74.08,322.53,150.22,115.62,66.18,57.2,37.94,18.49,18.99,20.93,21.73,-307.225,581.009,1291.67,1124.27,-182.084,405.296,-930.364,29.928,337.002,252.036,89.4873,-79.4852,98.1774,100.761,626.631,-1034.07,-170.366,-305.315,-328.821,287.85,162.933,-412.844,-357.891,57.8647,480.031,-1154.63,-68.4613,1348.54,261.433,1072.52,80.4818,-266.575,251.062,624.817,129.411,-354.943,272.008,645.494,-173.516,99.6252,604.695,1558.47,917.88,1319.01,177.546,-415.072,518.556,64.788,-565.773,592.26,1387.66,-134.783,905.654,794.212,73.603,-298.157,645.339,170.748,-425.254,-1025.59,371.314,715.068,695.066,146.091,555.425,1227.23,586.503,946.547,303.027,-453.312,-18.4302,363.638,-215.48,-155.218,-287.604,1186.15,-153.846,129.883,-467.702,556.396,-125.61,455.218,1295.8,424.557,-66.3529
real_0029,53.4002,138.948,263.251,-21.965,419.762,294.036,17.2249,44.7498,342.101,54.9179,27.0041,117.401,556.274,320.499,171.949,39.7692,110.72,131.112,20.8923,-82.4934,-12.6194,-141.484,-14.1065,149.655,954.154,169.304,16.3815,324.398,201.879,-72.4105,168.118,-2.44202,118.829,272.887,14.6244,45.6612,230.119,58.1529,163.794,164.968,207.377,395.216,97.0198,145.834,84.1346,353.636,83.9722,170.08,331.197,1.40613,728.134,168.403,108.445,12.1871,71.0089,51.6121,33.5941,106.163,-42.2594,274.779,283.508,439.003,741.446,211.978,287.586,221.992,101.551,69.808,147.862,12.0609,120.831,-39.6078,126.853,251.475,25.7359,364.348,60.3561,163.219,51.8204,166.054,-74.6871,-90.1453,161.476,299.665,93.4708,6.30599,302.05,129.11,183.456,83.8862,-52.946,-112.768,-55.6194,-58.3002,-138.834,115.402,84.9063,223.755,337.016,590.787,535.582,163.459,12.8308,212.32,275.316,258.223,409.018,412.353,520.345,125.653,187.546,36.6232,-69.777,132.758,-126.919,43.295,-71.415,18.4643,-240.824,86.4416,185.1,218.689,146.235,354.845,114.641,34.585,-7.00609,75.7883,-30.1368,-20.5505,-87.732,313.404,238.618,425.941,101.507,439.701,-20.6827,262.04,114.52,198.974,-32.8849,-138.965,-88.4488,82.8589,67.9409,59.1077,397.736,264.993,160.326,340.962,173.337,230.721,-8.65442,0.822358,201.99,313.977,-6.09147,58.1957,221.327,140.095,-82.6829,31.0212,262.952,247.686,-218.307,226.253,20.6733,228.733,217.876,244.911,1.6998,212.38,269.431,149.218,437.257,-60.4421,-38.4268,155.394,417.937,94.673,169.11,366.7,234.55,373.78,83.82,106.05,47.88,50.32,154.35,44.57,286.85,230.24,304.12,496.96,221.41,305.82,290.53,296.76,81.41,39.36,23.72,23.28,29.85,54.57,225.18,181.57,331.31,143.31,233.36,70.42,37.94,35.74,32.54,49.64,85.69,67.54,109.7,113.89,249.73,74.36,158.89,142.58,116.44,34.89,48.45,81.52,70.91,205.72,177.91,371.52,281.41,155.86,230.33,140.05,86.48,35.4,45.08,21.11,23.11,22.82,88.69,74.08,322.53,150.22,115.62,66.18,57.2,37.94,18.49,18.99,20.93,21.73,-657.671,777.407,-551.036,-741.46,928.171,-46.9587,580.381,265.516,-110.375,-47.2401,-94.8635,98.625,252.022,-149.923,881.346,205.994,615.567,-155.26,-38.0692,538.464,444.485,-11.0631,575.067,1247.54,-120.28,370.591,754.714,-1040.27,-9.5617,105.97,603.747,296.499,121.714,133.891,441.874,-649.142,-709.153,-310.903,160.388,220.518,12.8075,-5.24884,-588.963,365.203,757.51,-276.199,604.513,-12.8058,217.829,-429.67,235.889,1271.85,330.434,1002.76,-560.448,570.959,645.344,332.436,564.379,276.095,-132.321,451.212,29.5282,-227.55,-607.754,321.545,903.45,855.504,138.325,156.271,989.421,-58.3841,-119.806,-233.861,560.04,-403.408,711.264,-286.972,-247.382,66.5477,708.255,51.2482,744.961,-108.405,523.202
real_0030,145.649,8.37446,522.459,147.054,168.204,197.111,422.797,236.308,220.498,35.2873,-46.2229,353.687,448.274,162.844,-10.5693,177.804,60.7552,350.572,-426.74,-35.9526,-129.158,32.1413,-123.992,226.28,633.537,159.923,-31.2213,323.789,108.267,-134.414,173.712,-31.9327,-98.829,143.478,12.1826,203.233,187.886,267.25,314.498,104.184,-77.6504,15.4686,-21.9582,78.9334,16.6877,224.315,322.309,279.502,420.491,-83.8384,602.154,175.077,260.659,-198.134,31.7134,-13.9851,-255.493,14.969,-47.346,257.254,85.8345,350.193,469.696,141.094,-50.5298,132.012,84.9555,134.218,66.2818,-108.283,59.5043,63.6645,55.7712,262.918,77.6584,207.914,-16.6305,37.4441,-116.608,-152.501,50.5926,-16.4101,202.602,-68.8413,-118.664,67.979,458.178,99.3573,91.2291,144.886,-51.4681,179.226,182.876,-92.8078,-121.063,71.54,-24.373,436.021,653.796,679.562,459.759,276.14,-73.2463,27.8067,130.745,248.724,337.282,145.923,281.634,206.04,83.3312,38.2006,237.016,247.819,-62.5655,59.1663,79.7299,-88.001,128.493,-320.562,53.6196,249.045,235.754,151.586,95.5998,-188.601,190.39,-105.326,-220.913,33.6324,18.1552,305.648,155.947,87.1531,176.422,195.196,125.827,143.385,87.3283,25.0871,243.697,14.3239,82.1434,-4.66938,70.4154,49.7844,325.083,325.28,56.502,262.468,213.043,109.151,7.27375,-44.3418,-5.05548,248.415,97.2183,288.579,334.949,123.615,295.141,175.899,243.275,56.3625,102.807,-32.5395,-35.0018,172.826,28.0665,202.018,111.76,144.489,361.965,146.576,233.726,170.381,104.917,65.6039,201.792,-43.3175,169.11,366.7,234.55,373.78,83.82,106.05,47.88,50.32,154.35,44.57,286.85,230.24,304.12,496.96,221.41,305.82,290.53,296.76,81.41,39.36,23.72,23.28,29.85,54.57,225.18,181.57,331.31,143.31,233.36,70.42,37.94,35.74,32.54,49.64,85.69,67.54,109.7,113.89,249.73,74.36,158.89,142.58,116.44,34.89,48.45,81.52,70.91,205.72,177.91,371.52,281.41,155.86,230.33,140.05,86.48,35.4,45.08,21.11,23.11,22.82,88.69,74.08,322.53,150.22,115.62,66.18,57.2,37.94,18.49,18.99,20.93,21.73,-315.234,767.277,-190.831,266.102,-410.702,-3.60465,934.689,-159.509,-223.857,-635.184,1170.75,1191.8,-731.017,353.797,-203.483,-291.19,293.144,-163.149,-30.9593,367.512,367.843,-101.695,851.618,630.696,-475.781,-506.672,412.392,62.3381,183.34,1365.21,324.399,-823.779,-706.053,262.615,171.228,85.1664,323.909,569.73,-47.6179,838.867,0.564484,70.4077,376.16,-351.511,5.80736,-192.675,1085.38,51.3552,51.6643,806.112,1098.72,592.778,349.94,421.831,325.401,884.311,963.13,-389.277,899.614,-69.3448,1077.19,614.792,1303.21,203.539,176.295,326.957,-67.0689,-659.024,1408.02,-416.203,-80.1237,-203.012,717.734,-116.386,706.153,-164.954,606.241,251.865,842.899,137.449,67.9772,763.457,309.113,449.458,776.258
real_0031,107.074,47.1192,274.252,210.599,193.797,-13.287,350.679,-0.125528,1.34018,-67.7799,340.535,39.1032,569.636,307.911,212.373,110.796,157.619,339.651,-1.99097,-129.318,116.712,102.697,12.3487,77.9004,614.181,40.6257,295.635,164.581,75.7396,85.7099,-248.183,-213.559,115.499,46.6533,104.209,59.985,122.873,196.179,251.664,30.7608,290.35,143.849,-25.954,122.8,154.356,146.497,242.46,245.259,510.693,146.607,390.098,330.613,-116.927,-114.72,57.0436,28.1425,-16.6747,24.535,59.3485,223.295,190.245,277.995,607.957,252.27,320.139,216.158,39.4611,38.418,153.441,-151.949,191.585,365.466,256.292,278.722,347.821,354.638,194.012,24.7244,-28.0574,68.8111,86.3921,-44.4882,148.537,22.4036,98.4369,-65.9798,385.765,237.238,295.971,147.097,85.1768,187.752,191.197,-83.5546,272.113,121.706,-30.3937,318.151,463.327,451.214,561.82,146.136,167.151,-118.557,110.131,113.555,114.139,560.572,273.867,240.834,214.911,56.8261,199.987,-40.9487,-14.5184,-241.589,78.7541,-112.553,85.426,-85.2207,421.732,137.475,47.1229,255.407,290.701,120.203,181.358,71.5018,-16.9555,145.333,-0.339579,334.99,332.54,285.699,87.5587,510.378,204.073,48.335,42.4587,61.5825,103.878,146.338,289.963,51.9171,38.8924,192.674,193.873,310.692,62.4476,372.201,187.589,124.382,-111.597,-129.734,-69.428,530.815,362.162,29.9254,109.388,160.05,283.547,46.8901,172.318,80.2477,166.424,-103.122,-268.994,228.572,139.584,157.967,309.761,212.047,261.353,217.522,311.281,-91.9117,-184.977,22.4312,346.885,61.3898,169.11,366.7,234.55,373.78,83.82,106.05,47.88,50.32,154.35,44.57,286.85,230.24,304.12,496.96,221.41,305.82,290.53,296.76,81.41,39.36,23.72,23.28,29.85,54.57,225.18,181.57,331.31,143.31,233.36,70.42,37.94,35.74,32.54,49.64,85.69,67.54,109.7,113.89,249.73,74.36,158.89,142.58,116.44,34.89,48.45,81.52,70.91,205.72,177.91,371.52,281.41,155.86,230.33,140.05,86.48,35.4,45.08,21.11,23.11,22.82,88.69,74.08,322.53,150.22,115.62,66.18,57.2,37.94,18.49,18.99,20.93,21.73,-514.477,-264.679,-155.273,278.481,547.662,237.111,56.2977,123.687,-126.641,492.69,839.695,749.152,182.78,-360.212,-358.732,507.036,1814.5,-979.522,-25.0263,375.732,426.585,710.499,245.154,-288.096,354.308,261.385,693.504,484.844,1119.62,899.657,635.905,296.929,-290.394,1063.42,-938.385,92.9173,74.9489,59.4765,704.739,447.538,-830.929,483.784,-188.317,1467.78,-197.538,-722.582,-811.692,132.525,-651.39,-476.721,-24.8631,-740.65,-38.746,154.366,274.562,-23.4107,1105.33,748.77,-243.928,947.152,495.785,1060.06,-311.804,550.535,-375.572,222.561,685.916,-617.411,913.15,97.2505,98.4298,613.569,324.085,-228.858,497.474,222.513,-166.456,-250.912,252.402,149.404,65.5404,636.695,947.981,492.288,-166.558
real_0032,10.7407,225.386,170.206,184.115,146.827,220.045,292.041,82.2319,304.042,71.4925,264.226,328.861,366.389,384.264,105.653,-0.208219,185.209,244.289,17.6196,7.53208,95.4648,75.4063,-56.4686,46.0075,561.959,130.696,418.743,178.4,201.441,-158.699,48.3993,17.7424,136.145,139.483,215.973,226.968,207.317,140.481,60.0929,-66.2426,150.28,151.332,110.33,146.94,72.5674,260.341,-215.145,451.939,502.92,-34.7448,415.625,195.898,196.414,21.2214,-82.5112,46.7409,150.882,238.73,21.3933,205.463,216.152,167.333,503.301,198.17,169.984,343.299,-88.0646,272.423,18.7547,-73.2065,28.0164,106.539,-41.9342,-118.535,-70.4643,294.927,122.292,96.2959,105.66,100.448,115.347,257.535,-93.8784,60.821,14.5685,109.443,265.707,53.1302,-13.2531,453.472,37.8789,-7.19039,35.7745,209.582,-23.7375,33.4548,202.366,-118.282,305.571,432.656,364.344,192.878,-122.062,-72.9804,-3.56303,159.682,253.711,532.706,550.946,9.70726,339.445,121.781,124.951,-42.6273,-32.1006,83.6583,56.605,-35.2756,-27.9507,128.991,541.125,193.085,374.176,203.362,133.332,-72.5286,456.706,-42.333,21.064,-9.92936,21.2406,323.853,55.5352,66.3557,-45.1827,506.178,69.7271,201.109,73.867,-32.076,60.9738,-64.778,-116.463,288.659,-28.2703,81.7792,319.596,278.265,-23.8438,260.695,315.56,26.3976,95.7599,45.6969,80.7216,119.917,93.2021,375.115,117.35,173.42,140.826,74.036,135.846,69.8,5.66881,82.6872,-32.6635,243.895,-20.705,113.36,480.388,-96.6583,379.115,40.9163,305.403,295.504,15.322,229.879,383.459,288.212,169.11,366.7,234.55,373.78,83.82,106.05,47.88,50.32,154.35,44.57,286.85,230.24,304.12,496.96,221.41,305.82,290.53,296.76,81.41,39.36,23.72,23.28,29.85,54.57,225.18,181.57,331.31,143.31,233.36,70.42,37.94,35.74,32.54,49.64,85.69,67.54,109.7,113.89,249.73,74.36,158.89,142.58,116.44,34.89,48.45,81.52,70.91,205.72,177.91,371.52,281.41,155.86,230.33,140.05,86.48,35.4,45.08,21.11,23.11,22.82,88.69,74.08,322.53,150.22,115.62,66.18,57.2,37.94,18.49,18.99,20.93,21.73,-1014.36,1488.24,-471.975,541.379,197.308,681.314,-429.565,216.62,152.571,74.3331,326.889,37.0145,154.884,1331.48,805.439,-225.905,323.544,422.42,-588.894,590.326,292.242,389.988,-104.625,-71.5115,202.855,188.772,-1.57957,-532.59,-442.336,-29.0565,467.517,646.488,-210.241,129.466,-99.4165,-56.1238,42.9645,762.533,-122.049,1249.6,-371.038,793.182,-727.377,214.48,-261.821,349.881,105.203,143.628,-168.002,1020.78,723.139,-1.59585,951.469,801.503,382.117,-26.4395,208.573,-107.733,-652.327,684.528,115.869,650.429,73.1122,1059.96,1146.72,-64.4987,426.231,551.453,566.136,-24.4481,170.22,205.976,1230.3,340.133,762.273,-216.527,611.52,162.759,343.248,361.217,10.6023,270.098,682.981,-211.873,-315.184
real_0033,65.6612,24.5983,189.089,98.875,297.676,176.395,223.208,-25.3065,260.078,142.285,168.596,178.1,511.413,167.58,178.327,-8.35545,185.105,201.991,-37.5468,-89.3118,143.051,-9.81497,137.881,101.468,587.314,148.23,-0.179261,267.99,123.616,207.813,196.044,3.78696,105.728,43.7393,117.778,-63.3577,142.098,300.313,360.087,101.285,220.226,94.8098,44.2522,57.7606,193.055,112.322,81.2754,18.0217,270.907,66.2315,631.347,276.59,-110.255,-106.668,125.084,60.0243,-24.3463,33.3338,63.7191,142.992,203.384,18.7715,610.514,-3.83847,89.1693,263.102,237.592,-87.3089,6.70798,-244.469,81.7686,149.213,60.122,136.759,-159.843,317.018,222.357,332.609,-0.371838,115.308,-47.7984,126.994,114.447,149.972,183.548,119.855,447.408,3.86711,43.6057,276.482,18.4599,84.1872,242.914,-78.9898,82.0251,72.1273,-59.9583,293.734,438.483,538.597,421.118,58.7396,-109.688,149.078,192.868,-7.97415,245.503,496.026,245.876,151.532,457.054,86.8465,175.559,73.8116,-170.005,60.6218,-114.816,17.3536,111.987,203.878,246.84,139.985,227.498,42.234,144.267,288.683,358.517,80.8612,-63.1137,264.404,-97.9724,441.601,207.556,88.0469,-44.0609,303.563,188.484,185.218,-136.105,95.9457,-42.1983,204.034,215.248,-35.7027,-96.0852,194.535,379.436,283.848,-86.6466,218.83,227.262,188.378,237.644,18.0675,69.0589,176.48,309.828,141.341,365.372,129.174,93.6985,91.4401,72.3326,-62.0236,119.765,-35.1956,106.39,223.135,523.023,-65.9368,103.665,216.526,210.313,-161.334,361.701,144.576,134.77,-1.05735,361.602,-76.642,169.11,366.7,234.55,373.78,83.82,106.05,47.88,50.32,154.35,44.57,286.85,230.24,304.12,496.96,221.41,305.82,290.53,296.76,81.41,39.36,23.72,23.28,29.85,54.57,225.18,181.57,331.31,143.31,233.36,70.42,37.94,35.74,32.54,49.64,85.69,67.54,109.7,113.89,249.73,74.36,158.89,142.58,116.44,34.89,48.45,81.52,70.91,205.72,177.91,371.52,281.41,155.86,230.33,140.05,86.48,35.4,45.08,21.11,23.11,22.82,88.69,74.08,322.53,150.22,115.62,66.18,57.2,37.94,18.49,18.99,20.93,21.73,-119.058,180.102,1051,-654.253,-48.89,248.436,-94.4593,-632.522,97.7466,1096.13,1020.17,-89.1042,309.156,-259.412,1045.79,853.92,225.031,-1090.28,428.986,138.847,109.285,-268.251,763.651,718.144,443.261,558.408,193.318,546.253,717.508,22.2454,-141.521,155.124,1239.27,-729.426,567.271,1004.92,887.089,343.981,-448.588,387.535,1182.84,434.273,201.179,152.726,152.104,432.747,396.598,496.264,442.174,75.3339,896.236,179.561,571.329,-160.043,512.531,856.712,1647.03,353.053,708.228,115.392,-250.229,-677.885,-91.1701,344.345,-108.419,72.9629,764.122,-362.929,1241.41,518.295,-453.172,858.208,-301.882,-64.7632,615.912,665.175,232.116,842.306,-111.709,-490.855,547.11,407.776,234.923,-16.4157,81.3727
real_0034,70.5967,203.807,377.332,138.296,-87.3172,19.4251,166.712,-178.411,105.705,49.3969,105.815,350.748,205.171,159.854,245.488,309.511,21.8858,44.0692,28.747,33.7329,-95.8725,-103.646,-143.63,106.677,674.704,250.408,277.657,234.645,201.706,32.5672,-113.71,-73.7711,104.078,107.909,103.277,63.1233,363.457,88.3701,-21.1315,-41.1994,-34.1186,292.224,-7.80569,18.5134,-87.1282,41.7764,206.264,160.924,365.547,71.009,702.784,117.943,46.2702,10.9945,-107.433,58.9653,43.9063,86.0093,40.3742,45.9883,-143.334,175.632,417.894,348.3,301.981,354.101,-61.4545,-158.893,-25.1648,56.9426,-78.8127,305.756,-223.297,175.183,151.877,356.052,81.5942,-46.2207,66.2855,37.2993,129.339,22.9572,84.447,111.942,92.0714,29.2549,268.435,79.6404,60.1973,179.354,-47.7562,198.317,187.462,-38.7876,127.857,25.5574,67.0032,337.11,493.246,585.178,561.796,172.227,93.25,20.2102,124.767,50.0236,92.2709,525.829,455.8,113.819,104.412,157.756,185.958,-70.2534,-99.1804,-88.6826,-20.5841,34.2721,171.219,93.975,246.239,-31.5688,226.803,71.9713,-7.7355,-281.782,148.361,-33.2357,-106.831,-10.9864,-42.2032,311.22,336.302,112.53,142.339,353.042,63.2471,67.8399,2.85243,43.572,41.0109,107.24,120.746,185.706,265.779,230.906,164.352,191.304,52.2915,259.045,392.333,41.359,166.338,-253.4,187.9,304.464,136.962,-15.4395,117.839,328.295,109.05,-101.996,144.932,-38.009,19.6551,-56.1234,274.328,171.261,264.279,119.676,206.994,-7.67629,181.078,105.606,353.179,59.3991,-53.8817,106.271,55.9225,135.267,169.11,366.7,234.55,373.78,83.82,106.05,47.88,50.32,154.35,44.57,286.85,230.24,304.12,496.96,221.41,305.82,290.53,296.76,81.41,39.36,23.72,23.28,29.85,54.57,225.18,181.57,331.31,143.31,233.36,70.42,37.94,35.74,32.54,49.64,85.69,67.54,109.7,113.89,249.73,74.36,158.89,142.58,116.44,34.89,48.45,81.52,70.91,205.72,177.91,371.52,281.41,155.86,230.33,140.05,86.48,35.4,45.08,21.11,23.11,22.82,88.69,74.08,322.53,150.22,115.62,66.18,57.2,37.94,18.49,18.99,20.93,21.73,800.365,311.255,774.428,31.6033,-117.503,-490.58,-674.515,595.817,373.562,-243.525,-334.37,24.8544,-99.5751,11.6842,105.501,-271.549,-32.7862,814.741,186.113,-138.89,141.81,10.1467,444.047,1066.99,1481.32,225.178,-477.05,684.935,214.462,1206.02,-934.328,425.296,230.17,970.81,856.041,89.7224,-165.617,66.6327,-587.718,754.299,236.927,-707.823,591.428,-195.716,805.652,-1007.21,13.3382,330.431,842.585,343.151,499.303,224.278,925.686,294.175,603.576,-728.216,-235.992,859.511,312.915,420.707,1248.88,573.262,96.7444,519.954,-175.721,-26.4422,90.8046,-220.969,344.333,354.216,-37.1577,-160.387,761.843,-229.801,-96.1983,1070.73,-26.0809,1117.12,1319.99,400.044,-214.539,392.985,1261.43,972.966,676.744
real_0035,-55.1435,156.552,306.495,250.195,84.4656,229.45,172.191,109.606,105.68,109.413,-51.0882,168.559,342.12,248.958,182.149,-51.9379,165.131,265.847,-143.588,-6.22499,214.282,-172.61,-10.2697,-74.8499,686.99,253.546,94.5875,232.651,-105.049,273.65,-90.2279,231.699,-104.104,26.1928,67.6695,340.542,203.947,397.206,193.082,114.89,132.387,380.659,144.422,66.6801,133.126,192.447,58.1496,161.77,239.483,73.6021,613.104,265.076,12.7715,13.4366,-194.607,20.5371,129.929,173.463,31.9716,154.895,227.769,263.227,557.315,223.809,224.696,623.818,167.64,76.4253,72.3591,112.322,75.5737,186.171,95.0656,206.783,53.2912,22.1562,142.67,101.089,13.1143,-35.2801,-39.5217,46.8427,52.5968,60.931,209.315,203.539,303.964,190.117,194.344,-23.9435,285.467,2.26044,-56.9056,143.809,45.5431,128.612,111.133,90.2934,427.725,516.855,364.742,-20.6772,164.788,-34.7751,276.546,-10.9067,241.723,603.942,416.23,79.8927,193.321,53.8285,78.3773,-6.35093,34.2671,310.057,20.6815,60.4915,219.673,188.771,195.032,120.462,162.026,237.318,10.1431,194.434,106.867,-17.0978,52.8741,101.386,217.626,197.271,-54.6005,12.7643,327.097,370.792,84.2413,328.704,-6.37953,112.655,87.681,-102.039,163.96,92.9235,156.633,-97.7876,70.4902,382.497,193.397,402.459,440.298,160.094,-52.1132,-64.2963,162.789,98.2977,-2.21492,328.782,431.444,332.448,-49.4067,-69.3778,-87.0495,193.476,38.8187,61.8416,20.3215,-52.1389,226.876,143.591,43.2274,145.622,361.881,60.9893,287.39,70.3701,89.428,-9.06339,144.424,-43.7749,169.11,366.7,234.55,373.78,83.82,106.05,47.88,50.32,154.35,44.57,286.85,230.24,304.12,496.96,221.41,305.82,290.53,296.76,81.41,39.36,23.72,23.28,29.85,54.57,225.18,181.57,331.31,143.31,233.36,70.42,37.94,35.74,32.54,49.64,85.69,67.54,109.7,113.89,249.73,74.36,158.89,142.58,116.44,34.89,48.45,81.52,70.91,205.72,177.91,371.52,281.41,155.86,230.33,140.05,86.48,35.4,45.08,21.11,23.11,22.82,88.69,74.08,322.53,150.22,115.62,66.18,57.2,37.94,18.49,18.99,20.93,21.73,1144.03,24.4523,228.959,545.331,520.059,1106.76,-380.326,-99.9047,230.387,-323.892,179.04,-885.594,790.113,-264.213,108.026,-406.649,294.967,325.475,525.173,-64.9712,-316.462,-484.447,176.877,634.097,-252.331,271.514,-932.249,35.3131,775.945,16.9649,-230.341,611.279,289.942,229.059,459.666,-156.798,719.94,-144.62,-184.953,867.759,-65.721,610.868,872.344,659.305,783.955,558.018,545.355,-137.651,357.441,-413.869,932.496,128.342,572.929,-313.169,163.595,-91.6569,1506.2,547.087,213.798,1033.52,860.421,124.316,300.883,408.599,1226.65,117.161,455.281,530.409,-344.65,346.684,459.925,530.869,534.253,498.002,959.348,831.687,-619.326,225.263,-6.79448,695.667,18.7762,571.106,-974.977,-75.2851,601.066
real_0036,12.7769,144.016,298.219,145.798,234.075,238.912,111.924,151.8,208.998,100.611,325.783,232.922,356.716,203.971,108.316,173.903,162.989,233.722,213.896,58.1201,-137.58,28.3448,91.7244,88.4276,844.992,248.081,67.6802,206.331,51.539,-68.5519,43.0581,-60.3342,-9.36819,192.784,110.962,51.6269,247,378.425,343.272,92.8472,122.72,69.1814,48.6319,62.514,114.259,198.686,233.434,76.7903,281.161,20.4612,430.295,222.084,393.087,148.225,-47.0043,95.1021,247.325,-32.4999,90.8949,358.898,339.458,396.988,740.999,175.681,355.901,333.349,196.607,-416.256,-108.898,-68.195,173.044,-13.7123,290.541,487.077,39.3641,143.058,100.017,193.362,146.387,114.453,-60.357,66.1433,203.058,31.7018,243.232,10.5528,395.515,83.1958,271.289,121.952,58.5886,-66.8427,59.0825,167.04,17.5112,163.41,132.362,100.881,428.369,688.388,603.446,148.868,-75.7215,43.1202,-48.7075,79.4909,316.563,420.754,290.561,6.55382,84.2122,-80.9839,94.2697,43.9649,45.993,26.3203,93.9094,86.3692,1.47592,14.6264,431.257,4.14588,145.867,255.378,-34.317,-1.11394,288.331,204.105,229.892,78.3702,93.9184,367.769,158.2,149.18,168.886,109.524,223.361,170.087,191.563,157.38,166.563,-90.0074,71.743,265.985,58.4716,54.0935,136.11,221.74,129.187,312.55,405.798,133.802,82.8339,-34.5556,-210.492,128.637,217.843,159.579,324.495,78.6869,126.456,-24.4902,98.7613,-58.9786,-49.4096,-112.809,103.411,123.579,175.646,224.565,236.825,188.248,195.613,166.414,140.893,205.543,-15.4161,-138.328,29.487,-105.87,169.11,366.7,234.55,373.78,83.82,106.05,47.88,50.32,154.35,44.57,286.85,230.24,304.12,496.96,221.41,305.82,290.53,296.76,81.41,39.36,23.72,23.28,29.85,54.57,225.18,181.57,331.31,143.31,233.36,70.42,37.94,35.74,32.54,49.64,85.69,67.54,109.7,113.89,249.73,74.36,158.89,142.58,116.44,34.89,48.45,81.52,70.91,205.72,177.91,371.52,281.41,155.86,230.33,140.05,86.48,35.4,45.08,21.11,23.11,22.82,88.69,74.08,322.53,150.22,115.62,66.18,57.2,37.94,18.49,18.99,20.93,21.73,1575.4,913.013,-29.3586,-361.288,-129.045,296.252,-1078.4,-168.938,-164.376,-1071.08,335.258,-628.64,657.37,191.172,622.452,-947.588,348.508,15.0361,377.857,391.909,281.756,368.769,-696.708,-334.4,149.556,116.924,171.128,766.67,-155.058,244.806,-601.173,-718.95,590.325,-181.396,662.756,-633.547,1147.07,309.324,484.978,763.347,671.222,-422.147,226.267,-666.075,-1355.55,372.763,598.739,914.758,-207.982,816.504,-693.736,-158.79,1280.63,315.62,1298.02,525.133,-210.58,605.716,1534.91,436.205,-93.21,-504.317,56.0763,782.483,962.324,-748.189,-14.3153,816.925,379.957,-739.523,676.075,870.761,-387.994,245.981,733.309,-33.432,1274.25,365.431,733.904,-331.929,-320.147,-592.204,-138.118,578.877,-161.437
real_0037,184.334,39.272,245.722,98.0799,280.479,320.379,258.182,-86.6919,170.217,132.89,269.778,237.569,450.227,172.76,140.495,-250.63,138.626,298.632,84.0241,98.9262,-76.5095,12.3827,169.191,99.164,387.619,173.777,241.366,-16.6458,169.418,-210.858,29.307,90.0121,125.027,37.5801,258.324,116.361,203.374,216.043,27.5543,-79.0505,41.6769,11.416,5.89638,-212.821,87.7393,182.61,36.4274,467.181,321.69,76.3761,382.59,268.732,35.7609,11.7074,84.0064,7.9997,-64.5811,-106.826,-100.27,381.284,143.742,477.88,503.128,166.814,173.32,337.491,322.34,-171.791,212.09,49.257,-121.64,10.003,26.3406,342.48,306.982,100.562,42.587,96.89,1.75438,99.6043,130.526,20.9565,-116.94,-45.6703,165.661,-92.0495,509.778,60.268,91.382,260.023,132.337,179.224,-163.259,163.241,-48.4353,134.525,159.007,244.236,427.045,469.138,474.766,42.1543,119.928,69.4006,74.2771,107.983,225.294,434.885,467.689,251.16,303.549,39.9152,177.401,61.387,137.147,73.9179,2.76774,-16.083,58.9427,68.9673,487.138,87.7924,345.854,295.226,130.496,-23.2492,112.637,137.352,-148.315,-88.1489,-19.0971,230.532,287.064,383.923,-70.5174,292.358,367.207,358.176,55.2789,12.2967,27.6677,45.4538,-52.5488,-41.6978,-147.675,-63.5111,210.313,302.028,151.613,315.249,90.9055,-28.2841,-68.3112,-41.7651,132.1,24.5717,271.819,140.887,253.426,60.6076,287.328,90.1543,113.746,140.525,-7.17857,-142.95,-70.0319,-43.5071,202.763,148.44,338.084,117.442,23.2773,301.217,180.867,-189.078,235.369,199.685,260.186,28.3997,169.11,366.7,234.55,373.78,83.82,106.05,47.88,50.32,154.35,44.57,286.85,230.24,304.12,496.96,221.41,305.82,290.53,296.76,81.41,39.36,23.72,23.28,29.85,54.57,225.18,181.57,331.31,143.31,233.36,70.42,37.94,35.74,32.54,49.64,85.69,67.54,109.7,113.89,249.73,74.36,158.89,142.58,116.44,34.89,48.45,81.52,70.91,205.72,177.91,371.52,281.41,155.86,230.33,140.05,86.48,35.4,45.08,21.11,23.11,22.82,88.69,74.08,322.53,150.22,115.62,66.18,57.2,37.94,18.49,18.99,20.93,21.73,248.465,817.222,882.273,-444.296,-321.925,1272.85,521.482,-99.826,1107.09,151.06,-1300.62,-221.686,-265.736,198.734,312.626,-10.8106,760.446,278.574,-189.031,118.375,-150.48,483.343,-63.5112,323.871,339.949,-141.091,241.607,-97.6663,-533.771,841.442,-60.037,-123.352,604.104,-1201.32,-247.771,-376.126,-130.014,351.255,576.566,-1299.42,584.859,730.077,1043.26,-342.589,87.8462,221.821,575.919,375.533,297.162,356.322,-858.183,259.789,232.735,545.773,-41.9828,352.261,1687.15,456.72,168.565,217.007,-129.788,391.215,987.371,136.837,725.85,545.148,12.7545,768.158,161.714,-235.651,112.816,530.027,241.614,-321.148,268.337,646.671,-344.373,-261.224,536.964,1122.62,-357.44,467.239,-828.286,1129.91,816.77
real_0038,187.42,28.7373,264.075,271.285,-25.6606,116.637,193.323,176.814,165.405,138.83,99.1112,402.847,383.297,245.707,203.302,91.4275,337.011,490.883,137.423,-120.378,-70.9976,168.127,162.476,67.0002,683.724,237.065,199.269,214.128,68.8811,32.7757,-92.8701,-129.267,4.00917,298.634,152.29,293.838,165.143,287.278,202.255,143.724,219.512,139.31,34.3717,197.002,136.85,180.724,-104.439,166.103,116.718,196.212,526.072,144.187,-110.236,53.8268,20.1537,229.322,-67.3867,105.399,-5.85157,131.323,167.053,221.73,492.404,230.894,178.452,436.879,40.401,-25.4855,117.603,82.1583,52.6219,178.016,147.937,229.355,52.9088,3.62956,340.999,-86.7121,199.505,-111.349,162.009,167.372,55.7278,152.293,103.961,99.9333,304.554,-332.502,162.055,126.778,178.819,-68.6354,76.6812,-41.6667,26.2905,-153.188,19.3526,211.622,513.102,430.396,230.101,245.221,171.678,125.213,5.19481,124.781,205.52,311.386,379.941,171.621,129.03,98.7421,170.38,85.7995,-93.1859,-61.687,286.351,188.98,-2.69112,270.662,176.606,195.26,293.604,49.1379,282.521,-26.3798,180.427,103.204,6.2739,145.237,193.32,314.483,237.695,201.306,256.026,411.139,156.593,17.8225,248.289,51.4037,159.322,-44.7905,50.2263,124.247,259.901,85.9104,282.403,268.828,31.1663,257.413,269.449,73.0175,163.163,7.86762,196.37,273.484,4.74389,321.491,184.501,210.069,-90.2221,235.096,274.653,124.511,-225.389,107.933,-68.901,51.7765,93.0692,91.8911,271.67,174.87,349.9,170.737,147.452,-45.5283,-70.6641,-56.9048,289.021,-106.538,169.11,366.7,234.55,373.78,83.82,106.05,47.88,50.32,154.35,44.57,286.85,230.24,304.12,496.96,221.41,305.82,290.53,296.76,81.41,39.36,23.72,23.28,29.85,54.57,225.18,181.57,331.31,143.31,233.36,70.42,37.94,35.74,32.54,49.64,85.69,67.54,109.7,113.89,249.73,74.36,158.89,142.58,116.44,34.89,48.45,81.52,70.91,205.72,177.91,371.52,281.41,155.86,230.33,140.05,86.48,35.4,45.08,21.11,23.11,22.82,88.69,74.08,322.53,150.22,115.62,66.18,57.2,37.94,18.49,18.99,20.93,21.73,611.269,-110.455,128.117,-23.8673,239.378,-211.79,482.486,178.343,-809.507,21.3513,1085.42,107.339,-606.127,627.526,223.144,87.6439,437.14,184.741,-34.4467,418.092,-720.896,364.824,-819.423,301.239,708.246,483.83,86.7109,527.412,96.2834,404.012,-932.102,461.118,123.378,1085.21,-295.461,546.42,759.762,55.1976,774.095,779.458,158.38,166.334,1102.22,776.549,-694.305,124.435,814.144,502.433,39.5837,652.289,407.499,181.678,-7.6951,-25.4324,-623.139,1419.72,506.4,617.06,56.6961,-299.299,-1171.21,454.122,-215.201,426.347,1136.73,-802.371,-1.10247,-417.675,-1.83042,-186.124,65.0812,-155.955,991.787,-51.2816,-170.762,171.6,-379.483,-595.316,22.1658,435.54,-202.481,802.161,-343.007,349.058,224.611
real_0039,75.4615,167.105,162.38,111.08,260.5,168.788,206.255,233.8,346.024,28.5193,71.0677,140.745,381.504,9.67886,52.0784,65.9524,196.314,323.904,-12.5912,78.335,-203.24,20.7496,139.982,193.604,480.662,322.506,-93.1394,202.459,145.18,-10.7291,116.495,149.686,104.707,120.945,216.181,-32.05,302.297,183.364,190.74,262.413,282.635,246.859,111.41,-29.217,-25.8449,18.0411,-21.3918,255.645,73.957,243.3,440.828,249.947,104.922,195.602,44.8206,39.0409,127.359,-143.99,137.615,251.679,200.51,433.943,567.235,242.578,138.783,396.831,281.113,22.7253,260.726,-29.349,-33.7624,109.957,321.477,-163.375,124.151,59.9653,79.3753,79.1612,-0.964392,95.2053,-133.652,96.6589,136.737,14.2712,-159.672,276.045,523.846,227.838,143.192,106.025,107.146,-128.339,-106.521,124.616,95.6014,-203.403,-101.402,165.271,420.777,509.889,492.594,5.93309,-4.68138,298.627,-236.663,227.32,341.728,493.716,263.374,331.428,262.374,-105.28,167.692,99.5469,46.4846,-11.9183,66.2367,37.4868,47.8895,127.219,453.064,205.412,235.354,117.367,-47.6152,229.062,147.392,-80.8582,80.4815,313.494,90.9204,404.045,190.926,351.246,27.8932,326.03,150.081,353.362,-4.29041,88.6594,94.1811,142.133,-55.1944,57.6543,52.5121,25.5551,166.479,182.726,112.318,325.502,460.128,329.761,32.6626,-8.44405,-16.9715,114.633,218.105,387.976,74.3077,184.926,195.426,129.265,222.642,114.053,55.868,59.7872,59.5099,192.877,441.24,130.381,194.163,186.705,95.7192,219.021,-30.4034,134.582,-124.493,45.154,296.646,6.06171,169.11,366.7,234.55,373.78,83.82,106.05,47.88,50.32,154.35,44.57,286.85,230.24,304.12,496.96,221.41,305.82,290.53,296.76,81.41,39.36,23.72,23.28,29.85,54.57,225.18,181.57,331.31,143.31,233.36,70.42,37.94,35.74,32.54,49.64,85.69,67.54,109.7,113.89,249.73,74.36,158.89,142.58,116.44,34.89,48.45,81.52,70.91,205.72,177.91,371.52,281.41,155.86,230.33,140.05,86.48,35.4,45.08,21.11,23.11,22.82,88.69,74.08,322.53,150.22,115.62,66.18,57.2,37.94,18.49,18.99,20.93,21.73,1280.83,-321.208,259.247,-511.427,849.302,77.7792,1003.35,-154.529,-519.91,227.88,-98.3176,542.218,-392.51,181.878,-478.843,906.648,1158.58,591.565,217.355,475.531,701.086,644.292,88.5594,-388.891,516.334,430.826,-681.204,57.2847,530.049,265.25,-175.627,-753.834,-522.973,695.994,-236.752,988.248,-567.016,180.298,-203.182,-115.087,816.629,-14.3761,264.406,831.655,778.335,701.881,219.088,545.539,220.61,-21.8951,-583.714,709.043,421.877,540.082,59.8503,239.504,677.724,928.332,747.576,1118.99,-180.491,542.929,396.985,46.5498,-782.297,245.18,-57.5586,334.457,185.444,206.537,357.391,541.545,517.305,173.275,715.336,58.9559,176.813,77.572,821.231,558.173,351.102,-356.558,-1194.49,559,1137.95
real_0040,142.883,194.182,186.817,32.758,303.467,223.85,269.591,103.759,169.294,-48.4474,198.198,-25.6971,399.456,189.207,166.526,43.889,382.208,257.854,6.90033,-0.90692,-89.8619,57.4783,235.759,210.864,838.16,222.541,260.515,309.266,68.6613,-111.26,62.4011,56.1848,76.9434,42.5318,-5.80502,-2.81669,131.322,483.253,378.41,155.284,44.6137,72.5496,20.903,75.5012,-1.52363,84.0048,461.015,343.738,163.96,293.174,713.594,156.371,-41.2401,235.256,-172.435,-47.233,37.6806,32.9734,114.198,234.278,197.782,232.472,369.509,8.44019,144.234,380.152,-9.7877,-62.5857,-92.7571,283.798,126.801,-95.7276,61.1266,204.998,121.86,352.08,150.343,42.9772,107.202,-100.768,200.791,171.264,-85.5965,341.864,171.293,97.2783,341.968,126.673,191.895,135.624,200.824,-65.7325,-234.13,-79.6754,-168.548,106.414,7.54482,224.405,240.631,514.116,550.553,34.6953,118.528,25.1166,-25.9657,184.677,97.1258,444.491,448.978,-22.048,120.362,133.785,233.933,90.0542,93.9234,66.5913,150.138,-160.672,19.8473,98.3425,203.42,79.5247,104.62,377.562,-14.1561,151.715,344.705,-61.6318,-113.932,86.7166,153.272,122.047,259.216,503.211,322.941,351.012,26.1064,209.462,-100.451,-64.4845,-9.94829,72.85,-74.9688,-28.9656,226.414,154.617,454.114,281.005,30.0615,134.598,215.382,27.1932,-8.25064,-5.78966,-5.69103,63.657,123.513,171.575,205.299,43.5819,131.653,46.1819,51.5137,156.957,-73.6302,42.4421,108.138,33.9084,192.733,43.5141,381.972,10.4198,176.644,117.772,275.048,53.8331,-90.0365,-19.7488,215.023,-96.3203,169.11,366.7,234.55,373.78,83.82,106.05,47.88,50.32,154.35,44.57,286.85,230.24,304.12,496.96,221.41,305.82,290.53,296.76,81.41,39.36,23.72,23.28,29.85,54.57,225.18,181.57,331.31,143.31,233.36,70.42,37.94,35.74,32.54,49.64,85.69,67.54,109.7,113.89,249.73,74.36,158.89,142.58,116.44,34.89,48.45,81.52,70.91,205.72,177.91,371.52,281.41,155.86,230.33,140.05,86.48,35.4,45.08,21.11,23.11,22.82,88.69,74.08,322.53,150.22,115.62,66.18,57.2,37.94,18.49,18.99,20.93,21.73,396.215,-630.047,-101.289,616.459,159.63,15.3272,47.7108,-298.629,150.028,23.9325,15.4246,78.5616,305.945,632.363,348.698,222.259,-157.17,714.986,-195.231,-146.057,673.12,973.911,749.975,175.086,-434.154,83.49,-55.3823,109.802,-419.46,-334.909,-292.097,878.875,643.898,522.052,1082.33,-315.759,-736.527,47.4253,272.445,60.8955,-257.136,376.493,-262.427,908.511,250.294,972.099,431.979,281.977,444.885,-96.1238,99.8632,936.232,525.909,301.699,639.657,1004.17,430.839,1578.25,-976.429,-678.902,148.137,256.876,33.4677,110.707,1569.68,385.689,-361.385,198.285,1167.28,-239.588,745.151,883.121,786.273,7.77717,-605.27,82.5849,364.853,-816.155,-123.66,-214.523,522.45,1093.16,390.054,1310.5,70.1291
real_0041,196.56,158.334,349.907,227.921,232.237,81.9363,300.913,135.583,230.537,333.618,121.62,181.836,657.152,202.265,-21.0392,221.198,168.768,385.208,-7.40675,89.3899,-72.6808,110.472,-138.996,97.6474,480.582,245.824,248.582,145.727,132.995,144.769,272.281,73.0202,49.0138,260.922,-16.1232,47.9562,205.711,385.085,269.386,216.589,-42.9846,32.8722,-107.467,92.0795,167.194,359.308,137.565,72.7374,353.37,-74.1523,528.896,51.4851,66.8497,32.8968,73.6001,-23.781,-168.981,86.6816,-5.93203,122.779,31.6929,425.839,463.412,137.659,226.315,387.323,282.318,24.852,320.353,84.129,178.499,321.266,-59.8326,252.934,-10.2665,-34.9755,129.834,254.936,-87.2658,-192.844,14.1704,-173.57,266.755,211.51,224.295,149.902,305.971,-8.55686,160.899,212.575,128.463,-129.237,23.107,12.8684,-107,-1.90497,186.985,185.373,413.476,412.038,430.775,218.587,-149.096,138.05,-17.0139,185.481,113.563,569.92,420.48,208.993,145.226,76.9248,85.2233,-212.603,-47.4683,-81.5449,-270.032,135.858,-177.332,245.031,82.2161,2.70074,187.947,130.932,324.981,136.734,43.2527,40.5449,-168.432,137.375,-39.3732,424.095,183.64,117.56,63.801,116.796,182.197,313.789,-28.7679,-114.427,59.5817,-100.939,63.8414,168.379,161.524,-20.057,326.466,384.836,180.56,386.689,311.608,-8.14977,139.664,188.497,27.7382,96.1262,138.933,239.237,364.17,142.092,-46.9846,-174.613,108.364,-49.3317,-4.73866,39.3907,-233.045,306.187,119.999,148.945,85.9451,257.945,484.175,217.455,223.071,150.112,96.0706,11.5511,219.119,69.8121,169.11,366.7,234.55,373.78,83.82,106.05,47.88,50.32,154.35,44.57,286.85,230.24,304.12,496.96,221.41,305.82,290.53,296.76,81.41,39.36,23.72,23.28,29.85,54.57,225.18,181.57,331.31,143.31,233.36,70.42,37.94,35.74,32.54,49.64,85.69,67.54,109.7,113.89,249.73,74.36,158.89,142.58,116.44,34.89,48.45,81.52,70.91,205.72,177.91,371.52,281.41,155.86,230.33,140.05,86.48,35.4,45.08,21.11,23.11,22.82,88.69,74.08,322.53,150.22,115.62,66.18,57.2,37.94,18.49,18.99,20.93,21.73,-898.471,135.836,612.599,547.928,49.5328,92.2647,260.177,562.151,57.4689,-38.3596,-363.974,889.409,3.88499,-491.875,366.634,11.5092,150.463,1030.1,638.132,-1.53672,299.955,1101.37,-103.917,155.704,-377.021,40.0434,468.114,264.509,-236.311,-241.947,-193.361,-169.776,297.326,355.438,-65.5748,-703.427,336.039,354.914,505.01,-34.1968,-93.8892,86.0947,-391.473,-856.434,-582.095,1660.15,976.868,651.545,63.732,459.122,-21.8192,448.134,1038.21,-176.01,166.473,-346.029,76.766,684.623,493.087,-666.27,524.528,78.8185,56.6147,-557.618,1169.09,709.797,-151.62,877.731,341.812,9.31048,-432.151,91.0935,879.185,494.055,181.902,427.599,696.172,164.938,346.942,192.377,696.919,-566.749,445.963,-119.081,710.884
real_0042,130.68,-75.2844,318.154,-209.47,405.099,148.191,159.134,-31.3393,241.783,112.297,72.9669,-93.4657,373.429,143.342,363.771,259.759,232.421,273.63,-7.19268,131.613,-95.7904,159.708,270.245,52.7721,581.74,210.152,230.62,250.863,-49.4047,75.8111,151.501,47.2904,164.384,192.754,65.3998,88.3004,101.535,136.071,328.047,177.47,267.413,295.085,-154.674,70.1254,-179.358,243.843,30.8802,311.473,409.082,247.604,542.897,155.235,113.173,-141.558,133.291,-176.269,-141.699,91.8492,-70.6429,170.013,-0.0797274,258.061,608.353,229.817,220.919,269.669,10.4149,38.978,17.0982,89.5779,-53.2008,129.891,-77.6587,208.611,231.192,159.782,64.2658,45.3166,102.373,49.4467,-191.863,196.135,-34.1608,251.852,120.794,46.0299,307.18,144.35,171.588,124.785,324.998,-32.2982,-105.554,112.989,67.0795,-263.459,157.003,196.297,418.733,521.284,542.182,337.318,146.712,-80.2338,54.4605,215.814,238.504,257.858,247.648,105.698,-132.592,115.905,190.448,20.7164,-129.921,-16.1098,-6.45705,200.134,56.9604,20.1209,554.954,163.02,110.171,191.482,145.133,-0.87331,140.601,128.368,27.5659,205.151,260.034,326.2,158.775,-136.42,186.567,327.157,205.653,220.363,98.6801,94.292,-77.2902,212.052,-62.3528,91.9664,140.111,-115.18,86.0538,-38.8177,165.747,285.895,387.845,182.434,74.97,9.7881,-0.893739,7.22285,115.477,396.817,281.402,173.81,61.8199,-20.8088,153.844,4.12595,-7.62904,-43.9671,39.8844,-83.6584,115.277,-101.609,107.537,32.6708,385.054,248.95,245.956,-38.6222,192.083,27.1208,222.894,-243.281,169.11,366.7,234.55,373.78,83.82,106.05,47.88,50.32,154.35,44.57,286.85,230.24,304.12,496.96,221.41,305.82,290.53,296.76,81.41,39.36,23.72,23.28,29.85,54.57,225.18,181.57,331.31,143.31,233.36,70.42,37.94,35.74,32.54,49.64,85.69,67.54,109.7,113.89,249.73,74.36,158.89,142.58,116.44,34.89,48.45,81.52,70.91,205.72,177.91,371.52,281.41,155.86,230.33,140.05,86.48,35.4,45.08,21.11,23.11,22.82,88.69,74.08,322.53,150.22,115.62,66.18,57.2,37.94,18.49,18.99,20.93,21.73,329.571,781.287,317.097,39.3573,206.296,-92.2812,-291.062,-208.819,-391.201,829.311,650.474,400.126,372.51,531.519,756.411,91.5264,-261.055,-46.0983,1297.45,541.752,891.057,-142.408,-1069.36,-108.823,-158.365,230.587,139.861,378.835,283.063,-42.5033,3.96565,1366.92,662.957,817.289,-488.089,-37.1761,-788.604,842.988,475.566,252.198,134.397,592.081,469.015,156.216,-270.361,-188.046,249.463,-163.234,-872.252,503.602,-167.627,443.919,754.519,645.499,469.366,971.667,669.693,554.714,-343.526,241.462,895.922,996.681,583.502,516.567,1.30631,858.139,1002.63,1015.76,-589.067,181.728,1321.19,841.621,-100.356,392.007,-807.669,942.33,356.803,347.332,758.632,-386.234,-890.749,-100.131,-874.429,46.1918,-46.3113
real_0043,-54.3832,190.584,300.661,-81.8417,337.537,299.956,228.041,-145.351,196.579,97.3545,25.5755,194.897,184.23,225.426,-56.4322,252.126,422.939,268.888,-99.6071,105.999,-109.589,-26.9275,-37.4459,44.005,672.55,299.041,67.6262,212.277,13.1682,43.5287,163.922,-93.183,172.824,104.239,89.7151,78.295,-146.99,60.2875,317.619,355.36,60.6628,255.39,-155.869,187.956,124.82,353.649,122.386,177.029,271.322,254.824,527.83,96.9332,-106.781,129.817,72.962,-10.3457,-7.0166,-63.3726,146.838,402.549,220.78,356.354,454.298,207.291,199.292,274.397,177.338,-50.0516,167.227,-49.3522,63.6526,39.1216,-0.763526,206.132,322.366,80.915,265.206,85.071,-114.688,-134.985,-34.9627,94.5515,138.797,160.031,187.914,81.3312,655.771,-56.4466,34.5527,249.118,295.02,42.5015,-100.286,113.621,-136.47,-1.70338,5.02503,183.25,368.235,582.911,465.152,-17.1963,4.86438,-29.7785,131.112,-171.466,107.641,475.945,195.36,176.778,0.101113,-80.9881,60.8296,30.7046,-10.8077,33.0794,110.931,39.108,94.4345,-213.896,332.948,98.1822,300.919,368.457,252.059,130.079,99.6747,91.9147,145.692,164.208,134.03,365.209,287.416,145.501,282.869,103.224,250.35,149.855,-5.88764,107.532,173.647,144.785,127.009,185.233,-80.5995,85.9882,196.93,142.66,213.683,292.901,349.059,-75.9957,-14.4849,-55.658,96.3144,203.326,155.135,154.833,315.407,409.584,208.621,185.48,164.072,-2.22809,-64.6307,212.051,-48.5116,53.2757,200.468,-65.0929,25.4546,156.258,116.94,271.916,245.41,57.9995,144.968,41.0088,181.564,-7.22949,169.11,366.7,234.55,373.78,83.82,106.05,47.88,50.32,154.35,44.57,286.85,230.24,304.12,496.96,221.41,305.82,290.53,296.76,81.41,39.36,23.72,23.28,29.85,54.57,225.18,181.57,331.31,143.31,233.36,70.42,37.94,35.74,32.54,49.64,85.69,67.54,109.7,113.89,249.73,74.36,158.89,142.58,116.44,34.89,48.45,81.52,70.91,205.72,177.91,371.52,281.41,155.86,230.33,140.05,86.48,35.4,45.08,21.11,23.11,22.82,88.69,74.08,322.53,150.22,115.62,66.18,57.2,37.94,18.49,18.99,20.93,21.73,-194.238,1249.19,645.366,-33.4172,9.85346,290.253,1040.51,1182.33,354.07,-843.925,-633.187,-352.954,682.562,-128.214,-20.3094,1034.63,-748.633,463.323,347.51,-213.812,220.725,812.4,547.857,-1059.93,682.926,234.369,33.2241,-216.703,-146.162,27.6189,-358.708,862.304,301.122,298.287,323.18,-18.5159,355.9,440.195,-352.72,38.5506,95.8438,614.237,1219.44,561.97,572.226,231.979,-18.8009,286.028,494.077,96.4844,277.588,9.96179,-263.26,609.431,767.225,-352.185,1616.6,97.6424,146.413,111.547,-301.425,-155.808,130.32,297.982,823.8,0.607721,365.418,150.548,543.789,-321.667,-244.564,-19.2854,-102.015,123.101,22.4466,544.626,1067.74,248.188,729.408,1160.88,1492.66,1833.16,-758.716,314.241,775.529
real_0044,64.6043,26.7001,464.861,-130.797,203.636,180.027,99.6688,1.44256,131.273,278.92,215.844,58.5586,283.262,293.74,350.18,165.751,76.6654,239.044,154.096,-82.7328,70.217,46.9405,236.962,138.963,633.637,287.784,-4.72414,343.305,170.478,84.1395,124.374,98.3874,-81.0846,134.842,76.5579,303.613,134.214,245.117,177.982,212.035,9.60254,203.276,75.4321,231.008,18.3202,184.445,16.3716,193.724,213.189,-27.9527,280.027,167.816,230.999,62.6164,7.54094,-1.32224,145.911,60.5482,108.789,273.796,352.275,250.112,450.956,152.893,133.381,196.36,93.4021,123.313,5.08022,-49.0158,-76.3055,146.416,155.252,223.607,106.373,225.077,71.4087,161.072,-113.434,138.964,-34.6589,-49.7186,36.203,91.4616,230.346,49.8725,180.361,-36.6567,67.9544,196.068,70.5404,-19.1355,-127.297,5.81299,22.597,-88.619,-135.389,267.152,363.705,610.759,341.154,135.209,51.9322,119.074,40.0482,130.388,103.619,398.26,424.925,48.5288,79.9351,6.72933,257.762,123.45,97.9495,9.52389,18.4536,-0.213953,114.129,-2.02309,196.141,-46.7848,274.778,357.109,211.176,-87.3739,-67.1648,-164.182,-33.2693,93.9077,24.9012,250.422,143.979,234.508,311.847,440.186,235.272,220.23,29.1109,102.449,-173.279,66.7819,-77.455,75.2074,152.731,15.5775,92.016,253.848,-43.1059,374.08,240.16,-265.271,173.5,-5.8404,-166.357,213.88,238.098,315.785,276.316,88.1436,327.214,-134.249,193.686,37.0257,107.954,-92.6748,154.887,-99.5656,227.971,195.642,445.697,432.488,248.988,193.949,274.028,35.2398,-60.9662,103.096,396.828,43.802,169.11,366.7,234.55,373.78,83.82,106.05,47.88,50.32,154.35,44.57,286.85,230.24,304.12,496.96,221.41,305.82,290.53,296.76,81.41,39.36,23.72,23.28,29.85,54.57,225.18,181.57,331.31,143.31,233.36,70.42,37.94,35.74,32.54,49.64,85.69,67.54,109.7,113.89,249.73,74.36,158.89,142.58,116.44,34.89,48.45,81.52,70.91,205.72,177.91,371.52,281.41,155.86,230.33,140.05,86.48,35.4,45.08,21.11,23.11,22.82,88.69,74.08,322.53,150.22,115.62,66.18,57.2,37.94,18.49,18.99,20.93,21.73,105.314,794.109,210.428,-539.795,368.646,-243.324,-152.465,-192.099,-330.525,45.9999,1194.29,725.56,-35.4751,651.744,543.381,254.805,4.18399,-200.101,1191.19,-69.7041,-57.8372,264.147,-414.149,-544.457,-351.771,230.345,503.124,1089.15,-149.445,-636.82,383.368,-601.169,487.072,-542.706,235.44,114.315,-600.954,282.865,902.797,719.66,459.777,850.328,1353.89,20.101,963.41,328.015,1283.91,1347.79,583.85,347.637,-191.007,-234.518,-33.3463,600.695,-286.401,474.511,806.278,303.427,777.381,518.028,342.799,1468.66,227.323,319.336,-220.039,-35.0076,463.075,897.425,196.047,1028.14,-543.742,-941.225,761.174,736.767,643.2,537.032,972.022,967.47,126.24,1078.93,710.806,-181.587,-201.227,-7.97735,482.84
real_0045,233.118,41.3684,241.722,249.956,348.761,30.0895,326.402,145.074,46.2096,264.882,7.28043,56.7491,77.4684,93.6969,330.077,263.945,174.384,248.533,83.9583,-148.641,-6.50776,297.126,-145.292,97.1973,656.523,196.23,153.194,124.76,181.192,-31.7791,227.951,14.2979,-100.459,80.9529,156.055,146.353,126.733,140.905,279.47,51.3166,26.7671,111.318,187.512,-47.06,180.256,301.437,212.714,203.247,411.011,209.463,672.193,146.569,-101.401,13.233,20.1159,9.44912,24.5244,60.4628,145.346,178.896,170.02,383.335,520.025,249.306,210.092,214.102,203.73,100.063,-313.026,69.691,-21.8296,188.86,-9.16261,303.209,-9.11266,112.151,57.7298,79.308,231.518,-46.0792,77.5503,334.911,-13.8146,145.124,238.415,394.583,276.543,310.912,154.475,195.269,-25.5342,136.193,139.374,-151.867,-105.21,-5.41193,192.2,327.126,286.388,566.236,348.255,255.966,-35.6233,-10.2197,77.9067,189.427,271.711,602.206,306.187,186.7,290.344,76.1103,14.6965,22.7317,57.4913,255.547,-45.8497,-61.2921,161.983,39.8403,364.788,99.2049,352.345,132.001,241.684,58.4511,130.436,-5.60356,79.5787,90.4826,239.069,301.976,81.8165,283.983,203.842,217.71,132.925,263.58,149.248,-35.763,-17.0754,91.4863,162.999,-9.54628,22.7738,-33.5996,177.567,322.717,-41.462,315.014,64.2763,208.599,234.027,38.7898,-116.087,420.267,192.412,103.652,194.727,76.544,98.6991,169.212,-157.141,-143.052,60.7782,-90.927,134.35,202.277,82.1655,280.592,178.053,2.10516,354.01,152.461,-140.07,-18.3477,60.1001,-91.1276,86.3179,-25.0186,169.11,366.7,234.55,373.78,83.82,106.05,47.88,50.32,154.35,44.57,286.85,230.24,304.12,496.96,221.41,305.82,290.53,296.76,81.41,39.36,23.72,23.28,29.85,54.57,225.18,181.57,331.31,143.31,233.36,70.42,37.94,35.74,32.54,49.64,85.69,67.54,109.7,113.89,249.73,74.36,158.89,142.58,116.44,34.89,48.45,81.52,70.91,205.72,177.91,371.52,281.41,155.86,230.33,140.05,86.48,35.4,45.08,21.11,23.11,22.82,88.69,74.08,322.53,150.22,115.62,66.18,57.2,37.94,18.49,18.99,20.93,21.73,-865.289,793.935,247.8,-77.629,385.672,-61.4802,179.069,130.728,-186.029,-203.752,-352.477,-715.975,577.929,1317.09,468.474,486.784,426.516,927.586,-36.4763,-137.908,1231.99,305.791,64.3116,-323.719,-1377.52,-167.822,551.561,423.659,-97.2962,37.157,2.82146,-624.981,769.669,575.535,108.359,720.953,-171.429,596.814,966.117,-241.888,441.053,485.712,213.815,99.7286,599.388,440.433,476.092,752.363,97.1849,-178.505,763.076,761.771,322.095,-268.617,625.273,65.1231,1001.17,1130.19,-552.8,86.7285,696.172,211.889,-918.515,-517.023,1049.73,561.56,340.617,-178.696,232.939,-241.881,1106.3,793.68,474.894,784.206,556.791,-293.073,-230.215,307.164,39.7058,-409.172,1230.25,125.962,686.666,-370.059,436.62
real_0046,234.136,233.708,70.0188,267.388,340.243,254.622,30.7702,168.511,6.74106,103.54,178.452,11.8936,22.3912,143.536,196.755,173.79,304.637,326.886,-51.9513,81.0339,-169.189,26.4673,-26.4908,15.0416,493.387,88.3192,-76.357,238.457,295.196,55.9365,173.475,-105.821,24.7831,-228.484,80.5205,-21.4564,74.3502,474.846,122.98,86.1134,9.43341,142.082,286.198,92.8297,-77.279,78.717,-3.11157,396.274,488.558,283.386,414.331,221.426,-90.5892,51.1406,83.7063,-113.919,89.0014,105.667,72.6626,-22.7992,375.565,255.439,586.312,313.387,84.12,335.478,55.1007,37.0512,27.8477,167.075,-38.3779,132.394,200.645,188.331,-108.548,144.223,190.004,-131.002,76.8918,-124.75,22.0192,95.4271,190.742,-44.0538,39.9035,97.5649,430.191,197.951,208.566,155.849,194.798,30.3117,-147.072,166.561,-29.2442,-75.2422,130.632,214.37,514.233,381.418,263.314,89.1048,5.74021,236.024,185.545,52.7447,181.886,476.049,271.492,174.003,173.942,145.929,292.703,-40.2996,56.6763,191.681,38.504,-170.542,-75.3551,-28.3181,111.081,7.49082,105.188,338.786,33.7446,-84.2165,264.442,44.6073,82.5227,232.788,261.686,444.602,158.535,96.3987,251.795,85.7276,318.793,365.879,187.634,-59.9241,293.851,165.562,-88.8021,60.8205,-92.7672,91.5077,252.09,263.12,-36.3322,166.642,280.657,55.8771,26.1804,-177.317,128.509,256.329,112.952,175.708,377.178,232.158,-100.207,186.247,39.3744,182.841,-2.4611,-115.824,-92.0516,-40.1919,473.622,243.153,8.87786,41.2529,457.162,78.8436,271.04,35.1784,-20.435,-27.3698,96.2991,38.6297,169.11,366.7,234.55,373.78,83.82,106.05,47.88,50.32,154.35,44.57,286.85,230.24,304.12,496.96,221.41,305.82,290.53,296.76,81.41,39.36,23.72,23.28,29.85,54.57,225.18,181.57,331.31,143.31,233.36,70.42,37.94,35.74,32.54,49.64,85.69,67.54,109.7,113.89,249.73,74.36,158.89,142.58,116.44,34.89,48.45,81.52,70.91,205.72,177.91,371.52,281.41,155.86,230.33,140.05,86.48,35.4,45.08,21.11,23.11,22.82,88.69,74.08,322.53,150.22,115.62,66.18,57.2,37.94,18.49,18.99,20.93,21.73,-841.461,656.09,692.68,297.051,761.675,251.122,218.834,-228.747,1376.55,-530.201,-1032.5,-670.626,-1272.56,981.778,1114.68,208.603,-772.761,10.0396,576.731,750.252,156.43,-117.896,483.48,-130.493,456.954,244.657,176.607,319.156,-259.977,-346.464,18.1514,893.649,876.467,767.623,231.015,622.581,110.545,688.34,530.602,766.662,461.107,905.267,623.304,-785.766,-360.488,-68.4336,1490.91,498.168,-443.23,-152.487,325.751,646.114,-448.293,641.587,574.511,-211.092,641.116,-6.63777,263.046,-253.033,-107.218,-864.237,1389.91,488.139,225.532,647.936,-594.664,509.182,378.4,374.362,405.167,241.291,631.27,530.396,1563.33,-710.276,492.858,49.503,793.919,701.018,1137.05,-405.313,951.473,264.338,-118.802
real_0047,69.563,133.354,163.398,103.624,67.7639,60.4427,24.9756,100.052,233.721,13.4471,186.472,315.98,336.681,231.02,-80.4427,102.323,98.72,466.629,1.26306,114.218,84.7272,-178.865,9.81373,77.3815,652.828,265.817,152.293,245.595,82.6333,-96.3214,90.5984,38.9991,154.138,91.3497,370.819,-68.6889,231.429,100.578,184.358,320.187,-43.6569,143.916,99.6903,138.17,179.792,143.619,88.5094,247.73,270.077,177.235,522.226,149.902,39.5989,-67.6099,285.994,222.965,46.3465,115.023,143.722,-62.1908,108.63,237.214,733.749,157.528,76.9018,161.99,261.321,26.4756,136.651,-74.0827,150.109,274.411,154.781,142.673,77.6727,19.1679,295.798,50.3694,-53.0341,-58.2256,145.913,-38.8122,4.0875,90.4154,58.8159,34.0487,455.406,213.18,82.7459,170.429,88.4385,-169.288,-53.2537,246.435,39.8559,117.56,-18.1091,128.587,446.101,573.42,360.289,142.9,69.3466,-110.764,100.51,209.961,138.885,403.696,281.071,82.9394,186.287,96.4728,264.326,157.85,-16.2085,148.992,-13.9247,-163.545,158.023,174.637,155.91,182.212,551.752,313.639,56.1299,13.1073,66.0319,-145.264,-13.8143,65.9288,111.835,320.736,153.647,301.932,141.826,379.895,152.137,252.113,-36.3878,61.354,13.7483,-135.578,-140.168,-101.864,-53.2513,42.2105,180.921,193.43,-1.86225,285.69,97.3408,16.3669,71.4291,-160.473,47.3575,132.946,96.4087,110.16,63.9995,199.373,-49.097,85.6102,-158.379,102.37,172.981,-83.0446,-4.92079,77.6803,90.7707,68.9646,157.076,250.003,272.113,25.7621,76.951,55.4705,-147.04,23.9043,311.471,-6.8187,169.11,366.7,234.55,373.78,83.82,106.05,47.88,50.32,154.35,44.57,286.85,230.24,304.12,496.96,221.41,305.82,290.53,296.76,81.41,39.36,23.72,23.28,29.85,54.57,225.18,181.57,331.31,143.31,233.36,70.42,37.94,35.74,32.54,49.64,85.69,67.54,109.7,113.89,249.73,74.36,158.89,142.58,116.44,34.89,48.45,81.52,70.91,205.72,177.91,371.52,281.41,155.86,230.33,140.05,86.48,35.4,45.08,21.11,23.11,22.82,88.69,74.08,322.53,150.22,115.62,66.18,57.2,37.94,18.49,18.99,20.93,21.73,84.1076,499.661,700.542,-60.7229,230.785,787.857,27.2038,-438.366,-537.166,-937.471,627.726,215.638,-507.596,-86.2175,578.963,-1228.11,-332.894,-229.611,124.271,-205.4,-534.319,803.111,1464.21,-367.562,-731.804,-425.09,-241.753,568.032,486.731,-367.889,-32.9514,-464.494,-87.4364,524.793,159.217,434.868,144.847,538.652,197.085,706.005,278.22,815.808,778.08,416.706,234.168,741.119,-486.413,102.799,407.364,-1191.66,22.8177,-54.1463,-568.461,-137.16,-637.891,-137.793,157.789,676.552,427.599,-622.327,-20.821,344.667,994.328,803.142,472.693,-129.694,638.946,710.359,-485.468,-34.2419,668.919,525.258,468.641,17.9437,515.648,514.835,54.1725,777.806,665.993,84.5397,491.483,637.143,-113.887,1193.58,19.1988
real_0048,96.1357,71.7079,180.204,105.061,46.1248,260.108,195.595,135.757,121.095,145.315,332.779,177.762,388.355,149.884,59.1098,52.1244,136.213,519.449,-168.153,326.041,4.19885,-113.913,213.307,-81.0145,832.383,152.23,109.472,240.709,105.527,95.7376,170.509,1.68521,200.639,-30.4148,112.741,30.9157,182.926,236.361,160.459,88.8244,181.868,231.663,-212.526,-19.5608,14.8577,206.47,-66.5224,393.532,379.155,274.463,507.719,73.5728,59.7085,74.6802,95.577,221.671,82.6893,-86.2361,200.094,192.703,264.426,401.685,778.544,255.019,213.108,294.367,4.77259,68.3413,143.265,24.8787,120.076,357.585,-165.795,39.089,81.206,165.748,61.7648,72.3266,-80.6488,-55.7366,-53.9362,146.627,-72.4202,47.4783,185.476,221.045,502.741,256.925,34.4632,181.04,92.4622,53.9539,156.51,-25.7597,114.409,55.1756,-36.0587,190.047,389.374,307.561,551.54,30.6222,62.3276,-90.94,62.8529,193.544,-89.5988,724.591,360.916,275.927,43.5026,-123.074,235.045,92.0939,184.695,-51.975,86.0428,178.016,71.2858,-119.857,154.702,219.323,304.063,235.822,9.58686,68.0787,266.911,-64.2945,-16.6963,200.237,1.795,369.9,-64.3379,152.521,31.5016,311.184,220.743,48.2659,62.6533,27.3761,62.2463,158.318,7.37293,-27.3897,-17.0793,-2.72784,270.751,368.811,175.069,297.139,127.077,-12.3215,68.5935,145.499,204.913,287.675,335.331,242.304,283.773,-164.944,-7.01162,74.9031,45.416,-21.6979,-62.192,-121.963,125.374,106.515,259.657,227.284,241.029,112.453,450.091,27.0457,187.082,128.392,126.206,-176.236,244.622,19.0263,169.11,366.7,234.55,373.78,83.82,106.05,47.88,50.32,154.35,44.57,286.85,230.24,304.12,496.96,221.41,305.82,290.53,296.76,81.41,39.36,23.72,23.28,29.85,54.57,225.18,181.57,331.31,143.31,233.36,70.42,37.94,35.74,32.54,49.64,85.69,67.54,109.7,113.89,249.73,74.36,158.89,142.58,116.44,34.89,48.45,81.52,70.91,205.72,177.91,371.52,281.41,155.86,230.33,140.05,86.48,35.4,45.08,21.11,23.11,22.82,88.69,74.08,322.53,150.22,115.62,66.18,57.2,37.94,18.49,18.99,20.93,21.73,-234.865,-134.537,-604.476,-210.672,-603.567,96.1196,86.7171,684.422,-80.2586,114.982,173.894,-157.753,579.729,380.07,-237.952,-897.787,230.977,-613.471,-336.441,-355.271,103.701,845.393,282.025,-703.393,514.339,564.3,519.469,119.966,-97.4149,642.198,84.512,508.758,60.6673,-290.259,148.21,155.234,100.182,712.004,-427.689,-150.723,367.531,288.707,127.584,81.3278,935.373,416.021,-425.327,384.237,-684.939,-359.999,269.659,-332.331,-609.065,-1139.65,256.814,-73.0904,-287.217,912.446,-87.3176,630.345,-365.879,-94.9199,295.698,1089.82,502.202,147.851,-18.7932,271.336,240.904,764.797,589.128,162.294,13.6657,1360.17,565.718,19.4782,1067.15,488.791,-346.504,-533.529,541.37,-541.514,83.2711,-455.852,932.929
real_0049,17.0621,-119.397,390.58,165.038,512.822,105.917,344.472,129.456,161.1,175.597,188.777,421.122,361.471,-13.2861,314.806,92.7495,120.743,340.529,-61.0353,-33.5686,-124.208,110.528,-118.658,-368.886,571.362,208.33,134.597,230.713,61.2127,-5.05525,34.0906,2.10074,68.939,139.031,67.0482,152.046,-42.6056,77.511,166.241,123.096,244.506,122.487,62.5425,83.5337,203.027,346.721,-88.2056,362.836,367.885,-11.1721,555.661,297.657,200.597,201.502,95.7672,109.4,119.337,-9.30235,41.5466,102.239,87.7597,493.011,564.077,80.2156,213.1,289.538,246.773,33.0014,139.262,278.31,31.2487,285.806,-51.1903,149.327,203.882,211.461,268.371,-115.713,147.852,-78.8562,-36.2845,83.6554,205.987,-155.824,235.132,32.7076,222.872,111.908,354.752,-29.0601,97.6848,70.2679,-92.5194,62.8319,42.3885,-75.9587,292.412,51.6593,564.594,457.211,372.894,143.944,-69.3722,59.4009,222.798,-103.165,213.333,584.414,274.573,188.219,226.793,-45.7585,216.853,-63.9863,-98.8378,18.6135,-126.062,-80.8851,-33.7064,181.445,147.776,116.595,172.465,187.255,297.853,112.675,206.388,61.5227,-10.043,8.66422,165.647,434.27,24.4411,242.376,134.717,326.588,54.9928,90.8246,36.7312,-3.20809,-214.108,20.5798,50.2907,71.5071,237.661,57.7326,337.043,228.468,187.613,299.466,153.359,262.345,-22.155,54.9203,148.72,125.34,274.436,174.182,102.451,129.546,62.464,45.0656,54.6159,301.959,-91.6036,258.358,126.389,-158.772,73.7659,132.318,307.532,31.7099,212.16,195.648,384.97,-52.1797,108.007,98.2221,402.924,40.6962,169.11,366.7,234.55,373.78,83.82,106.05,47.88,50.32,154.35,44.57,286.85,230.24,304.12,496.96,221.41,305.82,290.53,296.76,81.41,39.36,23.72,23.28,29.85,54.57,225.18,181.57,331.31,143.31,233.36,70.42,37.94,35.74,32.54,49.64,85.69,67.54,109.7,113.89,249.73,74.36,158.89,142.58,116.44,34.89,48.45,81.52,70.91,205.72,177.91,371.52,281.41,155.86,230.33,140.05,86.48,35.4,45.08,21.11,23.11,22.82,88.69,74.08,322.53,150.22,115.62,66.18,57.2,37.94,18.49,18.99,20.93,21.73,-483.315,-177.976,1097.42,334.624,-1070,220.436,-402.312,-136.256,-32.4388,439.075,804.244,446.75,1404.69,-26.1198,-182.841,312.695,-260.68,-193.738,-268.406,-978.239,504.923,-1031.09,746.497,959.962,-74.6015,773.192,760.709,683.996,432.326,418.262,57.5274,598.964,270.856,-478.303,-175.882,789.009,-271.112,-152.692,363.534,-514.353,265.753,739.284,-65.1607,739.24,517.888,237.865,-249.206,365.387,143.437,322.846,-98.1916,721.734,213.038,1232.9,106.666,-447.622,623.868,462.28,345.061,32.7749,311.407,-472.942,870.766,705.31,683.1,178.745,229.024,-505.668,-76.6123,356.334,847.356,-140.278,-126.442,394.676,631.119,-429.195,-660.576,625.781,862.107,20.0381,-374.065,-480.871,73.3524,-592.495,449.917
real_0050,325.497,179.314,330.911,260.177,177.205,330.245,231.225,97.1752,271.123,-10.5724,125.206,179.218,366.219,207.321,41.8845,87.0961,409.493,402.05,102.28,-77.5776,-37.8555,23.2472,225.173,229.277,864.417,179.32,218.325,112.077,194.627,-112.785,116.908,246.344,-118.31,-151.347,50.2532,-1.85114,164.686,-68.3981,141.4,-22.7225,191.471,238.505,25.9898,-18.6426,120.798,81.3061,5.74779,350.08,311.377,94.7598,607.444,184.142,249.203,14.2184,-70.2238,-77.7257,-238.753,-67.5046,-83.1022,171.03,191.753,457.795,690.504,103.172,104.79,239.284,189.94,163.359,-96.3105,-81.3474,-276.323,206.159,33.6234,90.7087,-113.505,75.212,10.5521,-51.147,23.5997,109.394,126.41,179.114,158.561,318.737,108.855,54.2677,487.86,296.26,34.9351,127.071,15.1855,-128.147,153.238,7.94425,184.672,-83.9586,-145.307,369.518,221.337,438.189,334.177,94.5782,162.91,98.262,-101.67,132.23,245.71,399.03,229.945,-45.7714,146.374,85.8388,216.296,97.2123,130.726,79.1282,-141.785,68.5325,-52.257,189.053,140.724,337.937,177.588,263.431,237.909,42.4699,-12.6504,98.8896,164.816,214.662,42.2365,71.0349,190.561,196.015,2.68814,361.407,355.865,223.154,-109.352,92.6909,0.944203,44.6071,84.1361,49.029,130.915,-41.9735,338.339,349.246,191.026,172.845,177.673,228.336,-7.93141,33.437,-49.9298,291.152,233.193,157.585,361.726,106.116,14.4525,-54.404,-23.3816,-83.0682,-55.1122,101.468,-54.8548,299.114,109.844,84.9933,72.6006,109.115,199.152,39.4119,129.46,-24.264,237.545,239.915,232.926,86.6747,169.11,366.7,234.55,373.78,83.82,106.05,47.88,50.32,154.35,44.57,286.85,230.24,304.12,496.96,221.41,305.82,290.53,296.76,81.41,39.36,23.72,23.28,29.85,54.57,225.18,181.57,331.31,143.31,233.36,70.42,37.94,35.74,32.54,49.64,85.69,67.54,109.7,113.89,249.73,74.36,158.89,142.58,116.44,34.89,48.45,81.52,70.91,205.72,177.91,371.52,281.41,155.86,230.33,140.05,86.48,35.4,45.08,21.11,23.11,22.82,88.69,74.08,322.53,150.22,115.62,66.18,57.2,37.94,18.49,18.99,20.93,21.73,1336.24,-245.879,-211.655,197.268,449.533,788.804,183.295,621.684,544.015,477.359,223.063,459.84,-636.925,-75.1267,628.315,-902.937,520.669,803.003,-286.786,-49.6659,-645.927,-594.169,-556.094,554.299,189.483,1136.95,1069.77,646.827,342.973,163.871,1088.01,232.337,812.144,652.168,-578.161,113.252,183.592,-154.155,211.162,191.822,-651.473,-172.364,-37.6599,-937.616,323.754,270.728,-352.703,-739.234,118.102,269.422,623.261,-310.548,-316.291,-492.983,-82.4026,-407.905,562.273,-137.914,-671.76,765.595,999.155,1479.51,263.849,511.651,345.244,460.843,813.781,1120.61,559.919,-487.464,817.251,422.108,-90.9364,822.643,-371.657,206.839,1003.01,332.618,-37.1924,1069.83,294.376,-84.7,-216.501,-577.534,151.382
real_0051,45.7777,234.252,281.745,108.967,155.4,105.458,195.759,82.3012,256.914,110.084,245.181,142.673,384.484,251.632,76.617,133.544,10.8994,260.345,72.066,66.3606,-5.90544,73.2,0.213238,-43.7919,727.939,223.138,127.482,74.6001,9.10672,162.607,119.502,59.9611,-52.8421,9.72415,358.245,68.1087,247.723,236.225,148.125,348.675,22.4372,189.708,-166.933,293.166,1.67049,41.769,191.994,335.984,248.533,132.439,509.871,189.138,300.95,335.239,27.764,129.751,145.928,138.675,4.53635,-1.17058,102.642,384.686,641.102,157.449,213.516,109.053,101.513,-54.6255,167.05,95.9211,37.4632,-76.2565,277.288,85.8946,124.963,99.3229,246.25,62.6226,61.8482,152.664,-124.494,-107.176,32.0142,136.818,52.4083,55.4164,436.741,67.6086,-22.5208,22.5581,257.235,9.72078,89.3121,89.1403,-262.743,-253.476,-105.354,216.027,468.668,489.149,419.201,183.317,-135.171,2.74803,25.2591,-22.0553,148.914,506.783,313.752,288.119,-172.787,-69.8607,150.044,89.2117,-208.33,258.745,49.8286,-45.912,148.724,91.8606,296.922,49.2336,319.177,316.764,58.9298,197.245,82.7981,130.822,-39.5341,66.0127,1.84393,289.23,325.028,202.65,285.062,265.738,178.647,180.373,10.3731,-64.2688,100.031,243.284,96.654,-25.0379,28.3744,117.876,364.867,157.092,-151.238,332.209,327.296,-62.9824,224.963,45.5022,-132.247,236.684,94.0396,124.055,253.49,209.809,-2.53994,198.72,128.902,-14.7349,4.28475,106.743,86.6238,123.141,202.474,203.118,-47.6665,208.362,266.615,126.399,430.907,-168.414,61.4833,5.13377,434.717,133.113,169.11,366.7,234.55,373.78,83.82,106.05,47.88,50.32,154.35,44.57,286.85,230.24,304.12,496.96,221.41,305.82,290.53,296.76,81.41,39.36,23.72,23.28,29.85,54.57,225.18,181.57,331.31,143.31,233.36,70.42,37.94,35.74,32.54,49.64,85.69,67.54,109.7,113.89,249.73,74.36,158.89,142.58,116.44,34.89,48.45,81.52,70.91,205.72,177.91,371.52,281.41,155.86,230.33,140.05,86.48,35.4,45.08,21.11,23.11,22.82,88.69,74.08,322.53,150.22,115.62,66.18,57.2,37.94,18.49,18.99,20.93,21.73,156.482,606.084,235.169,198.516,966.556,132.979,-696.849,306.947,36.6675,287.413,332.565,640.368,-212.85,-2.82733,62.883,-396.455,515.713,387.662,-183.728,338.388,503.576,114.909,-610.76,-1.98548,670.502,1784.78,-169.808,327.654,440.525,527.954,539.358,946.178,435.58,-1422.71,444.551,-189.48,614.937,-94.4998,243.737,617.248,-360.591,-475.814,-843.709,654.405,-108.088,935.367,-104.26,109.79,-240.307,672.881,596.922,289.722,-1556.52,771.034,119.216,1514.97,665.731,799.967,188.599,88.7266,460.514,-35.6946,895.468,57.2628,121.662,198.579,-345.453,-39.6471,296.406,-308.372,552.161,449.781,-459.663,456.108,179.57,1132.2,-412.627,-332.992,168.181,-35.802,15.4898,822.903,-304.655,506.766,32.5692
real_0052,47.6796,187.205,400.11,8.15274,228.292,151.55,351.654,196.532,120.059,190.41,163.925,185.131,360.27,175.677,-180.563,-27.4119,374.617,174.733,5.28339,150.783,-141.23,-83.2314,-31.3272,-144.603,685.67,237.772,26.6536,208.145,-167.998,129.715,-65.6254,18.3946,56.2165,214.484,96.1728,-86.8525,330.788,105.258,185.428,362.582,131.236,187.769,-65.4571,38.2876,324.015,240.778,203.708,291.716,244.895,302.971,581.527,195.512,-4.40189,319.248,-132.21,17.9024,-83.5262,-96.9696,-13.5727,31.1598,56.2546,444.535,518.377,172.566,320.366,62.8542,8.99024,256.683,157.475,-46.6476,-1.68294,-153.791,153.859,255.545,88.3746,154.555,191.097,-112.018,-39.6042,215.695,187.87,156.543,-163.256,-51.8341,29.105,7.79022,378.331,-40.1125,-15.2811,194.723,241.358,129.448,-132.562,93.6226,183.339,-204.448,-30.7655,313.946,444.99,599.148,421.595,3.15437,-61.0312,-60.1957,103.962,71.1856,318.073,510.244,323.767,231.758,187.274,48.583,148.015,185.984,132.621,123.473,110.965,-44.5168,276.338,101.183,155.824,131.734,148.6,415.718,40.5168,74.8653,246.996,-34.2009,-126.481,-41.6396,450.153,353.176,286.066,189.379,31.2591,520.404,140.173,375.992,86.271,4.51344,183.597,119.681,81.7943,-114.594,124.749,156.175,142.682,353.103,28.9739,214.898,210.267,48.7095,160.448,-46.7677,71.7099,331.665,151.851,270.244,173.484,259.485,-70.1784,-167.813,-184.589,172.073,93.7457,42.8617,194.882,-47.8626,309.475,-35.6037,17.9812,204.888,548.171,173.478,339.649,274.383,94.3151,-83.3555,470.151,-10.6727,169.11,366.7,234.55,373.78,83.82,106.05,47.88,50.32,154.35,44.57,286.85,230.24,304.12,496.96,221.41,305.82,290.53,296.76,81.41,39.36,23.72,23.28,29.85,54.57,225.18,181.57,331.31,143.31,233.36,70.42,37.94,35.74,32.54,49.64,85.69,67.54,109.7,113.89,249.73,74.36,158.89,142.58,116.44,34.89,48.45,81.52,70.91,205.72,177.91,371.52,281.41,155.86,230.33,140.05,86.48,35.4,45.08,21.11,23.11,22.82,88.69,74.08,322.53,150.22,115.62,66.18,57.2,37.94,18.49,18.99,20.93,21.73,72.1809,935.776,355.673,-775.301,280.635,-207.665,138.731,475.24,-169.974,-180.551,1109.15,666.097,-130.972,752.962,578.063,-700.962,-612.836,63.5861,158.991,283.657,418.363,601.536,-920.934,299.441,697.297,-655.101,-225.136,335.295,201.063,-159.193,572.126,633.441,548.638,-277.466,309.197,-722.213,757.649,450.801,1134.89,868.866,607.927,140.269,281.315,-432.24,-2.07158,-152.362,1233.92,7.05984,1266.71,90.0516,521.666,1245.7,1092.39,-82.5314,340.512,-744.749,-74.3702,115.426,449.394,-44.2052,882.754,-422.091,823.936,632.339,296.588,784.115,468.229,627.56,800.653,1409.75,750.05,363.451,355.025,129.075,383.039,347.353,556.438,232.285,480.706,785.332,248.738,516.894,838.548,-119.525,527.21
real_0053,55.9481,243.653,49.1295,171.176,51.7972,163.847,273.552,168.549,140.639,231.342,47.8621,238.63,312.018,167.887,-100.697,136.247,136.053,202.173,162.027,141.899,-82.4395,57.081,64.2699,-55.185,620.56,162.537,282.338,355.012,168.956,174.117,27.0329,-69.7148,-79.7801,111.011,1.26938,217.322,214.645,150.026,204.839,243.886,183.613,373.819,139.172,115.98,198.057,150.88,172.817,229.743,350.067,291.798,602.14,9.65849,22.8475,155.246,5.23993,77.3727,38.6116,249.31,121.493,337.347,157.598,78.734,412.015,24.4068,173.26,337.019,51.064,2.87378,278.488,-158.672,-109.028,59.4515,113.033,311.08,14.7347,157.428,45.1313,43.1334,46.8581,169.662,118.331,-59.7749,116.972,283.194,64.1554,138.714,346.562,185.376,105.091,57.3179,53.5499,-111.903,97.7622,76.5829,77.6566,-36.0809,-95.4652,297.209,385.894,589.813,512.889,133.024,27.6755,160.236,24.7263,41.3029,364.493,400.854,123.634,283.653,-2.29008,-64.0994,276.086,-21.1047,42.2469,47.2473,166.423,171.087,164.851,106.024,412.004,175.024,152.424,312.531,19.7712,216.307,-87.157,-150.981,2.31088,135.889,87.8812,279.406,-64.9686,160.394,33.4143,-0.659701,134.269,167.383,68.776,199.684,-141.761,64.1026,34.5245,-22.6485,100.761,-57.839,138.379,400.062,92.5058,392.057,320.777,-8.37919,269.823,-26.5001,149.894,363.521,182.236,281.74,306.361,39.8853,100.904,76.8547,-9.46421,67.8981,-50.6591,95.9486,21.7822,-21.865,140.28,203.981,116.325,39.9639,319.292,-52.5904,188.826,115.061,-0.408508,-94.8123,226.502,93.7887,169.11,366.7,234.55,373.78,83.82,106.05,47.88,50.32,154.35,44.57,286.85,230.24,304.12,496.96,221.41,305.82,290.53,296.76,81.41,39.36,23.72,23.28,29.85,54.57,225.18,181.57,331.31,143.31,233.36,70.42,37.94,35.74,32.54,49.64,85.69,67.54,109.7,113.89,249.73,74.36,158.89,142.58,116.44,34.89,48.45,81.52,70.91,205.72,177.91,371.52,281.41,155.86,230.33,140.05,86.48,35.4,45.08,21.11,23.11,22.82,88.69,74.08,322.53,150.22,115.62,66.18,57.2,37.94,18.49,18.99,20.93,21.73,-423.649,716.367,342.36,450.757,396.898,-172.183,-762.698,-135.713,726.907,657.89,1222.28,-239.385,280.139,754.945,-118.392,263.25,-71.4447,-53.1064,-147.801,20.5539,-556.745,-678.764,242.121,360.844,560.942,176.91,486,708.491,-426.17,-372.926,430.445,-271.883,1203.43,-330.532,-492.408,500.716,680.318,-113.092,-66.6887,-636.032,794.881,1135.61,785.958,16.1491,108.138,406.374,723.512,-758.098,-345.096,244.082,1002.82,248.158,464.885,-587.516,287.214,228.003,-104.355,1407.62,-182.255,281.683,-346.914,525.594,478.238,127.151,228.2,-110.43,-357.018,862.763,-330.069,631.969,486.552,-226.27,1020.59,454.227,445.896,-1581.63,492.497,-492.607,-62.7982,370.41,354.327,641.452,-827.414,-145.222,39.9801
real_0054,50.0136,118.36,345.317,111.782,345.455,60.3035,424.562,90.9932,309.184,-4.64121,193.178,210.483,383.829,227.138,213.799,-26.2289,188.682,106.488,-196.474,-97.47,34.7215,-15.6786,21.8614,164.025,541.124,127.925,192.642,304.868,341.902,134.647,-61.7812,-14.4776,35.0036,332.973,166.316,427.14,358.422,277.925,194.216,262.387,317.787,164.431,38.1446,-135.163,92.5825,151.058,108.387,307.205,460.746,115.356,576.541,281.337,70.9184,-223.548,113.242,321.76,-104.372,34.9935,139.837,294.974,99.4379,326.744,503.207,211.76,94.2064,227.091,140.797,24.9069,228.171,141.798,89.4946,148.001,44.7353,221.802,-35.5151,298.506,293.174,-159.341,-43.1207,-30.939,29.1217,286.929,90.2297,-33.2738,-163.135,86.1089,392.255,19.1584,258.931,141.779,-18.9251,302.945,15.3173,-64.0835,-159.318,31.9657,57.5106,107.259,534.669,358.491,434.95,45.1668,-120.669,-60.6006,86.2962,74.0605,279.648,366.821,210.86,168.552,346.918,-189.934,222.396,-58.5414,-137.651,-87.5607,8.69849,21.2423,-18.9515,-58.8799,103.471,135.624,134.279,96.3902,170.771,138.393,-41.6686,159.554,-152.523,124.698,336.847,271.614,177.608,247.291,81.9354,383.799,239.163,238.052,-33.6601,-14.1621,39.4403,111.254,70.7171,-47.2494,32.2182,-146.206,511.929,371.232,-65.4594,170.397,404.946,268.44,49.5714,-191.502,-49.1209,207,171.204,197.04,200.738,137.006,25.419,-1.77791,-68.5284,-12.1342,249.392,108.8,-31.956,235.378,333.985,151.087,257.009,144.012,292.551,232.76,290.566,123.105,38.0734,-106.388,177.054,83.3702,169.11,366.7,234.55,373.78,83.82,106.05,47.88,50.32,154.35,44.57,286.85,230.24,304.12,496.96,221.41,305.82,290.53,296.76,81.41,39.36,23.72,23.28,29.85,54.57,225.18,181.57,331.31,143.31,233.36,70.42,37.94,35.74,32.54,49.64,85.69,67.54,109.7,113.89,249.73,74.36,158.89,142.58,116.44,34.89,48.45,81.52,70.91,205.72,177.91,371.52,281.41,155.86,230.33,140.05,86.48,35.4,45.08,21.11,23.11,22.82,88.69,74.08,322.53,150.22,115.62,66.18,57.2,37.94,18.49,18.99,20.93,21.73,478.697,853.45,380.884,-539.246,-831.335,868.162,-114.79,273.131,457.585,233.647,242.86,-99.2376,115.914,238.126,-981.752,767.001,882.977,181.717,776.463,19.5464,-472.82,-9.24233,287.95,-141.909,7.64593,137.824,626.563,593.987,-19.2411,75.5463,575.046,-378.998,-821.521,527.347,1036.56,-89.1621,-279.358,83.4903,1475.84,527.368,-92.4077,328.283,148.239,671.844,944.271,-46.9893,-932.043,114.558,255.913,166.502,503.404,1155.9,-611.541,407.506,959.648,-670.038,-322.059,-898.587,810.566,507.241,1314.01,-230.863,232.999,-508.681,36.4207,-748.545,392.397,186.047,1557.25,-486.651,105.803,-376.785,988.905,-234.526,387.634,800.803,558.427,-139.161,-142.132,-442.517,1228.39,162.682,-105.284,937.807,179.434
real_0055,369.559,150.659,34.6396,111.916,18.6794,123.578,383.779,111.704,41.7674,-137.706,-50.73,119.742,319.451,286.797,159.258,132.992,387.009,204.606,14.1844,-42.3169,-129.344,-78.6222,88.5837,217.96,606.168,204.326,79.2998,98.1568,137.698,-38.1365,-79.3653,-17.2694,245.207,68.2008,294.744,-51.7786,124.723,-23.0362,210.465,300.898,7.84639,176.531,88.2143,-64.1855,289.492,290.84,301.785,345.572,394.88,300.179,454.11,343.841,189.785,25.0395,115.938,44.9931,-103.52,68.8691,-71.2471,79.3798,154.759,254.882,587,98.9969,328.31,253.849,90.4063,-12.5576,-25.0126,-6.50351,-75.9051,-27.5263,-22.961,11.8903,-152.214,401.376,162.05,125.837,139.862,-119.161,-89.5459,63.8444,27.4533,-6.57737,101.388,48.174,479.062,153.889,6.56157,285.878,146.517,-150.022,-83.0837,-29.9536,-54.8612,151.818,127.413,373.604,524.132,518.5,512.575,184.542,179.937,-10.2177,263.806,80.6692,194.129,361.514,308.788,231.55,-43.1658,15.5168,172.874,143.801,97.0423,25.3781,-77.2536,-97.9924,-161.306,51.9555,42.5366,264.204,257.636,396.932,95.7187,-0.887147,69.2819,226.349,112.073,-132.596,127.219,212.08,48.0981,84.5074,-216.144,295.228,54.2202,-13.923,-147.008,-118.968,171.006,226.972,-14.2239,119.767,102.602,56.9221,277.769,202.494,80.6323,132.703,391.762,-101.994,45.0511,239.63,139.725,181.729,243.327,254.703,171.822,43.9345,0.888268,105.362,206.038,-152.368,-62.562,-15.5208,109.254,153.212,-38.0985,52.4699,284.127,151.195,110.735,242.377,223.747,4.31283,-73.0861,45.6977,347.571,-4.66315,169.11,366.7,234.55,373.78,83.82,106.05,47.88,50.32,154.35,44.57,286.85,230.24,304.12,496.96,221.41,305.82,290.53,296.76,81.41,39.36,23.72,23.28,29.85,54.57,225.18,181.57,331.31,143.31,233.36,70.42,37.94,35.74,32.54,49.64,85.69,67.54,109.7,113.89,249.73,74.36,158.89,142.58,116.44,34.89,48.45,81.52,70.91,205.72,177.91,371.52,281.41,155.86,230.33,140.05,86.48,35.4,45.08,21.11,23.11,22.82,88.69,74.08,322.53,150.22,115.62,66.18,57.2,37.94,18.49,18.99,20.93,21.73,-370.855,410.057,317.453,1193.32,853.122,542.215,-325.524,-174.194,692.279,288.453,748.078,642.157,167.788,1109.36,250.057,-518.39,-49.0981,959.208,-246.253,262.747,86.5104,572.173,-238.294,-66.7383,570.263,-203.763,300.343,85.8677,1474.59,-97.8958,130.318,284.192,-132.054,-266.516,1113.99,952.387,-164.042,1429.86,96.0468,205.817,-434.949,418.956,-1141.32,-175.226,8.56699,-283.941,-15.2701,-54.9968,754.04,-674.776,210.798,545.633,185.895,251.059,-264.046,879.442,-275.597,-355.05,922.933,-29.7906,-499.5,775.478,901.783,324.094,574.305,-909.246,454.431,442.929,-1.65581,-125.187,-933.798,953.103,388.462,434.752,1010.28,-64.6222,189.249,71.6713,810.858,60.5045,349.029,459.793,447.549,-663.014,-540.877
real_0056,203.991,153.202,184.494,41.1441,436.79,-19.6216,397.232,100.121,54.13,55.6358,360.528,428.436,347.412,109.444,192.815,-42.1077,112.847,207.745,-93.2089,262.517,-29.2224,142.914,208.011,-39.9149,478.893,197.735,170.264,104.317,158.763,-129.87,-46.8984,-123.236,-3.1413,177.131,70.3533,144.961,195.012,-61.9945,137.153,168.54,178.157,242.277,48.0065,99.0841,142.32,44.9461,175.134,342.299,214.445,84.4823,506.804,265.73,81.083,69.3155,9.8669,-279.997,43.7432,-314.736,-82.5851,197.078,119.926,154.231,432.487,263.609,330.991,223.057,104.167,118.119,68.4092,-124.776,33.4709,110.429,145.583,75.7496,-142.832,87.5376,6.6106,34.4224,174.941,99.9962,12.5738,-12.2827,42.296,119.316,-111.193,26.8357,315.387,32.1958,159.787,301.78,13.0779,-245.835,106.365,130.945,79.6405,22.5459,154.669,431.291,297.64,506.78,591.49,-17.415,20.47,110.085,123.256,37.3919,137.632,396.778,283.673,-46.3625,-133.821,209.225,297.024,-35.6858,63.3019,-21.5218,10.4923,189.614,-122.912,108.899,419.46,70.7207,297.129,304.592,98.1739,-88.7967,38.0623,101.488,-16.7718,290.665,45.4813,170.097,158.44,348.329,52.8527,302.691,170.632,61.7752,153.829,-112.17,107.426,32.1611,77.1863,-160.583,252.47,23.7117,418.208,129.326,-117.248,273.506,229.616,147.099,-56.2519,-134.659,3.35997,20.9971,89.9988,354.413,307.898,112.339,29.1838,-24.5849,21.3473,75.9601,-62.2279,113.281,-56.6746,239.143,176.999,121.197,217.85,243.078,274.738,41.1097,232.771,73.9004,26.1173,121.639,312.213,19.6554,169.11,366.7,234.55,373.78,83.82,106.05,47.88,50.32,154.35,44.57,286.85,230.24,304.12,496.96,221.41,305.82,290.53,296.76,81.41,39.36,23.72,23.28,29.85,54.57,225.18,181.57,331.31,143.31,233.36,70.42,37.94,35.74,32.54,49.64,85.69,67.54,109.7,113.89,249.73,74.36,158.89,142.58,116.44,34.89,48.45,81.52,70.91,205.72,177.91,371.52,281.41,155.86,230.33,140.05,86.48,35.4,45.08,21.11,23.11,22.82,88.69,74.08,322.53,150.22,115.62,66.18,57.2,37.94,18.49,18.99,20.93,21.73,866.468,33.9937,-437.942,190.838,-196.256,-99.6007,-542.056,-751.517,390.694,340.074,747.449,-446.685,304.461,-199.903,855.491,472.716,564.709,843.043,-114.723,-67.9203,1274.27,-192.796,899.851,68.2443,761.804,338.543,68.12,522.886,502.066,510.457,381.698,806.852,260.161,371.841,611.206,-237.581,-594.822,-523.532,835.653,18.2175,328.388,1108.87,359.043,641.146,247.772,158.814,-611.558,184.498,435.446,394.627,-397.255,-117.569,237.575,-298.153,-813.55,-43.8256,-165.552,1223.77,302.5,131.981,-12.9977,-102.573,250.822,-24.0148,247.199,546.529,-253.725,-21.6388,-685.269,291.994,786.915,-518.459,432.141,581.213,871.306,-9.53656,238.607,220.021,858.877,218.199,319.22,-360.367,265.729,786.246,99.6382
real_0057,-6.7365,83.8693,421.836,43.8004,45.4274,12.5501,263.862,62.7225,301.366,-115.325,466.781,369.082,431.662,18.9078,66.74,219.697,165.458,307.176,197.614,72.5217,58.6544,207.917,-49.6752,57.7743,547.181,201.394,-8.21222,151.349,205.888,-253.55,60.1721,230.781,70.4141,76.8104,34.3498,-8.12321,177.859,65.2488,99.2799,347.435,121.665,-94.0835,-97.2966,-137.352,50.1894,96.1184,201.25,479.424,331.881,39.2103,636.288,191.789,80.8146,29.0209,40.6223,-36.0703,-4.69068,155.61,212.445,218.592,10.2639,327.673,460.851,68.8272,145.538,179.142,241.339,-126.133,-18.2785,133.195,73.6084,-140.518,-105.057,144.927,-23.9422,373.13,427.388,-125.342,109.812,67.3984,-70.4939,130.693,125.602,8.59298,6.41085,-108.608,272.898,159.827,295.429,273.564,102.175,37.6156,-10.0454,20.8626,-271.879,77.0605,-32.4805,407.043,560.558,576.506,572.438,152.026,-23.5655,2.52543,53.9574,219.924,192.071,462.257,244.62,207.811,95.8616,4.47771,11.0913,-181.649,-31.8397,65.3631,5.92287,-2.09654,144.966,214.45,195.175,-31.5,132.87,467.205,108.359,62.7063,75.8494,36.8606,-26.7443,173.317,160.376,328.339,125.554,233.685,53.5209,424.498,26.7324,132.082,-135.319,192.613,-133.287,133.701,8.59422,64.2257,4.01878,166.342,363.981,130.638,369.431,264.222,265.561,97.1403,-25.0854,87.686,63.8111,193.95,271.122,125.497,135.771,337.804,189.74,156.51,104.5,-76.2549,136.567,192.247,-86.3194,195.712,368.606,37.5739,208.61,-0.41022,336.796,23.2334,389.998,247.279,9.00689,-132.105,255.804,22.4891,169.11,366.7,234.55,373.78,83.82,106.05,47.88,50.32,154.35,44.57,286.85,230.24,304.12,496.96,221.41,305.82,290.53,296.76,81.41,39.36,23.72,23.28,29.85,54.57,225.18,181.57,331.31,143.31,233.36,70.42,37.94,35.74,32.54,49.64,85.69,67.54,109.7,113.89,249.73,74.36,158.89,142.58,116.44,34.89,48.45,81.52,70.91,205.72,177.91,371.52,281.41,155.86,230.33,140.05,86.48,35.4,45.08,21.11,23.11,22.82,88.69,74.08,322.53,150.22,115.62,66.18,57.2,37.94,18.49,18.99,20.93,21.73,401.383,394.518,1476.39,992.47,176.072,-1015.98,-32.4763,273.141,-186.947,131.934,333.053,-159.796,337.13,-238.896,764.823,166.332,-548.82,66.8651,-406.808,250.476,461.207,-429.639,105.288,428.951,-97.924,-692.949,-285.163,1405.75,-92.7616,-593.962,163.111,715.826,113.455,679.414,565.412,1455.67,227.574,325.054,521.396,345.319,493.459,1309.14,151.094,382.011,-71.425,592.307,426.644,-278.141,-484.296,-1126.57,776,1375.02,261.472,-55.9965,-181.449,922.128,1009.24,143.743,292.523,132.659,-177.41,-1071.68,523.652,-96.7044,21.2342,308.211,-245.856,329.318,302.173,-27.0422,388.999,434.272,280.299,-675.848,965.235,-319.246,121.17,34.8259,26.9024,1666.76,367.364,1510.09,1222.44,418.639,215.344
real_0058,17.7244,-20.5385,344.66,-33.8141,218.606,139.395,272.491,141.814,279.087,89.7768,155.09,312.542,319.831,245.513,297.419,255.875,-67.6229,246.545,17.5656,6.48832,45.0216,-129.313,-94.2882,138.523,617.938,140.311,29.4815,53.8402,289.553,43.8008,199.944,111.659,309.023,160.855,245.355,10.3973,109.148,252.634,101.122,156.695,41.78,178.261,229.197,-73.2354,146.734,268.611,198.412,116.477,261.062,141.394,495.83,212.164,-74.8076,175.022,200.259,86.1633,-14.2484,-110.115,-250.078,398.917,249.904,95.5387,587.324,145.148,213.896,207.475,199.195,-90.8632,-85.4473,-2.69293,22.808,-19.3752,139.362,274.297,197.002,47.2397,224.499,108.936,25.6948,223.152,111.243,80.446,90.9071,19.3932,8.13533,167.418,338.762,135.693,35.4455,80.5077,117.784,-59.3727,103.628,-83.4573,84.7989,-70.7668,-55.2768,212.49,705.191,375.063,300.547,102.756,174.806,87.2734,266.969,159.963,33.5337,472.531,295.134,310.463,86.1271,243.114,54.657,-79.434,-67.6149,212.505,118.382,116.688,-30.3276,99.7239,295.227,66.5755,176.289,197.688,203.896,120.12,97.7605,217.737,75.9544,-102.064,-151.324,136.095,116.14,187.639,1.76372,157.825,266.9,145.88,-21.1805,16.8673,53.7289,16.6074,177.546,-220.18,130.018,104.735,226.847,403.109,-65.3225,105.425,297.689,111.363,100.677,120.751,118.77,158.137,65.8544,114.96,236.39,282.891,87.1138,-1.16866,-118.232,-154.373,137.842,-70.4019,-89.8861,218.159,389.94,287.049,131.141,189.492,162.324,170.949,212.44,41.1174,99.0719,54.9736,162.642,22.1366,169.11,366.7,234.55,373.78,83.82,106.05,47.88,50.32,154.35,44.57,286.85,230.24,304.12,496.96,221.41,305.82,290.53,296.76,81.41,39.36,23.72,23.28,29.85,54.57,225.18,181.57,331.31,143.31,233.36,70.42,37.94,35.74,32.54,49.64,85.69,67.54,109.7,113.89,249.73,74.36,158.89,142.58,116.44,34.89,48.45,81.52,70.91,205.72,177.91,371.52,281.41,155.86,230.33,140.05,86.48,35.4,45.08,21.11,23.11,22.82,88.69,74.08,322.53,150.22,115.62,66.18,57.2,37.94,18.49,18.99,20.93,21.73,-731.728,503.772,1151.67,808.985,127.59,142.228,830.429,93.9132,1449.05,643.51,-67.6049,-852.652,504.361,289.853,211.055,300.597,-694.147,931.989,-1120.9,334.407,909.602,104.929,1002.79,182.588,-265.443,208.316,-294.571,-151.437,125.928,448.984,-454.848,-81.4652,-327.149,70.9271,624.143,-111.572,1244.36,990.019,-231.756,497.407,39.4824,-485.968,147.696,390.183,-618.615,926.265,282.552,-1034,582.328,897.947,-230.248,-684.09,353.799,502.291,430.087,514.769,-833.749,907.64,40.2174,-147.305,838.51,-274.643,370.444,-155.356,921.864,355.811,1800.7,5.35442,473.236,-190.3,742.95,1256.58,-15.14,121.18,18.9255,-1114.41,495.688,462.62,470.752,704.588,278.67,-562.168,-133.958,727.74,495.926
real_0059,291.227,37.9734,287.334,207.491,185.038,163.257,122.571,11.4589,258.806,179.246,-172.608,-34.8144,299,93.4346,12.0508,60.4907,68.0725,127.754,24.7089,-27.2992,104.813,17.0402,-145.462,91.9648,346.208,149.628,238.905,199.833,254.72,336.548,-6.78021,106.379,140.01,23.8199,140.563,249.119,224.164,268.167,140.911,214.027,317.926,81.8344,148.155,-161.995,6.846,111.563,218.056,186.569,635.313,-71.9301,525.569,225.604,75.3628,141.77,79.9389,37.1574,-101.806,-55.5728,19.3921,352.642,239.267,372.57,602.48,339.7,85.6784,243.948,106.339,-198.413,74.7841,86.3084,12.9733,54.6157,49.4553,239.904,-40.228,213.575,190.991,165.56,-3.68059,-33.3699,172.119,-14.9338,19.3525,-65.3732,190.266,-7.54153,376.62,128.983,86.3908,3.10247,-110.923,-17.542,120.114,-44.4649,123.856,2.40803,120.419,170.36,307.567,600.276,418.915,81.7473,212.549,-81.0769,-5.78499,184.534,289.356,298.248,480.519,-229.868,-83.7103,-53.0273,40.4457,-57.3324,3.36396,-48.9845,-108.981,-73.8138,-68.876,160.123,464.862,119.803,229.767,201.908,236.743,52.7868,-28.6547,-137.648,-68.374,74.2559,1.18139,417.276,280.596,183.081,52.4877,279.057,95.0509,168.721,124.626,88.7975,67.4279,-64.1392,156.368,41.7624,8.93734,176.152,343.005,330.129,247.736,313.386,278.536,-101.782,-38.7897,-166.534,-22.5085,162.072,34.6232,354.069,187.484,81.936,38.6003,115.384,67.2396,-34.466,118.444,-31.4713,-115.241,30.7748,-63.33,90.9973,204.931,101.364,229.511,-1.96048,217.75,-137.432,-91.9041,76.9174,91.8654,134.372,169.11,366.7,234.55,373.78,83.82,106.05,47.88,50.32,154.35,44.57,286.85,230.24,304.12,496.96,221.41,305.82,290.53,296.76,81.41,39.36,23.72,23.28,29.85,54.57,225.18,181.57,331.31,143.31,233.36,70.42,37.94,35.74,32.54,49.64,85.69,67.54,109.7,113.89,249.73,74.36,158.89,142.58,116.44,34.89,48.45,81.52,70.91,205.72,177.91,371.52,281.41,155.86,230.33,140.05,86.48,35.4,45.08,21.11,23.11,22.82,88.69,74.08,322.53,150.22,115.62,66.18,57.2,37.94,18.49,18.99,20.93,21.73,46.3389,1216.81,320.415,980.579,147.967,-250.154,351.582,-218.041,547.624,32.8378,1048.86,-160.354,-114.98,499.106,-141.259,-363.986,210.452,-216.217,798.313,543.648,1224.93,-386.156,-299.239,421.973,780.493,-379.123,705.615,-39.0103,272.332,-272.092,5.65835,151.877,-277.631,206.454,-299.162,694.895,-1076.65,494.027,-283.508,809.084,-649.843,-347.378,281.25,124.199,769.671,-196.303,-312.093,457.864,95.1118,246.378,1413.55,-453.441,-617.096,-258.495,165.53,852.079,207.02,-519.831,243.785,681.461,134.592,63.4396,-490.86,574.555,186.981,-70.2628,359.916,477.676,-283.827,186.705,322.914,-295.343,-885.234,-24.7053,574.868,-190.579,-840.625,658.033,737.986,490.264,160.198,335.745,1052.37,-287.475,567.841
real_0060,73.3698,273.567,160.455,2.58099,165.601,258.641,285.906,180.014,285.872,-120.603,94.1509,226.019,453.891,157.668,64.3902,235.007,324.959,65.9097,-23.8102,25.118,-12.9263,176.824,49.5972,73.9507,545.251,33.1757,110.683,280.695,172.37,169.818,48.9959,23.6663,124.4,177.147,168.699,26.2032,310.071,151.932,182.425,232.981,158.473,-1.28468,-37.5114,-226.735,252.386,192.45,274.824,335.364,225.188,51.3388,491.491,140.453,188.282,65.229,-41.8573,32.766,81.8635,190.174,215.601,146.185,132.95,195.3,415.899,173.368,203.636,395.927,8.90719,10.6393,-10.5121,-5.79103,27.1583,260.874,158.108,66.456,-63.083,370.338,236.517,126.431,228.178,164.7,-42.875,84.7212,176.272,158.825,57.9472,315.853,351.994,11.0641,61.1044,308.922,199.145,158.041,-34.0558,196.429,29.5648,81.219,62.1244,61.377,476.558,613.835,426.874,116.779,4.03034,-101.012,-167.429,-52.4296,259.066,542.119,257.937,20.1784,89.8268,0.33186,132.205,219.658,21.5416,262.636,-61.2074,39.7788,2.44091,-16.4919,178.04,76.7509,108.472,91.2552,-1.00873,101.881,224.99,111.205,-53.5606,161.529,-26.0238,356.658,131.186,236.653,299.724,153.883,275.66,72.6022,28.1564,-14.1335,57.5454,103.081,121.76,-65.0816,-7.08111,9.54628,206.41,366.458,-63.2872,240.27,220.458,42.99,124.482,10.2345,-144.632,195.311,155.785,234.14,127.96,139.382,-141.917,-16.654,30.8113,-39.6472,-106.386,-30.3632,19.9758,73.4954,256.867,49.3124,209.39,145.398,347.38,93.3603,200.559,114.004,73.4005,-19.2633,218.055,-96.3883,169.11,366.7,234.55,373.78,83.82,106.05,47.88,50.32,154.35,44.57,286.85,230.24,304.12,496.96,221.41,305.82,290.53,296.76,81.41,39.36,23.72,23.28,29.85,54.57,225.18,181.57,331.31,143.31,233.36,70.42,37.94,35.74,32.54,49.64,85.69,67.54,109.7,113.89,249.73,74.36,158.89,142.58,116.44,34.89,48.45,81.52,70.91,205.72,177.91,371.52,281.41,155.86,230.33,140.05,86.48,35.4,45.08,21.11,23.11,22.82,88.69,74.08,322.53,150.22,115.62,66.18,57.2,37.94,18.49,18.99,20.93,21.73,861.46,94.0083,665.212,126.733,215.936,-652.785,-265.277,-190.412,-217.898,1033.56,525.286,499.809,-355.8,969.446,371.588,-88.7531,406.022,399.806,-131.179,7.77872,764.322,-31.651,909.359,600.049,460.386,581.623,-614.472,273.812,892.093,14.5413,330.723,618.478,521.518,321.311,-263.329,169.924,750.156,224.117,608.656,247.526,965.57,673.115,47.6247,1172.76,519.032,65.8359,276.888,468.612,169.859,885.825,1633.96,38.4881,498.398,91.4668,721.097,-305.004,-936.597,225.645,-348.12,377.886,-366.784,1137.6,396.776,1316.49,-87.0044,718.718,707.6,-982.121,331.368,38.7582,-208.774,1601.08,-257.541,32.9596,499.302,640.684,519.684,314.748,546.117,-696.327,893.213,49.9117,64.6146,524.877,449.448
real_0061,126.715,-69.0189,203.328,2.52468,245.846,324.217,256.589,9.14559,174.759,68.5067,249.853,91.1896,136.478,216.338,52.8398,150.303,28.2019,-20.5798,77.4187,198.893,235.468,60.511,-20.6949,135.148,627.701,110.528,123.585,342.329,267.188,-36.6009,29.6711,-55.078,8.09142,-4.1752,191.468,113.302,235.851,209.36,152.071,56.7073,119.643,162.398,141.107,48.2459,-128.275,106.624,1.94355,332.225,297.332,216.105,618.157,241.459,-50.235,-106.595,180.742,-86.9121,83.8484,1.44388,42.8643,5.65167,103.857,456.853,686.668,258.441,73.9611,464.818,113.272,351.193,88.2513,11.2611,-233.885,-88.5452,46.8209,-33.9481,267.997,115.428,187.469,-200.207,51.8669,-92.7763,-38.691,-130.468,48.3627,224.991,81.1566,-145.649,341.334,152.785,-25.7333,194.606,112.039,45.2454,15.7012,47.3906,-34.7881,87.0333,-7.29831,162.357,306.258,619.362,414.194,160.87,4.78116,100.35,103.716,-141.144,332.003,337.337,218.127,-7.0078,135.221,208.988,26.4257,85.5293,-46.5903,-57.0244,195.208,-182.412,-127.398,27.4264,464.719,113.232,63.1303,153.159,151.86,240.274,-66.4475,-224.64,110.293,-3.06988,167.278,288.664,95.7356,300.667,154.789,422.353,269.519,48.6825,144.037,-59.1742,66.0555,336.37,-258.681,69.7333,122.782,-16.9575,170.255,434.872,75.2509,234.278,82.0696,152.316,-58.037,59.2846,256.665,126.775,451.792,185.132,329.917,201.371,193.279,9.06674,128.776,61.0699,95.6145,-7.81846,-33.7739,53.9102,281.017,169.725,92.9885,156.271,257.74,138.056,324.397,89.9878,53.5509,207.964,357.764,44.7804,169.11,366.7,234.55,373.78,83.82,106.05,47.88,50.32,154.35,44.57,286.85,230.24,304.12,496.96,221.41,305.82,290.53,296.76,81.41,39.36,23.72,23.28,29.85,54.57,225.18,181.57,331.31,143.31,233.36,70.42,37.94,35.74,32.54,49.64,85.69,67.54,109.7,113.89,249.73,74.36,158.89,142.58,116.44,34.89,48.45,81.52,70.91,205.72,177.91,371.52,281.41,155.86,230.33,140.05,86.48,35.4,45.08,21.11,23.11,22.82,88.69,74.08,322.53,150.22,115.62,66.18,57.2,37.94,18.49,18.99,20.93,21.73,947.603,-770.345,-144.848,253.842,6.76559,-509.353,-153.523,-943.316,30.111,-34.5041,208.662,223.868,654.554,-296.699,-146.299,-207.091,314.223,814.637,716.111,-490.745,268.598,-568.351,-688.381,-1.49,1274.11,53.9211,-459.946,185.2,-165.9,164.002,247.578,-4.73031,-515.407,-278.49,227.501,-424.216,11.5158,716.275,303.477,710.138,-447.45,75.1588,623.215,-308.005,1348.18,-600.347,279.355,103.481,677.824,-188.532,171.101,55.0057,-109.177,420.476,575.552,227.58,467.548,636.26,452.675,103.653,943.34,1161.61,240.286,1332.38,843.955,93.8299,520.557,-227.746,-525.219,628.527,1493.33,281.409,914.943,44.6698,718.641,-774.887,94.6489,1568.44,-585.862,776.409,391.993,345.176,-636.936,549.03,317.421
real_0062,105.913,-19.994,312.683,76.2123,270.967,167.64,403.078,189.732,46.4109,78.077,100.377,210.753,216.317,234.777,140.498,180.716,204.406,219.229,31.4235,-131.847,-87.9106,28.8448,-59.2741,30.1559,709.343,124.961,179.837,83.2882,165.37,-95.484,222.533,115.469,166.722,48.5262,104.952,-123.665,138.361,214.829,-30.7644,93.8663,227.231,133.193,140.371,92.1691,190.392,79.1357,59.4875,186.975,445.541,211.838,707.808,194.961,153.908,47.1286,83.0201,-11.2633,50.4818,4.90334,101.002,197.73,291.837,89.0939,470.024,138.511,97.6765,412.389,259.389,128.884,-34.9164,55.0142,115.655,141.336,157.924,13.738,264.043,111.557,93.713,112.2,282.58,-6.91943,100.254,-92.7768,-26.7591,166.595,182.166,-93.0027,266.104,-22.4828,256.923,424.916,41.9098,-0.0538591,-113.723,-112.229,-46.9352,-23.512,56.5318,344.028,392.787,542.196,561.161,-39.6535,251.274,146.221,99.8217,-4.19219,278.035,579.552,375.693,87.1147,172.061,44.4482,421.065,-30.7513,12.7212,14.6397,25.3602,56.3536,99.5563,-59.4643,381.714,99.6441,311.284,152.585,83.4769,34.7621,12.3852,-148.497,150.004,49.6381,294.634,307.287,200.481,129.647,202.958,504.639,278.524,334.201,-1.45673,-82.6367,-158.819,234.095,-40.33,142.961,325.764,189.406,233.642,383.878,165.468,603.524,435.115,169.446,249.371,-43.8435,133.958,141.675,283.724,296.004,142.565,11.0167,117.577,83.0277,-46.4743,-133.834,28.1665,205.086,-9.21222,-107.381,119.921,93.4427,118.479,308.628,309.861,-99.1874,303.755,-180.211,224.817,-113.156,183.923,218.866,169.11,366.7,234.55,373.78,83.82,106.05,47.88,50.32,154.35,44.57,286.85,230.24,304.12,496.96,221.41,305.82,290.53,296.76,81.41,39.36,23.72,23.28,29.85,54.57,225.18,181.57,331.31,143.31,233.36,70.42,37.94,35.74,32.54,49.64,85.69,67.54,109.7,113.89,249.73,74.36,158.89,142.58,116.44,34.89,48.45,81.52,70.91,205.72,177.91,371.52,281.41,155.86,230.33,140.05,86.48,35.4,45.08,21.11,23.11,22.82,88.69,74.08,322.53,150.22,115.62,66.18,57.2,37.94,18.49,18.99,20.93,21.73,326.562,1411.51,298.453,377.314,-226.42,1090.72,-653.131,810.779,743.209,322.286,733.086,688.562,1119.22,358.993,443.343,1215.3,-141.618,547.531,-522.242,83.8663,100.743,79.2634,504.908,-232.683,-1136.11,593.061,-442.456,844.28,-324.77,-888.167,-672.288,59.8546,-102.988,70.8865,252.677,920.512,-855.886,414.841,691.617,299.587,385.502,214.366,1124.18,14.4579,-536.452,193.181,168.887,500.199,-405.752,-1365.93,950.297,-1.71408,443.481,-772.685,603.207,-136.14,-599.976,377.6,228.656,79.5836,395.208,226.397,-36.0788,-157.843,-1043.59,-360.032,1259.11,-267.116,471.427,-150.47,-381.85,1646.25,298.054,517.63,809.112,-26.2983,-2.60736,674.566,-234.767,786.875,-65.5162,357.722,310.204,346.33,-323.303
real_0063,248.271,48.8397,311.41,52.8736,237.989,259.144,207.244,-6.49549,8.42181,-176.783,70.3907,299.31,380.758,159.041,63.3504,42.7425,149.432,286.092,-66.1095,119.217,18.8751,12.29,-138.936,119.058,681.839,44.8997,154.486,195.058,218.382,-6.44649,26.1498,-69.4552,8.64419,357.463,84.873,118.052,47.83,265.909,98.3487,102.896,79.3508,-36.8449,84.5439,48.1458,-122.075,155.712,0.161936,210.7,195.532,60.2379,439.343,218.032,33.7947,209.834,-71.5357,-123.78,55.1148,233.063,13.7554,288.413,148.277,404.724,379.991,38.069,-53.1456,303.156,117.426,233.416,86.6915,142.08,95.8849,89.5105,-6.14194,382.895,52.3709,76.0833,42.6001,115.02,-128.292,28.8008,114.248,27.5469,205.5,23.4757,30.5386,45.8516,327.398,335.531,217.758,377.284,118.625,-21.3129,145.426,-8.59164,228.981,102.02,230.779,262.914,478.578,446.894,211.319,152.322,-81.1347,134.562,146.296,117.698,151.631,420.505,267.663,153.627,184.193,-34.0687,32.2202,-115.963,12.7405,7.20591,45.4673,4.31098,64.6435,79.3196,370.272,-135.675,271.62,234.763,266.765,122.884,218.884,117.113,171.996,-56.8459,-37.3617,69.8131,65.9054,143.955,321.532,568.196,132.891,-56.7726,116.043,247.179,26.075,-52.9666,176.594,151.654,-5.81874,-17.1779,184.545,230.158,7.76453,455.888,247.476,160.699,-28.014,88.2526,-103.849,374.667,120.599,66.9492,170.851,19.3128,139.178,51.1641,20.1357,-140.608,-132.74,33.2726,418.787,41.1577,197.901,131.186,415.251,114.583,333.835,217.193,284.533,138.709,234.198,-35.0668,122.238,81.4842,169.11,366.7,234.55,373.78,83.82,106.05,47.88,50.32,154.35,44.57,286.85,230.24,304.12,496.96,221.41,305.82,290.53,296.76,81.41,39.36,23.72,23.28,29.85,54.57,225.18,181.57,331.31,143.31,233.36,70.42,37.94,35.74,32.54,49.64,85.69,67.54,109.7,113.89,249.73,74.36,158.89,142.58,116.44,34.89,48.45,81.52,70.91,205.72,177.91,371.52,281.41,155.86,230.33,140.05,86.48,35.4,45.08,21.11,23.11,22.82,88.69,74.08,322.53,150.22,115.62,66.18,57.2,37.94,18.49,18.99,20.93,21.73,277.843,400.429,-221.252,-263.747,-785.277,-73.6053,-210.844,211.706,-397.491,-134.261,23.5893,1359.16,-118.913,-217.362,348.229,197.48,412.895,-633.564,-419.906,42.2503,-874.372,1081.51,-310.41,-821.655,502.019,-103.262,-981.562,-419.689,321.379,-40.1988,-251.171,-1283.97,-382.119,705.249,1013.87,-256.159,-169.843,855.8,-61.4197,544.819,239.563,696.152,-64.5771,411.473,71.8426,-486.192,-143.872,683.985,458.042,169.402,-820.142,551.102,118.869,437.591,785.969,934.721,395.579,16.1293,496.231,862.564,472.858,184.805,406.262,257.891,285.709,330.184,523.967,267.722,377.222,-1526.43,1003.78,-199.634,-242.429,955.583,-578.822,428.043,-605.474,380.555,-10.4281,995.908,879.015,1522.07,161.784,862.973,295.304
real_0064,161.138,-135.766,269.04,77.246,191.851,51.0849,481.187,132.524,58.6876,-24.4712,260.024,147.071,401.544,104.971,69.3943,158.459,227.902,34.1031,284.094,-335.657,-26.6508,-78.404,128.239,15.3717,730.207,220.142,86.6576,208.237,119.684,-88.4953,1.602,-106.223,67.5298,-53.6871,58.9784,120.189,91.9755,-69.2947,167.504,337.5,44.0403,197.72,130.664,73.8175,133.282,137.589,60.6634,97.3546,530.22,26.1388,454.188,32.5891,58.929,222.565,-78.2492,69.1522,-0.0164872,237.491,22.3707,197.505,329.507,630.756,457.986,200.125,68.4665,386.512,85.0371,124.373,179.723,61.8186,239.36,-15.3097,244.038,158.938,32.7793,242.186,185.963,-28.113,107.302,-35.4511,41.0794,84.2638,-164.085,286.586,36.1474,204.614,281.276,-59.7768,258.661,362.36,108.462,146.378,-3.24485,-11.2271,-173.47,197.696,211.611,114.541,360.022,562.443,545.734,194.937,-12.0055,59.6547,111.074,116.792,232.071,290.353,254.875,119.007,162.538,-98.2393,311.269,171.572,246.426,67.038,45.2186,161.009,44.8205,122.689,60.1401,-59.9525,386.858,124.972,16.1135,12.0066,-0.368426,78.884,163.71,83.5895,-62.5489,250.231,219.098,83.8128,51.2794,539.135,183.005,123.396,106.355,8.32107,11.0484,64.2945,46.9612,140.645,-47.0799,43.8515,243.189,166.477,206.308,365.228,445.433,127.53,118.215,-24.0996,-17.1032,180.335,130.377,233.329,357.834,128.507,-113.612,253.636,191.414,-195.954,71.5036,25.7153,52.9528,68.3357,304.454,-25.8074,-23.9439,269.318,247.582,240.662,290.257,-1.99045,71.4143,-15.0367,295.728,-12.9124,169.11,366.7,234.55,373.78,83.82,106.05,47.88,50.32,154.35,44.57,286.85,230.24,304.12,496.96,221.41,305.82,290.53,296.76,81.41,39.36,23.72,23.28,29.85,54.57,225.18,181.57,331.31,143.31,233.36,70.42,37.94,35.74,32.54,49.64,85.69,67.54,109.7,113.89,249.73,74.36,158.89,142.58,116.44,34.89,48.45,81.52,70.91,205.72,177.91,371.52,281.41,155.86,230.33,140.05,86.48,35.4,45.08,21.11,23.11,22.82,88.69,74.08,322.53,150.22,115.62,66.18,57.2,37.94,18.49,18.99,20.93,21.73,-335.651,683.41,73.9835,66.3338,-596.838,415.187,-270.308,187.311,875.678,163.894,398.274,506.13,-414.799,43.085,-126.177,623.875,366.755,-92.9455,58.6452,1055.07,221.077,265.887,352.021,-1034.2,1121.48,-627.241,340.168,507.714,-68.9802,314.359,-288.719,-104.659,893.737,-706.972,-397.582,-241.137,446.617,-467.214,75.9586,-4.51465,66.328,714.818,-6.79652,435.048,17.7893,415.612,566.003,-206.007,45.3602,-489.237,908.142,435.916,812.574,-641.729,675.075,822.47,1137.59,88.8732,610.318,460.752,1006.17,-2.04552,-305.937,559.449,-681.653,-295.851,179.251,-265.594,925.456,248.778,-479.421,619.719,905.122,195.271,19.0845,-120.125,173.669,1030.98,550.742,88.8272,1469.69,486.449,908.623,1325.52,-971.077
real_0065,33.5182,52.7636,205.136,-16.7173,117.382,131.696,355.856,303.155,409.341,224.891,151.159,260.908,288.223,30.2287,92.0945,76.4063,120.499,391.716,-2.35476,215.575,-234.672,61.6616,74.0377,25.1463,666.991,-117.601,239.284,182.134,50.232,59.4194,64.6534,38.0847,-77.8696,141.563,89.1456,-42.4681,56.7346,220.962,318.741,309.209,52.0511,127.83,28.5439,-154.233,148.346,189.303,293.74,203.291,266.304,269.059,646.798,94.3041,-35.4117,54.1226,96.3111,177.214,-58.4192,-81.3931,-69.3298,204.642,6.60727,161.247,304.505,363.837,330.344,385.728,26.5698,-167.062,-42.8397,-88.1118,-50.2951,311.313,12.0251,120.984,-73.3011,161.389,47.7882,97.8707,-90.5012,78.3233,67.5862,100.112,186.145,136.094,301.861,235.478,461.624,-88.356,130.65,267.663,-20.7168,-13.9403,-181.804,18.7597,95.2991,17.7292,16.8196,241.139,498.303,508.285,491.857,234.186,-65.4422,0.526131,151.951,52.9402,100.655,418.432,372.75,98.2054,150.285,182.242,200.275,-186.663,86.634,-70.1667,23.1203,-76.4929,36.4487,92.0486,184.643,134.195,481.437,222.332,-61.4599,-68.2337,-71.9119,-83.2951,-8.53544,325.445,-137.882,189.631,216.475,272.695,169.816,402.502,13.1553,183.915,16.6227,236.991,-74.5063,45.5894,-121.166,72.3072,118.76,97.9547,48.9783,303.999,204.804,163.127,148.778,209.639,66.1237,-29.5635,85.921,74.3197,256.167,166.731,155.439,244.908,-12.4678,-71.0836,98.7189,-89.8928,182.848,-33.4432,-23.7242,-6.0317,189.174,130.996,392.198,379.086,442.818,267.487,390.207,-179.083,52.608,71.7186,249.447,-26.4265,169.11,366.7,234.55,373.78,83.82,106.05,47.88,50.32,154.35,44.57,286.85,230.24,304.12,496.96,221.41,305.82,290.53,296.76,81.41,39.36,23.72,23.28,29.85,54.57,225.18,181.57,331.31,143.31,233.36,70.42,37.94,35.74,32.54,49.64,85.69,67.54,109.7,113.89,249.73,74.36,158.89,142.58,116.44,34.89,48.45,81.52,70.91,205.72,177.91,371.52,281.41,155.86,230.33,140.05,86.48,35.4,45.08,21.11,23.11,22.82,88.69,74.08,322.53,150.22,115.62,66.18,57.2,37.94,18.49,18.99,20.93,21.73,85.8446,1214.47,-682.111,402.597,486.635,545.659,1245.38,599.615,237.302,685.461,141.927,265.697,212.409,-54.5521,-91.631,-7.57043,1420.09,915.142,56.6591,349.857,317.234,22.2037,-480.761,280.752,-590.771,-975.052,783.122,-147.567,-874.88,667.98,789.186,449.909,269.346,-620.773,777.743,-247.123,556.281,-55.3366,721.096,1278.56,294.301,235.467,595.004,757.261,404.901,199.496,-119.566,-22.1902,438.619,228.547,-466.131,1540.74,-465.473,1129.7,510.888,504.568,-418.64,543.741,523.332,743.064,506.563,868.554,1452.28,810.949,207.522,431.024,924.524,122.11,341.124,317.566,170.48,-396.663,254.126,-1069.73,466.423,-129.602,1092.05,453.195,722.811,396.8,823.957,698.789,-600.26,722.53,157.832
real_0066,105.635,180.096,217.4,77.8802,283.622,267.259,145.102,86.8565,311.852,166.065,347.138,20.1174,391.987,78.6982,325.244,171.718,270.665,328.652,25.2564,35.8631,90.4596,48.9601,-42.3732,39.6583,481.141,188.188,145.23,202.834,115.849,-40.7257,104.99,-115.115,76.5246,119.129,-60.2445,181.487,100.279,181.933,94.1427,495.152,117.415,139.897,137.165,-91.1077,123.875,193.801,288.008,290.212,414.237,229.401,382.904,221.825,25.0186,63.1333,36.3982,-115.882,-241.368,-32.9923,-93.9279,255.495,246.482,205.388,489.022,136.648,144.378,282.29,112.306,122.842,139.269,-52.7159,169.067,97.2215,148.864,172.296,242.759,220.057,44.0656,-29.4063,-91.6562,113.753,39.2683,28.7012,-83.1489,200.371,306.612,263.257,420.316,126.431,225.672,199.544,198.924,-97.868,-94.1031,-228.572,124.127,59.799,9.7055,79.4271,243.227,564.091,504.155,80.2625,105.65,7.56513,-26.808,53.553,218.48,441.745,292.093,116.997,73.954,138.973,71.7297,4.50163,-175.375,67.9731,-31.2671,-119.626,97.6572,171.848,199.728,-83.5049,289.432,458.203,75.9801,100.878,160.004,189.272,-102.05,53.5194,-15.331,407.757,230.007,329.796,94.4847,404.803,211.559,124.577,75.1187,9.42476,352.343,60.8964,-124.697,-111.049,63.6002,-189.214,-23.2346,225.018,196.387,69.9417,12.9335,187.265,74.2911,36.6542,25.8685,238.591,211.505,125.206,139.615,88.8417,214.972,218.826,-127.773,32.5398,297.49,81.5511,62.0891,14.2321,274.756,215.083,307.869,253.633,269.23,157.926,62.6236,19.2643,105.207,-204.759,145.693,-195.145,169.11,366.7,234.55,373.78,83.82,106.05,47.88,50.32,154.35,44.57,286.85,230.24,304.12,496.96,221.41,305.82,290.53,296.76,81.41,39.36,23.72,23.28,29.85,54.57,225.18,181.57,331.31,143.31,233.36,70.42,37.94,35.74,32.54,49.64,85.69,67.54,109.7,113.89,249.73,74.36,158.89,142.58,116.44,34.89,48.45,81.52,70.91,205.72,177.91,371.52,281.41,155.86,230.33,140.05,86.48,35.4,45.08,21.11,23.11,22.82,88.69,74.08,322.53,150.22,115.62,66.18,57.2,37.94,18.49,18.99,20.93,21.73,260.766,118.41,1304.53,890.104,286.188,-211.936,-896.653,-364.019,-651.694,1192.57,569.654,-130.716,-327.251,167.575,902.714,958.163,214.416,417.423,1075.6,-713.135,-579.052,118.533,-827.617,-68.9889,-777.1,796.539,-391.074,484.146,-69.5965,298.555,1119.24,790.634,63.8223,-240.36,208.882,-16.375,-444.455,634.202,-369.174,-358.029,259.212,671.456,91.7701,479.443,79.57,-286.824,-435.945,-152.035,808.226,328.783,201.332,117.014,582.748,457.156,175.138,470.374,123.828,-711.588,-321.367,-511.874,253.777,-213.158,1674.54,-10.3627,-314.363,-1016.62,499.791,-49.4474,523.784,685.09,-47.8583,665.939,411.112,1070.02,66.8203,666.279,120.699,360.152,476.311,42.9152,613.86,66.2807,312.267,78.0411,-268.752
real_0067,183.25,209.955,362.069,-128.599,85.7733,3.8734,305.594,180.751,87.4767,-6.07275,233.77,248.095,213.527,216.553,-34.5306,-56.1813,316.868,269.615,20.4759,143.882,114.009,-11.6838,44.4831,-99.1989,557.295,64.6875,125.189,76.3397,244.86,180.211,79.173,88.5157,39.9955,131.152,225.217,60.4478,240.811,174.424,114.139,76.7687,3.67602,30.5483,-112.376,208.693,-22.3434,259.039,-54.7091,142.71,410.16,83.1294,565.462,29.1826,53.0254,63.826,166.332,-132.135,262.351,-25.9954,78.3767,55.5526,315.581,330.368,499.549,-47.6721,132.295,300.4,21.6438,-44.8981,302.716,8.813,-75.1311,239.764,289.757,191.927,120.966,-25.2803,92.6878,298.885,196.83,-128.193,122.682,54.7597,-22.9009,231.37,177.131,165.197,255.34,168.438,284.056,184.209,266.052,-45.9798,-114.951,-62.5208,198.139,129.879,19.552,249.715,351.012,656.131,351.381,157.39,-20.3592,-2.14253,-97.4204,51.3818,152.493,492.292,448.174,284.934,149.46,52.5138,205.792,-137.643,-95.7368,32.6235,-31.6862,-99.5183,93.3972,111.079,251.499,217.598,240.342,47.9546,-72.933,-136.955,131.975,117.491,99.7368,25.0343,-20.3951,134.5,162.494,279.643,279.957,211.435,398.538,203.377,160.551,3.43762,256.074,124.128,-165.807,17.1831,-80.4273,66.6839,221.308,232.853,-32.2609,329.838,300.568,-45.647,42.5588,165.232,177.671,310.542,270.429,346.053,200.326,214.33,83.2988,-14.6623,-68.4715,-94.9139,202.943,50.7019,111.945,100.763,85.9827,56.1467,176.634,-27.2801,368.708,106.267,139.635,80.2686,75.8332,-32.6583,265.324,105.347,169.11,366.7,234.55,373.78,83.82,106.05,47.88,50.32,154.35,44.57,286.85,230.24,304.12,496.96,221.41,305.82,290.53,296.76,81.41,39.36,23.72,23.28,29.85,54.57,225.18,181.57,331.31,143.31,233.36,70.42,37.94,35.74,32.54,49.64,85.69,67.54,109.7,113.89,249.73,74.36,158.89,142.58,116.44,34.89,48.45,81.52,70.91,205.72,177.91,371.52,281.41,155.86,230.33,140.05,86.48,35.4,45.08,21.11,23.11,22.82,88.69,74.08,322.53,150.22,115.62,66.18,57.2,37.94,18.49,18.99,20.93,21.73,957.89,594.223,402.312,319.226,-88.0602,-219.076,188.313,497.869,-1217.28,35.6553,1478.32,200.617,-264.53,41.1138,2193.63,-288.977,87.5074,-389.289,-291.541,694.257,63.6927,-475.917,170.569,773.896,-175.713,-286.515,441.953,-914.581,-492.271,275.661,71.4787,-305.528,-62.001,83.8765,-776.108,145.047,960.651,1372.63,406.351,981.929,356.067,202.193,-460.393,343.35,430.088,1019.84,96.5332,-214.59,166.918,298.226,139.767,683.264,-267.055,-96.6082,-809.258,-10.4129,196.491,-202.787,-843.447,118.374,701.347,-6.99859,698.833,220.637,494.035,306.087,-464.055,90.2443,647.976,836.522,526.427,-813.075,-143.543,131.532,977.087,-608.797,298.956,-573.571,71.4758,-161.662,4.81759,277.667,420.216,694.494,195.408
real_0068,138.021,26.3918,343.549,249.243,36.8284,354.146,264.308,362.333,206.475,114.763,362.566,190.043,331.207,386.871,118.893,128.685,218.135,365.126,132.989,-115.956,-209.639,172.82,29.6683,7.75859,546.482,302.382,241.124,235.81,152.095,91.377,-74.0403,-157.524,-3.99456,-20.9812,90.7014,386.453,283.21,15.7794,333.848,-67.234,165.618,-9.07854,58.2426,-96.2324,-10.027,436.255,154.913,276.471,447.309,145.606,429.575,264.677,359.769,-1.37968,296.28,46.052,-5.02587,-261.8,177.321,133.822,187.996,183.631,705.438,304.609,-14.0641,238.443,119.005,-40.2941,-12.4609,176.174,-131.925,116.137,11.4124,365.26,-244.331,107.831,85.5391,-10.8515,29.9784,139.805,191.295,-10.7369,70.9883,-51.738,130.903,-57.9702,431.708,138.462,16.0962,140.656,-23.4987,-113.665,148.475,60.4901,97.7383,166.385,109.067,230.006,514.432,599.008,384.619,119.393,236.138,-72.4559,349.68,54.8348,304.135,342.86,245.202,279.781,32.3534,-23.0892,89.1835,102.611,146.871,41.3712,157.458,38.802,177.023,16.2598,311.141,34.4809,168.378,474.997,57.1556,-222.529,298.778,-23.0278,58.2509,-81.4129,235.358,399.513,170.148,243.156,206.496,232.917,130.779,201.075,101.552,-77.7383,-4.93441,145.261,47.3785,-38.9441,29.4978,67.9033,192.326,222.635,237.701,290.994,287.994,-70.3035,-19.2661,-49.9425,214.52,158.969,282.135,-6.4391,346.274,214.465,106.824,140.204,-132.603,189.662,-143.959,21.8181,28.8787,37.737,376.459,59.1195,166.661,78.7226,266.81,-66.6464,264.865,215.245,139.723,52.5285,99.9264,-107.401,169.11,366.7,234.55,373.78,83.82,106.05,47.88,50.32,154.35,44.57,286.85,230.24,304.12,496.96,221.41,305.82,290.53,296.76,81.41,39.36,23.72,23.28,29.85,54.57,225.18,181.57,331.31,143.31,233.36,70.42,37.94,35.74,32.54,49.64,85.69,67.54,109.7,113.89,249.73,74.36,158.89,142.58,116.44,34.89,48.45,81.52,70.91,205.72,177.91,371.52,281.41,155.86,230.33,140.05,86.48,35.4,45.08,21.11,23.11,22.82,88.69,74.08,322.53,150.22,115.62,66.18,57.2,37.94,18.49,18.99,20.93,21.73,482.355,579.276,926.95,-578.227,118.977,-55.7313,213.181,-270.443,319.905,-417.46,-412.478,-763.796,721.569,-168.998,-474.488,28.8159,-120.793,365.153,-91.414,-191.57,204.327,-223.368,399.083,103.308,822.627,-777.123,1155.88,-268.681,-766.818,98.7251,843.053,257.851,1356.92,-436.477,-877.469,1033.58,132.706,255.402,593.419,222.793,-345.333,56.0577,997.678,737.493,384.652,847.714,379.768,410.385,-585.9,528.817,594.133,-635.462,1065.73,564.761,201.316,581.009,944.131,104.539,307.264,89.7012,952.181,288.515,-184.918,438.678,235.537,222.839,218.701,523.383,526.92,763.688,-74.9863,335.014,-374.733,527.487,-660.531,-23.6795,-145.05,410.032,-147.364,297.693,198.14,567.002,-930.403,-619.262,273.179
real_0069,75.9122,198.131,321.84,177.645,255.651,340.33,398.023,-9.57187,389.457,-211.04,148.723,50.9949,168.185,35.5343,115.309,-87.9687,-67.9963,211.859,-83.2957,93.0471,218.835,80.2967,20.2913,364.239,609.599,408.832,-13.0863,425.271,138.666,-26.2836,297.813,-26.5071,-131.715,-28.4162,170.933,163.598,-4.10315,39.2993,40.3974,204.625,19.3253,317.748,119.084,19.1915,214.108,207.072,212.368,164.415,608.954,9.46222,381.213,169.956,6.75381,327.43,-52.7702,-123.911,132.509,-97.6897,-4.33576,230.025,112.932,294.696,564.608,-103.704,292.358,240.994,-9.16183,-140.721,45.4069,-98.9138,-88.5267,239.155,-88.3709,-63.4196,-102.878,14.3833,320.349,36.2449,-18.12,170.83,92.1901,71.8051,34.5734,239.57,-67.9914,106.773,410.857,213.66,85.725,302.179,28.0006,109.596,64.254,130.41,-24.9765,-12.1639,15.075,214.895,446.531,542.785,363.094,179.72,-143.805,233.508,-131.544,157.093,292.032,558.256,350.323,235.733,204.094,-196.098,114.062,-100.034,-55.3589,141.85,43.7764,139.331,140.246,99.83,363.116,22.504,246.619,333.856,168.697,113.958,58.2239,121.44,107.092,-133.468,43.1404,156.851,293.713,252.586,57.2086,198.841,-3.57043,112.628,-57.007,237.763,-40.653,43.8385,131.177,184.287,138.167,34.018,148.086,343.782,-47.7306,89.7415,93.333,60.8584,100.9,26.636,-43.0179,143.193,96.7448,147.355,413.957,339.355,-0.825705,-36.4761,28.5152,100.789,-46.678,37.7281,-100.556,150.588,265.335,-23.6248,95.9517,157.416,343.004,56.6571,138.988,131.66,-42.2384,-82.2441,401.84,-102.774,169.11,366.7,234.55,373.78,83.82,106.05,47.88,50.32,154.35,44.57,286.85,230.24,304.12,496.96,221.41,305.82,290.53,296.76,81.41,39.36,23.72,23.28,29.85,54.57,225.18,181.57,331.31,143.31,233.36,70.42,37.94,35.74,32.54,49.64,85.69,67.54,109.7,113.89,249.73,74.36,158.89,142.58,116.44,34.89,48.45,81.52,70.91,205.72,177.91,371.52,281.41,155.86,230.33,140.05,86.48,35.4,45.08,21.11,23.11,22.82,88.69,74.08,322.53,150.22,115.62,66.18,57.2,37.94,18.49,18.99,20.93,21.73,493.285,414.57,966.377,342.16,-609.98,12.4584,246.503,699.928,208.657,619.946,597.458,-705.639,136.453,1039.26,-419.352,-400.51,1061.61,1056.1,94.8908,351.48,789.701,507.712,-286.443,-209.758,882.208,-300.591,489.861,259.48,-907.816,-55.95,-311.91,414.098,213.338,-381.701,519.341,1.98179,1088.67,1046.05,16.2476,-435.192,-578.429,-569.522,-0.251565,1152.72,56.6205,146.827,58.7179,633.178,401.622,227.53,401.178,-624.477,968.579,591.828,-272.002,1124.74,-128.971,853.209,1435.27,-343.553,884.48,1297.77,174.881,1290.28,468.37,698.143,-198.778,16.6539,367.205,-483.441,-392.735,1114.07,727.027,1251.79,-721.994,-605.087,724.4,234.241,-148.083,1173.47,781.036,-892.778,-277.599,616.915,203.771
real_0070,-50.5661,178.88,351.855,151.139,180.791,161.452,346.213,32.2278,258.277,146.967,111.82,206.573,260.38,145.443,189.061,78.7565,91.129,516.312,155.629,-134.65,92.5268,-124.958,25.1578,188.005,561.269,201.905,46.0039,-89.6074,140.701,15.8843,23.2519,32.6166,146.557,3.88444,-28.175,200.611,156.519,3.67796,120.969,323.294,32.4311,323.515,18.3965,101.209,-153.175,26.0278,73.3783,234.791,278.564,386.045,536.236,210.693,-36.0257,-54.6986,-102.159,155.098,-65.1169,338.784,137.615,208.518,225.178,345.742,659.55,320.637,27.0353,194.772,95.7864,-38.0906,23.331,-49.4049,71.9242,337.228,183.655,270.234,142.962,143.152,346.199,186.879,244.673,80.4031,-19.8026,67.1951,32.4729,184.424,56.4525,66.7633,404.286,52.2652,231.998,10.1308,23.9398,-36.962,151.195,-67.9557,-132.316,-157.838,294.311,199.141,474.504,414.783,594.744,182.474,55.701,-162.49,225.411,48.0974,357.841,440.008,388.307,156.034,68.9193,56.3059,217.155,-99.9844,-105.174,103.569,-56.0649,41.5067,16.1241,145.272,453.082,73.0789,396.841,396.61,49.9087,58.1813,59.429,-37.7784,-20.0097,96.969,-57.9703,165.089,218.399,304.473,111.367,290.409,165.581,566.782,-177.631,-47.9945,-113.993,124.327,-141.589,68.2731,-73.7117,37.2895,147.674,127.323,111.334,295.789,157.187,34.5772,120.25,-12.7922,42.3576,302.531,141.603,112.98,321.062,153.472,34.3899,-43.3621,100.599,16.9939,-66.0337,-35.4652,-30.4426,64.2297,335.782,160.657,182.06,92.9962,475.265,69.6485,194.492,111.592,4.16224,9.81491,490.531,117.631,169.11,366.7,234.55,373.78,83.82,106.05,47.88,50.32,154.35,44.57,286.85,230.24,304.12,496.96,221.41,305.82,290.53,296.76,81.41,39.36,23.72,23.28,29.85,54.57,225.18,181.57,331.31,143.31,233.36,70.42,37.94,35.74,32.54,49.64,85.69,67.54,109.7,113.89,249.73,74.36,158.89,142.58,116.44,34.89,48.45,81.52,70.91,205.72,177.91,371.52,281.41,155.86,230.33,140.05,86.48,35.4,45.08,21.11,23.11,22.82,88.69,74.08,322.53,150.22,115.62,66.18,57.2,37.94,18.49,18.99,20.93,21.73,738.61,-145.569,739.461,-362.734,-211.437,424.662,-223.386,1246.8,429.821,-209.71,-11.9214,123.575,-622.748,1313.67,724.228,-211.676,66.5347,53.3035,347.345,354.432,964.518,233.841,8.02882,895.454,-573.466,-313.248,-35.8306,-1282.82,557.275,-23.9542,395.984,396.432,303.421,654.671,-692.288,470.842,-41.9321,-687.8,624.727,707.866,355.747,206.568,127.451,-261.3,703.129,-538.211,548.673,-62.1694,339.397,1296.96,532.206,-54.813,399.23,-974.948,51.83,-762.14,593.676,649.602,73.3954,317.313,371.927,843.96,1149.04,182.25,-142.087,93.0614,-613.901,800.308,669.201,673.674,84.4128,758.173,639.093,562.983,-987.935,292.419,455.111,-525.308,-467.933,992.22,-220.794,586.606,580.993,79.1891,-36.0242
real_0071,74.9254,129.245,241.525,97.1067,247.028,218.028,152.196,93.7425,305.347,146.886,158.285,125.058,319.577,255.834,183.999,10.4719,338.433,197.337,-34.7043,-45.2037,-31.7981,-92.182,2.17405,33.6292,676.581,268.472,314.901,243.743,-80.5089,-37.33,296.098,135.593,46.6902,101.602,137.789,32.1901,161.426,190.441,262.686,211.285,125.122,-83.3914,0.123014,16.2347,174.191,1.77391,73.9733,308.117,246.159,76.2428,609.744,244.169,-248.416,82.1793,-26.2935,-141.975,92.1041,-2.00453,-43.6236,41.6978,80.4644,315.939,694.136,228.712,92.2171,379.95,169.216,85.7442,-30.0779,-150.066,145.961,265.522,302.815,151.878,211.9,317.304,200.561,31.392,42.1586,391.543,43.9631,184.22,33.8563,66.498,-27.4262,1.21562,389.099,158.188,400.886,316.363,-136.66,187.311,18.4053,-66.6741,-72.4663,54.1051,93.6408,334.317,386.238,580.166,553.954,149.141,193.592,81.8981,-39.5604,30.8175,141.963,384.57,382.997,148.84,-63.019,13.4856,75.1729,47.129,162.494,44.5925,-159.377,55.4833,-31.7908,171.586,418.313,194.797,223.275,232.405,117.928,-5.8753,232.731,74.2516,13.0215,134.076,47.495,435.935,187.173,342.433,213.319,361.555,300.53,244.785,226.191,-7.89832,-76.6504,75.3895,11.6524,148.292,155.992,50.5529,371.953,151.306,54.9212,326.455,231.473,83.4314,-80.7958,83.2302,62.8415,294.856,148.187,307.562,196.174,138.664,250.765,269.567,232.635,19.299,111.773,99.8746,43.8586,132.752,60.8133,35.4976,274.148,109.356,222.979,220.991,223.286,-252.459,47.6537,-143.302,153.535,0.702623,169.11,366.7,234.55,373.78,83.82,106.05,47.88,50.32,154.35,44.57,286.85,230.24,304.12,496.96,221.41,305.82,290.53,296.76,81.41,39.36,23.72,23.28,29.85,54.57,225.18,181.57,331.31,143.31,233.36,70.42,37.94,35.74,32.54,49.64,85.69,67.54,109.7,113.89,249.73,74.36,158.89,142.58,116.44,34.89,48.45,81.52,70.91,205.72,177.91,371.52,281.41,155.86,230.33,140.05,86.48,35.4,45.08,21.11,23.11,22.82,88.69,74.08,322.53,150.22,115.62,66.18,57.2,37.94,18.49,18.99,20.93,21.73,-187.615,-676.776,428.348,13.4222,-469.769,135.368,-312.132,871.508,155.342,455.661,572.177,-315.819,565.757,77.2248,618.212,158.795,-782.761,-156.194,49.5299,-98.5992,313.799,1444.65,88.0056,1100.01,233.574,699.071,1482.61,798.251,-244.895,1175.14,535.557,-118.954,948.186,-383.272,333.302,740.482,-121.225,-1256.03,-413.952,840.196,499.088,1305.3,-913.659,-191.172,-108.512,-961.204,-280.965,336.073,17.8303,769.637,532.005,-521.386,-436.076,1027.59,1038.18,633.154,-376.502,181.816,1116.93,725.995,448.974,1101.91,258.161,728.812,812.565,724.677,-185.36,128.463,688.035,166.795,-269.404,178.8,675.29,915.686,221.259,-435.72,822.583,564.376,-69.9577,807.288,-54.6461,-318.163,-80.4683,-500.803,1266.51
real_0072,345.922,53.6285,199.841,288.324,219.586,89.3138,130.791,82.2542,141.437,92.4527,186.978,199.958,465.065,203.975,-23.2044,128.188,20.3895,283.554,29.9227,-65.0495,0.43251,-119.374,166.482,-48.6417,805.275,101.544,285.479,135.638,115.004,24.6294,166.498,-106.304,22.6773,98.8115,202.699,55.7462,247.322,214.53,77.7143,217.365,159.742,-38.423,111.699,34.7782,49.1109,191.899,105.001,365.391,339.789,157.045,647.438,307.313,266.591,78.3995,-17.4855,163.345,-69.8034,-13.5983,-65.0214,108.856,418.017,318.701,604.231,19.5159,164.354,260.029,167.018,38.8408,-10.4154,134.925,-98.7366,158.132,175.67,233.64,88.4384,231.445,240.82,117.617,-93.1621,-56.7394,22.6709,-46.9376,-66.2192,54.8696,175.264,108.978,486.231,-97.1665,70.1941,34.5337,-158.638,99.9513,-35.1221,-198.806,-15.8609,91.3098,154.678,233.473,364.736,515.34,425.367,-122.227,124.087,210.961,172.206,8.20558,157.267,489.009,321.009,192.606,7.23732,79.8455,239.068,-1.81985,-81.7114,71.5195,-107.982,53.752,112.043,169.105,328.239,218.228,490.323,251.264,45.0951,40.2563,216.609,115.319,-33.5116,26.2934,44.9147,384.69,113.161,242.133,88.8445,349.832,308.643,201.745,15.9873,192.257,-99.576,-73.8131,95.22,-48.1091,-4.92226,307.711,158.585,266.195,8.05147,270.068,464.095,-53.8457,166.193,15.3707,-145.553,173.01,390.596,381.477,-26.9689,100.118,-36.6072,-7.15304,94.2323,94.0786,213.331,-116.155,-73.92,39.3085,394.216,92.0618,212.366,172.362,421.212,235.558,223.948,230.658,48.6225,-49.397,268.261,124.732,169.11,366.7,234.55,373.78,83.82,106.05,47.88,50.32,154.35,44.57,286.85,230.24,304.12,496.96,221.41,305.82,290.53,296.76,81.41,39.36,23.72,23.28,29.85,54.57,225.18,181.57,331.31,143.31,233.36,70.42,37.94,35.74,32.54,49.64,85.69,67.54,109.7,113.89,249.73,74.36,158.89,142.58,116.44,34.89,48.45,81.52,70.91,205.72,177.91,371.52,281.41,155.86,230.33,140.05,86.48,35.4,45.08,21.11,23.11,22.82,88.69,74.08,322.53,150.22,115.62,66.18,57.2,37.94,18.49,18.99,20.93,21.73,-35.0323,296.794,-521.349,932.515,579.682,186.847,-380.266,8.37431,621.169,1085.08,249.426,222.253,-21.5778,724.66,-249.836,11.1291,1727.23,708.462,-713.881,664.293,968.083,100.064,-352.237,432.077,-306.718,439.326,-241.384,-23.332,-134.676,-47.7082,291.776,679.111,199.435,875.008,-520.523,266.801,733.068,1278.79,1075.49,-1.07264,782.18,983.003,902.771,585.925,-689.107,-154.738,-73.4805,392.047,602.703,164.084,498.795,698.578,1459.86,150.207,-414.044,290.59,468.53,806.197,958.018,23.908,-88.139,-627.81,66.9897,1052.65,1002.44,741.462,75.6316,284.842,-197.204,-433.147,293.521,-64.9841,-55.0487,-385.866,478.734,133.44,579.372,344.319,701.425,537.747,404.913,286.586,292.329,357.726,453.573
real_0073,3.15318,75.9181,224.984,156.3,241.441,237.427,223.121,93.9747,94.113,0.929264,80.5642,160.7,348.617,181.512,175.335,-20.4317,419.947,120.298,-55.1384,43.5881,-10.6472,-36.9561,-37.0841,218.572,717.811,203.184,249.177,361.352,22.6031,-45.9693,-12.5232,-237.725,-35.4668,74.7208,210.934,188.961,-11.9997,203.041,400.011,406.369,77.7147,-2.48239,-7.35535,-69.4177,-44.7213,1.01844,289.057,193.631,438.111,267.697,514.851,252.647,45.794,-52.1509,-29.8909,72.0724,-198.536,-46.7542,48.9107,150.829,42.6049,451.275,533.891,232.923,-9.00969,270.304,259.696,25.0453,-107.907,-2.99176,76.2107,127.773,110.21,144.302,0.423154,94.7066,288.566,-17.0345,53.5171,43.2388,145.413,14.7999,213.026,233.185,125.36,162.821,258.775,110.853,294.782,190.889,151.117,-65.9834,-85.2646,14.1411,-11.7898,64.1282,94.0928,382.975,258.384,502.993,489.99,214.545,43.4416,-62.9976,106.664,153.641,174.276,315.727,356.166,178.991,-73.5444,-104.348,264.471,119.169,168.881,336.43,-118.245,19.8049,-24.0166,194.114,270.444,56.0354,108.35,161.563,3.48356,99.477,59.4168,-174.072,163.776,118.589,6.98407,361.932,73.4161,140.296,311.257,404.946,234.238,231.56,126.041,155.024,-84.3919,50.8453,-124.393,14.5139,77.8204,15.3711,243.204,216.801,-193.826,452.214,101.994,27.7829,115.672,172.004,-24.848,152.819,-29.0666,33.4722,353.779,-5.61292,40.4067,-176.925,-3.47465,115.647,-32.659,114.634,-54.666,75.7223,146.959,43.6501,70.9412,56.0021,213.038,92.087,201.698,256.692,-47.2533,101.022,453.294,30.9846,169.11,366.7,234.55,373.78,83.82,106.05,47.88,50.32,154.35,44.57,286.85,230.24,304.12,496.96,221.41,305.82,290.53,296.76,81.41,39.36,23.72,23.28,29.85,54.57,225.18,181.57,331.31,143.31,233.36,70.42,37.94,35.74,32.54,49.64,85.69,67.54,109.7,113.89,249.73,74.36,158.89,142.58,116.44,34.89,48.45,81.52,70.91,205.72,177.91,371.52,281.41,155.86,230.33,140.05,86.48,35.4,45.08,21.11,23.11,22.82,88.69,74.08,322.53,150.22,115.62,66.18,57.2,37.94,18.49,18.99,20.93,21.73,-433.321,669.126,-598.52,1664.22,353.349,225.333,663.859,-171.323,669.393,-1100.5,133.112,111.566,643.178,469.817,501.49,634.857,-586.863,1248.59,677.953,494.323,-533.986,-609.432,459.239,-619.265,196.555,1342.24,859.995,422.405,499.726,0.139034,-168.536,-967.532,-392.88,-445.275,-163.775,-493.446,1082.7,745.926,403.969,214.108,57.4871,75.8043,473.007,509.167,-518.977,-330.131,94.4873,-107.527,-67.8932,1215.45,17.0071,365.449,442.814,-85.0212,-230.937,1269.44,402.102,464.642,-297.73,1010.98,72.8867,383.56,409.967,1166.43,541.722,1034.15,758.321,381.396,683.729,-256.49,724.044,176.611,273.517,678.048,315.433,29.0448,1234.21,-406.789,420.17,996.226,-154.125,-584.15,6.66548,258.464,141.454
real_0074,49.4765,70.1393,158.753,139.186,188.493,31.8785,139.458,217.801,173.31,327.303,399.827,384.282,262.147,140.434,141.199,-26.6176,150.057,433.167,59.6167,-123.033,-41.6914,30.3915,55.1773,44.244,746.063,71.6016,19.369,277.389,170.988,36.7875,54.2172,-62.5249,-98.7701,106.035,144.389,92.4853,309.086,161.45,121.986,-49.4845,106.345,179.058,-90.8402,-73.6738,86.422,258.862,84.546,140.192,320.076,248.188,627.227,44.6382,117.64,164.884,64.2498,18.6617,238.511,-7.40038,-105.683,270.001,107.13,196.742,665.659,91.3676,90.0531,307.558,120.728,164.469,-70.669,92.916,-39.4637,259.862,-119.851,316.672,232.414,244.851,322.576,78.6452,16.3384,-80.4945,64.4243,85.0665,165.588,117.041,141.179,106.78,497.811,216.661,87.7463,430.1,-264.512,27.0233,-45.3383,99.3612,35.2121,74.5314,172.389,319.481,556.845,465.376,551.254,279.028,152.009,5.09571,175.005,83.0663,273.153,505.04,80.4944,203.598,106.855,31.9512,40.8691,-9.46209,144.101,237.81,-37.0038,-96.5237,-11.7902,-89.2981,143.045,214.997,219.432,278.245,85.2574,122.173,120.746,-11.1164,96.7849,58.2955,8.49718,369.402,278.458,309.537,210.889,243.162,370.543,313.349,-17.2651,3.70878,-56.9253,-129.985,96.5236,244.248,-0.018977,217.074,380.461,300.867,136.534,283.686,54.3043,186.751,38.3402,130.644,-186.565,420.306,330.155,157.426,156.854,158.753,83.9955,-27.5401,1.86016,81.3664,31.33,-159.068,-155.295,142.222,263.637,158.508,165.526,154.976,284.163,-74.0831,199.901,126.178,-50.6455,69.5993,329.974,190.442,169.11,366.7,234.55,373.78,83.82,106.05,47.88,50.32,154.35,44.57,286.85,230.24,304.12,496.96,221.41,305.82,290.53,296.76,81.41,39.36,23.72,23.28,29.85,54.57,225.18,181.57,331.31,143.31,233.36,70.42,37.94,35.74,32.54,49.64,85.69,67.54,109.7,113.89,249.73,74.36,158.89,142.58,116.44,34.89,48.45,81.52,70.91,205.72,177.91,371.52,281.41,155.86,230.33,140.05,86.48,35.4,45.08,21.11,23.11,22.82,88.69,74.08,322.53,150.22,115.62,66.18,57.2,37.94,18.49,18.99,20.93,21.73,-348.094,-357.713,-619.716,433.293,-761.307,91.729,783.802,-261.802,94.2758,-267.738,363.554,-566.843,-359.617,789.362,536.983,257.254,299.79,-319.037,460.52,-133.152,865.468,-125.847,281.826,-245.575,465.144,391.74,-1078.47,120.783,314.122,-409.577,54.6121,895.509,1708.32,-274.735,349.408,704.576,-418.648,-360.509,2.73031,284.332,-626.094,554.219,-1131.82,1019.84,1007.28,-581.536,1234.51,-406.772,-423.925,-36.9336,400.756,454.287,621.255,328.31,81.4127,149.479,-1079.66,778.412,352.261,232.416,-53.9634,-91.6701,1014.75,1382.85,181.973,665.237,902.64,1290.62,338.081,152.422,-165.43,1.22279,-197.033,397.633,232.429,-700.939,350.367,253.793,769.366,125.112,356.004,530.913,-206.488,404.498,-333.714
real_0075,314.357,218.792,285.761,325.237,279.987,280.014,437.414,292.785,261.387,44.3915,253.321,154.874,179.272,-83.6154,-1.4276,88.4173,155.526,300.697,141.931,-110.409,46.4416,-2.1237,282.34,156.12,699.628,28.7164,222.423,244.308,-9.46326,-26.028,134.725,72.4861,-75.1544,101.825,118.5,-17.6314,254.868,220.298,242.422,277.775,203.705,22.1047,256.4,-166.392,-43.3018,158.137,108.919,210.331,432.081,185.125,402.325,31.6081,-20.6379,1.12843,46.4401,25.3634,8.56254,71.7358,170.598,107.229,32.882,241.836,405.19,68.1225,165.726,316.022,158.15,70.0594,116.179,-35.1781,72.1519,-11.9471,93.9266,50.9523,36.0276,329.446,282.121,-88.2371,31.226,221.062,30.6747,120.008,-8.28532,48.9941,175.278,128.68,306.937,139.536,296.982,330.614,51.7978,38.0521,111.61,-85.8225,166.568,-50.148,-66.7435,335.119,349.524,479.534,357.353,4.46752,-26.7477,120.093,2.33141,94.5249,227.333,380.578,399.945,-20.3348,219.084,7.38057,72.0059,146.236,-61.1167,121.82,-135.838,52.7438,-234,325.731,49.9443,83.6962,198.342,350.51,-93.8144,118.177,-22.9056,184.07,38.4661,48.5864,-79.8413,25.459,41.7474,216.36,30.3261,339.376,220.327,354.189,14.1081,-124.877,10.8082,109.41,-55.6302,261.836,102.629,114.495,72.0224,336.484,189.237,363.601,295.592,55.4817,-58.5365,97.2552,73.3433,265.131,244.532,19.1201,472.961,226.115,218.045,64.4447,160.772,87.5109,27.6779,229.733,104.557,5.13342,236.344,-32.4724,157.874,64.4612,456.709,175.23,378.361,86.3249,183.499,60.6909,405.258,83.7537,169.11,366.7,234.55,373.78,83.82,106.05,47.88,50.32,154.35,44.57,286.85,230.24,304.12,496.96,221.41,305.82,290.53,296.76,81.41,39.36,23.72,23.28,29.85,54.57,225.18,181.57,331.31,143.31,233.36,70.42,37.94,35.74,32.54,49.64,85.69,67.54,109.7,113.89,249.73,74.36,158.89,142.58,116.44,34.89,48.45,81.52,70.91,205.72,177.91,371.52,281.41,155.86,230.33,140.05,86.48,35.4,45.08,21.11,23.11,22.82,88.69,74.08,322.53,150.22,115.62,66.18,57.2,37.94,18.49,18.99,20.93,21.73,514.575,391.185,946.5,1083.39,555.444,604.355,400.461,-372.196,488.117,661.771,939.691,497.771,935.03,779.7,-533.757,-122.202,534.552,166.939,-18.2849,-474.414,738.892,-562.956,569.948,322.637,-140.03,256.03,603.937,84.192,260.797,1081.41,-17.3701,1357.88,647.157,-361.14,750.484,149.685,186.937,624.321,1514.52,-305.733,314.79,9.68184,1199.42,709.666,91.7785,27.5639,69.7406,327.214,698.402,79.702,300.703,34.4009,-386.08,144.109,935.965,795.946,296.393,89.7075,-344.124,813.807,1119.94,558.233,899.979,859.621,38.1143,1177.95,810.521,-25.6186,420.201,210.479,-435.567,932.873,-373.348,577.861,-16.7728,-254.241,443.042,380.407,669.777,1219.49,704.942,707.866,686.178,542.655,-167.104
real_0076,78.8966,93.489,313.42,244.483,173.645,231.433,311.301,103.191,260.27,-40.663,28.6622,132.746,522.228,109.142,-13.7957,10.083,12.6274,308.086,15.3695,18.9057,-51.2619,44.2847,118.264,-80.6985,706.12,416.261,342.309,165.301,75.3949,-134.933,30.5893,-5.66907,199.053,272.513,-51.2672,203.592,42.2245,125.194,209.859,151.926,184.117,13.8607,335.22,-65.8104,41.0305,195.182,239.564,400.099,449.436,17.4301,513.598,212.313,148.497,126.668,106.313,-23.8507,141.393,195.596,61.2742,292.884,3.405,416.989,458.647,317.782,100.885,187.491,292.445,-89.9172,-360.372,-51.1857,-205.482,115.683,160.993,160.65,199.242,63.026,218.519,103.429,58.9197,267.197,117.129,98.233,107.623,10.3335,159.356,84.4857,180.957,391.819,190.261,189.009,-17.0839,56.2306,68.2465,80.5363,218.914,148.846,273.446,119.684,352.328,403.826,616.186,164.123,-30.6764,16.0686,33.6174,227.65,452.881,571.731,226.336,39.4785,180.392,73.3273,8.05612,-19.0694,48.558,-30.8706,-105.449,60.1579,-111.853,182.668,185.43,36.8122,177.838,373.685,122.849,131.878,192.416,104.503,-6.58903,156.588,44.8223,315.009,109.35,644.841,286.727,385.025,194.132,273.624,89.3662,25.726,-40.151,10.382,-17.9394,311.222,-2.66355,82.0557,71.8764,281.032,187.46,194.149,260.242,76.3433,15.8877,-181.534,-93.0374,324.613,217.641,118.064,265.366,-48.2624,85.5664,166.491,40.9663,245.327,144.425,217.103,-75.0085,80.4639,421.6,189.629,282.332,236.794,512.12,154.138,275.896,61.6256,-116.468,257.72,473.038,13.0829,169.11,366.7,234.55,373.78,83.82,106.05,47.88,50.32,154.35,44.57,286.85,230.24,304.12,496.96,221.41,305.82,290.53,296.76,81.41,39.36,23.72,23.28,29.85,54.57,225.18,181.57,331.31,143.31,233.36,70.42,37.94,35.74,32.54,49.64,85.69,67.54,109.7,113.89,249.73,74.36,158.89,142.58,116.44,34.89,48.45,81.52,70.91,205.72,177.91,371.52,281.41,155.86,230.33,140.05,86.48,35.4,45.08,21.11,23.11,22.82,88.69,74.08,322.53,150.22,115.62,66.18,57.2,37.94,18.49,18.99,20.93,21.73,-627.458,161.012,704.927,1017.34,109.451,-261.805,985.146,-369.25,825.558,906.41,-600.545,-109.108,-110.865,77.5342,273.279,646.695,146.725,989.719,176.201,833.694,152.745,-125.905,-1007.25,1340.7,1640.23,131.062,223.098,-1079.96,480.926,286.729,117.452,151.034,943.376,68.1065,27.373,-112.237,-394.319,610.628,350.205,931.447,-488.472,443.871,650.957,62.2832,146.292,-376.909,-542.412,586.431,-353.698,87.9791,21.3491,438.266,144.83,1003.35,-691.219,213.85,-395.985,840.014,547.695,1660.09,239.765,524.194,-377.455,1187.72,354.185,-239.776,972.096,-1148.97,-72.2797,275.714,-87.6295,508.648,617.96,566.921,791.599,588.48,-948.094,557.916,997.32,720.562,-244.119,434.894,-68.5147,429.268,1137.52
real_0077,174.779,13.089,316.373,192.73,168.43,281.593,263.168,42.2898,355.572,31.6579,134.827,76.3047,202.707,13.1617,151.514,259.408,250.345,433.206,-36.7997,-41.5144,-13.1885,-44.957,-18.3323,50.0403,643.447,-6.49784,63.1736,40.0187,81.1346,37.2782,-71.2137,312.43,58.5696,55.1273,96.767,176.252,247.574,68.6215,66.271,223.526,97.5141,261.504,110.145,71.0493,47.0197,-56.9697,206.132,369.014,282.581,60.0838,480.691,267.834,229.901,59.9216,48.8317,103.738,-60.1779,37.4014,-56.0382,391.477,283.731,122.702,601.728,370.759,-4.50155,381.934,66.1703,-38.8922,-150.945,67.2467,-42.6291,43.0329,133.44,79.115,120.9,143.682,305.881,86.6458,140.716,59.3182,233.668,251.662,165.309,113.224,131.012,25.7461,358.059,-124.285,109.098,255.828,73.1555,-280.182,61.0773,-156.545,32.2449,-71.2794,-182.795,348.572,439.826,481.383,353.773,187.828,-2.89521,138.716,17.7296,86.9535,296.636,578.622,477.969,159.831,51.3885,36.7515,79.8417,83.0447,17.9244,-90.7941,-108.864,61.2295,17.9242,-103.025,272.439,206.005,93.2267,349.108,-143.929,117.292,231.004,164.436,-13.9131,-31.3385,6.30457,237.231,253.201,226.501,-15.3177,335.985,309.398,94.6017,74.3226,148.102,284.116,16.0791,217.115,79.2207,117.94,116.833,310.56,578.986,82.0575,367.822,89.3827,182.864,52.7379,6.30522,121.92,209.346,213.35,93.067,294.999,249.16,329.791,-84.3686,-3.59226,394.056,153.654,32.7874,-106.178,103.132,387.124,315.309,312.06,145.184,404.581,150.947,129.43,-9.1944,120.139,73.4503,261.882,266.749,169.11,366.7,234.55,373.78,83.82,106.05,47.88,50.32,154.35,44.57,286.85,230.24,304.12,496.96,221.41,305.82,290.53,296.76,81.41,39.36,23.72,23.28,29.85,54.57,225.18,181.57,331.31,143.31,233.36,70.42,37.94,35.74,32.54,49.64,85.69,67.54,109.7,113.89,249.73,74.36,158.89,142.58,116.44,34.89,48.45,81.52,70.91,205.72,177.91,371.52,281.41,155.86,230.33,140.05,86.48,35.4,45.08,21.11,23.11,22.82,88.69,74.08,322.53,150.22,115.62,66.18,57.2,37.94,18.49,18.99,20.93,21.73,789.083,480.071,569.924,39.1105,598.847,1337.01,386.317,155.664,356.899,-792.233,165.478,-621.691,355.191,698.779,-363.467,438.277,787.436,-89.4128,766.49,-119.316,872.694,388.089,440.963,-303.633,332.629,-73.6606,240.118,-834.673,1564.04,791.239,572.545,273.321,299.146,664.586,-336.608,-253.592,114.475,-620.368,-191.86,579.897,-865.505,867.064,598.498,828.95,271.975,321.992,425.995,1161.46,1032.49,-520.147,430.609,46.8497,-571.79,291.689,817.28,1177.04,983.889,456.495,538.134,-23.8207,149.047,1133.88,411.798,-379.23,-365.681,242.201,137.232,601.582,406.688,1018.26,-290.184,254.58,679.413,449.162,894.944,951.906,2.7591,-31.7691,212.703,941.862,1621.83,681.087,-242.776,459.001,-2.06344
real_0078,203.471,110.744,309.771,64.9446,204.582,204.293,386.682,149.123,189.758,277.924,97.1934,61.6583,486.436,206.1,102.604,49.3392,212.772,307.497,192.97,217.473,-108.236,-28.2489,66.6638,80.819,643.545,159.113,63.0031,127.759,-45.0859,87.7026,152.555,75.6648,42.5215,11.6634,11.2864,165.585,17.6116,-72.7784,62.4326,-47.9638,81.3693,156.083,-55.4882,107.271,70.9161,63.5527,189.828,-61.7336,493.66,-45.2196,531.013,195.826,93.3008,120.493,29.458,-104.912,50.265,-9.45858,36.8013,382.591,150.607,307.468,447.668,272.239,287.103,289.206,103.362,39.2043,58.0159,-128.449,180.283,198.78,18.3185,204.713,22.9309,266.604,132.134,75.4673,-129.649,79.3946,-23.8751,3.63174,79.4371,200.918,119.54,251.569,41.7902,137.362,183.531,83.4803,59.697,108.749,-226.276,-20.5402,17.4278,-2.60826,0.255672,109.636,442.356,447.833,394.711,220.812,98.8438,-152.085,117.389,123.076,253.37,391.659,268.141,168.401,168.533,100.391,115.679,155.65,131.125,180.628,-187.262,76.4388,82.6738,-24.1267,215.322,56.2382,130.077,389.227,181.165,-127.943,-86.2852,-106.826,10.526,-183.263,249.295,286.057,189.404,57.7706,306.512,432.693,113.225,148.507,247.054,127.503,-35.5462,45.748,-7.54143,43.5346,17.8869,197.708,240.542,285.525,61.1973,321.914,86.6295,74.1951,17.7398,201.533,-56.1841,345.24,385.639,116.972,360.827,186.872,61.6809,76.6355,77.676,1.88044,90.2818,-0.98012,36.6449,36.2615,124.458,106.227,181.245,195.443,309.232,194.993,46.64,144.32,-1.42825,144.929,261.181,125.199,169.11,366.7,234.55,373.78,83.82,106.05,47.88,50.32,154.35,44.57,286.85,230.24,304.12,496.96,221.41,305.82,290.53,296.76,81.41,39.36,23.72,23.28,29.85,54.57,225.18,181.57,331.31,143.31,233.36,70.42,37.94,35.74,32.54,49.64,85.69,67.54,109.7,113.89,249.73,74.36,158.89,142.58,116.44,34.89,48.45,81.52,70.91,205.72,177.91,371.52,281.41,155.86,230.33,140.05,86.48,35.4,45.08,21.11,23.11,22.82,88.69,74.08,322.53,150.22,115.62,66.18,57.2,37.94,18.49,18.99,20.93,21.73,696.956,575.128,561.701,1650.84,413.13,843.835,759.257,545.866,417.059,-0.857823,-145.909,-193.219,-495.243,-204.528,968.515,144.129,46.7179,533.468,1132.78,-103.783,-949.855,1170.49,-513.554,1530.44,-704.226,-241.294,982.538,344.789,311.91,595.145,565.19,237.686,-226.289,935.774,-736.129,1683.79,552.662,829.21,242.145,1125.96,872.263,240.126,1230.33,526.732,513.194,170.253,914.078,384.183,569.882,286.485,283.086,723.725,-358.243,14.0036,301.634,493.029,109.111,-18.1108,817.034,700.268,308.554,-909.071,63.6136,-630.272,1237.37,-160.445,-163.435,-98.615,193.929,144.357,709.532,351.966,-724.958,-73.422,-16.2644,-521.155,-116.466,677.766,-829.659,478.701,-622.179,-573.116,1216.06,-101.551,592.16
real_0079,252.934,266.015,274.481,75.5074,242.898,201.716,274.204,149.791,251.094,171.372,59.9849,11.1055,320.995,-127.422,-138.111,115.129,269.335,132.292,-78.1968,-41.8949,306.591,64.9641,-90.5433,171.747,684.249,59.1185,90.329,164.228,24.553,-224.981,-59.7912,216.941,5.15817,220.863,12.0797,191.095,234.865,258.687,18.5953,198.208,219.684,124.665,4.66201,279.733,-13.6999,353.974,150.721,215.059,288.641,-35.3843,495.283,240.844,258.631,307.716,84.2754,-97.2903,-98.5478,-29.2027,69.6595,121.332,165.019,321.764,664.822,310.296,193.078,280.584,-78.9518,181.5,-114.947,89.5697,126.054,60.0772,-23.5042,71.0019,-82.6556,189.27,179.043,-61.8529,71.6253,-175.632,-97.962,-22.8433,126.477,230.836,-133.336,237.309,583.719,169.816,-71.7418,339.843,215.365,50.7248,-154.068,61.9007,31.1061,22.1015,-92.4891,82.7625,360.986,344.884,466.644,214.779,-79.668,148.389,-1.95757,87.6151,343.207,440.103,318.241,30.119,307.35,110.588,199.107,-7.27373,-48.971,-61.263,111.21,153.503,-23.8022,64.5613,568.817,62.1576,208.006,49.4171,69.7241,-35.7994,-70.0595,-120.617,14.3465,-73.7353,168.299,267.573,155.897,125.946,172.116,464.646,143.559,187.032,-55.5086,-97.7375,-63.3753,12.7549,-56.9324,-52.7721,168.657,134.023,260.322,61.7196,224.513,199.621,266.008,-16.7309,37.0586,234.916,-189.434,264.376,325.281,194.177,349.235,310.468,71.6425,-65.95,98.3691,125.558,40.8302,-17.6792,29.3657,-101.995,153.043,263.528,295.71,194.975,218.948,102.383,214.808,205.708,-79.7893,184.315,114.801,-51.226,169.11,366.7,234.55,373.78,83.82,106.05,47.88,50.32,154.35,44.57,286.85,230.24,304.12,496.96,221.41,305.82,290.53,296.76,81.41,39.36,23.72,23.28,29.85,54.57,225.18,181.57,331.31,143.31,233.36,70.42,37.94,35.74,32.54,49.64,85.69,67.54,109.7,113.89,249.73,74.36,158.89,142.58,116.44,34.89,48.45,81.52,70.91,205.72,177.91,371.52,281.41,155.86,230.33,140.05,86.48,35.4,45.08,21.11,23.11,22.82,88.69,74.08,322.53,150.22,115.62,66.18,57.2,37.94,18.49,18.99,20.93,21.73,291.143,532.734,265.141,572.946,196.257,-9.99167,234.643,329.386,435.27,923.49,-331.884,-685.48,419.839,386.588,435.118,636.984,189.034,-109.566,824.927,-506.925,728.435,1303.99,935.469,-447.767,244.933,335.848,284.529,571.583,1280.55,265.266,1240.27,-141.84,314.346,-544.886,-266.833,169.588,620.84,176.066,241.686,1039.76,329.837,1203.6,179.485,-361.503,646.454,-382.078,599.976,-233.244,359.896,1114.39,669.198,77.1404,1137.77,-402.657,1338.04,-543.201,676.324,1441.62,377.525,-144.074,22.785,-497.464,1278.34,94.7717,295.985,805.701,-371.644,-172.745,330.927,-374.913,-349.074,965.135,1646.45,293.013,82.7523,610.118,459.213,219.924,993.071,-119,-598.728,1026.38,713.538,-482.037,399.309
real_0080,232.377,73.4381,205.062,1.63711,183.726,116.296,280.021,-36.8442,212.617,102.577,182.154,148.554,299.763,280.288,-11.4099,310.129,291.795,427.321,83.5343,75.8911,0.295111,-69.5207,107.337,127.712,582.175,239.344,432.05,102.703,151.128,36.2427,-93.8876,148.338,-16.5128,251.024,261.454,343.852,172.106,46.4549,37.1667,103.212,112.568,122.038,3.19539,50.5058,8.5701,155.227,-23.528,335.366,419.054,146.237,305.911,343.254,-46.43,-56.9569,32.7513,-81.0619,102.061,-71.9924,256.795,172.854,108.505,228.08,577.109,-11.9867,350.346,203.888,123.745,63.591,160.57,-19.4492,344.065,262.684,98.617,245.67,101.395,80.897,-10.7351,-78.9922,165.397,145.38,68.9968,72.2636,-89.9045,111.672,86.6048,4.11685,346.065,-26.8018,210.913,208.155,-48.1803,125.829,166.247,-20.0524,71.5903,225.331,-65.8195,205.762,262.968,539.929,434.099,73.6779,-44.0565,-68.9887,-17.0802,198.275,76.5426,530.064,288.186,11.9233,384.355,133.511,312.452,106.937,-8.10721,56.7024,274.267,54.501,340.519,133.558,232.768,188.821,229.814,160.872,55.1523,143.6,116.472,32.6144,24.9448,294.686,52.5746,407.735,-65.0857,153.964,238.574,214.905,250.197,207.99,170.238,92.3993,76.0664,-131.834,-28.3503,-54.9052,108.961,134.456,243.405,300.322,-13.3418,378.659,241.527,121.03,129.173,227.92,20.6685,191.16,224.024,182.446,326.992,187.435,234.2,-20.215,-69.378,21.5826,76.2796,-6.15319,134.449,216.876,184.815,135.983,250.112,117.711,430.597,30.5488,211.457,58.4667,92.0071,99.5995,157.991,126.678,169.11,366.7,234.55,373.78,83.82,106.05,47.88,50.32,154.35,44.57,286.85,230.24,304.12,496.96,221.41,305.82,290.53,296.76,81.41,39.36,23.72,23.28,29.85,54.57,225.18,181.57,331.31,143.31,233.36,70.42,37.94,35.74,32.54,49.64,85.69,67.54,109.7,113.89,249.73,74.36,158.89,142.58,116.44,34.89,48.45,81.52,70.91,205.72,177.91,371.52,281.41,155.86,230.33,140.05,86.48,35.4,45.08,21.11,23.11,22.82,88.69,74.08,322.53,150.22,115.62,66.18,57.2,37.94,18.49,18.99,20.93,21.73,909.1,828.753,-134.503,-367.307,-573.044,804.113,-216.889,466.502,431.41,-326.993,185.51,-92.4683,-212.16,-1309.71,350.482,-42.9864,1681.55,1206.93,1099.08,-332.392,839.253,1818,571.675,164.529,-621.686,-469.497,673.811,-80.5665,-864.367,-5.82375,-358.917,212.457,-634.965,-523.039,136.93,-141.676,314.471,80.5157,331.213,191.202,-452.466,904.309,418.254,922.542,394.769,1195.05,137.325,-217.207,619.914,1256.4,20.7275,-823.397,605.147,508.048,-0.0503177,-23.488,-437.411,95.5904,137.653,783.501,525.468,419.692,-34.6948,-934.296,274.838,-17.3116,512.85,242.425,1010.78,1036.2,-35.5845,1087.53,-377.568,69.893,781.631,13.8053,-186.406,8.50953,-205.524,-120.006,-950.446,1789.64,236.425,649.647,-179.031
real_0081,-63.563,37.6741,154.162,-32.83,-2.52445,271.338,288.344,149.01,206.657,190.567,126.118,144.094,206.122,89.9778,71.5466,304.689,135.871,366.751,-190.925,-134.537,-324.726,69.4915,189.348,-71.0575,523.312,158.422,38.5715,95.6945,162.526,131.754,-29.7044,70.8958,55.2458,216.278,133.448,142.912,108.863,98.5843,55.3973,-25.6538,91.3448,186.205,100.15,48.0833,120.526,391.355,-42.0189,292.071,509.312,211.359,476.183,125.268,57.6523,4.53682,-40.0981,143.673,78.2217,-147.993,230.542,424.549,79.4644,375.395,493.216,256.156,382.34,230.134,-175.474,-166.15,115.504,-121.88,82.3197,230.516,69.0816,363.289,151.101,159.456,170.713,90.711,200.447,-88.9639,-67.6183,50.1579,128.794,114.842,215.883,54.2227,424.887,-95.3897,70.9117,280.142,6.55351,99.0721,230.371,-65.2225,-32.1847,-42.0845,-20.3589,86.8672,456.425,518.723,343.931,102.253,-114.932,6.96441,-17.7375,-36.023,274.998,525.91,303.939,266.552,-110.478,186.543,126.614,-34.928,-150.347,156.34,68.8543,63.8456,119.914,-172.042,315.696,85.7313,228.115,286.89,174.271,-55.3043,148.02,-73.9002,239.252,93.1239,190.797,295.792,-22.9724,116.561,138.018,356.885,132.373,25.9845,125.824,-23.5429,-80.0466,16.0701,73.2175,300.056,-90.4379,150.698,386.463,343.326,103.445,219.721,243.515,132.745,125.741,142.485,-30.645,549.447,124.088,127.909,354.531,28.1731,-38.7009,-9.51561,79.1743,69.8158,8.9249,131.682,79.1789,-10.7143,267.428,69.295,174.086,110.219,329.666,139.178,119.288,-78.4884,243.999,40.3402,305.87,67.896,169.11,366.7,234.55,373.78,83.82,106.05,47.88,50.32,154.35,44.57,286.85,230.24,304.12,496.96,221.41,305.82,290.53,296.76,81.41,39.36,23.72,23.28,29.85,54.57,225.18,181.57,331.31,143.31,233.36,70.42,37.94,35.74,32.54,49.64,85.69,67.54,109.7,113.89,249.73,74.36,158.89,142.58,116.44,34.89,48.45,81.52,70.91,205.72,177.91,371.52,281.41,155.86,230.33,140.05,86.48,35.4,45.08,21.11,23.11,22.82,88.69,74.08,322.53,150.22,115.62,66.18,57.2,37.94,18.49,18.99,20.93,21.73,594.177,-307.613,822.53,-475.745,779.896,351.27,195.4,354.644,-192.965,64.5282,331.541,668.545,462.621,444.072,-318.311,276.123,329.421,338.216,-253.682,-527.511,361.702,508.965,873.917,-535.612,-323.237,700.403,702.546,-442.28,-222.801,237.84,596.33,225.375,-95.9923,-718.771,917.164,-74.0653,26.7209,-741.964,459.622,530.364,265.271,161.472,133.851,11.5609,-398.419,68.023,-11.9702,387.413,1004.59,-215.615,1027.55,-76.7181,810.303,-580.144,-961.839,443.907,1289.62,354.562,1160.72,1252.99,-380.571,1865.01,447.527,702.069,663.135,-662.613,56.8006,-444.484,545.922,-380.454,40.693,1214.07,920.839,527.789,39.3138,-518.994,-52.0068,636.621,-4.46493,297.222,271.226,-366.43,359.443,562.126,-504.732
real_0082,92.0848,285.84,253.185,5.33429,210.578,185.599,117.393,-90.8118,118.317,-34.2936,305.379,251.134,138.763,216.249,303.463,-115.69,142.302,237.685,137.067,13.7897,131.208,265.032,174.141,254.494,554.314,224.024,30.4351,179.459,171.073,-48.0296,43.7297,124.003,111.925,63.6862,163.141,147.848,163.341,262.481,307.563,159.022,22.6875,111.476,113.007,132.461,348.285,309.368,196.385,286.579,501.549,180.527,463.461,296.235,2.87034,-65.5705,1.18354,-72.6828,92.8391,-10.8151,174.518,234.306,305.275,350.982,572.071,402.827,292.768,337.754,181.543,-220.751,-117.52,43.5464,103.36,-12.5072,-107.702,248.887,74.836,353.343,-15.8583,283.694,-125.079,-94.6937,85.1019,147.278,-38.9361,219.876,68.0273,96.9902,379.787,84.8232,119.411,304.423,-80.5325,259.006,112.156,-8.72912,128.279,216.007,69.2636,346.941,430.622,503.896,312.802,-10.4561,-12.7611,61.323,120.726,107.32,54.2029,547.532,457.534,183.871,259.794,62.7956,56.301,120.185,77.189,195.495,162.085,149.931,-105.855,5.43889,125.985,157.658,239.246,198.366,16.5286,114.583,281.36,210.848,10.258,66.3313,149.541,301.878,145.249,150.204,106.551,294.001,197.902,130.259,75.4096,75.3554,32.9993,64.2349,51.346,48.8611,273.341,225.029,253.303,315.734,282.328,388.874,195.69,81.3923,228.956,-61.1612,27.5532,140.242,220.406,315.076,138.529,33.7131,115.951,-212.281,-16.6571,0.973564,-11.3298,-51.8362,-190.996,21.1199,245.72,250.647,72.2272,220.024,178.007,233.277,227.351,98.5016,68.3388,187.983,155.74,-57.1973,169.11,366.7,234.55,373.78,83.82,106.05,47.88,50.32,154.35,44.57,286.85,230.24,304.12,496.96,221.41,305.82,290.53,296.76,81.41,39.36,23.72,23.28,29.85,54.57,225.18,181.57,331.31,143.31,233.36,70.42,37.94,35.74,32.54,49.64,85.69,67.54,109.7,113.89,249.73,74.36,158.89,142.58,116.44,34.89,48.45,81.52,70.91,205.72,177.91,371.52,281.41,155.86,230.33,140.05,86.48,35.4,45.08,21.11,23.11,22.82,88.69,74.08,322.53,150.22,115.62,66.18,57.2,37.94,18.49,18.99,20.93,21.73,117.313,579.152,202.047,1085.23,-73.3644,85.0217,417.73,15.6278,-179.551,-596.008,-33.1109,-21.1758,616.757,-479.654,-168.243,-126.382,1372.77,906.712,-954.964,-157.412,-137.777,180.982,618.17,1.02069,593.436,1008.62,80.5007,178.751,91.9503,873.103,595.375,-435.693,903.992,141.05,20.1961,273.867,-366.651,387.489,-211.58,669.575,-107.929,-1664.4,-593.293,781.738,206.414,-472.724,-5.19556,267.304,-434.29,-258.361,1168.44,-517.42,-448.551,290.042,252.366,-576.445,-711.699,252.31,-624.138,384.741,743.873,-159.816,556.666,611.103,760.353,613.782,200.804,45.3154,535.502,201.38,880.811,1169.46,462.16,-895.784,689.91,1195.6,350.15,93.0113,823.345,441.555,1473.91,883.606,-643.252,-100.431,268.362
real_0083,157.342,-15.3872,265.322,115.192,127.498,220.558,392.092,147.8,201.796,141.83,185.877,161.599,1.70934,111.924,155.658,103.908,116.562,313.455,-258.239,-83.4564,-31.3996,266.064,-138.153,70.4051,820.667,140.518,276.027,149.176,97.6627,139.328,69.0268,-25.7749,-32.0264,-172.288,174.935,143.285,39.7096,180.724,215.118,136.208,-35.3368,100.476,35.6857,-44.115,-254.451,151.65,-7.29238,176.972,207.636,8.10018,450.768,156.418,192.371,-9.954,73.8768,-107.234,125.62,175.854,188.02,292.828,278.039,429.064,452.298,261.095,184.795,234.458,224.358,89.815,234.499,180.576,9.71695,225.616,18.0585,68.6143,-3.68947,317.898,200.018,172.878,166.759,156.799,-94.3108,135.978,145.121,235.982,198.999,-29.5249,603.89,225.781,172.34,230.556,21.2721,-34.5514,97.8709,-60.0627,131.842,-31.8434,182.631,263.403,420.106,522.335,311.18,403.066,-187.363,103.95,373.249,-341.067,310.955,336.728,154.477,126.34,134.471,75.7908,125.57,91.92,100.496,53.8656,-114.143,71.8807,43.4021,268.209,166.95,118.126,242.065,187.178,285.029,-194.125,135.88,128.22,-26.4061,-144.134,-114.482,197.862,42.0668,182.624,49.713,294.669,60.3801,3.19079,79.6943,-82.1585,68.5317,13.7452,146.005,82.702,45.3959,89.1666,183.571,197.561,-54.9623,313.685,366.758,25.5093,103.338,10.4842,52.9706,297.562,182.631,272.759,179.527,298.394,45.3839,344.232,130.466,19.7759,13.671,-44.6627,-98.6761,6.65302,231.091,316.609,107.065,181.458,145.889,324.076,-148.021,58.792,132.703,-18.9306,320.196,79.1159,169.11,366.7,234.55,373.78,83.82,106.05,47.88,50.32,154.35,44.57,286.85,230.24,304.12,496.96,221.41,305.82,290.53,296.76,81.41,39.36,23.72,23.28,29.85,54.57,225.18,181.57,331.31,143.31,233.36,70.42,37.94,35.74,32.54,49.64,85.69,67.54,109.7,113.89,249.73,74.36,158.89,142.58,116.44,34.89,48.45,81.52,70.91,205.72,177.91,371.52,281.41,155.86,230.33,140.05,86.48,35.4,45.08,21.11,23.11,22.82,88.69,74.08,322.53,150.22,115.62,66.18,57.2,37.94,18.49,18.99,20.93,21.73,562.63,227.477,-731.824,-809.03,837.1,-191.875,315.891,521.338,222.784,-12.8603,-198.637,158.402,163.883,-130.565,3.80275,371.276,-230.66,745.225,-548,785.35,-15.8081,264.589,-328.384,496.922,-15.8632,1522.35,824.107,500.394,1024.53,121.503,211.89,49.2812,35.1775,381.031,110.693,-67.3263,1205.53,675.792,-392.7,871.213,697.407,-451.194,493.105,24.6961,704.201,-207.474,-495.121,303.489,-516.045,-810.412,252.694,764.048,20.4441,-1113.6,-598.316,-10.4522,508.964,489.53,489.817,450.126,940.877,252.412,663.748,1254.52,865.236,594.904,255.539,-712.291,724.874,-680.156,813.06,-209.105,835.884,80.5519,-221.222,1252.6,498.14,963.582,1267.77,171.973,-892.377,385.577,813.832,452.976,60.0072
real_0084,177.981,-28.0818,469.197,-26.3418,67.1518,-3.83172,369.335,79.8339,295.429,110.699,272.086,92.7274,258.898,157.267,43.8373,-88.2279,316.118,278.966,-39.0617,-18.1215,44.2972,47.1712,62.5258,-46.7706,567,55.1921,93.9791,14.0224,183.58,148.047,-70.245,-42.7791,-75.0075,33.5021,-12.6489,128.591,112.934,123.14,132.125,215.006,44.2893,249.927,166.027,12.2021,-198.702,238.007,-27.6953,-13.0201,478.98,146.829,539.063,470.741,-155.234,-23.9408,2.23267,-97.7841,-42.6313,-201.044,47.0487,307.885,185.959,210.6,603.684,396.366,272.162,448.827,37.0034,58.1725,-106.806,-82.3461,234.781,-61.7907,33.3318,84.0325,73.3825,-3.65645,4.05926,62.1279,-72.7861,128.015,14.2056,-71.8434,133.842,-76.509,163.769,144.732,465.482,68.7437,121.182,400.87,131.39,10.2379,-5.89767,-86.3648,-148.022,59.2045,-111.323,278.414,324.74,525.047,401.26,191.768,153.312,-232.923,103.271,44.1444,316.494,573.558,246.427,-30.5004,188.752,38.6757,23.5494,-67.9233,43.7929,19.0245,10.6556,43.5519,111.918,0.512747,229.216,207.345,208.104,427.559,112.902,-5.446,-88.5294,62.5872,-106.419,19.1823,216.908,396.402,58.5338,156.312,10.6912,345.71,39.2005,-36.0702,-50.3026,103.158,-172.138,-1.32914,-33.6416,-1.45389,-49.734,32.6375,246.632,235.936,73.4175,134.965,364.359,185.872,31.2884,142.713,-106.223,74.8488,2.81082,335.756,382.423,142.074,124.844,-38.1769,-24.4482,-21.8668,121.366,-6.88654,-7.26362,-136.227,314.911,-0.765919,246.745,30.201,576.376,353.534,138.102,-30.6741,-84.7195,-93.1823,166,140.067,169.11,366.7,234.55,373.78,83.82,106.05,47.88,50.32,154.35,44.57,286.85,230.24,304.12,496.96,221.41,305.82,290.53,296.76,81.41,39.36,23.72,23.28,29.85,54.57,225.18,181.57,331.31,143.31,233.36,70.42,37.94,35.74,32.54,49.64,85.69,67.54,109.7,113.89,249.73,74.36,158.89,142.58,116.44,34.89,48.45,81.52,70.91,205.72,177.91,371.52,281.41,155.86,230.33,140.05,86.48,35.4,45.08,21.11,23.11,22.82,88.69,74.08,322.53,150.22,115.62,66.18,57.2,37.94,18.49,18.99,20.93,21.73,1314.61,431.956,-511.831,905.654,-538.687,542.39,1248.86,96.6632,749.541,-78.7045,-79.4893,-81.5724,772.627,-148.496,1030.65,-164.598,631.364,-925.291,657.601,564.628,489.955,1477.16,416.243,-278.176,-304.848,258.552,-37.8379,1070.65,616.359,359.783,864.298,96.6521,610.622,-299.604,437.357,615.784,251.845,-1326.9,1245.39,-832.246,482.322,-77.5126,852.587,776.015,114.772,462.123,-1130.48,-607.956,-122.562,-98.0636,330.791,400.563,843.669,815.162,628.773,-389.178,276.777,246.46,1217.79,191.572,256.785,130.5,688.143,103.484,657.442,-597.546,18.2646,1402.89,1254.22,420.849,699.371,273.551,480.862,-688.844,-698.562,-157.794,-1046.71,697.465,777.162,575.386,393.455,834.151,964.672,-197.359,254.86
real_0085,267.895,89.0737,263.85,-5.42542,56.4541,145.481,513.189,434.683,306.443,85.0235,218.113,29.6514,165.385,273.751,172.439,-4.0272,176.287,44.8631,-2.78949,-31.8663,-8.11709,82.9956,134.765,142.938,577.524,323.292,190.326,158.986,129.636,154.229,279.126,-58.0232,-34.827,99.842,207.418,38.3147,-102.357,235.159,235.014,261.536,303.76,168.402,195.662,43.7599,-63.045,172.529,137.288,529.666,300.464,80.537,440.125,84.8622,3.26906,-99.5869,122.006,-128.867,-36.1683,-10.855,10.2644,188.642,236.004,309.893,592.182,295.905,-90.7946,535.374,287.899,67.1814,141.53,-12.3767,-73.948,136.115,205.253,190.501,-117.825,273.46,128.118,169.836,-1.46152,87.5678,53.8409,179.593,167.973,35.7813,172.816,126.616,331.341,144.745,257.416,359.622,98.7249,89.3973,326.437,130.826,-68.6992,19.546,148.606,275.726,256.53,608.196,514.346,124.492,11.7092,4.69453,61.6656,313.909,157.695,277.772,266.278,-7.38062,272.521,55.5456,129.901,140.343,27.5936,-8.9788,-8.08726,190.825,90.6529,79.4883,126.387,92.4488,12.0063,115.364,-162.756,143.761,219.539,25.0294,-85.6603,87.9117,-85.2628,254.648,144.376,243.492,163.814,184.383,139.645,349.79,173.85,197.172,-48.1649,-16.8245,98.8452,-2.8572,-88.2887,161.764,257.995,252.252,49.0698,350.485,204.254,57.3462,53.1842,52.8985,62.1342,217.127,87.1735,287.519,242.345,310.235,188.277,191.046,-104.239,40.3913,7.6075,-199.071,142.916,52.8433,316.315,111.406,200.379,246.606,281.089,185.055,74.2247,-77.7399,51.8091,129.134,268.457,54.5975,169.11,366.7,234.55,373.78,83.82,106.05,47.88,50.32,154.35,44.57,286.85,230.24,304.12,496.96,221.41,305.82,290.53,296.76,81.41,39.36,23.72,23.28,29.85,54.57,225.18,181.57,331.31,143.31,233.36,70.42,37.94,35.74,32.54,49.64,85.69,67.54,109.7,113.89,249.73,74.36,158.89,142.58,116.44,34.89,48.45,81.52,70.91,205.72,177.91,371.52,281.41,155.86,230.33,140.05,86.48,35.4,45.08,21.11,23.11,22.82,88.69,74.08,322.53,150.22,115.62,66.18,57.2,37.94,18.49,18.99,20.93,21.73,-593.343,686.926,1376.74,-10.4861,725.352,416.202,-318.928,290.085,48.1455,-60.1721,-228.906,760.232,1133.32,465.978,580.579,-284.065,-615.677,-305.329,452.047,626.763,101.935,655.783,-270.055,302.302,-466.575,219.015,327.25,276.147,6.68211,252.834,884.803,-329.187,523.701,526.593,403.486,-90.9849,-1074,285.797,695.475,594.763,574.67,552.707,-26.339,317.357,-231.627,906.159,946.427,417.855,236.292,178.462,33.5938,103.594,382.403,-119.726,677.472,369.93,1191.14,-76.3175,206.354,-362.244,85.2481,104.152,661.819,233.963,-783.121,674.751,58.0027,869.195,-185.187,423.962,422.069,-149.533,271.17,353.623,288.779,1368.95,577.44,-424.761,692.269,-207.196,502.962,-686.06,-673.775,-939.049,-1615.6
real_0086,32.2352,125.258,160.819,173.563,198.328,93.2276,344.746,219.442,293.079,88.91,150.683,280.667,508.109,30.1077,201.14,-92.5936,431.545,186.856,57.7246,273.882,194.526,24.0435,214.762,89.3205,627.712,117.62,232.222,23.2835,387.114,111.064,-327.913,-77.3962,143.07,254.951,42.0342,180.656,235.194,214.419,275.196,253.018,104.211,-19.092,81.9169,-146.85,5.87002,112.72,121.78,216.601,170.556,217.796,461.118,142.737,-119.739,156.722,28.3838,170.64,143.558,282.006,110.543,79.4477,139.364,314.575,480.81,112.675,95.8285,305.692,200.524,-63.1719,-36.8171,-137.685,101.319,174.843,141.524,231.816,71.3987,52.7766,73.9956,141.447,-69.7236,-23.7059,113.212,-97.8994,319.571,-34.8005,216.619,157.95,369.08,10.4561,143.199,344.232,-16.505,-34.2431,93.1141,107.277,131.502,112.875,-53.4617,-162.802,335.88,583.275,340.202,349.122,-81.8695,-35.2135,191.238,187.121,9.19137,453.11,495.869,139.637,223.544,-37.6775,23.3422,17.871,38.8877,53.4484,157.557,90.2453,181.654,100.984,106.947,58.9076,197.906,133.541,-75.496,188.016,123.525,104.561,85.1943,9.99387,27.1146,579.49,142.354,184.713,-81.9997,341.821,219.754,174.173,-16.7918,260.357,74.3595,19.8179,207.35,-39.8867,196.452,232.56,155.028,190.695,-8.9414,279.689,305.154,-36.1017,151.733,-45.0672,75.9711,204.56,347.427,143.979,451.165,-2.82702,233.956,-67.2374,24.4728,-70.6383,-29.9011,-56.7414,110.142,42.4804,72.3547,87.6124,252.381,170.454,410.723,249.181,220.65,192.678,9.74354,115.771,239.288,85.5429,169.11,366.7,234.55,373.78,83.82,106.05,47.88,50.32,154.35,44.57,286.85,230.24,304.12,496.96,221.41,305.82,290.53,296.76,81.41,39.36,23.72,23.28,29.85,54.57,225.18,181.57,331.31,143.31,233.36,70.42,37.94,35.74,32.54,49.64,85.69,67.54,109.7,113.89,249.73,74.36,158.89,142.58,116.44,34.89,48.45,81.52,70.91,205.72,177.91,371.52,281.41,155.86,230.33,140.05,86.48,35.4,45.08,21.11,23.11,22.82,88.69,74.08,322.53,150.22,115.62,66.18,57.2,37.94,18.49,18.99,20.93,21.73,951.221,-10.5164,208.528,29.333,424.231,548.364,600.571,283.377,643.537,-881.877,476.401,588.193,-176.485,-796.672,103.454,-385.55,-217.278,610.664,104.246,622.772,366.763,79.9121,818.092,-228.891,383.39,-871.636,-887.772,192.781,257.31,451.493,-1241.79,394.45,-200.011,231.851,-351.213,468.174,165.489,-465.697,-438.599,-339.238,164.665,89.0585,9.58253,379.155,495.953,-761.607,82.032,-194.041,825.28,396.769,788.917,720.061,1485.24,-108.421,1400.1,753.71,-439.447,-612.018,916.704,481.931,-379.095,1049.17,673.082,-584.425,498.17,261.254,54.2104,551.249,697.534,746.812,-170.107,457.769,553.529,-5.47042,-707.925,475.604,-106.134,-315.338,-299.213,363.427,-526.714,-989.668,233.648,318.554,-567.09
real_0087,166.631,11.9208,332.892,123.66,73.466,45.5914,267.149,49.6594,47.6696,316.737,134.281,106.432,203.684,198.083,59.7691,362.092,175.713,255.015,198.605,-131.043,-4.3095,100.16,138.728,-61.7677,1023.28,243.286,162.583,108.726,97.2822,119.682,11.1016,100.932,27.6686,-109.613,132.74,277.038,432.468,98.5256,120.658,202.837,135.838,164.19,144.471,-43.6519,-193.174,72.1433,209.269,387.61,373.852,153.79,431.72,-46.2944,135.535,-65.0003,52.2354,-125.821,-16.4368,166.489,-239.904,198.431,407.582,111.142,737.727,218.043,507.393,281.23,347.566,37.0369,-35.999,39.7125,-85.9384,51.4338,33.8987,110.694,220.181,215.092,252.833,-49.1014,-21.2452,129.611,-59.5937,123.105,-138.236,-7.04366,225.248,128.09,591.349,86.2309,100.225,414.456,40.8436,232.867,109.724,168.95,21.1638,-241.269,189.497,118.2,632.281,431.916,499.239,16.301,56.2746,3.94143,-15.0606,38.3662,213.103,523.13,359.662,328.558,147.967,291.423,188.706,32.073,43.6551,65.1813,-149.5,-50.2216,-110.253,28.0558,154.255,346.425,84.87,308.914,100.727,-7.41778,189.923,45.7806,193.464,-165.861,271.8,318.135,205.514,165.74,107.581,356.387,210.923,191.811,144.459,138.57,127.925,28.3157,-58.4799,-41.0974,400.739,28.0681,188.326,313.495,50.0455,108.793,331.626,59.8581,-40.0177,105.021,-70.7655,379.114,176.47,238.72,375.461,61.2295,146.518,73.7519,114.029,161.299,148.683,-20.6127,-252.541,30.9885,269.26,68.3579,156.571,252.183,351.682,-12.6975,193.447,0.472947,-87.4278,208.522,247.561,122.594,169.11,366.7,234.55,373.78,83.82,106.05,47.88,50.32,154.35,44.57,286.85,230.24,304.12,496.96,221.41,305.82,290.53,296.76,81.41,39.36,23.72,23.28,29.85,54.57,225.18,181.57,331.31,143.31,233.36,70.42,37.94,35.74,32.54,49.64,85.69,67.54,109.7,113.89,249.73,74.36,158.89,142.58,116.44,34.89,48.45,81.52,70.91,205.72,177.91,371.52,281.41,155.86,230.33,140.05,86.48,35.4,45.08,21.11,23.11,22.82,88.69,74.08,322.53,150.22,115.62,66.18,57.2,37.94,18.49,18.99,20.93,21.73,28.6319,2015.64,182.581,-297.851,227.427,544.755,-93.1616,90.7326,193.839,-132.598,343.634,-21.368,1818.43,-213.712,86.6723,-883.487,-575.36,-103.842,-256.349,63.7316,-867.012,-304.005,-384.134,-326.186,846.205,831.296,763.342,82.3181,579.604,311.463,-112.175,215.545,0.168443,527.898,547.691,-989.896,862.278,-673.546,513.585,298.638,361.069,277.502,1219.07,148.552,36.0681,-90.6815,-206.766,461.691,299.191,705.175,541.714,-244.977,917.444,906.112,151.925,-505.188,-72.9456,143.482,669.548,469.713,-357.255,1108.04,-627.027,580.944,317.7,956.515,-761.317,-610.934,599.535,432.584,-254.123,414.977,-82.9579,1322.12,327.654,1049.91,861.007,741.04,117.819,-100.823,451.217,1309.86,820.711,1210.01,597.754
real_0088,169.949,184.402,144.344,-196.767,64.2182,102.289,75.7103,88.5904,1.0972,16.6368,86.3433,-12.6523,308.517,307.024,107.649,81.0439,297.243,273.533,110.748,123.826,31.4796,-19.4601,39.8954,-93.0788,589.962,92.5717,80.3243,223.635,-9.40402,-143.341,-33.6848,-51.0161,46.5677,-18.6819,53.2703,-20.8799,244.012,163.435,303.311,196.639,131.73,155.204,25.3479,141.358,122.04,70.2751,239.773,213.266,275.913,373.341,606.31,228.302,59.2982,-152.76,-6.33106,48.3379,169.225,-19.4186,104.547,174.314,155.71,355.022,668.228,141.438,5.08834,371.57,21.3838,-39.8788,-32.1833,-29.8797,-25.2495,142.615,-90.7701,240.837,56.2527,220.114,6.42169,59.0581,30.6753,-38.6732,-108.649,142.442,178.809,-34.9234,74.0734,113.905,312.736,-42.9308,64.5835,69.5088,60.3472,120.888,-191.614,-154.126,-50.7699,189.669,152.252,239.175,350.542,293.495,303.505,116.999,-93.6784,61.5691,167.546,-168.399,274.602,520.486,256.635,200.05,166.525,79.6471,213.126,-18.4459,-80.4254,169.17,146.321,160.112,51.611,81.1956,148.97,175.536,-4.37167,355.009,-103.007,255.052,97.0142,-14.4381,-58.9304,139.34,85.3553,390.813,243.134,-14.9577,111.291,293.623,24.1383,-12.733,102.127,-89.1457,25.803,81.3865,70.1255,82.1035,88.0358,146.623,200.299,151.534,29.8538,152.015,218.704,113.613,-12.3796,-89.2788,90.5028,124.159,200.286,412.738,157.403,-48.9791,160.199,249.931,-63.7641,94.7868,-0.799056,201.384,129.486,117.055,129.635,38.3692,238.793,172.499,282.529,245.257,273.334,109.019,70.1672,59.5581,95.7315,124.975,169.11,366.7,234.55,373.78,83.82,106.05,47.88,50.32,154.35,44.57,286.85,230.24,304.12,496.96,221.41,305.82,290.53,296.76,81.41,39.36,23.72,23.28,29.85,54.57,225.18,181.57,331.31,143.31,233.36,70.42,37.94,35.74,32.54,49.64,85.69,67.54,109.7,113.89,249.73,74.36,158.89,142.58,116.44,34.89,48.45,81.52,70.91,205.72,177.91,371.52,281.41,155.86,230.33,140.05,86.48,35.4,45.08,21.11,23.11,22.82,88.69,74.08,322.53,150.22,115.62,66.18,57.2,37.94,18.49,18.99,20.93,21.73,752.947,424.434,675.658,318.316,122.326,305.155,457.521,-727.881,-249.537,996.595,303.527,-66.9573,-348.496,200.786,-20.8283,1080.43,539.81,257.644,628.214,-688.774,-551.214,-1318.05,958.178,874.969,1245.47,310.979,880.444,385.598,-44.4358,717.418,-361.594,229.884,837.654,-39.0621,796.072,-25.6609,689.493,139.11,907.521,-377.196,-301.867,734.956,1231.92,374.026,89.751,819.635,259.944,-236.138,-162.308,806.811,756.954,-147.021,-655.888,-303.399,-779.144,-643.536,1341.6,771.066,1103.57,944.615,296.526,274.183,714.411,-237.074,-1126.92,-1192.77,301.178,222.998,338.224,-260.922,851.348,529.071,615.83,354.964,678.577,723.127,-320.619,-539.116,430.803,746.17,158.123,-142.127,-344.436,370.412,-118.297
real_0089,-28.226,47.4187,227.5,59.6527,240.563,204.329,289.989,-100.937,179.876,249.332,217.569,86.6942,473.317,313.974,-13.782,79.5357,126.611,13.9567,184.626,74.2662,23.7608,33.1321,283.163,-158.241,660.922,291.653,152.466,293.119,238.207,174.621,96.6938,97.4468,51.3958,255.202,95.844,172.882,305.99,115.267,123.471,306.697,68.3895,184.981,190.084,-117.574,193.34,138.424,250.334,285.085,287.367,45.2326,422.624,-24.6998,-32.377,174.163,-40.5388,-13.3577,77.8203,-264.159,-42.1147,210.416,162.703,301.562,582.82,473.56,320.95,373.272,291.518,18.8887,-101.007,186.126,-22.1134,180.213,85.3478,200.981,170.339,177.005,199.089,73.414,12.2269,-83.0191,168.734,160.523,128.911,166.619,18.8751,206.113,490.775,-114.525,184.777,307.538,-0.750141,-7.0515,38.2503,-67.8827,-64.9766,5.29436,221.786,164.942,526.181,566.076,534.068,134.613,-49.7552,258.36,10.064,-12.7184,90.7222,515.534,445.402,-85.9468,158.594,55.938,353.948,248.768,25.5174,29.2764,-100.041,84.4638,32.0063,234.622,241.691,210.559,241.792,53.6006,-126.824,99.0081,-18.0249,-2.26683,40.3363,-46.9206,1.97244,235.472,-0.505298,174.507,253.628,323.825,328.009,-17.6008,173.725,185.115,151.962,7.26023,-220.893,197.022,172.83,-58.2963,422.586,244.921,-15.672,269.082,339.024,110.908,92.9823,227.841,100.888,251.54,46.3038,129.648,162.46,156.199,-208.09,-4.43518,-217.528,152.393,-1.36442,-107.093,-195.167,21.4813,236.255,103.844,189.96,219.37,500.386,85.6739,41.869,194.5,136.565,173.832,344.679,6.79477,169.11,366.7,234.55,373.78,83.82,106.05,47.88,50.32,154.35,44.57,286.85,230.24,304.12,496.96,221.41,305.82,290.53,296.76,81.41,39.36,23.72,23.28,29.85,54.57,225.18,181.57,331.31,143.31,233.36,70.42,37.94,35.74,32.54,49.64,85.69,67.54,109.7,113.89,249.73,74.36,158.89,142.58,116.44,34.89,48.45,81.52,70.91,205.72,177.91,371.52,281.41,155.86,230.33,140.05,86.48,35.4,45.08,21.11,23.11,22.82,88.69,74.08,322.53,150.22,115.62,66.18,57.2,37.94,18.49,18.99,20.93,21.73,791.775,912.007,898.006,377.598,-782.3,-68.2705,534.889,698.161,-200.526,1210.37,-55.9635,-256.306,686.233,437.987,243.441,825.506,-259.127,935.005,-96.6265,302.7,736.144,874.952,-624.536,-76.4164,754.668,169.075,598.454,-123.253,162.698,26.2252,71.1784,677.219,583.638,-362.233,906.854,8.98404,318.609,-508.509,-62.2444,655.42,846.206,534.827,1180.79,807.408,1245.97,472.151,1076.87,-324.037,-97.3501,506.021,248.974,548.614,529.92,-130.417,327.484,-2.94343,539.753,223.823,-191.397,729.588,28.5771,-563.126,1305.85,-136.572,379.91,-661.91,273.682,774.643,116.679,1540.61,1242.41,-133.625,-22.3833,1129.65,-206.792,222.313,825.247,722.55,171.233,226.271,182.867,-49.031,-824.006,142.106,849.01
real_0090,166.45,79.3188,172.11,107.778,26.9601,211.164,238.929,271.665,212.611,54.9325,-2.40529,266.634,221.461,224.006,-49.8122,-102.705,531.447,269.593,267.527,33.2006,136.754,48.1092,148.048,-13.5989,722.942,36.1987,212.245,98.9813,209.828,179.68,33.7798,-38.183,10.7309,42.2489,29.1849,308.691,90.0821,49.1182,91.5885,200.205,9.54416,44.5088,262.593,136.64,183.377,318.881,-174.833,191.875,321.788,23.3287,364.466,316.459,-9.05369,-45.3828,56.6074,133.834,-7.58639,147.802,-146.521,153.164,401.667,113.149,718.992,143.071,257.444,448.625,-142.385,63.1471,40.7411,-11.3769,45.483,299.672,86.8,206.143,37.423,265.425,128.369,71.7689,-10.385,-144.324,97.7666,61.155,59.7382,50.2518,-3.73535,153.179,390.351,113.487,226.2,125.013,110.391,139.178,88.4499,240.316,74.0645,66.9988,213.316,198.259,322.442,508.623,506.283,60.58,173.862,286.677,99.7016,289.135,74.1665,369.015,390.593,76.5141,18.336,-10.2444,189.229,-182.951,-174.211,132.399,50.7433,2.28202,91.4769,-6.99219,90.2923,87.7817,192.403,163.165,251.347,68.5629,85.5526,-73.9058,-26.8063,38.0228,93.7345,436.524,76.3702,167.728,-21.7154,371.005,198.552,125.483,-9.58009,378.111,338.363,-45.0602,-42.0991,77.094,117.844,-116.727,299.165,309.466,-31.4107,237.99,224.118,-43.052,37.7866,74.4355,283.574,105.077,187.739,117.553,323.513,64.4169,89.7537,178.28,98.0643,201.313,107.03,-102.286,87.7612,209.705,230.386,103.704,309.946,98.4506,153.92,-29.4216,111.005,110.378,-102.469,251.169,229.171,40.9949,169.11,366.7,234.55,373.78,83.82,106.05,47.88,50.32,154.35,44.57,286.85,230.24,304.12,496.96,221.41,305.82,290.53,296.76,81.41,39.36,23.72,23.28,29.85,54.57,225.18,181.57,331.31,143.31,233.36,70.42,37.94,35.74,32.54,49.64,85.69,67.54,109.7,113.89,249.73,74.36,158.89,142.58,116.44,34.89,48.45,81.52,70.91,205.72,177.91,371.52,281.41,155.86,230.33,140.05,86.48,35.4,45.08,21.11,23.11,22.82,88.69,74.08,322.53,150.22,115.62,66.18,57.2,37.94,18.49,18.99,20.93,21.73,-361.967,834.235,831.46,558.417,454.264,-55.9663,426.772,728.613,210.738,-292.276,-50.9383,323.961,-133.105,-15.5775,-189.041,-293.861,973.516,-10.4852,84.1371,320.268,-379.801,601.571,817.155,926.701,-392.836,429.214,-374.949,305.976,-134.643,232.058,-209.919,783.023,696.037,-45.8659,59.0903,392.232,1228.83,-89.7177,-594.113,-351.97,-96.6868,-715.687,-901.607,1468.2,-88.7947,1045.65,1090.31,773.825,-305.623,505.542,-228.447,-151.455,-36.8579,461.277,458.671,507.748,1008.27,437.055,550.6,1518.63,310.496,-324.645,176.772,983.908,-258.981,173.214,280.892,-954.395,38.4137,444.184,2016.82,-211.983,766.36,339.588,1289.44,578.798,716.496,890.611,0.521834,799.6,-14.0151,-85.1175,50.6937,-772.563,148.579
real_0091,139.793,-101.914,211.84,303.61,85.2177,266.393,479.163,206.985,114.723,100.037,266.96,117.701,250.393,270.527,44.1498,373.874,287.693,364.141,106.635,-6.14283,30.3111,7.97549,45.4088,-69.3969,909.753,43.0787,-6.82947,162.17,209.544,113.558,74.9756,5.55417,193.627,73.8354,234.069,205.161,259.438,31.588,215.544,106.471,70.5327,39.2482,184.806,37.317,26.3457,311.935,158.106,333.858,613.658,157.788,676.36,200.999,104.728,137.879,55.035,-9.36385,38.0339,83.0393,-61.1191,206.407,240.913,369.496,789.311,476.114,211.374,463.791,138.103,53.6237,136.348,117.039,142.713,-10.0831,-107.261,195.446,285.981,1.97304,77.7836,90.4875,-17.7184,140.359,-126.732,39.9394,185.425,99.171,83.1727,-23.4969,614.314,89.7533,156.819,-83.4643,167.175,233.96,-161.805,-161.06,-105.031,281.398,143.771,77.7894,209.761,692.075,558.681,232.033,134.83,191.502,28.4498,-6.33676,164.484,591.955,229.422,107.965,68.7916,-43.7909,271,300.724,83.9512,150.673,-30.3321,5.9029,8.43328,230.156,39.1936,190.696,45.089,218.883,43.5734,138.635,150.5,188.802,112.992,141.069,227.678,365.368,243.436,66.4679,86.2627,371.567,101.472,13.7293,135.329,-167.631,-54.0734,247.29,90.4918,-51.508,-34.5771,19.41,231.15,120.784,80.1522,230.543,193.478,-174.754,42.3933,252.346,-104.093,184.645,54.2061,160.831,299.67,131.953,36.1171,-56.1628,167.358,-32.2131,-47.5664,5.68502,132.195,174.144,177.967,65.6567,10.1219,-146.03,435.282,-7.13985,357.765,70.2121,163.358,133.824,285.808,-98.7226,169.11,366.7,234.55,373.78,83.82,106.05,47.88,50.32,154.35,44.57,286.85,230.24,304.12,496.96,221.41,305.82,290.53,296.76,81.41,39.36,23.72,23.28,29.85,54.57,225.18,181.57,331.31,143.31,233.36,70.42,37.94,35.74,32.54,49.64,85.69,67.54,109.7,113.89,249.73,74.36,158.89,142.58,116.44,34.89,48.45,81.52,70.91,205.72,177.91,371.52,281.41,155.86,230.33,140.05,86.48,35.4,45.08,21.11,23.11,22.82,88.69,74.08,322.53,150.22,115.62,66.18,57.2,37.94,18.49,18.99,20.93,21.73,-84.2128,-402.527,-238.344,-831.533,750.062,609.489,7.31897,-183.88,433.007,31.1376,-587.357,496.485,90.8036,724.477,376.81,352.496,-160.562,-60.2887,610.417,-927.496,-647.664,-117.35,637.465,-336.812,1110.17,71.004,-187.551,98.6403,175.978,-1081.08,969.133,471.836,66.5602,-173.704,1120.47,550.598,1220.2,-190.379,47.2909,762.853,-509.618,1194.66,428.406,369.326,-566.426,237.678,1503.44,76.1356,322.376,1153.58,392.649,-196.62,-626.52,303.423,705.482,257.714,208.201,-309.582,42.6319,437.665,-495.714,338.076,446.427,-604.001,215.377,140.05,1357.92,-913.23,285.467,457.897,690.07,427.912,1129.35,214.563,-156.09,174.494,-986.462,91.3901,625.393,192.338,-85.9733,-243.699,-248.57,-130.534,-149.549
real_0092,163.357,63.5228,206.991,38.1679,281.975,280.388,216.722,159.633,359.286,-86.0313,232.434,139.494,343.452,255.98,241.084,218.666,155.853,265.603,-101.918,201.781,93.3848,-65.7955,-100.161,40.3074,543.197,333.263,151.481,187.55,280.601,43.2655,-52.7698,138.144,24.572,49.3356,140.475,110.413,-74.9278,-18.7337,129.34,-59.31,-56.7239,52.6541,49.9071,-48.0846,-138.491,328.009,36.1462,415.6,478.486,337.361,620.147,341.964,90.8728,78.8882,152.337,-38.9547,92.3062,77.6591,108.089,172.043,114.358,274.265,578.321,348.258,273.814,419.833,-10.7692,-66.943,-64.4335,23.993,33.7955,191.764,41.4479,312.697,19.0686,274.386,255.153,138.472,-180.019,-52.1708,66.3483,-5.75171,10.7044,139.235,-132.425,135.85,110.289,-36.2316,-39.1301,360.187,76.9131,-82.8085,-149.527,84.3827,35.6544,-29.6589,-35.8142,81.0057,579.691,400.132,507.265,194.848,-181.291,-82.5726,-17.4441,162.016,310.841,498.065,301.261,155.203,56.3575,7.22154,-46.8144,83.0295,13.7565,-51.4688,73.2667,-50.2911,11.7151,-1.0378,209.751,388.975,248.84,365.253,108.495,18.1644,4.17616,-116.552,58.3741,-115.935,127.136,449.85,-55.4778,248.131,-55.7262,346.768,-84.2887,137.559,-55.9388,-257.893,17.6721,90.6732,-33.7635,-102.284,101.466,-23.4251,113.416,211.749,228.064,348.245,280.32,-6.24649,69.6434,115.045,55.6837,96.195,249.673,104.925,65.1762,176.074,135.158,-133.762,-26.4939,12.3565,114.509,-30.6069,-68.7713,26.9127,-74.4658,17.1749,285.838,141.946,216.087,-136.533,193.35,114.537,107.9,67.5455,196.595,2.39325,169.11,366.7,234.55,373.78,83.82,106.05,47.88,50.32,154.35,44.57,286.85,230.24,304.12,496.96,221.41,305.82,290.53,296.76,81.41,39.36,23.72,23.28,29.85,54.57,225.18,181.57,331.31,143.31,233.36,70.42,37.94,35.74,32.54,49.64,85.69,67.54,109.7,113.89,249.73,74.36,158.89,142.58,116.44,34.89,48.45,81.52,70.91,205.72,177.91,371.52,281.41,155.86,230.33,140.05,86.48,35.4,45.08,21.11,23.11,22.82,88.69,74.08,322.53,150.22,115.62,66.18,57.2,37.94,18.49,18.99,20.93,21.73,106.835,144.244,1038.39,698.524,284.276,151.788,-518.215,681.514,-794.92,-1098.24,-127.979,-202.936,21.8255,968.399,817.853,824.552,237.701,-298.048,216.82,-32.1961,1013.84,68.7256,-233.026,748.918,242.738,353.333,-120.212,-247.418,98.5793,61.8903,420.294,528.798,109.678,265.104,255.11,-220.966,-849.491,992.647,298.628,-560.188,85.5916,172.48,-614.935,89.6854,841,758.081,-575.882,723.809,69.7911,1324.83,199.583,359.324,303.289,319.025,385.023,311.371,525.904,-136.788,886.256,-539.738,-303.974,958.868,28.4484,-558.079,590.794,293.478,385.319,486.653,242.028,573.736,-759.443,999.9,197.256,432.204,-132.658,-93.7593,62.7042,152.097,288.16,168.175,-193.813,-15.9383,771.518,522.733,424.686
real_0093,81.2381,171.214,217.366,136.304,74.803,383.62,383.499,185.096,58.0034,-18.2318,3.08546,273.037,450.132,49.101,319.696,-119.408,120.173,309.565,-18.927,91.1674,-77.6589,-125.511,1.60209,93.5903,522.446,484.746,-122.737,265.548,204.234,40.7115,-53.8447,-157.751,14.9496,-112.106,111.849,190.904,75.5483,282.821,229.118,165.551,415.246,1.5598,106.614,-94.3587,-99.5465,303.258,163.424,265.932,349.948,164.175,645.907,171.797,-135.114,197.635,-29.9072,63.8841,-2.01201,-143.663,-12.7491,251.907,174.531,307.018,637.818,232.323,234.262,339.241,122.403,204.025,-145.629,-103.205,-133.686,385.403,47.3187,176.983,150.667,252.666,245.144,135.875,48.2258,137.906,-30.4674,157.383,94.0776,242.116,105.652,74.5936,46.6731,102.565,101.757,248.63,197.088,77.8814,-100.851,89.1331,13.8315,115.184,-33.4057,158.149,415.692,626.161,295.717,167.008,-103.225,186.611,202.408,196.366,-28.0906,463.581,168.405,62.3553,9.47608,213.339,39.0974,20.7426,326.949,8.55439,-71.0586,-57.9838,114.58,112.918,89.2772,-8.40213,529.692,315.547,215.082,255.809,-13.2783,37.6991,-95.1344,136.395,108.099,386.481,279.921,282.477,-4.83127,393.146,164.748,168.782,198.446,179.39,-89.9969,41.8266,-3.28652,39.5611,-93.5845,84.8534,278.522,120.129,-26.8278,219.293,196.686,-162.502,399.255,38.551,-12.4575,110.769,79.4143,104.22,288.526,-73.8419,-62.8615,-12.5259,143.368,-181.196,78.7036,47.5155,-40.1884,29.7987,150.883,160.81,291.054,141.174,246.723,149.45,-26.3364,-34.8558,-155.938,43.5765,346.949,96.7156,169.11,366.7,234.55,373.78,83.82,106.05,47.88,50.32,154.35,44.57,286.85,230.24,304.12,496.96,221.41,305.82,290.53,296.76,81.41,39.36,23.72,23.28,29.85,54.57,225.18,181.57,331.31,143.31,233.36,70.42,37.94,35.74,32.54,49.64,85.69,67.54,109.7,113.89,249.73,74.36,158.89,142.58,116.44,34.89,48.45,81.52,70.91,205.72,177.91,371.52,281.41,155.86,230.33,140.05,86.48,35.4,45.08,21.11,23.11,22.82,88.69,74.08,322.53,150.22,115.62,66.18,57.2,37.94,18.49,18.99,20.93,21.73,-518.813,-84.8525,737.518,448.434,-358.395,557.428,-192.236,-196.232,-123.248,-129.48,-315.108,415.995,1160.16,219.122,1628.29,1016.15,376.749,293.762,322.708,-620.624,185.098,150.509,-179.961,516.348,216.178,329.773,287.654,382.457,-61.9969,-185.718,-534.103,1474.3,-117.135,-236.004,51.9128,362.237,889.017,178.352,1394.92,918.859,443.074,321.123,-842.7,1032.73,-20.2476,-426.567,430.163,676.807,-292.19,710.604,1277.04,-371.53,-248.019,111.204,712.33,300.361,-5.53652,366.465,157.154,466.457,349.803,-324.539,473.744,409.173,987.442,123.659,-174.322,464.985,722.817,-378.718,314.386,-83.5163,921.695,138.09,1245.04,-311.112,957.185,314.297,181.997,614.799,-424.73,-119.938,325.817,-102.031,899.057
real_0094,253.183,109.089,260.528,123.346,112.809,193.228,169.962,94.71,131.239,-21.3172,109.298,67.4869,263.213,96.3802,0.0675204,13.3288,58.1593,189.826,-94.4339,-78.1535,180.814,10.4211,70.1297,153.508,617.15,169.813,190.788,113.209,85.1348,74.2399,25.4255,209.046,-60.8304,113.028,167.517,71.3003,-44.3961,365.247,376.965,102.794,111.088,234.088,136.22,-41.7345,92.7375,81.7671,155.859,240.771,259.573,303.622,647.684,102.084,42.1066,-132.152,37.2343,-105.18,-20.0238,187.063,38.0414,172.656,166.82,102.896,517.333,266.608,212.505,375.447,58.9402,-133.911,95.3005,36.449,-178.627,183.878,188.331,363.897,107.401,131.189,162.132,105.576,129.153,-37.8031,74.6923,-51.0097,167.964,45.4927,88.0242,-5.55132,373.872,-50.9966,124.242,398.295,-45.7516,-49.2953,-112.516,-70.6405,-150.605,72.4593,-99.3642,189.808,303.322,669.945,538.528,88.595,-74.8955,-70.6003,64.2731,-61.8484,-174.767,409.428,197.403,137.836,-37.0327,82.0064,142.893,224.618,69.6889,67.368,-24.8596,-230.778,273.336,-21.1113,327.013,-119.313,327.74,352.52,65.0933,259.392,-40.1792,-88.1641,-137.497,-173.267,-42.737,307.772,31.1764,226.896,255.937,409.423,164.56,110.777,73.9611,-98.1351,-158.076,-89.841,-79.445,99.8513,151.599,46.9109,232.779,223.988,-59.3634,238.518,315.248,-84.0242,22.0243,82.6387,111.776,368.204,213.309,94.8095,347.313,314.456,102.492,70.8086,-58.5115,48.3322,-6.51134,100.032,71.8343,142.778,171.622,-102.445,261.014,246.662,88.6451,110.077,92.7443,74.9859,-183.715,-36.1702,355.319,160.294,169.11,366.7,234.55,373.78,83.82,106.05,47.88,50.32,154.35,44.57,286.85,230.24,304.12,496.96,221.41,305.82,290.53,296.76,81.41,39.36,23.72,23.28,29.85,54.57,225.18,181.57,331.31,143.31,233.36,70.42,37.94,35.74,32.54,49.64,85.69,67.54,109.7,113.89,249.73,74.36,158.89,142.58,116.44,34.89,48.45,81.52,70.91,205.72,177.91,371.52,281.41,155.86,230.33,140.05,86.48,35.4,45.08,21.11,23.11,22.82,88.69,74.08,322.53,150.22,115.62,66.18,57.2,37.94,18.49,18.99,20.93,21.73,1098.59,-339.036,-367.799,1005.36,63.2879,258.671,119.34,-374.594,-490.146,-1336.67,560.108,330.832,-364.524,639.267,323.401,-50.9625,-176.634,186.653,43.3872,646.098,733.315,-136.077,812.424,-83.1023,1510.49,13.7183,-532.698,90.2411,2.30702,-533.921,-409.569,380.73,-907.533,166.488,-358.136,-125.981,-596.297,-423.398,108.506,344.341,399.381,-153.846,167.71,759.173,-177.852,-595.781,-364.687,-631.198,-910.404,714.704,-609.04,-297.157,453.132,356.303,701.824,-639.777,1408.03,593.263,286.794,-158.549,342.298,-13.6423,359.503,337.368,-155.645,489.194,-506.219,576.373,352.905,-328.725,613.258,538.485,-345.453,537.552,517.179,33.0758,627.46,800.294,108.354,-481.876,12.5924,534.516,1272.34,-166.403,575.456
real_0095,134.19,71.6742,387.314,272.446,120.51,183.728,58.6765,191.091,160.511,203.217,185.091,141.592,281.058,249.416,105.639,-39.1357,249.562,163.466,99.8327,-67.291,-75.5133,138.912,134.225,96.5193,705.59,385.725,18.5757,234.182,-18.7747,3.87935,73.535,61.3234,195.751,85.2829,138.812,-15.3432,181.822,228.181,213.758,123.528,127.575,75.0402,117.292,14.4246,-80.269,-81.0496,48.5557,166.823,299.991,-56.1266,509.316,265.246,55.7769,18.6313,-47.347,0.417526,107.793,-220.058,66.9739,252.567,149.763,263.962,666.543,199.874,247.734,441.011,244.991,24.5138,-64.0321,114.03,-231.727,134.776,-169.458,56.4097,22.4921,-120.346,227.061,-37.6885,-139.104,87.7297,193.235,-13.5056,5.46815,216.461,250.478,177.074,454.675,270.888,70.9481,353.717,-63.8528,29.3533,35.697,129.048,14.3003,-17.2351,145.488,305.804,340.444,610.047,444.859,191.223,97.6063,138.879,222.486,-33.0146,119.77,505.876,82.5865,332.263,159.452,163.023,149.744,-229.173,-31.7202,176.905,118.56,121.68,-37.4588,89.7234,245.775,118.939,238.547,113.334,182.748,-6.42523,231.392,-0.16341,87.8187,93.1957,74.2212,481.11,195.376,197.631,25.456,224.503,283.993,65.7448,78.0185,-116.909,171.495,7.277,-156.698,76.3376,164.616,96.2491,404.749,368.788,130.552,532.167,283.71,12.9915,-98.9139,-131.542,-170.128,-22.7484,196.898,244.009,201.566,150.997,38.2608,-67.4308,7.19819,145.128,68.643,23.904,26.5642,-67.154,469.14,295.371,218.237,462.048,374.916,291.221,270.122,105.08,-22.2896,-124.871,150.901,111.717,169.11,366.7,234.55,373.78,83.82,106.05,47.88,50.32,154.35,44.57,286.85,230.24,304.12,496.96,221.41,305.82,290.53,296.76,81.41,39.36,23.72,23.28,29.85,54.57,225.18,181.57,331.31,143.31,233.36,70.42,37.94,35.74,32.54,49.64,85.69,67.54,109.7,113.89,249.73,74.36,158.89,142.58,116.44,34.89,48.45,81.52,70.91,205.72,177.91,371.52,281.41,155.86,230.33,140.05,86.48,35.4,45.08,21.11,23.11,22.82,88.69,74.08,322.53,150.22,115.62,66.18,57.2,37.94,18.49,18.99,20.93,21.73,-137.537,521.836,-8.0784,321.823,-1065.39,72.7494,410.212,-813.636,509.297,598.15,-323.784,360.95,-248.479,353.127,-123.382,411.912,745.873,-340.187,1019.94,-166.055,588.948,300.022,-3.11911,-13.0069,-461.066,559.766,-299.868,590.672,188.774,824.36,-1014.71,-526.261,-1212.4,1133.67,-304.595,884.285,-314.007,1243.75,-242.822,822.421,236.631,101.73,393.092,135.311,375.235,154.053,-337.374,-242.356,879.35,407.366,-290.796,93.8931,109.401,-825.43,-483.806,120.085,-372.651,-261.441,744.517,464.11,-554.36,-273.056,1982.79,-978.441,-272.178,156.018,-387.36,-493.691,228.935,898.935,-167.428,-705.237,-147,298.373,-31.7918,1375.49,97.6869,158.932,175.402,-475.667,-517.621,-492.975,56.3153,616.687,-377.631
real_0096,20.0522,104.889,404.684,185.553,236.888,-43.8321,200.186,68.5008,64.5824,54.7051,109.699,69.3946,459.173,113.545,232.921,101.739,116.291,183.298,57.2937,78.9013,94.8457,-124.501,-100.738,236.085,757.643,85.9519,189.035,-9.46934,-119.403,-195.823,31.0319,115.42,40.3874,98.9717,267.46,58.4183,86.8777,164.512,98.4904,-25.275,73.25,188.759,182.494,-84.9894,-120.211,129.632,220.213,101.802,201.439,204.134,520.896,96.6182,-18.7596,71.8441,86.0751,-18.5933,-107.539,-17.8388,53.2158,135.219,187.537,259.061,512.034,231.287,295.216,192.125,-20.0112,-43.9812,-173.758,175.449,-51.3707,94.2547,57.5494,190.899,98.5723,87.7509,417.012,113.777,-103.324,34.6578,3.48703,39.2359,154.561,137.856,290.341,80.8901,426.318,122.242,140.897,97.3018,249.321,-76.3357,72.0714,180.16,81.4368,-34.5135,38.5761,43.7641,574.085,514.888,595.471,29.3188,7.09938,-53.3315,64.4487,21.3846,59.2847,363.469,369.728,135.689,133.497,163.518,110.762,335.189,-35.6288,167.679,27.0427,-80.3135,97.4754,75.1394,229.084,10.348,236.737,142.354,-4.79453,-51.4109,110.214,37.5688,168.963,110.222,47.1727,262.172,129.414,220.774,229.924,231.095,179.491,178.203,261.834,101.059,259.713,-91.7934,-110.414,159.143,114.835,177.896,184.895,352.829,71.5001,71.1717,414.657,191.75,109.433,110.127,176.512,449.495,271.731,-33.1464,190.285,61.4722,-138.823,97.5301,7.88823,-129.333,-229.743,7.21043,193.114,56.0165,-55.8251,18.4034,115.128,117.509,477.64,100.863,372.36,189.763,84.4433,107.656,324.455,198.716,169.11,366.7,234.55,373.78,83.82,106.05,47.88,50.32,154.35,44.57,286.85,230.24,304.12,496.96,221.41,305.82,290.53,296.76,81.41,39.36,23.72,23.28,29.85,54.57,225.18,181.57,331.31,143.31,233.36,70.42,37.94,35.74,32.54,49.64,85.69,67.54,109.7,113.89,249.73,74.36,158.89,142.58,116.44,34.89,48.45,81.52,70.91,205.72,177.91,371.52,281.41,155.86,230.33,140.05,86.48,35.4,45.08,21.11,23.11,22.82,88.69,74.08,322.53,150.22,115.62,66.18,57.2,37.94,18.49,18.99,20.93,21.73,725.903,1049.03,-461.984,724.129,812.758,-47.4765,754.486,754.041,1242.45,138.457,-198.548,263.735,-397.016,-897.38,-147.253,1005.62,-798.849,676.652,930.571,-680.792,212.231,447.787,672.497,159.919,237.521,34.2345,31.7949,-7.5087,-763.812,511.908,1065.72,-322.946,70.1376,91.1412,-514.751,923.125,1323.36,475.505,575.393,-636.605,-21.1661,-898.227,507.663,165.079,489.018,-191.273,79.2493,-1222.33,-226.099,44.6993,366.323,424.685,1264.2,-697.703,-257.752,386.692,320.032,550.993,746.699,510.493,379.72,477.845,217.038,-121.064,976.093,861.493,368.48,458.499,841.872,554.029,-381.177,-244.33,755.564,-1302.18,282.089,143.293,296.225,-545.97,1153.71,-581.88,-602.49,275.554,1165.26,75.8518,821.078
real_0097,129.22,128.513,390.902,-87.2654,113.149,89.3081,489.755,16.3258,40.0253,270.299,125.079,265.597,323.392,24.3732,127.357,53.1635,360.482,131.658,100.83,123.105,196.138,106.648,-25.302,3.00062,628.698,111.992,31.3293,121.317,225.697,30.1148,46.2227,136.047,-9.53882,150.195,281.749,112.987,193.55,23.502,168.151,154.152,322.378,300.368,239.661,26.349,17.6129,36.6158,225.494,78.9555,400.256,308.852,467.06,325.469,209.779,172.603,-169.445,55.8556,-73.7039,-48.5955,187.37,182.337,151.485,350.122,771.378,169.985,144.471,105.517,100.784,-9.47109,-54.481,-45.5336,82.4262,139.212,-26.2489,49.4105,116.309,88.6387,-14.8688,234.227,106.761,5.84429,-175.929,87.262,-51.991,386.962,31.6049,308.541,352.073,156.277,141.123,-31.0955,-6.18902,8.92532,-34.726,147.034,-20.0877,-186.466,18.3004,257.962,225.515,369.457,557.657,91.9724,-81.8145,-44.7124,-39.8719,103.168,189.867,465.526,338.962,239.038,48.5146,142.102,216.158,-196.283,32.3215,42.3924,-80.9711,27.0012,-59.1056,-7.57922,283.64,69.9733,259.792,-36.2401,204.893,73.2474,167.898,92.3799,314.166,182.116,20.0272,342.41,313.224,373.608,340.934,571.33,113.24,310.461,141.234,104.457,-21.0347,192.074,-21.3412,45.7543,70.7832,72.7454,104.759,47.1665,230.849,389.697,238.626,97.3743,-177.843,-22.6309,-56.7292,140.237,100.442,214.108,360.843,181.863,-22.3325,42.7137,-94.8828,31.5715,65.9013,52.0127,215.965,-89.2829,33.9145,191.495,208.639,115.801,105.99,-121.978,235.268,148.463,-110.784,12.7137,335.533,56.4216,169.11,366.7,234.55,373.78,83.82,106.05,47.88,50.32,154.35,44.57,286.85,230.24,304.12,496.96,221.41,305.82,290.53,296.76,81.41,39.36,23.72,23.28,29.85,54.57,225.18,181.57,331.31,143.31,233.36,70.42,37.94,35.74,32.54,49.64,85.69,67.54,109.7,113.89,249.73,74.36,158.89,142.58,116.44,34.89,48.45,81.52,70.91,205.72,177.91,371.52,281.41,155.86,230.33,140.05,86.48,35.4,45.08,21.11,23.11,22.82,88.69,74.08,322.53,150.22,115.62,66.18,57.2,37.94,18.49,18.99,20.93,21.73,191.894,447.655,-921.065,-451.605,-273.194,54.0986,-550.559,163.895,137.433,-125.996,-14.9262,-96.1847,31.0017,218.224,410.745,461.009,1814.47,573.415,-49.0709,-472.641,-1018.37,430.559,933.255,-326.587,-353.48,-840.472,46.7038,529.413,390.789,222.412,429.452,652.268,-1199.56,583.746,-155.536,-354.723,254.236,-237.692,-826.856,-501.255,403.216,61.9544,361.029,904.841,-254.645,684.064,270.361,669.623,804.477,-675.637,-406.54,-11.0271,950.349,-385.863,-423.166,140.297,342.703,515.754,1268.09,463.004,621.666,268.382,115.171,-261.062,31.6142,40.298,623.534,-516.12,508.949,952.468,570.893,-452.154,802.621,411.711,506.687,454.514,823.122,-499.022,266.362,217.304,-61.0208,-546.233,438.449,136.475,-5.83188
real_0098,143.683,149.103,560.062,25.211,279.251,-41.9487,490.866,189.357,222.431,267.434,276.874,114.326,196.456,316.524,39.4138,82.6484,126.034,84.3656,211.059,27.3962,-23.4606,-38.0722,154.853,155.163,628.482,211.865,48.5736,218.476,270.757,-70.249,73.1757,-134.848,-165.251,-23.5125,94.6797,13.9246,270.784,-43.0214,245.382,4.32421,183.813,108.532,-28.5854,-102.829,105.511,430.38,191.4,278.386,314.942,173.795,774.374,195.939,23.179,-64.2431,-71.5207,-71.4727,-229.501,4.33494,95.0071,144.967,262.996,429.599,610.861,191.898,219.864,343.18,85.1137,22.4804,-160.09,-128.796,81.7213,187.177,113.965,149.901,158.948,317.744,74.571,-21.5606,236.249,114.906,84.768,163.172,52.7514,9.96461,21.7279,-48.3545,378.464,256.662,141.778,255.704,59.7832,-107.601,191.52,-37.2589,-124.914,-46.4217,-14.4629,316.861,512.452,623.216,489.149,257.229,-85.1139,117.479,96.0498,-1.24043,197.573,425.331,366.901,57.9461,187.783,94.6285,-159.379,-73.3061,-23.4583,-29.6407,26.4047,-87.6387,38.7967,66.7631,105.745,20.6949,-0.864704,-3.15556,14.8704,-38.8108,-103.913,27.8284,-56.8855,-33.9123,101.158,226.132,135.46,206.352,-30.9783,219.016,-61.057,368.292,39.3364,-4.85217,-225.223,5.48217,117.227,-36.7382,46.9808,-132.234,350.982,211.557,82.7645,262.419,305.979,189.437,104.555,-68.9785,-44.7557,121.31,291.466,309.277,81.5339,68.0793,120.658,-41.2026,3.12793,203.809,119.168,-9.01179,30.349,48.4648,223.662,-284.922,135.047,219.047,473.358,203.426,179.763,-74.1874,34.5642,173.909,107.453,191.782,169.11,366.7,234.55,373.78,83.82,106.05,47.88,50.32,154.35,44.57,286.85,230.24,304.12,496.96,221.41,305.82,290.53,296.76,81.41,39.36,23.72,23.28,29.85,54.57,225.18,181.57,331.31,143.31,233.36,70.42,37.94,35.74,32.54,49.64,85.69,67.54,109.7,113.89,249.73,74.36,158.89,142.58,116.44,34.89,48.45,81.52,70.91,205.72,177.91,371.52,281.41,155.86,230.33,140.05,86.48,35.4,45.08,21.11,23.11,22.82,88.69,74.08,322.53,150.22,115.62,66.18,57.2,37.94,18.49,18.99,20.93,21.73,157.636,257.143,729.812,1011.3,-26.4932,930.15,34.4031,888.415,471.717,253.731,-447.759,-195.859,-20.2048,-463.924,249.103,550.817,630.248,682.525,-475.172,32.1257,-38.6877,509.967,415.467,13.7449,-411.97,40.3727,-109.738,725.834,481.534,297.081,-865.347,-560.322,1692.84,207.901,-51.3643,120.275,-160.051,351.439,316.025,166.777,47.2086,-387.931,148.454,657.052,-74.4249,833.616,176.377,785.731,1119.65,683.671,-242.945,6.39963,51.2196,632.589,736.434,-311.285,557.041,205.896,950.174,280.405,-123.41,47.7451,-164.869,1485.62,65.1606,-182.519,26.1135,567.122,770.831,717.513,90.7919,504.03,861.044,256.498,179.018,56.7562,-153.7,362.495,254.12,-109.217,163.923,8.7437,208.932,349.906,892.89
real_0099,202.87,-144.546,5.77072,193.179,362.051,222.779,109.917,266.33,98.837,42.5276,183.784,61.3454,103.879,114.559,133.275,66.7676,239.273,135.161,297.284,-156.153,-22.1982,-32.6483,81.3801,-11.976,698.387,106.531,383.716,436.912,60.1063,-131.226,-12.7531,122.996,-68.919,30.7671,-37.9433,6.65762,233.776,-70.4712,81.2098,211.935,-80.2861,362.646,302.695,140.917,-66.9695,254.074,19.163,227.882,349.36,446.402,577.822,149.836,101.865,-57.4036,199.347,57.308,-127.766,127.122,34.376,206.894,247.81,254.227,488.366,201.811,62.7806,200.606,35.842,-53.3771,179.7,154.168,-132.584,91.2507,-152.827,482.94,105.471,354.406,230.352,-52.1467,-127.523,-43.9743,-45.6681,-50.5911,-80.4789,296.256,50.4421,156.01,340.214,352.282,85.5526,159.699,62.3595,44.8657,-17.0185,123.26,19.0862,54.5749,-64.2603,294.227,536.357,531.175,267.048,174.681,140.717,-3.15081,108.648,145.263,135.424,487.24,510.627,60.5915,-77.4126,65.2809,8.99197,104.382,-154.985,-10.6785,266.664,232.44,-7.33575,-23.7621,68.0794,-16.0667,182.232,1.28405,-11.2845,136.512,3.1679,-93.0152,-168.947,17.81,79.8026,453.119,139.132,275.63,61.3158,482.049,-91.2166,227.025,-64.6848,-39.8929,-65.8089,-143.9,-64.6822,102.104,156.932,27.1911,309.061,90.7484,199.475,264.167,226.47,223.975,92.3329,35.4218,-19.5129,129.684,-12.1392,145.049,205.31,272.922,112.225,-68.8563,44.4701,172.028,45.7792,51.0689,-68.9458,-180.689,176.788,185.251,122.748,170.441,439.06,183.355,129.655,-26.6744,-80.7234,56.3911,212.963,7.87288,169.11,366.7,234.55,373.78,83.82,106.05,47.88,50.32,154.35,44.57,286.85,230.24,304.12,496.96,221.41,305.82,290.53,296.76,81.41,39.36,23.72,23.28,29.85,54.57,225.18,181.57,331.31,143.31,233.36,70.42,37.94,35.74,32.54,49.64,85.69,67.54,109.7,113.89,249.73,74.36,158.89,142.58,116.44,34.89,48.45,81.52,70.91,205.72,177.91,371.52,281.41,155.86,230.33,140.05,86.48,35.4,45.08,21.11,23.11,22.82,88.69,74.08,322.53,150.22,115.62,66.18,57.2,37.94,18.49,18.99,20.93,21.73,1051.47,180.866,255.724,-328.906,944.254,338.572,70.2561,560.972,-168.422,-140.331,620.307,160.071,145.835,735.639,-537.771,240.785,1022.69,756.649,-383.995,463.439,850.352,54.3836,-154.805,-95.7724,-213.537,-571.164,-1517.54,333.749,-251.641,-889.264,568.206,265.505,80.8321,-177.424,170.266,202.192,227.933,922.152,592.19,-54.0629,-276.096,-628.993,638.625,-9.37088,-520.787,-253.807,-735.502,1135.7,107.627,530.93,-234.102,213.714,54.1412,1025.04,528.897,-132.577,-513.799,-751.752,-462.275,-392.306,-196.261,325.592,-46.0657,395.867,1098.69,503.127,744.685,-65.2845,737.934,-545.966,532.566,-306.387,-247.741,117.727,1119.06,894.344,845.39,312.064,315.009,903.612,272.41,-64.626,-256.138,-327.428,857.358
base,121.93,87.92,272.46,103.87,185.53,145.52,286,105.71,194.28,95.14,160.9,198.61,306.95,158.69,126.75,106.24,191.34,229.99,60.68,36.56,19.75,23.83,55.84,74.59,662.9,194.62,135.01,187.51,115.45,56.1,51.23,23.22,65.07,65.04,125.67,134.82,160.22,148.32,190.06,133.26,121.93,154.33,79.97,40.72,51.48,168.2,110.92,254,361.04,120.43,511.4,197.31,72.15,41.82,31.38,26.99,23.87,25.61,44.77,216.4,190.26,286,588.99,185.45,189.69,269.43,107.18,31.04,22.35,19.46,19.65,98.49,45,197.85,63,149.23,173.36,76.17,45.51,38.48,25.62,51.06,41.4,106.92,107.32,69.46,345.75,111.71,136.06,198.7,56.07,26.37,14.85,15.24,32.45,50.23,51.82,217.33,433.81,532.92,430.13,121.2,45,28.21,62.98,94.1,221.61,460.43,306.67,120.26,123.74,60.54,116.47,37.97,23.85,20.24,28.77,39.39,35.28,76.23,210.39,109.47,226.11,238.77,92.85,76.06,113.24,33.24,25.84,57.31,83.53,293.93,158.66,219.4,133.29,312.9,184.85,176.39,57.43,38.79,28.57,23.25,29.05,63.46,113.13,69.83,245.05,254.11,69.83,276.6,249.75,57.48,27.89,35.31,49.1,213.45,162.57,188.9,252.64,151.47,87.39,48.17,31.01,37.21,34.15,37.01,22.53,68.72,199.97,94.29,195.27,146.94,312.62,138.98,210.59,40.72,31.77,39.59,242.82,61.48,169.11,366.7,234.55,373.78,83.82,106.05,47.88,50.32,154.35,44.57,286.85,230.24,304.12,496.96,221.41,305.82,290.53,296.76,81.41,39.36,23.72,23.28,29.85,54.57,225.18,181.57,331.31,143.31,233.36,70.42,37.94,35.74,32.54,49.64,85.69,67.54,109.7,113.89,249.73,74.36,158.89,142.58,116.44,34.89,48.45,81.52,70.91,205.72,177.91,371.52,281.41,155.86,230.33,140.05,86.48,35.4,45.08,21.11,23.11,22.82,88.69,74.08,322.53,150.22,115.62,66.18,57.2,37.94,18.49,18.99,20.93,21.73,283.595,328.452,302.209,302.179,156.935,158.072,159.862,159.182,162.888,165.147,164.568,165.729,170.536,171.974,174.291,181.447,185.834,183.944,184.611,186.736,187.574,187.751,188.01,188.501,188.016,190.89,197.596,197.776,197.388,199.489,201.86,201.97,201.061,201.32,204.649,207.035,268.666,212.513,248.884,267.846,278.843,279.563,280.739,329.129,327.053,212.568,207.599,211.074,216.46,216.938,216.883,222.217,223.47,225.531,223.452,296.406,310.323,253.231,263.195,256.629,254.929,312.807,282.519,265.222,249.034,241.341,267.752,266.956,275.207,263.32,307.046,307.86,251.658,274.719,277.755,276.036,270.528,269.483,276.338,269.757,271.077,289.871,186.852,187.803,201.278
