real_name,flow_200301_sim,flow_200302_sim,flow_200303_sim,flow_200304_sim,flow_200305_sim,flow_200306_sim,flow_200307_sim,flow_200308_sim,flow_200309_sim,flow_200310_sim,flow_200311_sim,flow_200312_sim,flow_200401_sim,flow_200402_sim,flow_200403_sim,flow_200404_sim,flow_200405_sim,flow_200406_sim,flow_200407_sim,flow_200408_sim,flow_200409_sim,flow_200410_sim,flow_200411_sim,flow_200412_sim,flow_200501_sim,flow_200502_sim,flow_200503_sim,flow_200504_sim,flow_200505_sim,flow_200506_sim,flow_200507_sim,flow_200508_sim,flow_200509_sim,flow_200510_sim,flow_200511_sim,flow_200512_sim,flow_200601_sim,flow_200602_sim,flow_200603_sim,flow_200604_sim,flow_200605_sim,flow_200606_sim,flow_200607_sim,flow_200608_sim,flow_200609_sim,flow_200610_sim,flow_200611_sim,flow_200612_sim,flow_200701_sim,flow_200702_sim,flow_200703_sim,flow_200704_sim,flow_200705_sim,flow_200706_sim,flow_200707_sim,flow_200708_sim,flow_200709_sim,flow_200710_sim,flow_200711_sim,flow_200712_sim,flow_200801_sim,flow_200802_sim,flow_200803_sim,flow_200804_sim,flow_200805_sim,flow_200806_sim,flow_200807_sim,flow_200808_sim,flow_200809_sim,flow_200810_sim,flow_200811_sim,flow_200812_sim,flow_200901_sim,flow_200902_sim,flow_200903_sim,flow_200904_sim,flow_200905_sim,flow_200906_sim,flow_200907_sim,flow_200908_sim,flow_200909_sim,flow_200910_sim,flow_200911_sim,flow_200912_sim,flow_201001_sim,flow_201002_sim,flow_201003_sim,flow_201004_sim,flow_201005_sim,flow_201006_sim,flow_201007_sim,flow_201008_sim,flow_201009_sim,flow_201010_sim,flow_201011_sim,flow_201012_sim,flow_201101_sim,flow_201102_sim,flow_201103_sim,flow_201104_sim,flow_201105_sim,flow_201106_sim,flow_201107_sim,flow_201108_sim,flow_201109_sim,flow_201110_sim,flow_201111_sim,flow_201112_sim,flow_201201_sim,flow_201202_sim,flow_201203_sim,flow_201204_sim,flow_201205_sim,flow_201206_sim,flow_201207_sim,flow_201208_sim,flow_201209_sim,flow_201210_sim,flow_201211_sim,flow_201212_sim,flow_201301_sim,flow_201302_sim,flow_201303_sim,flow_201304_sim,flow_201305_sim,flow_201306_sim,flow_201307_sim,flow_201308_sim,flow_201309_sim,flow_201310_sim,flow_201311_sim,flow_201312_sim,flow_201401_sim,flow_201402_sim,flow_201403_sim,flow_201404_sim,flow_201405_sim,flow_201406_sim,flow_201407_sim,flow_201408_sim,flow_201409_sim,flow_201410_sim,flow_201411_sim,flow_201412_sim,flow_201501_sim,flow_201502_sim,flow_201503_sim,flow_201504_sim,flow_201505_sim,flow_201506_sim,flow_201507_sim,flow_201508_sim,flow_201509_sim,flow_201510_sim,flow_201511_sim,flow_201512_sim,flow_201601_sim,flow_201602_sim,flow_201603_sim,flow_201604_sim,flow_201605_sim,flow_201606_sim,flow_201607_sim,flow_201608_sim,flow_201609_sim,flow_201610_sim,flow_201611_sim,flow_201612_sim,flow_201701_sim,flow_201702_sim,flow_201703_sim,flow_201704_sim,flow_201705_sim,flow_201706_sim,flow_201707_sim,flow_201708_sim,flow_201709_sim,flow_201710_sim,flow_201711_sim,flow_201712_sim,head_w001_sim,head_w002_sim,head_w003_sim,head_w004_sim,head_w005_sim,head_w006_sim,head_w007_sim,head_w008_sim,head_w009_sim,head_w010_sim,head_w011_sim,head_w012_sim,head_w013_sim,head_w014_sim,head_w015_sim,head_w016_sim,head_w017_sim,head_w018_sim,head_w019_sim,head_w020_sim,head_w021_sim,head_w022_sim,head_w023_sim,head_w024_sim,head_w025_sim,head_w026_sim,head_w027_sim,head_w028_sim,head_w029_sim,head_w030_sim,head_w031_sim,head_w032_sim,head_w033_sim,head_w034_sim,head_w035_sim,head_w036_sim,head_w037_sim,head_w038_sim,head_w039_sim,head_w040_sim,head_w041_sim,head_w042_sim,head_w043_sim,head_w044_sim,head_w045_sim,head_w046_sim,head_w047_sim,head_w048_sim,head_w049_sim,head_w050_sim,head_w051_sim,head_w052_sim,head_w053_sim,head_w054_sim,head_w055_sim,head_w056_sim,head_w057_sim,head_w058_sim,head_w059_sim,head_w060_sim,head_w061_sim,head_w062_sim,head_w063_sim,head_w064_sim,head_w065_sim,head_w066_sim,head_w067_sim,head_w068_sim,head_w069_sim,head_w070_sim,head_w071_sim,head_w072_sim,head_w073_sim,head_w074_sim,head_w075_sim,head_w076_sim,head_w077_sim,head_w078_sim,head_w079_sim,head_w080_sim,head_w081_sim,head_w082_sim,head_w083_sim,head_w084_sim,head_w085_sim
real_0001,0.0087653,0.0087653,0.0087653,0.0087653,0.0087653,0.0087653,0.0087653,0.0087653,0.0087653,0.0087653,0.0087653,0.0087653,0.0087653,0.0087653,0.0087653,0.0087653,0.0087653,0.0087653,0.0087653,0.0087653,0.0087653,0.0087653,0.0087653,0.0087653,0.0087653,0.0087653,0.0087653,0.0087653,0.0087653,0.0087653,0.0087653,0.0087653,0.0087653,0.0087653,0.0087653,0.0087653,0.0087653,0.0087653,0.0087653,0.0087653,0.0087653,0.0087653,0.0087653,0.0087653,0.0087653,0.0087653,0.0087653,0.0087653,0.0087653,0.0087653,0.0087653,0.0087653,0.0087653,0.0087653,0.0087653,0.0087653,0.0087653,0.0087653,0.0087653,0.0087653,0.0087653,0.0087653,0.0087653,0.0087653,0.0087653,0.0087653,0.0087653,0.0087653,0.0087653,0.0087653,0.0087653,0.0087653,0.0087653,0.0087653,0.0087653,0.0087653,0.0087653,0.0087653,0.0087653,0.0087653,0.0087653,0.0087653,0.0087653,0.0087653,0.0087653,0.0087653,0.0087653,0.0087653,0.0087653,0.0087653,0.0087653,0.0087653,0.0087653,0.0087653,0.0087653,0.0087653,0.0087653,0.0087653,0.0087653,0.0087653,0.0087653,0.0087653,0.0087653,0.0087653,0.0087653,0.0087653,0.0087653,0.0087653,0.0087653,0.0087653,0.0087653,0.0087653,0.0087653,0.0087653,0.0087653,0.0087653,0.0087653,0.0087653,0.0087653,0.0087653,0.0087653,0.0087653,0.0087653,0.0087653,0.0087653,0.0087653,0.0087653,0.0087653,0.0087653,0.0087653,0.0087653,0.0087653,0.0087653,0.0087653,0.0087653,0.0087653,0.0087653,0.0087653,0.0087653,0.0087653,0.0087653,0.0087653,0.0087653,0.0087653,0.0087653,0.0087653,0.0087653,0.0087653,0.0087653,0.0087653,0.0087653,0.0087653,0.0087653,0.0087653,0.0087653,0.0087653,0.0087653,0.0087653,0.0087653,0.0087653,0.0087653,0.0087653,0.0087653,0.0087653,0.0087653,0.0087653,0.0087653,0.0087653,0.0087653,0.0087653,0.0087653,0.0087653,0.0087653,0.0087653,0.0087653,0.0087653,0.0087653,0.0087653,0.0087653,0.0087653,0.00185618,0.00185618,0.00185618,0.00185618,0.00185618,0.00185618,0.00185618,0.00185618,0.00185618,0.00185618,0.00185618,0.00185618,0.00185618,0.00185618,0.00185618,0.00185618,0.00185618,0.00185618,0.00185618,0.00185618,0.00185618,0.00185618,0.00185618,0.00185618,0.00185618,0.00185618,0.00185618,0.00185618,0.00185618,0.00185618,0.00185618,0.00185618,0.00185618,0.00185618,0.00185618,0.00185618,0.00185618,0.00185618,0.00185618,0.00185618,0.00185618,0.00185618,0.00185618,0.00185618,0.00185618,0.00185618,0.00185618,0.00185618,0.00185618,0.00185618,0.00185618,0.00185618,0.00185618,0.00185618,0.00185618,0.00185618,0.00185618,0.00185618,0.00185618,0.00185618,0.00185618,0.00185618,0.00185618,0.00185618,0.00185618,0.00185618,0.00185618,0.00185618,0.00185618,0.00185618,0.00185618,0.00185618,0.00185618,0.00185618,0.00185618,0.00185618,0.00185618,0.00185618,0.00185618,0.00185618,0.00185618,0.00185618,0.00185618,0.00185618,0.00185618
real_0002,0.0087653,0.0087653,0.0087653,0.0087653,0.0087653,0.0087653,0.0087653,0.0087653,0.0087653,0.0087653,0.0087653,0.0087653,0.0087653,0.0087653,0.0087653,0.0087653,0.0087653,0.0087653,0.0087653,0.0087653,0.0087653,0.0087653,0.0087653,0.0087653,0.0087653,0.0087653,0.0087653,0.0087653,0.0087653,0.0087653,0.0087653,0.0087653,0.0087653,0.0087653,0.0087653,0.0087653,0.0087653,0.0087653,0.0087653,0.0087653,0.0087653,0.0087653,0.0087653,0.0087653,0.0087653,0.0087653,0.0087653,0.0087653,0.0087653,0.0087653,0.0087653,0.0087653,0.0087653,0.0087653,0.0087653,0.0087653,0.0087653,0.0087653,0.0087653,0.0087653,0.0087653,0.0087653,0.0087653,0.0087653,0.0087653,0.0087653,0.0087653,0.0087653,0.0087653,0.0087653,0.0087653,0.0087653,0.0087653,0.0087653,0.0087653,0.0087653,0.0087653,0.0087653,0.0087653,0.0087653,0.0087653,0.0087653,0.0087653,0.0087653,0.0087653,0.0087653,0.0087653,0.0087653,0.0087653,0.0087653,0.0087653,0.0087653,0.0087653,0.0087653,0.0087653,0.0087653,0.0087653,0.0087653,0.0087653,0.0087653,0.0087653,0.0087653,0.0087653,0.0087653,0.0087653,0.0087653,0.0087653,0.0087653,0.0087653,0.0087653,0.0087653,0.0087653,0.0087653,0.0087653,0.0087653,0.0087653,0.0087653,0.0087653,0.0087653,0.0087653,0.0087653,0.0087653,0.0087653,0.0087653,0.0087653,0.0087653,0.0087653,0.0087653,0.0087653,0.0087653,0.0087653,0.0087653,0.0087653,0.0087653,0.0087653,0.0087653,0.0087653,0.0087653,0.0087653,0.0087653,0.0087653,0.0087653,0.0087653,0.0087653,0.0087653,0.0087653,0.0087653,0.0087653,0.0087653,0.0087653,0.0087653,0.0087653,0.0087653,0.0087653,0.0087653,0.0087653,0.0087653,0.0087653,0.0087653,0.0087653,0.0087653,0.0087653,0.0087653,0.0087653,0.0087653,0.0087653,0.0087653,0.0087653,0.0087653,0.0087653,0.0087653,0.0087653,0.0087653,0.0087653,0.0087653,0.0087653,0.0087653,0.0087653,0.0087653,0.0087653,0.00185618,0.00185618,0.00185618,0.00185618,0.00185618,0.00185618,0.00185618,0.00185618,0.00185618,0.00185618,0.00185618,0.00185618,0.00185618,0.00185618,0.00185618,0.00185618,0.00185618,0.00185618,0.00185618,0.00185618,0.00185618,0.00185618,0.00185618,0.00185618,0.00185618,0.00185618,0.00185618,0.00185618,0.00185618,0.00185618,0.00185618,0.00185618,0.00185618,0.00185618,0.00185618,0.00185618,0.00185618,0.00185618,0.00185618,0.00185618,0.00185618,0.00185618,0.00185618,0.00185618,0.00185618,0.00185618,0.00185618,0.00185618,0.00185618,0.00185618,0.00185618,0.00185618,0.00185618,0.00185618,0.00185618,0.00185618,0.00185618,0.00185618,0.00185618,0.00185618,0.00185618,0.00185618,0.00185618,0.00185618,0.00185618,0.00185618,0.00185618,0.00185618,0.00185618,0.00185618,0.00185618,0.00185618,0.00185618,0.00185618,0.00185618,0.00185618,0.00185618,0.00185618,0.00185618,0.00185618,0.00185618,0.00185618,0.00185618,0.00185618,0.00185618
real_0003,0.0087653,0.0087653,0.0087653,0.0087653,0.0087653,0.0087653,0.0087653,0.0087653,0.0087653,0.0087653,0.0087653,0.0087653,0.0087653,0.0087653,0.0087653,0.0087653,0.0087653,0.0087653,0.0087653,0.0087653,0.0087653,0.0087653,0.0087653,0.0087653,0.0087653,0.0087653,0.0087653,0.0087653,0.0087653,0.0087653,0.0087653,0.0087653,0.0087653,0.0087653,0.0087653,0.0087653,0.0087653,0.0087653,0.0087653,0.0087653,0.0087653,0.0087653,0.0087653,0.0087653,0.0087653,0.0087653,0.0087653,0.0087653,0.0087653,0.0087653,0.0087653,0.0087653,0.0087653,0.0087653,0.0087653,0.0087653,0.0087653,0.0087653,0.0087653,0.0087653,0.0087653,0.0087653,0.0087653,0.0087653,0.0087653,0.0087653,0.0087653,0.0087653,0.0087653,0.0087653,0.0087653,0.0087653,0.0087653,0.0087653,0.0087653,0.0087653,0.0087653,0.0087653,0.0087653,0.0087653,0.0087653,0.0087653,0.0087653,0.0087653,0.0087653,0.0087653,0.0087653,0.0087653,0.0087653,0.0087653,0.0087653,0.0087653,0.0087653,0.0087653,0.0087653,0.0087653,0.0087653,0.0087653,0.0087653,0.0087653,0.0087653,0.0087653,0.0087653,0.0087653,0.0087653,0.0087653,0.0087653,0.0087653,0.0087653,0.0087653,0.0087653,0.0087653,0.0087653,0.0087653,0.0087653,0.0087653,0.0087653,0.0087653,0.0087653,0.0087653,0.0087653,0.0087653,0.0087653,0.0087653,0.0087653,0.0087653,0.0087653,0.0087653,0.0087653,0.0087653,0.0087653,0.0087653,0.0087653,0.0087653,0.0087653,0.0087653,0.0087653,0.0087653,0.0087653,0.0087653,0.0087653,0.0087653,0.0087653,0.0087653,0.0087653,0.0087653,0.0087653,0.0087653,0.0087653,0.0087653,0.0087653,0.0087653,0.0087653,0.0087653,0.0087653,0.0087653,0.0087653,0.0087653,0.0087653,0.0087653,0.0087653,0.0087653,0.0087653,0.0087653,0.0087653,0.0087653,0.0087653,0.0087653,0.0087653,0.0087653,0.0087653,0.0087653,0.0087653,0.0087653,0.0087653,0.0087653,0.0087653,0.0087653,0.0087653,0.0087653,0.00185618,0.00185618,0.00185618,0.00185618,0.00185618,0.00185618,0.00185618,0.00185618,0.00185618,0.00185618,0.00185618,0.00185618,0.00185618,0.00185618,0.00185618,0.00185618,0.00185618,0.00185618,0.00185618,0.00185618,0.00185618,0.00185618,0.00185618,0.00185618,0.00185618,0.00185618,0.00185618,0.00185618,0.00185618,0.00185618,0.00185618,0.00185618,0.00185618,0.00185618,0.00185618,0.00185618,0.00185618,0.00185618,0.00185618,0.00185618,0.00185618,0.00185618,0.00185618,0.00185618,0.00185618,0.00185618,0.00185618,0.00185618,0.00185618,0.00185618,0.00185618,0.00185618,0.00185618,0.00185618,0.00185618,0.00185618,0.00185618,0.00185618,0.00185618,0.00185618,0.00185618,0.00185618,0.00185618,0.00185618,0.00185618,0.00185618,0.00185618,0.00185618,0.00185618,0.00185618,0.00185618,0.00185618,0.00185618,0.00185618,0.00185618,0.00185618,0.00185618,0.00185618,0.00185618,0.00185618,0.00185618,0.00185618,0.00185618,0.00185618,0.00185618
real_0004,0.0087653,0.0087653,0.0087653,0.0087653,0.0087653,0.0087653,0.0087653,0.0087653,0.0087653,0.0087653,0.0087653,0.0087653,0.0087653,0.0087653,0.0087653,0.0087653,0.0087653,0.0087653,0.0087653,0.0087653,0.0087653,0.0087653,0.0087653,0.0087653,0.0087653,0.0087653,0.0087653,0.0087653,0.0087653,0.0087653,0.0087653,0.0087653,0.0087653,0.0087653,0.0087653,0.0087653,0.0087653,0.0087653,0.0087653,0.0087653,0.0087653,0.0087653,0.0087653,0.0087653,0.0087653,0.0087653,0.0087653,0.0087653,0.0087653,0.0087653,0.0087653,0.0087653,0.0087653,0.0087653,0.0087653,0.0087653,0.0087653,0.0087653,0.0087653,0.0087653,0.0087653,0.0087653,0.0087653,0.0087653,0.0087653,0.0087653,0.0087653,0.0087653,0.0087653,0.0087653,0.0087653,0.0087653,0.0087653,0.0087653,0.0087653,0.0087653,0.0087653,0.0087653,0.0087653,0.0087653,0.0087653,0.0087653,0.0087653,0.0087653,0.0087653,0.0087653,0.0087653,0.0087653,0.0087653,0.0087653,0.0087653,0.0087653,0.0087653,0.0087653,0.0087653,0.0087653,0.0087653,0.0087653,0.0087653,0.0087653,0.0087653,0.0087653,0.0087653,0.0087653,0.0087653,0.0087653,0.0087653,0.0087653,0.0087653,0.0087653,0.0087653,0.0087653,0.0087653,0.0087653,0.0087653,0.0087653,0.0087653,0.0087653,0.0087653,0.0087653,0.0087653,0.0087653,0.0087653,0.0087653,0.0087653,0.0087653,0.0087653,0.0087653,0.0087653,0.0087653,0.0087653,0.0087653,0.0087653,0.0087653,0.0087653,0.0087653,0.0087653,0.0087653,0.0087653,0.0087653,0.0087653,0.0087653,0.0087653,0.0087653,0.0087653,0.0087653,0.0087653,0.0087653,0.0087653,0.0087653,0.0087653,0.0087653,0.0087653,0.0087653,0.0087653,0.0087653,0.0087653,0.0087653,0.0087653,0.0087653,0.0087653,0.0087653,0.0087653,0.0087653,0.0087653,0.0087653,0.0087653,0.0087653,0.0087653,0.0087653,0.0087653,0.0087653,0.0087653,0.0087653,0.0087653,0.0087653,0.0087653,0.0087653,0.0087653,0.0087653,0.00185618,0.00185618,0.00185618,0.00185618,0.00185618,0.00185618,0.00185618,0.00185618,0.00185618,0.00185618,0.00185618,0.00185618,0.00185618,0.00185618,0.00185618,0.00185618,0.00185618,0.00185618,0.00185618,0.00185618,0.00185618,0.00185618,0.00185618,0.00185618,0.00185618,0.00185618,0.00185618,0.00185618,0.00185618,0.00185618,0.00185618,0.00185618,0.00185618,0.00185618,0.00185618,0.00185618,0.00185618,0.00185618,0.00185618,0.00185618,0.00185618,0.00185618,0.00185618,0.00185618,0.00185618,0.00185618,0.00185618,0.00185618,0.00185618,0.00185618,0.00185618,0.00185618,0.00185618,0.00185618,0.00185618,0.00185618,0.00185618,0.00185618,0.00185618,0.00185618,0.00185618,0.00185618,0.00185618,0.00185618,0.00185618,0.00185618,0.00185618,0.00185618,0.00185618,0.00185618,0.00185618,0.00185618,0.00185618,0.00185618,0.00185618,0.00185618,0.00185618,0.00185618,0.00185618,0.00185618,0.00185618,0.00185618,0.00185618,0.00185618,0.00185618
real_0005,0.0087653,0.0087653,0.0087653,0.0087653,0.0087653,0.0087653,0.0087653,0.0087653,0.0087653,0.0087653,0.0087653,0.0087653,0.0087653,0.0087653,0.0087653,0.0087653,0.0087653,0.0087653,0.0087653,0.0087653,0.0087653,0.0087653,0.0087653,0.0087653,0.0087653,0.0087653,0.0087653,0.0087653,0.0087653,0.0087653,0.0087653,0.0087653,0.0087653,0.0087653,0.0087653,0.0087653,0.0087653,0.0087653,0.0087653,0.0087653,0.0087653,0.0087653,0.0087653,0.0087653,0.0087653,0.0087653,0.0087653,0.0087653,0.0087653,0.0087653,0.0087653,0.0087653,0.0087653,0.0087653,0.0087653,0.0087653,0.0087653,0.0087653,0.0087653,0.0087653,0.0087653,0.0087653,0.0087653,0.0087653,0.0087653,0.0087653,0.0087653,0.0087653,0.0087653,0.0087653,0.0087653,0.0087653,0.0087653,0.0087653,0.0087653,0.0087653,0.0087653,0.0087653,0.0087653,0.0087653,0.0087653,0.0087653,0.0087653,0.0087653,0.0087653,0.0087653,0.0087653,0.0087653,0.0087653,0.0087653,0.0087653,0.0087653,0.0087653,0.0087653,0.0087653,0.0087653,0.0087653,0.0087653,0.0087653,0.0087653,0.0087653,0.0087653,0.0087653,0.0087653,0.0087653,0.0087653,0.0087653,0.0087653,0.0087653,0.0087653,0.0087653,0.0087653,0.0087653,0.0087653,0.0087653,0.0087653,0.0087653,0.0087653,0.0087653,0.0087653,0.0087653,0.0087653,0.0087653,0.0087653,0.0087653,0.0087653,0.0087653,0.0087653,0.0087653,0.0087653,0.0087653,0.0087653,0.0087653,0.0087653,0.0087653,0.0087653,0.0087653,0.0087653,0.0087653,0.0087653,0.0087653,0.0087653,0.0087653,0.0087653,0.0087653,0.0087653,0.0087653,0.0087653,0.0087653,0.0087653,0.0087653,0.0087653,0.0087653,0.0087653,0.0087653,0.0087653,0.0087653,0.0087653,0.0087653,0.0087653,0.0087653,0.0087653,0.0087653,0.0087653,0.0087653,0.0087653,0.0087653,0.0087653,0.0087653,0.0087653,0.0087653,0.0087653,0.0087653,0.0087653,0.0087653,0.0087653,0.0087653,0.0087653,0.0087653,0.0087653,0.00185618,0.00185618,0.00185618,0.00185618,0.00185618,0.00185618,0.00185618,0.00185618,0.00185618,0.00185618,0.00185618,0.00185618,0.00185618,0.00185618,0.00185618,0.00185618,0.00185618,0.00185618,0.00185618,0.00185618,0.00185618,0.00185618,0.00185618,0.00185618,0.00185618,0.00185618,0.00185618,0.00185618,0.00185618,0.00185618,0.00185618,0.00185618,0.00185618,0.00185618,0.00185618,0.00185618,0.00185618,0.00185618,0.00185618,0.00185618,0.00185618,0.00185618,0.00185618,0.00185618,0.00185618,0.00185618,0.00185618,0.00185618,0.00185618,0.00185618,0.00185618,0.00185618,0.00185618,0.00185618,0.00185618,0.00185618,0.00185618,0.00185618,0.00185618,0.00185618,0.00185618,0.00185618,0.00185618,0.00185618,0.00185618,0.00185618,0.00185618,0.00185618,0.00185618,0.00185618,0.00185618,0.00185618,0.00185618,0.00185618,0.00185618,0.00185618,0.00185618,0.00185618,0.00185618,0.00185618,0.00185618,0.00185618,0.00185618,0.00185618,0.00185618
real_0006,0.0087653,0.0087653,0.0087653,0.0087653,0.0087653,0.0087653,0.0087653,0.0087653,0.0087653,0.0087653,0.0087653,0.0087653,0.0087653,0.0087653,0.0087653,0.0087653,0.0087653,0.0087653,0.0087653,0.0087653,0.0087653,0.0087653,0.0087653,0.0087653,0.0087653,0.0087653,0.0087653,0.0087653,0.0087653,0.0087653,0.0087653,0.0087653,0.0087653,0.0087653,0.0087653,0.0087653,0.0087653,0.0087653,0.0087653,0.0087653,0.0087653,0.0087653,0.0087653,0.0087653,0.0087653,0.0087653,0.0087653,0.0087653,0.0087653,0.0087653,0.0087653,0.0087653,0.0087653,0.0087653,0.0087653,0.0087653,0.0087653,0.0087653,0.0087653,0.0087653,0.0087653,0.0087653,0.0087653,0.0087653,0.0087653,0.0087653,0.0087653,0.0087653,0.0087653,0.0087653,0.0087653,0.0087653,0.0087653,0.0087653,0.0087653,0.0087653,0.0087653,0.0087653,0.0087653,0.0087653,0.0087653,0.0087653,0.0087653,0.0087653,0.0087653,0.0087653,0.0087653,0.0087653,0.0087653,0.0087653,0.0087653,0.0087653,0.0087653,0.0087653,0.0087653,0.0087653,0.0087653,0.0087653,0.0087653,0.0087653,0.0087653,0.0087653,0.0087653,0.0087653,0.0087653,0.0087653,0.0087653,0.0087653,0.0087653,0.0087653,0.0087653,0.0087653,0.0087653,0.0087653,0.0087653,0.0087653,0.0087653,0.0087653,0.0087653,0.0087653,0.0087653,0.0087653,0.0087653,0.0087653,0.0087653,0.0087653,0.0087653,0.0087653,0.0087653,0.0087653,0.0087653,0.0087653,0.0087653,0.0087653,0.0087653,0.0087653,0.0087653,0.0087653,0.0087653,0.0087653,0.0087653,0.0087653,0.0087653,0.0087653,0.0087653,0.0087653,0.0087653,0.0087653,0.0087653,0.0087653,0.0087653,0.0087653,0.0087653,0.0087653,0.0087653,0.0087653,0.0087653,0.0087653,0.0087653,0.0087653,0.0087653,0.0087653,0.0087653,0.0087653,0.0087653,0.0087653,0.0087653,0.0087653,0.0087653,0.0087653,0.0087653,0.0087653,0.0087653,0.0087653,0.0087653,0.0087653,0.0087653,0.0087653,0.0087653,0.0087653,0.00185618,0.00185618,0.00185618,0.00185618,0.00185618,0.00185618,0.00185618,0.00185618,0.00185618,0.00185618,0.00185618,0.00185618,0.00185618,0.00185618,0.00185618,0.00185618,0.00185618,0.00185618,0.00185618,0.00185618,0.00185618,0.00185618,0.00185618,0.00185618,0.00185618,0.00185618,0.00185618,0.00185618,0.00185618,0.00185618,0.00185618,0.00185618,0.00185618,0.00185618,0.00185618,0.00185618,0.00185618,0.00185618,0.00185618,0.00185618,0.00185618,0.00185618,0.00185618,0.00185618,0.00185618,0.00185618,0.00185618,0.00185618,0.00185618,0.00185618,0.00185618,0.00185618,0.00185618,0.00185618,0.00185618,0.00185618,0.00185618,0.00185618,0.00185618,0.00185618,0.00185618,0.00185618,0.00185618,0.00185618,0.00185618,0.00185618,0.00185618,0.00185618,0.00185618,0.00185618,0.00185618,0.00185618,0.00185618,0.00185618,0.00185618,0.00185618,0.00185618,0.00185618,0.00185618,0.00185618,0.00185618,0.00185618,0.00185618,0.00185618,0.00185618
real_0007,0.0087653,0.0087653,0.0087653,0.0087653,0.0087653,0.0087653,0.0087653,0.0087653,0.0087653,0.0087653,0.0087653,0.0087653,0.0087653,0.0087653,0.0087653,0.0087653,0.0087653,0.0087653,0.0087653,0.0087653,0.0087653,0.0087653,0.0087653,0.0087653,0.0087653,0.0087653,0.0087653,0.0087653,0.0087653,0.0087653,0.0087653,0.0087653,0.0087653,0.0087653,0.0087653,0.0087653,0.0087653,0.0087653,0.0087653,0.0087653,0.0087653,0.0087653,0.0087653,0.0087653,0.0087653,0.0087653,0.0087653,0.0087653,0.0087653,0.0087653,0.0087653,0.0087653,0.0087653,0.0087653,0.0087653,0.0087653,0.0087653,0.0087653,0.0087653,0.0087653,0.0087653,0.0087653,0.0087653,0.0087653,0.0087653,0.0087653,0.0087653,0.0087653,0.0087653,0.0087653,0.0087653,0.0087653,0.0087653,0.0087653,0.0087653,0.0087653,0.0087653,0.0087653,0.0087653,0.0087653,0.0087653,0.0087653,0.0087653,0.0087653,0.0087653,0.0087653,0.0087653,0.0087653,0.0087653,0.0087653,0.0087653,0.0087653,0.0087653,0.0087653,0.0087653,0.0087653,0.0087653,0.0087653,0.0087653,0.0087653,0.0087653,0.0087653,0.0087653,0.0087653,0.0087653,0.0087653,0.0087653,0.0087653,0.0087653,0.0087653,0.0087653,0.0087653,0.0087653,0.0087653,0.0087653,0.0087653,0.0087653,0.0087653,0.0087653,0.0087653,0.0087653,0.0087653,0.0087653,0.0087653,0.0087653,0.0087653,0.0087653,0.0087653,0.0087653,0.0087653,0.0087653,0.0087653,0.0087653,0.0087653,0.0087653,0.0087653,0.0087653,0.0087653,0.0087653,0.0087653,0.0087653,0.0087653,0.0087653,0.0087653,0.0087653,0.0087653,0.0087653,0.0087653,0.0087653,0.0087653,0.0087653,0.0087653,0.0087653,0.0087653,0.0087653,0.0087653,0.0087653,0.0087653,0.0087653,0.0087653,0.0087653,0.0087653,0.0087653,0.0087653,0.0087653,0.0087653,0.0087653,0.0087653,0.0087653,0.0087653,0.0087653,0.0087653,0.0087653,0.0087653,0.0087653,0.0087653,0.0087653,0.0087653,0.0087653,0.0087653,0.00185618,0.00185618,0.00185618,0.00185618,0.00185618,0.00185618,0.00185618,0.00185618,0.00185618,0.00185618,0.00185618,0.00185618,0.00185618,0.00185618,0.00185618,0.00185618,0.00185618,0.00185618,0.00185618,0.00185618,0.00185618,0.00185618,0.00185618,0.00185618,0.00185618,0.00185618,0.00185618,0.00185618,0.00185618,0.00185618,0.00185618,0.00185618,0.00185618,0.00185618,0.00185618,0.00185618,0.00185618,0.00185618,0.00185618,0.00185618,0.00185618,0.00185618,0.00185618,0.00185618,0.00185618,0.00185618,0.00185618,0.00185618,0.00185618,0.00185618,0.00185618,0.00185618,0.00185618,0.00185618,0.00185618,0.00185618,0.00185618,0.00185618,0.00185618,0.00185618,0.00185618,0.00185618,0.00185618,0.00185618,0.00185618,0.00185618,0.00185618,0.00185618,0.00185618,0.00185618,0.00185618,0.00185618,0.00185618,0.00185618,0.00185618,0.00185618,0.00185618,0.00185618,0.00185618,0.00185618,0.00185618,0.00185618,0.00185618,0.00185618,0.00185618
real_0008,0.0087653,0.0087653,0.0087653,0.0087653,0.0087653,0.0087653,0.0087653,0.0087653,0.0087653,0.0087653,0.0087653,0.0087653,0.0087653,0.0087653,0.0087653,0.0087653,0.0087653,0.0087653,0.0087653,0.0087653,0.0087653,0.0087653,0.0087653,0.0087653,0.0087653,0.0087653,0.0087653,0.0087653,0.0087653,0.0087653,0.0087653,0.0087653,0.0087653,0.0087653,0.0087653,0.0087653,0.0087653,0.0087653,0.0087653,0.0087653,0.0087653,0.0087653,0.0087653,0.0087653,0.0087653,0.0087653,0.0087653,0.0087653,0.0087653,0.0087653,0.0087653,0.0087653,0.0087653,0.0087653,0.0087653,0.0087653,0.0087653,0.0087653,0.0087653,0.0087653,0.0087653,0.0087653,0.0087653,0.0087653,0.0087653,0.0087653,0.0087653,0.0087653,0.0087653,0.0087653,0.0087653,0.0087653,0.0087653,0.0087653,0.0087653,0.0087653,0.0087653,0.0087653,0.0087653,0.0087653,0.0087653,0.0087653,0.0087653,0.0087653,0.0087653,0.0087653,0.0087653,0.0087653,0.0087653,0.0087653,0.0087653,0.0087653,0.0087653,0.0087653,0.0087653,0.0087653,0.0087653,0.0087653,0.0087653,0.0087653,0.0087653,0.0087653,0.0087653,0.0087653,0.0087653,0.0087653,0.0087653,0.0087653,0.0087653,0.0087653,0.0087653,0.0087653,0.0087653,0.0087653,0.0087653,0.0087653,0.0087653,0.0087653,0.0087653,0.0087653,0.0087653,0.0087653,0.0087653,0.0087653,0.0087653,0.0087653,0.0087653,0.0087653,0.0087653,0.0087653,0.0087653,0.0087653,0.0087653,0.0087653,0.0087653,0.0087653,0.0087653,0.0087653,0.0087653,0.0087653,0.0087653,0.0087653,0.0087653,0.0087653,0.0087653,0.0087653,0.0087653,0.0087653,0.0087653,0.0087653,0.0087653,0.0087653,0.0087653,0.0087653,0.0087653,0.0087653,0.0087653,0.0087653,0.0087653,0.0087653,0.0087653,0.0087653,0.0087653,0.0087653,0.0087653,0.0087653,0.0087653,0.0087653,0.0087653,0.0087653,0.0087653,0.0087653,0.0087653,0.0087653,0.0087653,0.0087653,0.0087653,0.0087653,0.0087653,0.0087653,0.00185618,0.00185618,0.00185618,0.00185618,0.00185618,0.00185618,0.00185618,0.00185618,0.00185618,0.00185618,0.00185618,0.00185618,0.00185618,0.00185618,0.00185618,0.00185618,0.00185618,0.00185618,0.00185618,0.00185618,0.00185618,0.00185618,0.00185618,0.00185618,0.00185618,0.00185618,0.00185618,0.00185618,0.00185618,0.00185618,0.00185618,0.00185618,0.00185618,0.00185618,0.00185618,0.00185618,0.00185618,0.00185618,0.00185618,0.00185618,0.00185618,0.00185618,0.00185618,0.00185618,0.00185618,0.00185618,0.00185618,0.00185618,0.00185618,0.00185618,0.00185618,0.00185618,0.00185618,0.00185618,0.00185618,0.00185618,0.00185618,0.00185618,0.00185618,0.00185618,0.00185618,0.00185618,0.00185618,0.00185618,0.00185618,0.00185618,0.00185618,0.00185618,0.00185618,0.00185618,0.00185618,0.00185618,0.00185618,0.00185618,0.00185618,0.00185618,0.00185618,0.00185618,0.00185618,0.00185618,0.00185618,0.00185618,0.00185618,0.00185618,0.00185618
real_0009,0.0087653,0.0087653,0.0087653,0.0087653,0.0087653,0.0087653,0.0087653,0.0087653,0.0087653,0.0087653,0.0087653,0.0087653,0.0087653,0.0087653,0.0087653,0.0087653,0.0087653,0.0087653,0.0087653,0.0087653,0.0087653,0.0087653,0.0087653,0.0087653,0.0087653,0.0087653,0.0087653,0.0087653,0.0087653,0.0087653,0.0087653,0.0087653,0.0087653,0.0087653,0.0087653,0.0087653,0.0087653,0.0087653,0.0087653,0.0087653,0.0087653,0.0087653,0.0087653,0.0087653,0.0087653,0.0087653,0.0087653,0.0087653,0.0087653,0.0087653,0.0087653,0.0087653,0.0087653,0.0087653,0.0087653,0.0087653,0.0087653,0.0087653,0.0087653,0.0087653,0.0087653,0.0087653,0.0087653,0.0087653,0.0087653,0.0087653,0.0087653,0.0087653,0.0087653,0.0087653,0.0087653,0.0087653,0.0087653,0.0087653,0.0087653,0.0087653,0.0087653,0.0087653,0.0087653,0.0087653,0.0087653,0.0087653,0.0087653,0.0087653,0.0087653,0.0087653,0.0087653,0.0087653,0.0087653,0.0087653,0.0087653,0.0087653,0.0087653,0.0087653,0.0087653,0.0087653,0.0087653,0.0087653,0.0087653,0.0087653,0.0087653,0.0087653,0.0087653,0.0087653,0.0087653,0.0087653,0.0087653,0.0087653,0.0087653,0.0087653,0.0087653,0.0087653,0.0087653,0.0087653,0.0087653,0.0087653,0.0087653,0.0087653,0.0087653,0.0087653,0.0087653,0.0087653,0.0087653,0.0087653,0.0087653,0.0087653,0.0087653,0.0087653,0.0087653,0.0087653,0.0087653,0.0087653,0.0087653,0.0087653,0.0087653,0.0087653,0.0087653,0.0087653,0.0087653,0.0087653,0.0087653,0.0087653,0.0087653,0.0087653,0.0087653,0.0087653,0.0087653,0.0087653,0.0087653,0.0087653,0.0087653,0.0087653,0.0087653,0.0087653,0.0087653,0.0087653,0.0087653,0.0087653,0.0087653,0.0087653,0.0087653,0.0087653,0.0087653,0.0087653,0.0087653,0.0087653,0.0087653,0.0087653,0.0087653,0.0087653,0.0087653,0.0087653,0.0087653,0.0087653,0.0087653,0.0087653,0.0087653,0.0087653,0.0087653,0.0087653,0.00185618,0.00185618,0.00185618,0.00185618,0.00185618,0.00185618,0.00185618,0.00185618,0.00185618,0.00185618,0.00185618,0.00185618,0.00185618,0.00185618,0.00185618,0.00185618,0.00185618,0.00185618,0.00185618,0.00185618,0.00185618,0.00185618,0.00185618,0.00185618,0.00185618,0.00185618,0.00185618,0.00185618,0.00185618,0.00185618,0.00185618,0.00185618,0.00185618,0.00185618,0.00185618,0.00185618,0.00185618,0.00185618,0.00185618,0.00185618,0.00185618,0.00185618,0.00185618,0.00185618,0.00185618,0.00185618,0.00185618,0.00185618,0.00185618,0.00185618,0.00185618,0.00185618,0.00185618,0.00185618,0.00185618,0.00185618,0.00185618,0.00185618,0.00185618,0.00185618,0.00185618,0.00185618,0.00185618,0.00185618,0.00185618,0.00185618,0.00185618,0.00185618,0.00185618,0.00185618,0.00185618,0.00185618,0.00185618,0.00185618,0.00185618,0.00185618,0.00185618,0.00185618,0.00185618,0.00185618,0.00185618,0.00185618,0.00185618,0.00185618,0.00185618
real_0010,0.0087653,0.0087653,0.0087653,0.0087653,0.0087653,0.0087653,0.0087653,0.0087653,0.0087653,0.0087653,0.0087653,0.0087653,0.0087653,0.0087653,0.0087653,0.0087653,0.0087653,0.0087653,0.0087653,0.0087653,0.0087653,0.0087653,0.0087653,0.0087653,0.0087653,0.0087653,0.0087653,0.0087653,0.0087653,0.0087653,0.0087653,0.0087653,0.0087653,0.0087653,0.0087653,0.0087653,0.0087653,0.0087653,0.0087653,0.0087653,0.0087653,0.0087653,0.0087653,0.0087653,0.0087653,0.0087653,0.0087653,0.0087653,0.0087653,0.0087653,0.0087653,0.0087653,0.0087653,0.0087653,0.0087653,0.0087653,0.0087653,0.0087653,0.0087653,0.0087653,0.0087653,0.0087653,0.0087653,0.0087653,0.0087653,0.0087653,0.0087653,0.0087653,0.0087653,0.0087653,0.0087653,0.0087653,0.0087653,0.0087653,0.0087653,0.0087653,0.0087653,0.0087653,0.0087653,0.0087653,0.0087653,0.0087653,0.0087653,0.0087653,0.0087653,0.0087653,0.0087653,0.0087653,0.0087653,0.0087653,0.0087653,0.0087653,0.0087653,0.0087653,0.0087653,0.0087653,0.0087653,0.0087653,0.0087653,0.0087653,0.0087653,0.0087653,0.0087653,0.0087653,0.0087653,0.0087653,0.0087653,0.0087653,0.0087653,0.0087653,0.0087653,0.0087653,0.0087653,0.0087653,0.0087653,0.0087653,0.0087653,0.0087653,0.0087653,0.0087653,0.0087653,0.0087653,0.0087653,0.0087653,0.0087653,0.0087653,0.0087653,0.0087653,0.0087653,0.0087653,0.0087653,0.0087653,0.0087653,0.0087653,0.0087653,0.0087653,0.0087653,0.0087653,0.0087653,0.0087653,0.0087653,0.0087653,0.0087653,0.0087653,0.0087653,0.0087653,0.0087653,0.0087653,0.0087653,0.0087653,0.0087653,0.0087653,0.0087653,0.0087653,0.0087653,0.0087653,0.0087653,0.0087653,0.0087653,0.0087653,0.0087653,0.0087653,0.0087653,0.0087653,0.0087653,0.0087653,0.0087653,0.0087653,0.0087653,0.0087653,0.0087653,0.0087653,0.0087653,0.0087653,0.0087653,0.0087653,0.0087653,0.0087653,0.0087653,0.0087653,0.00185618,0.00185618,0.00185618,0.00185618,0.00185618,0.00185618,0.00185618,0.00185618,0.00185618,0.00185618,0.00185618,0.00185618,0.00185618,0.00185618,0.00185618,0.00185618,0.00185618,0.00185618,0.00185618,0.00185618,0.00185618,0.00185618,0.00185618,0.00185618,0.00185618,0.00185618,0.00185618,0.00185618,0.00185618,0.00185618,0.00185618,0.00185618,0.00185618,0.00185618,0.00185618,0.00185618,0.00185618,0.00185618,0.00185618,0.00185618,0.00185618,0.00185618,0.00185618,0.00185618,0.00185618,0.00185618,0.00185618,0.00185618,0.00185618,0.00185618,0.00185618,0.00185618,0.00185618,0.00185618,0.00185618,0.00185618,0.00185618,0.00185618,0.00185618,0.00185618,0.00185618,0.00185618,0.00185618,0.00185618,0.00185618,0.00185618,0.00185618,0.00185618,0.00185618,0.00185618,0.00185618,0.00185618,0.00185618,0.00185618,0.00185618,0.00185618,0.00185618,0.00185618,0.00185618,0.00185618,0.00185618,0.00185618,0.00185618,0.00185618,0.00185618
real_0011,0.0087653,0.0087653,0.0087653,0.0087653,0.0087653,0.0087653,0.0087653,0.0087653,0.0087653,0.0087653,0.0087653,0.0087653,0.0087653,0.0087653,0.0087653,0.0087653,0.0087653,0.0087653,0.0087653,0.0087653,0.0087653,0.0087653,0.0087653,0.0087653,0.0087653,0.0087653,0.0087653,0.0087653,0.0087653,0.0087653,0.0087653,0.0087653,0.0087653,0.0087653,0.0087653,0.0087653,0.0087653,0.0087653,0.0087653,0.0087653,0.0087653,0.0087653,0.0087653,0.0087653,0.0087653,0.0087653,0.0087653,0.0087653,0.0087653,0.0087653,0.0087653,0.0087653,0.0087653,0.0087653,0.0087653,0.0087653,0.0087653,0.0087653,0.0087653,0.0087653,0.0087653,0.0087653,0.0087653,0.0087653,0.0087653,0.0087653,0.0087653,0.0087653,0.0087653,0.0087653,0.0087653,0.0087653,0.0087653,0.0087653,0.0087653,0.0087653,0.0087653,0.0087653,0.0087653,0.0087653,0.0087653,0.0087653,0.0087653,0.0087653,0.0087653,0.0087653,0.0087653,0.0087653,0.0087653,0.0087653,0.0087653,0.0087653,0.0087653,0.0087653,0.0087653,0.0087653,0.0087653,0.0087653,0.0087653,0.0087653,0.0087653,0.0087653,0.0087653,0.0087653,0.0087653,0.0087653,0.0087653,0.0087653,0.0087653,0.0087653,0.0087653,0.0087653,0.0087653,0.0087653,0.0087653,0.0087653,0.0087653,0.0087653,0.0087653,0.0087653,0.0087653,0.0087653,0.0087653,0.0087653,0.0087653,0.0087653,0.0087653,0.0087653,0.0087653,0.0087653,0.0087653,0.0087653,0.0087653,0.0087653,0.0087653,0.0087653,0.0087653,0.0087653,0.0087653,0.0087653,0.0087653,0.0087653,0.0087653,0.0087653,0.0087653,0.0087653,0.0087653,0.0087653,0.0087653,0.0087653,0.0087653,0.0087653,0.0087653,0.0087653,0.0087653,0.0087653,0.0087653,0.0087653,0.0087653,0.0087653,0.0087653,0.0087653,0.0087653,0.0087653,0.0087653,0.0087653,0.0087653,0.0087653,0.0087653,0.0087653,0.0087653,0.0087653,0.0087653,0.0087653,0.0087653,0.0087653,0.0087653,0.0087653,0.0087653,0.0087653,0.00185618,0.00185618,0.00185618,0.00185618,0.00185618,0.00185618,0.00185618,0.00185618,0.00185618,0.00185618,0.00185618,0.00185618,0.00185618,0.00185618,0.00185618,0.00185618,0.00185618,0.00185618,0.00185618,0.00185618,0.00185618,0.00185618,0.00185618,0.00185618,0.00185618,0.00185618,0.00185618,0.00185618,0.00185618,0.00185618,0.00185618,0.00185618,0.00185618,0.00185618,0.00185618,0.00185618,0.00185618,0.00185618,0.00185618,0.00185618,0.00185618,0.00185618,0.00185618,0.00185618,0.00185618,0.00185618,0.00185618,0.00185618,0.00185618,0.00185618,0.00185618,0.00185618,0.00185618,0.00185618,0.00185618,0.00185618,0.00185618,0.00185618,0.00185618,0.00185618,0.00185618,0.00185618,0.00185618,0.00185618,0.00185618,0.00185618,0.00185618,0.00185618,0.00185618,0.00185618,0.00185618,0.00185618,0.00185618,0.00185618,0.00185618,0.00185618,0.00185618,0.00185618,0.00185618,0.00185618,0.00185618,0.00185618,0.00185618,0.00185618,0.00185618
real_0012,0.0087653,0.0087653,0.0087653,0.0087653,0.0087653,0.0087653,0.0087653,0.0087653,0.0087653,0.0087653,0.0087653,0.0087653,0.0087653,0.0087653,0.0087653,0.0087653,0.0087653,0.0087653,0.0087653,0.0087653,0.0087653,0.0087653,0.0087653,0.0087653,0.0087653,0.0087653,0.0087653,0.0087653,0.0087653,0.0087653,0.0087653,0.0087653,0.0087653,0.0087653,0.0087653,0.0087653,0.0087653,0.0087653,0.0087653,0.0087653,0.0087653,0.0087653,0.0087653,0.0087653,0.0087653,0.0087653,0.0087653,0.0087653,0.0087653,0.0087653,0.0087653,0.0087653,0.0087653,0.0087653,0.0087653,0.0087653,0.0087653,0.0087653,0.0087653,0.0087653,0.0087653,0.0087653,0.0087653,0.0087653,0.0087653,0.0087653,0.0087653,0.0087653,0.0087653,0.0087653,0.0087653,0.0087653,0.0087653,0.0087653,0.0087653,0.0087653,0.0087653,0.0087653,0.0087653,0.0087653,0.0087653,0.0087653,0.0087653,0.0087653,0.0087653,0.0087653,0.0087653,0.0087653,0.0087653,0.0087653,0.0087653,0.0087653,0.0087653,0.0087653,0.0087653,0.0087653,0.0087653,0.0087653,0.0087653,0.0087653,0.0087653,0.0087653,0.0087653,0.0087653,0.0087653,0.0087653,0.0087653,0.0087653,0.0087653,0.0087653,0.0087653,0.0087653,0.0087653,0.0087653,0.0087653,0.0087653,0.0087653,0.0087653,0.0087653,0.0087653,0.0087653,0.0087653,0.0087653,0.0087653,0.0087653,0.0087653,0.0087653,0.0087653,0.0087653,0.0087653,0.0087653,0.0087653,0.0087653,0.0087653,0.0087653,0.0087653,0.0087653,0.0087653,0.0087653,0.0087653,0.0087653,0.0087653,0.0087653,0.0087653,0.0087653,0.0087653,0.0087653,0.0087653,0.0087653,0.0087653,0.0087653,0.0087653,0.0087653,0.0087653,0.0087653,0.0087653,0.0087653,0.0087653,0.0087653,0.0087653,0.0087653,0.0087653,0.0087653,0.0087653,0.0087653,0.0087653,0.0087653,0.0087653,0.0087653,0.0087653,0.0087653,0.0087653,0.0087653,0.0087653,0.0087653,0.0087653,0.0087653,0.0087653,0.0087653,0.0087653,0.00185618,0.00185618,0.00185618,0.00185618,0.00185618,0.00185618,0.00185618,0.00185618,0.00185618,0.00185618,0.00185618,0.00185618,0.00185618,0.00185618,0.00185618,0.00185618,0.00185618,0.00185618,0.00185618,0.00185618,0.00185618,0.00185618,0.00185618,0.00185618,0.00185618,0.00185618,0.00185618,0.00185618,0.00185618,0.00185618,0.00185618,0.00185618,0.00185618,0.00185618,0.00185618,0.00185618,0.00185618,0.00185618,0.00185618,0.00185618,0.00185618,0.00185618,0.00185618,0.00185618,0.00185618,0.00185618,0.00185618,0.00185618,0.00185618,0.00185618,0.00185618,0.00185618,0.00185618,0.00185618,0.00185618,0.00185618,0.00185618,0.00185618,0.00185618,0.00185618,0.00185618,0.00185618,0.00185618,0.00185618,0.00185618,0.00185618,0.00185618,0.00185618,0.00185618,0.00185618,0.00185618,0.00185618,0.00185618,0.00185618,0.00185618,0.00185618,0.00185618,0.00185618,0.00185618,0.00185618,0.00185618,0.00185618,0.00185618,0.00185618,0.00185618
real_0013,0.0087653,0.0087653,0.0087653,0.0087653,0.0087653,0.0087653,0.0087653,0.0087653,0.0087653,0.0087653,0.0087653,0.0087653,0.0087653,0.0087653,0.0087653,0.0087653,0.0087653,0.0087653,0.0087653,0.0087653,0.0087653,0.0087653,0.0087653,0.0087653,0.0087653,0.0087653,0.0087653,0.0087653,0.0087653,0.0087653,0.0087653,0.0087653,0.0087653,0.0087653,0.0087653,0.0087653,0.0087653,0.0087653,0.0087653,0.0087653,0.0087653,0.0087653,0.0087653,0.0087653,0.0087653,0.0087653,0.0087653,0.0087653,0.0087653,0.0087653,0.0087653,0.0087653,0.0087653,0.0087653,0.0087653,0.0087653,0.0087653,0.0087653,0.0087653,0.0087653,0.0087653,0.0087653,0.0087653,0.0087653,0.0087653,0.0087653,0.0087653,0.0087653,0.0087653,0.0087653,0.0087653,0.0087653,0.0087653,0.0087653,0.0087653,0.0087653,0.0087653,0.0087653,0.0087653,0.0087653,0.0087653,0.0087653,0.0087653,0.0087653,0.0087653,0.0087653,0.0087653,0.0087653,0.0087653,0.0087653,0.0087653,0.0087653,0.0087653,0.0087653,0.0087653,0.0087653,0.0087653,0.0087653,0.0087653,0.0087653,0.0087653,0.0087653,0.0087653,0.0087653,0.0087653,0.0087653,0.0087653,0.0087653,0.0087653,0.0087653,0.0087653,0.0087653,0.0087653,0.0087653,0.0087653,0.0087653,0.0087653,0.0087653,0.0087653,0.0087653,0.0087653,0.0087653,0.0087653,0.0087653,0.0087653,0.0087653,0.0087653,0.0087653,0.0087653,0.0087653,0.0087653,0.0087653,0.0087653,0.0087653,0.0087653,0.0087653,0.0087653,0.0087653,0.0087653,0.0087653,0.0087653,0.0087653,0.0087653,0.0087653,0.0087653,0.0087653,0.0087653,0.0087653,0.0087653,0.0087653,0.0087653,0.0087653,0.0087653,0.0087653,0.0087653,0.0087653,0.0087653,0.0087653,0.0087653,0.0087653,0.0087653,0.0087653,0.0087653,0.0087653,0.0087653,0.0087653,0.0087653,0.0087653,0.0087653,0.0087653,0.0087653,0.0087653,0.0087653,0.0087653,0.0087653,0.0087653,0.0087653,0.0087653,0.0087653,0.0087653,0.00185618,0.00185618,0.00185618,0.00185618,0.00185618,0.00185618,0.00185618,0.00185618,0.00185618,0.00185618,0.00185618,0.00185618,0.00185618,0.00185618,0.00185618,0.00185618,0.00185618,0.00185618,0.00185618,0.00185618,0.00185618,0.00185618,0.00185618,0.00185618,0.00185618,0.00185618,0.00185618,0.00185618,0.00185618,0.00185618,0.00185618,0.00185618,0.00185618,0.00185618,0.00185618,0.00185618,0.00185618,0.00185618,0.00185618,0.00185618,0.00185618,0.00185618,0.00185618,0.00185618,0.00185618,0.00185618,0.00185618,0.00185618,0.00185618,0.00185618,0.00185618,0.00185618,0.00185618,0.00185618,0.00185618,0.00185618,0.00185618,0.00185618,0.00185618,0.00185618,0.00185618,0.00185618,0.00185618,0.00185618,0.00185618,0.00185618,0.00185618,0.00185618,0.00185618,0.00185618,0.00185618,0.00185618,0.00185618,0.00185618,0.00185618,0.00185618,0.00185618,0.00185618,0.00185618,0.00185618,0.00185618,0.00185618,0.00185618,0.00185618,0.00185618
real_0014,0.0087653,0.0087653,0.0087653,0.0087653,0.0087653,0.0087653,0.0087653,0.0087653,0.0087653,0.0087653,0.0087653,0.0087653,0.0087653,0.0087653,0.0087653,0.0087653,0.0087653,0.0087653,0.0087653,0.0087653,0.0087653,0.0087653,0.0087653,0.0087653,0.0087653,0.0087653,0.0087653,0.0087653,0.0087653,0.0087653,0.0087653,0.0087653,0.0087653,0.0087653,0.0087653,0.0087653,0.0087653,0.0087653,0.0087653,0.0087653,0.0087653,0.0087653,0.0087653,0.0087653,0.0087653,0.0087653,0.0087653,0.0087653,0.0087653,0.0087653,0.0087653,0.0087653,0.0087653,0.0087653,0.0087653,0.0087653,0.0087653,0.0087653,0.0087653,0.0087653,0.0087653,0.0087653,0.0087653,0.0087653,0.0087653,0.0087653,0.0087653,0.0087653,0.0087653,0.0087653,0.0087653,0.0087653,0.0087653,0.0087653,0.0087653,0.0087653,0.0087653,0.0087653,0.0087653,0.0087653,0.0087653,0.0087653,0.0087653,0.0087653,0.0087653,0.0087653,0.0087653,0.0087653,0.0087653,0.0087653,0.0087653,0.0087653,0.0087653,0.0087653,0.0087653,0.0087653,0.0087653,0.0087653,0.0087653,0.0087653,0.0087653,0.0087653,0.0087653,0.0087653,0.0087653,0.0087653,0.0087653,0.0087653,0.0087653,0.0087653,0.0087653,0.0087653,0.0087653,0.0087653,0.0087653,0.0087653,0.0087653,0.0087653,0.0087653,0.0087653,0.0087653,0.0087653,0.0087653,0.0087653,0.0087653,0.0087653,0.0087653,0.0087653,0.0087653,0.0087653,0.0087653,0.0087653,0.0087653,0.0087653,0.0087653,0.0087653,0.0087653,0.0087653,0.0087653,0.0087653,0.0087653,0.0087653,0.0087653,0.0087653,0.0087653,0.0087653,0.0087653,0.0087653,0.0087653,0.0087653,0.0087653,0.0087653,0.0087653,0.0087653,0.0087653,0.0087653,0.0087653,0.0087653,0.0087653,0.0087653,0.0087653,0.0087653,0.0087653,0.0087653,0.0087653,0.0087653,0.0087653,0.0087653,0.0087653,0.0087653,0.0087653,0.0087653,0.0087653,0.0087653,0.0087653,0.0087653,0.0087653,0.0087653,0.0087653,0.0087653,0.00185618,0.00185618,0.00185618,0.00185618,0.00185618,0.00185618,0.00185618,0.00185618,0.00185618,0.00185618,0.00185618,0.00185618,0.00185618,0.00185618,0.00185618,0.00185618,0.00185618,0.00185618,0.00185618,0.00185618,0.00185618,0.00185618,0.00185618,0.00185618,0.00185618,0.00185618,0.00185618,0.00185618,0.00185618,0.00185618,0.00185618,0.00185618,0.00185618,0.00185618,0.00185618,0.00185618,0.00185618,0.00185618,0.00185618,0.00185618,0.00185618,0.00185618,0.00185618,0.00185618,0.00185618,0.00185618,0.00185618,0.00185618,0.00185618,0.00185618,0.00185618,0.00185618,0.00185618,0.00185618,0.00185618,0.00185618,0.00185618,0.00185618,0.00185618,0.00185618,0.00185618,0.00185618,0.00185618,0.00185618,0.00185618,0.00185618,0.00185618,0.00185618,0.00185618,0.00185618,0.00185618,0.00185618,0.00185618,0.00185618,0.00185618,0.00185618,0.00185618,0.00185618,0.00185618,0.00185618,0.00185618,0.00185618,0.00185618,0.00185618,0.00185618
real_0015,0.0087653,0.0087653,0.0087653,0.0087653,0.0087653,0.0087653,0.0087653,0.0087653,0.0087653,0.0087653,0.0087653,0.0087653,0.0087653,0.0087653,0.0087653,0.0087653,0.0087653,0.0087653,0.0087653,0.0087653,0.0087653,0.0087653,0.0087653,0.0087653,0.0087653,0.0087653,0.0087653,0.0087653,0.0087653,0.0087653,0.0087653,0.0087653,0.0087653,0.0087653,0.0087653,0.0087653,0.0087653,0.0087653,0.0087653,0.0087653,0.0087653,0.0087653,0.0087653,0.0087653,0.0087653,0.0087653,0.0087653,0.0087653,0.0087653,0.0087653,0.0087653,0.0087653,0.0087653,0.0087653,0.0087653,0.0087653,0.0087653,0.0087653,0.0087653,0.0087653,0.0087653,0.0087653,0.0087653,0.0087653,0.0087653,0.0087653,0.0087653,0.0087653,0.0087653,0.0087653,0.0087653,0.0087653,0.0087653,0.0087653,0.0087653,0.0087653,0.0087653,0.0087653,0.0087653,0.0087653,0.0087653,0.0087653,0.0087653,0.0087653,0.0087653,0.0087653,0.0087653,0.0087653,0.0087653,0.0087653,0.0087653,0.0087653,0.0087653,0.0087653,0.0087653,0.0087653,0.0087653,0.0087653,0.0087653,0.0087653,0.0087653,0.0087653,0.0087653,0.0087653,0.0087653,0.0087653,0.0087653,0.0087653,0.0087653,0.0087653,0.0087653,0.0087653,0.0087653,0.0087653,0.0087653,0.0087653,0.0087653,0.0087653,0.0087653,0.0087653,0.0087653,0.0087653,0.0087653,0.0087653,0.0087653,0.0087653,0.0087653,0.0087653,0.0087653,0.0087653,0.0087653,0.0087653,0.0087653,0.0087653,0.0087653,0.0087653,0.0087653,0.0087653,0.0087653,0.0087653,0.0087653,0.0087653,0.0087653,0.0087653,0.0087653,0.0087653,0.0087653,0.0087653,0.0087653,0.0087653,0.0087653,0.0087653,0.0087653,0.0087653,0.0087653,0.0087653,0.0087653,0.0087653,0.0087653,0.0087653,0.0087653,0.0087653,0.0087653,0.0087653,0.0087653,0.0087653,0.0087653,0.0087653,0.0087653,0.0087653,0.0087653,0.0087653,0.0087653,0.0087653,0.0087653,0.0087653,0.0087653,0.0087653,0.0087653,0.0087653,0.00185618,0.00185618,0.00185618,0.00185618,0.00185618,0.00185618,0.00185618,0.00185618,0.00185618,0.00185618,0.00185618,0.00185618,0.00185618,0.00185618,0.00185618,0.00185618,0.00185618,0.00185618,0.00185618,0.00185618,0.00185618,0.00185618,0.00185618,0.00185618,0.00185618,0.00185618,0.00185618,0.00185618,0.00185618,0.00185618,0.00185618,0.00185618,0.00185618,0.00185618,0.00185618,0.00185618,0.00185618,0.00185618,0.00185618,0.00185618,0.00185618,0.00185618,0.00185618,0.00185618,0.00185618,0.00185618,0.00185618,0.00185618,0.00185618,0.00185618,0.00185618,0.00185618,0.00185618,0.00185618,0.00185618,0.00185618,0.00185618,0.00185618,0.00185618,0.00185618,0.00185618,0.00185618,0.00185618,0.00185618,0.00185618,0.00185618,0.00185618,0.00185618,0.00185618,0.00185618,0.00185618,0.00185618,0.00185618,0.00185618,0.00185618,0.00185618,0.00185618,0.00185618,0.00185618,0.00185618,0.00185618,0.00185618,0.00185618,0.00185618,0.00185618
real_0016,0.0087653,0.0087653,0.0087653,0.0087653,0.0087653,0.0087653,0.0087653,0.0087653,0.0087653,0.0087653,0.0087653,0.0087653,0.0087653,0.0087653,0.0087653,0.0087653,0.0087653,0.0087653,0.0087653,0.0087653,0.0087653,0.0087653,0.0087653,0.0087653,0.0087653,0.0087653,0.0087653,0.0087653,0.0087653,0.0087653,0.0087653,0.0087653,0.0087653,0.0087653,0.0087653,0.0087653,0.0087653,0.0087653,0.0087653,0.0087653,0.0087653,0.0087653,0.0087653,0.0087653,0.0087653,0.0087653,0.0087653,0.0087653,0.0087653,0.0087653,0.0087653,0.0087653,0.0087653,0.0087653,0.0087653,0.0087653,0.0087653,0.0087653,0.0087653,0.0087653,0.0087653,0.0087653,0.0087653,0.0087653,0.0087653,0.0087653,0.0087653,0.0087653,0.0087653,0.0087653,0.0087653,0.0087653,0.0087653,0.0087653,0.0087653,0.0087653,0.0087653,0.0087653,0.0087653,0.0087653,0.0087653,0.0087653,0.0087653,0.0087653,0.0087653,0.0087653,0.0087653,0.0087653,0.0087653,0.0087653,0.0087653,0.0087653,0.0087653,0.0087653,0.0087653,0.0087653,0.0087653,0.0087653,0.0087653,0.0087653,0.0087653,0.0087653,0.0087653,0.0087653,0.0087653,0.0087653,0.0087653,0.0087653,0.0087653,0.0087653,0.0087653,0.0087653,0.0087653,0.0087653,0.0087653,0.0087653,0.0087653,0.0087653,0.0087653,0.0087653,0.0087653,0.0087653,0.0087653,0.0087653,0.0087653,0.0087653,0.0087653,0.0087653,0.0087653,0.0087653,0.0087653,0.0087653,0.0087653,0.0087653,0.0087653,0.0087653,0.0087653,0.0087653,0.0087653,0.0087653,0.0087653,0.0087653,0.0087653,0.0087653,0.0087653,0.0087653,0.0087653,0.0087653,0.0087653,0.0087653,0.0087653,0.0087653,0.0087653,0.0087653,0.0087653,0.0087653,0.0087653,0.0087653,0.0087653,0.0087653,0.0087653,0.0087653,0.0087653,0.0087653,0.0087653,0.0087653,0.0087653,0.0087653,0.0087653,0.0087653,0.0087653,0.0087653,0.0087653,0.0087653,0.0087653,0.0087653,0.0087653,0.0087653,0.0087653,0.0087653,0.00185618,0.00185618,0.00185618,0.00185618,0.00185618,0.00185618,0.00185618,0.00185618,0.00185618,0.00185618,0.00185618,0.00185618,0.00185618,0.00185618,0.00185618,0.00185618,0.00185618,0.00185618,0.00185618,0.00185618,0.00185618,0.00185618,0.00185618,0.00185618,0.00185618,0.00185618,0.00185618,0.00185618,0.00185618,0.00185618,0.00185618,0.00185618,0.00185618,0.00185618,0.00185618,0.00185618,0.00185618,0.00185618,0.00185618,0.00185618,0.00185618,0.00185618,0.00185618,0.00185618,0.00185618,0.00185618,0.00185618,0.00185618,0.00185618,0.00185618,0.00185618,0.00185618,0.00185618,0.00185618,0.00185618,0.00185618,0.00185618,0.00185618,0.00185618,0.00185618,0.00185618,0.00185618,0.00185618,0.00185618,0.00185618,0.00185618,0.00185618,0.00185618,0.00185618,0.00185618,0.00185618,0.00185618,0.00185618,0.00185618,0.00185618,0.00185618,0.00185618,0.00185618,0.00185618,0.00185618,0.00185618,0.00185618,0.00185618,0.00185618,0.00185618
real_0017,0.0087653,0.0087653,0.0087653,0.0087653,0.0087653,0.0087653,0.0087653,0.0087653,0.0087653,0.0087653,0.0087653,0.0087653,0.0087653,0.0087653,0.0087653,0.0087653,0.0087653,0.0087653,0.0087653,0.0087653,0.0087653,0.0087653,0.0087653,0.0087653,0.0087653,0.0087653,0.0087653,0.0087653,0.0087653,0.0087653,0.0087653,0.0087653,0.0087653,0.0087653,0.0087653,0.0087653,0.0087653,0.0087653,0.0087653,0.0087653,0.0087653,0.0087653,0.0087653,0.0087653,0.0087653,0.0087653,0.0087653,0.0087653,0.0087653,0.0087653,0.0087653,0.0087653,0.0087653,0.0087653,0.0087653,0.0087653,0.0087653,0.0087653,0.0087653,0.0087653,0.0087653,0.0087653,0.0087653,0.0087653,0.0087653,0.0087653,0.0087653,0.0087653,0.0087653,0.0087653,0.0087653,0.0087653,0.0087653,0.0087653,0.0087653,0.0087653,0.0087653,0.0087653,0.0087653,0.0087653,0.0087653,0.0087653,0.0087653,0.0087653,0.0087653,0.0087653,0.0087653,0.0087653,0.0087653,0.0087653,0.0087653,0.0087653,0.0087653,0.0087653,0.0087653,0.0087653,0.0087653,0.0087653,0.0087653,0.0087653,0.0087653,0.0087653,0.0087653,0.0087653,0.0087653,0.0087653,0.0087653,0.0087653,0.0087653,0.0087653,0.0087653,0.0087653,0.0087653,0.0087653,0.0087653,0.0087653,0.0087653,0.0087653,0.0087653,0.0087653,0.0087653,0.0087653,0.0087653,0.0087653,0.0087653,0.0087653,0.0087653,0.0087653,0.0087653,0.0087653,0.0087653,0.0087653,0.0087653,0.0087653,0.0087653,0.0087653,0.0087653,0.0087653,0.0087653,0.0087653,0.0087653,0.0087653,0.0087653,0.0087653,0.0087653,0.0087653,0.0087653,0.0087653,0.0087653,0.0087653,0.0087653,0.0087653,0.0087653,0.0087653,0.0087653,0.0087653,0.0087653,0.0087653,0.0087653,0.0087653,0.0087653,0.0087653,0.0087653,0.0087653,0.0087653,0.0087653,0.0087653,0.0087653,0.0087653,0.0087653,0.0087653,0.0087653,0.0087653,0.0087653,0.0087653,0.0087653,0.0087653,0.0087653,0.0087653,0.0087653,0.00185618,0.00185618,0.00185618,0.00185618,0.00185618,0.00185618,0.00185618,0.00185618,0.00185618,0.00185618,0.00185618,0.00185618,0.00185618,0.00185618,0.00185618,0.00185618,0.00185618,0.00185618,0.00185618,0.00185618,0.00185618,0.00185618,0.00185618,0.00185618,0.00185618,0.00185618,0.00185618,0.00185618,0.00185618,0.00185618,0.00185618,0.00185618,0.00185618,0.00185618,0.00185618,0.00185618,0.00185618,0.00185618,0.00185618,0.00185618,0.00185618,0.00185618,0.00185618,0.00185618,0.00185618,0.00185618,0.00185618,0.00185618,0.00185618,0.00185618,0.00185618,0.00185618,0.00185618,0.00185618,0.00185618,0.00185618,0.00185618,0.00185618,0.00185618,0.00185618,0.00185618,0.00185618,0.00185618,0.00185618,0.00185618,0.00185618,0.00185618,0.00185618,0.00185618,0.00185618,0.00185618,0.00185618,0.00185618,0.00185618,0.00185618,0.00185618,0.00185618,0.00185618,0.00185618,0.00185618,0.00185618,0.00185618,0.00185618,0.00185618,0.00185618
real_0018,0.0087653,0.0087653,0.0087653,0.0087653,0.0087653,0.0087653,0.0087653,0.0087653,0.0087653,0.0087653,0.0087653,0.0087653,0.0087653,0.0087653,0.0087653,0.0087653,0.0087653,0.0087653,0.0087653,0.0087653,0.0087653,0.0087653,0.0087653,0.0087653,0.0087653,0.0087653,0.0087653,0.0087653,0.0087653,0.0087653,0.0087653,0.0087653,0.0087653,0.0087653,0.0087653,0.0087653,0.0087653,0.0087653,0.0087653,0.0087653,0.0087653,0.0087653,0.0087653,0.0087653,0.0087653,0.0087653,0.0087653,0.0087653,0.0087653,0.0087653,0.0087653,0.0087653,0.0087653,0.0087653,0.0087653,0.0087653,0.0087653,0.0087653,0.0087653,0.0087653,0.0087653,0.0087653,0.0087653,0.0087653,0.0087653,0.0087653,0.0087653,0.0087653,0.0087653,0.0087653,0.0087653,0.0087653,0.0087653,0.0087653,0.0087653,0.0087653,0.0087653,0.0087653,0.0087653,0.0087653,0.0087653,0.0087653,0.0087653,0.0087653,0.0087653,0.0087653,0.0087653,0.0087653,0.0087653,0.0087653,0.0087653,0.0087653,0.0087653,0.0087653,0.0087653,0.0087653,0.0087653,0.0087653,0.0087653,0.0087653,0.0087653,0.0087653,0.0087653,0.0087653,0.0087653,0.0087653,0.0087653,0.0087653,0.0087653,0.0087653,0.0087653,0.0087653,0.0087653,0.0087653,0.0087653,0.0087653,0.0087653,0.0087653,0.0087653,0.0087653,0.0087653,0.0087653,0.0087653,0.0087653,0.0087653,0.0087653,0.0087653,0.0087653,0.0087653,0.0087653,0.0087653,0.0087653,0.0087653,0.0087653,0.0087653,0.0087653,0.0087653,0.0087653,0.0087653,0.0087653,0.0087653,0.0087653,0.0087653,0.0087653,0.0087653,0.0087653,0.0087653,0.0087653,0.0087653,0.0087653,0.0087653,0.0087653,0.0087653,0.0087653,0.0087653,0.0087653,0.0087653,0.0087653,0.0087653,0.0087653,0.0087653,0.0087653,0.0087653,0.0087653,0.0087653,0.0087653,0.0087653,0.0087653,0.0087653,0.0087653,0.0087653,0.0087653,0.0087653,0.0087653,0.0087653,0.0087653,0.0087653,0.0087653,0.0087653,0.0087653,0.00185618,0.00185618,0.00185618,0.00185618,0.00185618,0.00185618,0.00185618,0.00185618,0.00185618,0.00185618,0.00185618,0.00185618,0.00185618,0.00185618,0.00185618,0.00185618,0.00185618,0.00185618,0.00185618,0.00185618,0.00185618,0.00185618,0.00185618,0.00185618,0.00185618,0.00185618,0.00185618,0.00185618,0.00185618,0.00185618,0.00185618,0.00185618,0.00185618,0.00185618,0.00185618,0.00185618,0.00185618,0.00185618,0.00185618,0.00185618,0.00185618,0.00185618,0.00185618,0.00185618,0.00185618,0.00185618,0.00185618,0.00185618,0.00185618,0.00185618,0.00185618,0.00185618,0.00185618,0.00185618,0.00185618,0.00185618,0.00185618,0.00185618,0.00185618,0.00185618,0.00185618,0.00185618,0.00185618,0.00185618,0.00185618,0.00185618,0.00185618,0.00185618,0.00185618,0.00185618,0.00185618,0.00185618,0.00185618,0.00185618,0.00185618,0.00185618,0.00185618,0.00185618,0.00185618,0.00185618,0.00185618,0.00185618,0.00185618,0.00185618,0.00185618
real_0019,0.0087653,0.0087653,0.0087653,0.0087653,0.0087653,0.0087653,0.0087653,0.0087653,0.0087653,0.0087653,0.0087653,0.0087653,0.0087653,0.0087653,0.0087653,0.0087653,0.0087653,0.0087653,0.0087653,0.0087653,0.0087653,0.0087653,0.0087653,0.0087653,0.0087653,0.0087653,0.0087653,0.0087653,0.0087653,0.0087653,0.0087653,0.0087653,0.0087653,0.0087653,0.0087653,0.0087653,0.0087653,0.0087653,0.0087653,0.0087653,0.0087653,0.0087653,0.0087653,0.0087653,0.0087653,0.0087653,0.0087653,0.0087653,0.0087653,0.0087653,0.0087653,0.0087653,0.0087653,0.0087653,0.0087653,0.0087653,0.0087653,0.0087653,0.0087653,0.0087653,0.0087653,0.0087653,0.0087653,0.0087653,0.0087653,0.0087653,0.0087653,0.0087653,0.0087653,0.0087653,0.0087653,0.0087653,0.0087653,0.0087653,0.0087653,0.0087653,0.0087653,0.0087653,0.0087653,0.0087653,0.0087653,0.0087653,0.0087653,0.0087653,0.0087653,0.0087653,0.0087653,0.0087653,0.0087653,0.0087653,0.0087653,0.0087653,0.0087653,0.0087653,0.0087653,0.0087653,0.0087653,0.0087653,0.0087653,0.0087653,0.0087653,0.0087653,0.0087653,0.0087653,0.0087653,0.0087653,0.0087653,0.0087653,0.0087653,0.0087653,0.0087653,0.0087653,0.0087653,0.0087653,0.0087653,0.0087653,0.0087653,0.0087653,0.0087653,0.0087653,0.0087653,0.0087653,0.0087653,0.0087653,0.0087653,0.0087653,0.0087653,0.0087653,0.0087653,0.0087653,0.0087653,0.0087653,0.0087653,0.0087653,0.0087653,0.0087653,0.0087653,0.0087653,0.0087653,0.0087653,0.0087653,0.0087653,0.0087653,0.0087653,0.0087653,0.0087653,0.0087653,0.0087653,0.0087653,0.0087653,0.0087653,0.0087653,0.0087653,0.0087653,0.0087653,0.0087653,0.0087653,0.0087653,0.0087653,0.0087653,0.0087653,0.0087653,0.0087653,0.0087653,0.0087653,0.0087653,0.0087653,0.0087653,0.0087653,0.0087653,0.0087653,0.0087653,0.0087653,0.0087653,0.0087653,0.0087653,0.0087653,0.0087653,0.0087653,0.0087653,0.00185618,0.00185618,0.00185618,0.00185618,0.00185618,0.00185618,0.00185618,0.00185618,0.00185618,0.00185618,0.00185618,0.00185618,0.00185618,0.00185618,0.00185618,0.00185618,0.00185618,0.00185618,0.00185618,0.00185618,0.00185618,0.00185618,0.00185618,0.00185618,0.00185618,0.00185618,0.00185618,0.00185618,0.00185618,0.00185618,0.00185618,0.00185618,0.00185618,0.00185618,0.00185618,0.00185618,0.00185618,0.00185618,0.00185618,0.00185618,0.00185618,0.00185618,0.00185618,0.00185618,0.00185618,0.00185618,0.00185618,0.00185618,0.00185618,0.00185618,0.00185618,0.00185618,0.00185618,0.00185618,0.00185618,0.00185618,0.00185618,0.00185618,0.00185618,0.00185618,0.00185618,0.00185618,0.00185618,0.00185618,0.00185618,0.00185618,0.00185618,0.00185618,0.00185618,0.00185618,0.00185618,0.00185618,0.00185618,0.00185618,0.00185618,0.00185618,0.00185618,0.00185618,0.00185618,0.00185618,0.00185618,0.00185618,0.00185618,0.00185618,0.00185618
real_0020,0.0087653,0.0087653,0.0087653,0.0087653,0.0087653,0.0087653,0.0087653,0.0087653,0.0087653,0.0087653,0.0087653,0.0087653,0.0087653,0.0087653,0.0087653,0.0087653,0.0087653,0.0087653,0.0087653,0.0087653,0.0087653,0.0087653,0.0087653,0.0087653,0.0087653,0.0087653,0.0087653,0.0087653,0.0087653,0.0087653,0.0087653,0.0087653,0.0087653,0.0087653,0.0087653,0.0087653,0.0087653,0.0087653,0.0087653,0.0087653,0.0087653,0.0087653,0.0087653,0.0087653,0.0087653,0.0087653,0.0087653,0.0087653,0.0087653,0.0087653,0.0087653,0.0087653,0.0087653,0.0087653,0.0087653,0.0087653,0.0087653,0.0087653,0.0087653,0.0087653,0.0087653,0.0087653,0.0087653,0.0087653,0.0087653,0.0087653,0.0087653,0.0087653,0.0087653,0.0087653,0.0087653,0.0087653,0.0087653,0.0087653,0.0087653,0.0087653,0.0087653,0.0087653,0.0087653,0.0087653,0.0087653,0.0087653,0.0087653,0.0087653,0.0087653,0.0087653,0.0087653,0.0087653,0.0087653,0.0087653,0.0087653,0.0087653,0.0087653,0.0087653,0.0087653,0.0087653,0.0087653,0.0087653,0.0087653,0.0087653,0.0087653,0.0087653,0.0087653,0.0087653,0.0087653,0.0087653,0.0087653,0.0087653,0.0087653,0.0087653,0.0087653,0.0087653,0.0087653,0.0087653,0.0087653,0.0087653,0.0087653,0.0087653,0.0087653,0.0087653,0.0087653,0.0087653,0.0087653,0.0087653,0.0087653,0.0087653,0.0087653,0.0087653,0.0087653,0.0087653,0.0087653,0.0087653,0.0087653,0.0087653,0.0087653,0.0087653,0.0087653,0.0087653,0.0087653,0.0087653,0.0087653,0.0087653,0.0087653,0.0087653,0.0087653,0.0087653,0.0087653,0.0087653,0.0087653,0.0087653,0.0087653,0.0087653,0.0087653,0.0087653,0.0087653,0.0087653,0.0087653,0.0087653,0.0087653,0.0087653,0.0087653,0.0087653,0.0087653,0.0087653,0.0087653,0.0087653,0.0087653,0.0087653,0.0087653,0.0087653,0.0087653,0.0087653,0.0087653,0.0087653,0.0087653,0.0087653,0.0087653,0.0087653,0.0087653,0.0087653,0.00185618,0.00185618,0.00185618,0.00185618,0.00185618,0.00185618,0.00185618,0.00185618,0.00185618,0.00185618,0.00185618,0.00185618,0.00185618,0.00185618,0.00185618,0.00185618,0.00185618,0.00185618,0.00185618,0.00185618,0.00185618,0.00185618,0.00185618,0.00185618,0.00185618,0.00185618,0.00185618,0.00185618,0.00185618,0.00185618,0.00185618,0.00185618,0.00185618,0.00185618,0.00185618,0.00185618,0.00185618,0.00185618,0.00185618,0.00185618,0.00185618,0.00185618,0.00185618,0.00185618,0.00185618,0.00185618,0.00185618,0.00185618,0.00185618,0.00185618,0.00185618,0.00185618,0.00185618,0.00185618,0.00185618,0.00185618,0.00185618,0.00185618,0.00185618,0.00185618,0.00185618,0.00185618,0.00185618,0.00185618,0.00185618,0.00185618,0.00185618,0.00185618,0.00185618,0.00185618,0.00185618,0.00185618,0.00185618,0.00185618,0.00185618,0.00185618,0.00185618,0.00185618,0.00185618,0.00185618,0.00185618,0.00185618,0.00185618,0.00185618,0.00185618
real_0021,0.0087653,0.0087653,0.0087653,0.0087653,0.0087653,0.0087653,0.0087653,0.0087653,0.0087653,0.0087653,0.0087653,0.0087653,0.0087653,0.0087653,0.0087653,0.0087653,0.0087653,0.0087653,0.0087653,0.0087653,0.0087653,0.0087653,0.0087653,0.0087653,0.0087653,0.0087653,0.0087653,0.0087653,0.0087653,0.0087653,0.0087653,0.0087653,0.0087653,0.0087653,0.0087653,0.0087653,0.0087653,0.0087653,0.0087653,0.0087653,0.0087653,0.0087653,0.0087653,0.0087653,0.0087653,0.0087653,0.0087653,0.0087653,0.0087653,0.0087653,0.0087653,0.0087653,0.0087653,0.0087653,0.0087653,0.0087653,0.0087653,0.0087653,0.0087653,0.0087653,0.0087653,0.0087653,0.0087653,0.0087653,0.0087653,0.0087653,0.0087653,0.0087653,0.0087653,0.0087653,0.0087653,0.0087653,0.0087653,0.0087653,0.0087653,0.0087653,0.0087653,0.0087653,0.0087653,0.0087653,0.0087653,0.0087653,0.0087653,0.0087653,0.0087653,0.0087653,0.0087653,0.0087653,0.0087653,0.0087653,0.0087653,0.0087653,0.0087653,0.0087653,0.0087653,0.0087653,0.0087653,0.0087653,0.0087653,0.0087653,0.0087653,0.0087653,0.0087653,0.0087653,0.0087653,0.0087653,0.0087653,0.0087653,0.0087653,0.0087653,0.0087653,0.0087653,0.0087653,0.0087653,0.0087653,0.0087653,0.0087653,0.0087653,0.0087653,0.0087653,0.0087653,0.0087653,0.0087653,0.0087653,0.0087653,0.0087653,0.0087653,0.0087653,0.0087653,0.0087653,0.0087653,0.0087653,0.0087653,0.0087653,0.0087653,0.0087653,0.0087653,0.0087653,0.0087653,0.0087653,0.0087653,0.0087653,0.0087653,0.0087653,0.0087653,0.0087653,0.0087653,0.0087653,0.0087653,0.0087653,0.0087653,0.0087653,0.0087653,0.0087653,0.0087653,0.0087653,0.0087653,0.0087653,0.0087653,0.0087653,0.0087653,0.0087653,0.0087653,0.0087653,0.0087653,0.0087653,0.0087653,0.0087653,0.0087653,0.0087653,0.0087653,0.0087653,0.0087653,0.0087653,0.0087653,0.0087653,0.0087653,0.0087653,0.0087653,0.0087653,0.00185618,0.00185618,0.00185618,0.00185618,0.00185618,0.00185618,0.00185618,0.00185618,0.00185618,0.00185618,0.00185618,0.00185618,0.00185618,0.00185618,0.00185618,0.00185618,0.00185618,0.00185618,0.00185618,0.00185618,0.00185618,0.00185618,0.00185618,0.00185618,0.00185618,0.00185618,0.00185618,0.00185618,0.00185618,0.00185618,0.00185618,0.00185618,0.00185618,0.00185618,0.00185618,0.00185618,0.00185618,0.00185618,0.00185618,0.00185618,0.00185618,0.00185618,0.00185618,0.00185618,0.00185618,0.00185618,0.00185618,0.00185618,0.00185618,0.00185618,0.00185618,0.00185618,0.00185618,0.00185618,0.00185618,0.00185618,0.00185618,0.00185618,0.00185618,0.00185618,0.00185618,0.00185618,0.00185618,0.00185618,0.00185618,0.00185618,0.00185618,0.00185618,0.00185618,0.00185618,0.00185618,0.00185618,0.00185618,0.00185618,0.00185618,0.00185618,0.00185618,0.00185618,0.00185618,0.00185618,0.00185618,0.00185618,0.00185618,0.00185618,0.00185618
real_0022,0.0087653,0.0087653,0.0087653,0.0087653,0.0087653,0.0087653,0.0087653,0.0087653,0.0087653,0.0087653,0.0087653,0.0087653,0.0087653,0.0087653,0.0087653,0.0087653,0.0087653,0.0087653,0.0087653,0.0087653,0.0087653,0.0087653,0.0087653,0.0087653,0.0087653,0.0087653,0.0087653,0.0087653,0.0087653,0.0087653,0.0087653,0.0087653,0.0087653,0.0087653,0.0087653,0.0087653,0.0087653,0.0087653,0.0087653,0.0087653,0.0087653,0.0087653,0.0087653,0.0087653,0.0087653,0.0087653,0.0087653,0.0087653,0.0087653,0.0087653,0.0087653,0.0087653,0.0087653,0.0087653,0.0087653,0.0087653,0.0087653,0.0087653,0.0087653,0.0087653,0.0087653,0.0087653,0.0087653,0.0087653,0.0087653,0.0087653,0.0087653,0.0087653,0.0087653,0.0087653,0.0087653,0.0087653,0.0087653,0.0087653,0.0087653,0.0087653,0.0087653,0.0087653,0.0087653,0.0087653,0.0087653,0.0087653,0.0087653,0.0087653,0.0087653,0.0087653,0.0087653,0.0087653,0.0087653,0.0087653,0.0087653,0.0087653,0.0087653,0.0087653,0.0087653,0.0087653,0.0087653,0.0087653,0.0087653,0.0087653,0.0087653,0.0087653,0.0087653,0.0087653,0.0087653,0.0087653,0.0087653,0.0087653,0.0087653,0.0087653,0.0087653,0.0087653,0.0087653,0.0087653,0.0087653,0.0087653,0.0087653,0.0087653,0.0087653,0.0087653,0.0087653,0.0087653,0.0087653,0.0087653,0.0087653,0.0087653,0.0087653,0.0087653,0.0087653,0.0087653,0.0087653,0.0087653,0.0087653,0.0087653,0.0087653,0.0087653,0.0087653,0.0087653,0.0087653,0.0087653,0.0087653,0.0087653,0.0087653,0.0087653,0.0087653,0.0087653,0.0087653,0.0087653,0.0087653,0.0087653,0.0087653,0.0087653,0.0087653,0.0087653,0.0087653,0.0087653,0.0087653,0.0087653,0.0087653,0.0087653,0.0087653,0.0087653,0.0087653,0.0087653,0.0087653,0.0087653,0.0087653,0.0087653,0.0087653,0.0087653,0.0087653,0.0087653,0.0087653,0.0087653,0.0087653,0.0087653,0.0087653,0.0087653,0.0087653,0.0087653,0.00185618,0.00185618,0.00185618,0.00185618,0.00185618,0.00185618,0.00185618,0.00185618,0.00185618,0.00185618,0.00185618,0.00185618,0.00185618,0.00185618,0.00185618,0.00185618,0.00185618,0.00185618,0.00185618,0.00185618,0.00185618,0.00185618,0.00185618,0.00185618,0.00185618,0.00185618,0.00185618,0.00185618,0.00185618,0.00185618,0.00185618,0.00185618,0.00185618,0.00185618,0.00185618,0.00185618,0.00185618,0.00185618,0.00185618,0.00185618,0.00185618,0.00185618,0.00185618,0.00185618,0.00185618,0.00185618,0.00185618,0.00185618,0.00185618,0.00185618,0.00185618,0.00185618,0.00185618,0.00185618,0.00185618,0.00185618,0.00185618,0.00185618,0.00185618,0.00185618,0.00185618,0.00185618,0.00185618,0.00185618,0.00185618,0.00185618,0.00185618,0.00185618,0.00185618,0.00185618,0.00185618,0.00185618,0.00185618,0.00185618,0.00185618,0.00185618,0.00185618,0.00185618,0.00185618,0.00185618,0.00185618,0.00185618,0.00185618,0.00185618,0.00185618
real_0023,0.0087653,0.0087653,0.0087653,0.0087653,0.0087653,0.0087653,0.0087653,0.0087653,0.0087653,0.0087653,0.0087653,0.0087653,0.0087653,0.0087653,0.0087653,0.0087653,0.0087653,0.0087653,0.0087653,0.0087653,0.0087653,0.0087653,0.0087653,0.0087653,0.0087653,0.0087653,0.0087653,0.0087653,0.0087653,0.0087653,0.0087653,0.0087653,0.0087653,0.0087653,0.0087653,0.0087653,0.0087653,0.0087653,0.0087653,0.0087653,0.0087653,0.0087653,0.0087653,0.0087653,0.0087653,0.0087653,0.0087653,0.0087653,0.0087653,0.0087653,0.0087653,0.0087653,0.0087653,0.0087653,0.0087653,0.0087653,0.0087653,0.0087653,0.0087653,0.0087653,0.0087653,0.0087653,0.0087653,0.0087653,0.0087653,0.0087653,0.0087653,0.0087653,0.0087653,0.0087653,0.0087653,0.0087653,0.0087653,0.0087653,0.0087653,0.0087653,0.0087653,0.0087653,0.0087653,0.0087653,0.0087653,0.0087653,0.0087653,0.0087653,0.0087653,0.0087653,0.0087653,0.0087653,0.0087653,0.0087653,0.0087653,0.0087653,0.0087653,0.0087653,0.0087653,0.0087653,0.0087653,0.0087653,0.0087653,0.0087653,0.0087653,0.0087653,0.0087653,0.0087653,0.0087653,0.0087653,0.0087653,0.0087653,0.0087653,0.0087653,0.0087653,0.0087653,0.0087653,0.0087653,0.0087653,0.0087653,0.0087653,0.0087653,0.0087653,0.0087653,0.0087653,0.0087653,0.0087653,0.0087653,0.0087653,0.0087653,0.0087653,0.0087653,0.0087653,0.0087653,0.0087653,0.0087653,0.0087653,0.0087653,0.0087653,0.0087653,0.0087653,0.0087653,0.0087653,0.0087653,0.0087653,0.0087653,0.0087653,0.0087653,0.0087653,0.0087653,0.0087653,0.0087653,0.0087653,0.0087653,0.0087653,0.0087653,0.0087653,0.0087653,0.0087653,0.0087653,0.0087653,0.0087653,0.0087653,0.0087653,0.0087653,0.0087653,0.0087653,0.0087653,0.0087653,0.0087653,0.0087653,0.0087653,0.0087653,0.0087653,0.0087653,0.0087653,0.0087653,0.0087653,0.0087653,0.0087653,0.0087653,0.0087653,0.0087653,0.0087653,0.00185618,0.00185618,0.00185618,0.00185618,0.00185618,0.00185618,0.00185618,0.00185618,0.00185618,0.00185618,0.00185618,0.00185618,0.00185618,0.00185618,0.00185618,0.00185618,0.00185618,0.00185618,0.00185618,0.00185618,0.00185618,0.00185618,0.00185618,0.00185618,0.00185618,0.00185618,0.00185618,0.00185618,0.00185618,0.00185618,0.00185618,0.00185618,0.00185618,0.00185618,0.00185618,0.00185618,0.00185618,0.00185618,0.00185618,0.00185618,0.00185618,0.00185618,0.00185618,0.00185618,0.00185618,0.00185618,0.00185618,0.00185618,0.00185618,0.00185618,0.00185618,0.00185618,0.00185618,0.00185618,0.00185618,0.00185618,0.00185618,0.00185618,0.00185618,0.00185618,0.00185618,0.00185618,0.00185618,0.00185618,0.00185618,0.00185618,0.00185618,0.00185618,0.00185618,0.00185618,0.00185618,0.00185618,0.00185618,0.00185618,0.00185618,0.00185618,0.00185618,0.00185618,0.00185618,0.00185618,0.00185618,0.00185618,0.00185618,0.00185618,0.00185618
real_0024,0.0087653,0.0087653,0.0087653,0.0087653,0.0087653,0.0087653,0.0087653,0.0087653,0.0087653,0.0087653,0.0087653,0.0087653,0.0087653,0.0087653,0.0087653,0.0087653,0.0087653,0.0087653,0.0087653,0.0087653,0.0087653,0.0087653,0.0087653,0.0087653,0.0087653,0.0087653,0.0087653,0.0087653,0.0087653,0.0087653,0.0087653,0.0087653,0.0087653,0.0087653,0.0087653,0.0087653,0.0087653,0.0087653,0.0087653,0.0087653,0.0087653,0.0087653,0.0087653,0.0087653,0.0087653,0.0087653,0.0087653,0.0087653,0.0087653,0.0087653,0.0087653,0.0087653,0.0087653,0.0087653,0.0087653,0.0087653,0.0087653,0.0087653,0.0087653,0.0087653,0.0087653,0.0087653,0.0087653,0.0087653,0.0087653,0.0087653,0.0087653,0.0087653,0.0087653,0.0087653,0.0087653,0.0087653,0.0087653,0.0087653,0.0087653,0.0087653,0.0087653,0.0087653,0.0087653,0.0087653,0.0087653,0.0087653,0.0087653,0.0087653,0.0087653,0.0087653,0.0087653,0.0087653,0.0087653,0.0087653,0.0087653,0.0087653,0.0087653,0.0087653,0.0087653,0.0087653,0.0087653,0.0087653,0.0087653,0.0087653,0.0087653,0.0087653,0.0087653,0.0087653,0.0087653,0.0087653,0.0087653,0.0087653,0.0087653,0.0087653,0.0087653,0.0087653,0.0087653,0.0087653,0.0087653,0.0087653,0.0087653,0.0087653,0.0087653,0.0087653,0.0087653,0.0087653,0.0087653,0.0087653,0.0087653,0.0087653,0.0087653,0.0087653,0.0087653,0.0087653,0.0087653,0.0087653,0.0087653,0.0087653,0.0087653,0.0087653,0.0087653,0.0087653,0.0087653,0.0087653,0.0087653,0.0087653,0.0087653,0.0087653,0.0087653,0.0087653,0.0087653,0.0087653,0.0087653,0.0087653,0.0087653,0.0087653,0.0087653,0.0087653,0.0087653,0.0087653,0.0087653,0.0087653,0.0087653,0.0087653,0.0087653,0.0087653,0.0087653,0.0087653,0.0087653,0.0087653,0.0087653,0.0087653,0.0087653,0.0087653,0.0087653,0.0087653,0.0087653,0.0087653,0.0087653,0.0087653,0.0087653,0.0087653,0.0087653,0.0087653,0.00185618,0.00185618,0.00185618,0.00185618,0.00185618,0.00185618,0.00185618,0.00185618,0.00185618,0.00185618,0.00185618,0.00185618,0.00185618,0.00185618,0.00185618,0.00185618,0.00185618,0.00185618,0.00185618,0.00185618,0.00185618,0.00185618,0.00185618,0.00185618,0.00185618,0.00185618,0.00185618,0.00185618,0.00185618,0.00185618,0.00185618,0.00185618,0.00185618,0.00185618,0.00185618,0.00185618,0.00185618,0.00185618,0.00185618,0.00185618,0.00185618,0.00185618,0.00185618,0.00185618,0.00185618,0.00185618,0.00185618,0.00185618,0.00185618,0.00185618,0.00185618,0.00185618,0.00185618,0.00185618,0.00185618,0.00185618,0.00185618,0.00185618,0.00185618,0.00185618,0.00185618,0.00185618,0.00185618,0.00185618,0.00185618,0.00185618,0.00185618,0.00185618,0.00185618,0.00185618,0.00185618,0.00185618,0.00185618,0.00185618,0.00185618,0.00185618,0.00185618,0.00185618,0.00185618,0.00185618,0.00185618,0.00185618,0.00185618,0.00185618,0.00185618
real_0025,0.0087653,0.0087653,0.0087653,0.0087653,0.0087653,0.0087653,0.0087653,0.0087653,0.0087653,0.0087653,0.0087653,0.0087653,0.0087653,0.0087653,0.0087653,0.0087653,0.0087653,0.0087653,0.0087653,0.0087653,0.0087653,0.0087653,0.0087653,0.0087653,0.0087653,0.0087653,0.0087653,0.0087653,0.0087653,0.0087653,0.0087653,0.0087653,0.0087653,0.0087653,0.0087653,0.0087653,0.0087653,0.0087653,0.0087653,0.0087653,0.0087653,0.0087653,0.0087653,0.0087653,0.0087653,0.0087653,0.0087653,0.0087653,0.0087653,0.0087653,0.0087653,0.0087653,0.0087653,0.0087653,0.0087653,0.0087653,0.0087653,0.0087653,0.0087653,0.0087653,0.0087653,0.0087653,0.0087653,0.0087653,0.0087653,0.0087653,0.0087653,0.0087653,0.0087653,0.0087653,0.0087653,0.0087653,0.0087653,0.0087653,0.0087653,0.0087653,0.0087653,0.0087653,0.0087653,0.0087653,0.0087653,0.0087653,0.0087653,0.0087653,0.0087653,0.0087653,0.0087653,0.0087653,0.0087653,0.0087653,0.0087653,0.0087653,0.0087653,0.0087653,0.0087653,0.0087653,0.0087653,0.0087653,0.0087653,0.0087653,0.0087653,0.0087653,0.0087653,0.0087653,0.0087653,0.0087653,0.0087653,0.0087653,0.0087653,0.0087653,0.0087653,0.0087653,0.0087653,0.0087653,0.0087653,0.0087653,0.0087653,0.0087653,0.0087653,0.0087653,0.0087653,0.0087653,0.0087653,0.0087653,0.0087653,0.0087653,0.0087653,0.0087653,0.0087653,0.0087653,0.0087653,0.0087653,0.0087653,0.0087653,0.0087653,0.0087653,0.0087653,0.0087653,0.0087653,0.0087653,0.0087653,0.0087653,0.0087653,0.0087653,0.0087653,0.0087653,0.0087653,0.0087653,0.0087653,0.0087653,0.0087653,0.0087653,0.0087653,0.0087653,0.0087653,0.0087653,0.0087653,0.0087653,0.0087653,0.0087653,0.0087653,0.0087653,0.0087653,0.0087653,0.0087653,0.0087653,0.0087653,0.0087653,0.0087653,0.0087653,0.0087653,0.0087653,0.0087653,0.0087653,0.0087653,0.0087653,0.0087653,0.0087653,0.0087653,0.0087653,0.00185618,0.00185618,0.00185618,0.00185618,0.00185618,0.00185618,0.00185618,0.00185618,0.00185618,0.00185618,0.00185618,0.00185618,0.00185618,0.00185618,0.00185618,0.00185618,0.00185618,0.00185618,0.00185618,0.00185618,0.00185618,0.00185618,0.00185618,0.00185618,0.00185618,0.00185618,0.00185618,0.00185618,0.00185618,0.00185618,0.00185618,0.00185618,0.00185618,0.00185618,0.00185618,0.00185618,0.00185618,0.00185618,0.00185618,0.00185618,0.00185618,0.00185618,0.00185618,0.00185618,0.00185618,0.00185618,0.00185618,0.00185618,0.00185618,0.00185618,0.00185618,0.00185618,0.00185618,0.00185618,0.00185618,0.00185618,0.00185618,0.00185618,0.00185618,0.00185618,0.00185618,0.00185618,0.00185618,0.00185618,0.00185618,0.00185618,0.00185618,0.00185618,0.00185618,0.00185618,0.00185618,0.00185618,0.00185618,0.00185618,0.00185618,0.00185618,0.00185618,0.00185618,0.00185618,0.00185618,0.00185618,0.00185618,0.00185618,0.00185618,0.00185618
real_0026,0.0087653,0.0087653,0.0087653,0.0087653,0.0087653,0.0087653,0.0087653,0.0087653,0.0087653,0.0087653,0.0087653,0.0087653,0.0087653,0.0087653,0.0087653,0.0087653,0.0087653,0.0087653,0.0087653,0.0087653,0.0087653,0.0087653,0.0087653,0.0087653,0.0087653,0.0087653,0.0087653,0.0087653,0.0087653,0.0087653,0.0087653,0.0087653,0.0087653,0.0087653,0.0087653,0.0087653,0.0087653,0.0087653,0.0087653,0.0087653,0.0087653,0.0087653,0.0087653,0.0087653,0.0087653,0.0087653,0.0087653,0.0087653,0.0087653,0.0087653,0.0087653,0.0087653,0.0087653,0.0087653,0.0087653,0.0087653,0.0087653,0.0087653,0.0087653,0.0087653,0.0087653,0.0087653,0.0087653,0.0087653,0.0087653,0.0087653,0.0087653,0.0087653,0.0087653,0.0087653,0.0087653,0.0087653,0.0087653,0.0087653,0.0087653,0.0087653,0.0087653,0.0087653,0.0087653,0.0087653,0.0087653,0.0087653,0.0087653,0.0087653,0.0087653,0.0087653,0.0087653,0.0087653,0.0087653,0.0087653,0.0087653,0.0087653,0.0087653,0.0087653,0.0087653,0.0087653,0.0087653,0.0087653,0.0087653,0.0087653,0.0087653,0.0087653,0.0087653,0.0087653,0.0087653,0.0087653,0.0087653,0.0087653,0.0087653,0.0087653,0.0087653,0.0087653,0.0087653,0.0087653,0.0087653,0.0087653,0.0087653,0.0087653,0.0087653,0.0087653,0.0087653,0.0087653,0.0087653,0.0087653,0.0087653,0.0087653,0.0087653,0.0087653,0.0087653,0.0087653,0.0087653,0.0087653,0.0087653,0.0087653,0.0087653,0.0087653,0.0087653,0.0087653,0.0087653,0.0087653,0.0087653,0.0087653,0.0087653,0.0087653,0.0087653,0.0087653,0.0087653,0.0087653,0.0087653,0.0087653,0.0087653,0.0087653,0.0087653,0.0087653,0.0087653,0.0087653,0.0087653,0.0087653,0.0087653,0.0087653,0.0087653,0.0087653,0.0087653,0.0087653,0.0087653,0.0087653,0.0087653,0.0087653,0.0087653,0.0087653,0.0087653,0.0087653,0.0087653,0.0087653,0.0087653,0.0087653,0.0087653,0.0087653,0.0087653,0.0087653,0.00185618,0.00185618,0.00185618,0.00185618,0.00185618,0.00185618,0.00185618,0.00185618,0.00185618,0.00185618,0.00185618,0.00185618,0.00185618,0.00185618,0.00185618,0.00185618,0.00185618,0.00185618,0.00185618,0.00185618,0.00185618,0.00185618,0.00185618,0.00185618,0.00185618,0.00185618,0.00185618,0.00185618,0.00185618,0.00185618,0.00185618,0.00185618,0.00185618,0.00185618,0.00185618,0.00185618,0.00185618,0.00185618,0.00185618,0.00185618,0.00185618,0.00185618,0.00185618,0.00185618,0.00185618,0.00185618,0.00185618,0.00185618,0.00185618,0.00185618,0.00185618,0.00185618,0.00185618,0.00185618,0.00185618,0.00185618,0.00185618,0.00185618,0.00185618,0.00185618,0.00185618,0.00185618,0.00185618,0.00185618,0.00185618,0.00185618,0.00185618,0.00185618,0.00185618,0.00185618,0.00185618,0.00185618,0.00185618,0.00185618,0.00185618,0.00185618,0.00185618,0.00185618,0.00185618,0.00185618,0.00185618,0.00185618,0.00185618,0.00185618,0.00185618
real_0027,0.0087653,0.0087653,0.0087653,0.0087653,0.0087653,0.0087653,0.0087653,0.0087653,0.0087653,0.0087653,0.0087653,0.0087653,0.0087653,0.0087653,0.0087653,0.0087653,0.0087653,0.0087653,0.0087653,0.0087653,0.0087653,0.0087653,0.0087653,0.0087653,0.0087653,0.0087653,0.0087653,0.0087653,0.0087653,0.0087653,0.0087653,0.0087653,0.0087653,0.0087653,0.0087653,0.0087653,0.0087653,0.0087653,0.0087653,0.0087653,0.0087653,0.0087653,0.0087653,0.0087653,0.0087653,0.0087653,0.0087653,0.0087653,0.0087653,0.0087653,0.0087653,0.0087653,0.0087653,0.0087653,0.0087653,0.0087653,0.0087653,0.0087653,0.0087653,0.0087653,0.0087653,0.0087653,0.0087653,0.0087653,0.0087653,0.0087653,0.0087653,0.0087653,0.0087653,0.0087653,0.0087653,0.0087653,0.0087653,0.0087653,0.0087653,0.0087653,0.0087653,0.0087653,0.0087653,0.0087653,0.0087653,0.0087653,0.0087653,0.0087653,0.0087653,0.0087653,0.0087653,0.0087653,0.0087653,0.0087653,0.0087653,0.0087653,0.0087653,0.0087653,0.0087653,0.0087653,0.0087653,0.0087653,0.0087653,0.0087653,0.0087653,0.0087653,0.0087653,0.0087653,0.0087653,0.0087653,0.0087653,0.0087653,0.0087653,0.0087653,0.0087653,0.0087653,0.0087653,0.0087653,0.0087653,0.0087653,0.0087653,0.0087653,0.0087653,0.0087653,0.0087653,0.0087653,0.0087653,0.0087653,0.0087653,0.0087653,0.0087653,0.0087653,0.0087653,0.0087653,0.0087653,0.0087653,0.0087653,0.0087653,0.0087653,0.0087653,0.0087653,0.0087653,0.0087653,0.0087653,0.0087653,0.0087653,0.0087653,0.0087653,0.0087653,0.0087653,0.0087653,0.0087653,0.0087653,0.0087653,0.0087653,0.0087653,0.0087653,0.0087653,0.0087653,0.0087653,0.0087653,0.0087653,0.0087653,0.0087653,0.0087653,0.0087653,0.0087653,0.0087653,0.0087653,0.0087653,0.0087653,0.0087653,0.0087653,0.0087653,0.0087653,0.0087653,0.0087653,0.0087653,0.0087653,0.0087653,0.0087653,0.0087653,0.0087653,0.0087653,0.00185618,0.00185618,0.00185618,0.00185618,0.00185618,0.00185618,0.00185618,0.00185618,0.00185618,0.00185618,0.00185618,0.00185618,0.00185618,0.00185618,0.00185618,0.00185618,0.00185618,0.00185618,0.00185618,0.00185618,0.00185618,0.00185618,0.00185618,0.00185618,0.00185618,0.00185618,0.00185618,0.00185618,0.00185618,0.00185618,0.00185618,0.00185618,0.00185618,0.00185618,0.00185618,0.00185618,0.00185618,0.00185618,0.00185618,0.00185618,0.00185618,0.00185618,0.00185618,0.00185618,0.00185618,0.00185618,0.00185618,0.00185618,0.00185618,0.00185618,0.00185618,0.00185618,0.00185618,0.00185618,0.00185618,0.00185618,0.00185618,0.00185618,0.00185618,0.00185618,0.00185618,0.00185618,0.00185618,0.00185618,0.00185618,0.00185618,0.00185618,0.00185618,0.00185618,0.00185618,0.00185618,0.00185618,0.00185618,0.00185618,0.00185618,0.00185618,0.00185618,0.00185618,0.00185618,0.00185618,0.00185618,0.00185618,0.00185618,0.00185618,0.00185618
real_0028,0.0087653,0.0087653,0.0087653,0.0087653,0.0087653,0.0087653,0.0087653,0.0087653,0.0087653,0.0087653,0.0087653,0.0087653,0.0087653,0.0087653,0.0087653,0.0087653,0.0087653,0.0087653,0.0087653,0.0087653,0.0087653,0.0087653,0.0087653,0.0087653,0.0087653,0.0087653,0.0087653,0.0087653,0.0087653,0.0087653,0.0087653,0.0087653,0.0087653,0.0087653,0.0087653,0.0087653,0.0087653,0.0087653,0.0087653,0.0087653,0.0087653,0.0087653,0.0087653,0.0087653,0.0087653,0.0087653,0.0087653,0.0087653,0.0087653,0.0087653,0.0087653,0.0087653,0.0087653,0.0087653,0.0087653,0.0087653,0.0087653,0.0087653,0.0087653,0.0087653,0.0087653,0.0087653,0.0087653,0.0087653,0.0087653,0.0087653,0.0087653,0.0087653,0.0087653,0.0087653,0.0087653,0.0087653,0.0087653,0.0087653,0.0087653,0.0087653,0.0087653,0.0087653,0.0087653,0.0087653,0.0087653,0.0087653,0.0087653,0.0087653,0.0087653,0.0087653,0.0087653,0.0087653,0.0087653,0.0087653,0.0087653,0.0087653,0.0087653,0.0087653,0.0087653,0.0087653,0.0087653,0.0087653,0.0087653,0.0087653,0.0087653,0.0087653,0.0087653,0.0087653,0.0087653,0.0087653,0.0087653,0.0087653,0.0087653,0.0087653,0.0087653,0.0087653,0.0087653,0.0087653,0.0087653,0.0087653,0.0087653,0.0087653,0.0087653,0.0087653,0.0087653,0.0087653,0.0087653,0.0087653,0.0087653,0.0087653,0.0087653,0.0087653,0.0087653,0.0087653,0.0087653,0.0087653,0.0087653,0.0087653,0.0087653,0.0087653,0.0087653,0.0087653,0.0087653,0.0087653,0.0087653,0.0087653,0.0087653,0.0087653,0.0087653,0.0087653,0.0087653,0.0087653,0.0087653,0.0087653,0.0087653,0.0087653,0.0087653,0.0087653,0.0087653,0.0087653,0.0087653,0.0087653,0.0087653,0.0087653,0.0087653,0.0087653,0.0087653,0.0087653,0.0087653,0.0087653,0.0087653,0.0087653,0.0087653,0.0087653,0.0087653,0.0087653,0.0087653,0.0087653,0.0087653,0.0087653,0.0087653,0.0087653,0.0087653,0.0087653,0.00185618,0.00185618,0.00185618,0.00185618,0.00185618,0.00185618,0.00185618,0.00185618,0.00185618,0.00185618,0.00185618,0.00185618,0.00185618,0.00185618,0.00185618,0.00185618,0.00185618,0.00185618,0.00185618,0.00185618,0.00185618,0.00185618,0.00185618,0.00185618,0.00185618,0.00185618,0.00185618,0.00185618,0.00185618,0.00185618,0.00185618,0.00185618,0.00185618,0.00185618,0.00185618,0.00185618,0.00185618,0.00185618,0.00185618,0.00185618,0.00185618,0.00185618,0.00185618,0.00185618,0.00185618,0.00185618,0.00185618,0.00185618,0.00185618,0.00185618,0.00185618,0.00185618,0.00185618,0.00185618,0.00185618,0.00185618,0.00185618,0.00185618,0.00185618,0.00185618,0.00185618,0.00185618,0.00185618,0.00185618,0.00185618,0.00185618,0.00185618,0.00185618,0.00185618,0.00185618,0.00185618,0.00185618,0.00185618,0.00185618,0.00185618,0.00185618,0.00185618,0.00185618,0.00185618,0.00185618,0.00185618,0.00185618,0.00185618,0.00185618,0.00185618
real_0029,0.0087653,0.0087653,0.0087653,0.0087653,0.0087653,0.0087653,0.0087653,0.0087653,0.0087653,0.0087653,0.0087653,0.0087653,0.0087653,0.0087653,0.0087653,0.0087653,0.0087653,0.0087653,0.0087653,0.0087653,0.0087653,0.0087653,0.0087653,0.0087653,0.0087653,0.0087653,0.0087653,0.0087653,0.0087653,0.0087653,0.0087653,0.0087653,0.0087653,0.0087653,0.0087653,0.0087653,0.0087653,0.0087653,0.0087653,0.0087653,0.0087653,0.0087653,0.0087653,0.0087653,0.0087653,0.0087653,0.0087653,0.0087653,0.0087653,0.0087653,0.0087653,0.0087653,0.0087653,0.0087653,0.0087653,0.0087653,0.0087653,0.0087653,0.0087653,0.0087653,0.0087653,0.0087653,0.0087653,0.0087653,0.0087653,0.0087653,0.0087653,0.0087653,0.0087653,0.0087653,0.0087653,0.0087653,0.0087653,0.0087653,0.0087653,0.0087653,0.0087653,0.0087653,0.0087653,0.0087653,0.0087653,0.0087653,0.0087653,0.0087653,0.0087653,0.0087653,0.0087653,0.0087653,0.0087653,0.0087653,0.0087653,0.0087653,0.0087653,0.0087653,0.0087653,0.0087653,0.0087653,0.0087653,0.0087653,0.0087653,0.0087653,0.0087653,0.0087653,0.0087653,0.0087653,0.0087653,0.0087653,0.0087653,0.0087653,0.0087653,0.0087653,0.0087653,0.0087653,0.0087653,0.0087653,0.0087653,0.0087653,0.0087653,0.0087653,0.0087653,0.0087653,0.0087653,0.0087653,0.0087653,0.0087653,0.0087653,0.0087653,0.0087653,0.0087653,0.0087653,0.0087653,0.0087653,0.0087653,0.0087653,0.0087653,0.0087653,0.0087653,0.0087653,0.0087653,0.0087653,0.0087653,0.0087653,0.0087653,0.0087653,0.0087653,0.0087653,0.0087653,0.0087653,0.0087653,0.0087653,0.0087653,0.0087653,0.0087653,0.0087653,0.0087653,0.0087653,0.0087653,0.0087653,0.0087653,0.0087653,0.0087653,0.0087653,0.0087653,0.0087653,0.0087653,0.0087653,0.0087653,0.0087653,0.0087653,0.0087653,0.0087653,0.0087653,0.0087653,0.0087653,0.0087653,0.0087653,0.0087653,0.0087653,0.0087653,0.0087653,0.00185618,0.00185618,0.00185618,0.00185618,0.00185618,0.00185618,0.00185618,0.00185618,0.00185618,0.00185618,0.00185618,0.00185618,0.00185618,0.00185618,0.00185618,0.00185618,0.00185618,0.00185618,0.00185618,0.00185618,0.00185618,0.00185618,0.00185618,0.00185618,0.00185618,0.00185618,0.00185618,0.00185618,0.00185618,0.00185618,0.00185618,0.00185618,0.00185618,0.00185618,0.00185618,0.00185618,0.00185618,0.00185618,0.00185618,0.00185618,0.00185618,0.00185618,0.00185618,0.00185618,0.00185618,0.00185618,0.00185618,0.00185618,0.00185618,0.00185618,0.00185618,0.00185618,0.00185618,0.00185618,0.00185618,0.00185618,0.00185618,0.00185618,0.00185618,0.00185618,0.00185618,0.00185618,0.00185618,0.00185618,0.00185618,0.00185618,0.00185618,0.00185618,0.00185618,0.00185618,0.00185618,0.00185618,0.00185618,0.00185618,0.00185618,0.00185618,0.00185618,0.00185618,0.00185618,0.00185618,0.00185618,0.00185618,0.00185618,0.00185618,0.00185618
real_0030,0.0087653,0.0087653,0.0087653,0.0087653,0.0087653,0.0087653,0.0087653,0.0087653,0.0087653,0.0087653,0.0087653,0.0087653,0.0087653,0.0087653,0.0087653,0.0087653,0.0087653,0.0087653,0.0087653,0.0087653,0.0087653,0.0087653,0.0087653,0.0087653,0.0087653,0.0087653,0.0087653,0.0087653,0.0087653,0.0087653,0.0087653,0.0087653,0.0087653,0.0087653,0.0087653,0.0087653,0.0087653,0.0087653,0.0087653,0.0087653,0.0087653,0.0087653,0.0087653,0.0087653,0.0087653,0.0087653,0.0087653,0.0087653,0.0087653,0.0087653,0.0087653,0.0087653,0.0087653,0.0087653,0.0087653,0.0087653,0.0087653,0.0087653,0.0087653,0.0087653,0.0087653,0.0087653,0.0087653,0.0087653,0.0087653,0.0087653,0.0087653,0.0087653,0.0087653,0.0087653,0.0087653,0.0087653,0.0087653,0.0087653,0.0087653,0.0087653,0.0087653,0.0087653,0.0087653,0.0087653,0.0087653,0.0087653,0.0087653,0.0087653,0.0087653,0.0087653,0.0087653,0.0087653,0.0087653,0.0087653,0.0087653,0.0087653,0.0087653,0.0087653,0.0087653,0.0087653,0.0087653,0.0087653,0.0087653,0.0087653,0.0087653,0.0087653,0.0087653,0.0087653,0.0087653,0.0087653,0.0087653,0.0087653,0.0087653,0.0087653,0.0087653,0.0087653,0.0087653,0.0087653,0.0087653,0.0087653,0.0087653,0.0087653,0.0087653,0.0087653,0.0087653,0.0087653,0.0087653,0.0087653,0.0087653,0.0087653,0.0087653,0.0087653,0.0087653,0.0087653,0.0087653,0.0087653,0.0087653,0.0087653,0.0087653,0.0087653,0.0087653,0.0087653,0.0087653,0.0087653,0.0087653,0.0087653,0.0087653,0.0087653,0.0087653,0.0087653,0.0087653,0.0087653,0.0087653,0.0087653,0.0087653,0.0087653,0.0087653,0.0087653,0.0087653,0.0087653,0.0087653,0.0087653,0.0087653,0.0087653,0.0087653,0.0087653,0.0087653,0.0087653,0.0087653,0.0087653,0.0087653,0.0087653,0.0087653,0.0087653,0.0087653,0.0087653,0.0087653,0.0087653,0.0087653,0.0087653,0.0087653,0.0087653,0.0087653,0.0087653,0.00185618,0.00185618,0.00185618,0.00185618,0.00185618,0.00185618,0.00185618,0.00185618,0.00185618,0.00185618,0.00185618,0.00185618,0.00185618,0.00185618,0.00185618,0.00185618,0.00185618,0.00185618,0.00185618,0.00185618,0.00185618,0.00185618,0.00185618,0.00185618,0.00185618,0.00185618,0.00185618,0.00185618,0.00185618,0.00185618,0.00185618,0.00185618,0.00185618,0.00185618,0.00185618,0.00185618,0.00185618,0.00185618,0.00185618,0.00185618,0.00185618,0.00185618,0.00185618,0.00185618,0.00185618,0.00185618,0.00185618,0.00185618,0.00185618,0.00185618,0.00185618,0.00185618,0.00185618,0.00185618,0.00185618,0.00185618,0.00185618,0.00185618,0.00185618,0.00185618,0.00185618,0.00185618,0.00185618,0.00185618,0.00185618,0.00185618,0.00185618,0.00185618,0.00185618,0.00185618,0.00185618,0.00185618,0.00185618,0.00185618,0.00185618,0.00185618,0.00185618,0.00185618,0.00185618,0.00185618,0.00185618,0.00185618,0.00185618,0.00185618,0.00185618
real_0031,0.0087653,0.0087653,0.0087653,0.0087653,0.0087653,0.0087653,0.0087653,0.0087653,0.0087653,0.0087653,0.0087653,0.0087653,0.0087653,0.0087653,0.0087653,0.0087653,0.0087653,0.0087653,0.0087653,0.0087653,0.0087653,0.0087653,0.0087653,0.0087653,0.0087653,0.0087653,0.0087653,0.0087653,0.0087653,0.0087653,0.0087653,0.0087653,0.0087653,0.0087653,0.0087653,0.0087653,0.0087653,0.0087653,0.0087653,0.0087653,0.0087653,0.0087653,0.0087653,0.0087653,0.0087653,0.0087653,0.0087653,0.0087653,0.0087653,0.0087653,0.0087653,0.0087653,0.0087653,0.0087653,0.0087653,0.0087653,0.0087653,0.0087653,0.0087653,0.0087653,0.0087653,0.0087653,0.0087653,0.0087653,0.0087653,0.0087653,0.0087653,0.0087653,0.0087653,0.0087653,0.0087653,0.0087653,0.0087653,0.0087653,0.0087653,0.0087653,0.0087653,0.0087653,0.0087653,0.0087653,0.0087653,0.0087653,0.0087653,0.0087653,0.0087653,0.0087653,0.0087653,0.0087653,0.0087653,0.0087653,0.0087653,0.0087653,0.0087653,0.0087653,0.0087653,0.0087653,0.0087653,0.0087653,0.0087653,0.0087653,0.0087653,0.0087653,0.0087653,0.0087653,0.0087653,0.0087653,0.0087653,0.0087653,0.0087653,0.0087653,0.0087653,0.0087653,0.0087653,0.0087653,0.0087653,0.0087653,0.0087653,0.0087653,0.0087653,0.0087653,0.0087653,0.0087653,0.0087653,0.0087653,0.0087653,0.0087653,0.0087653,0.0087653,0.0087653,0.0087653,0.0087653,0.0087653,0.0087653,0.0087653,0.0087653,0.0087653,0.0087653,0.0087653,0.0087653,0.0087653,0.0087653,0.0087653,0.0087653,0.0087653,0.0087653,0.0087653,0.0087653,0.0087653,0.0087653,0.0087653,0.0087653,0.0087653,0.0087653,0.0087653,0.0087653,0.0087653,0.0087653,0.0087653,0.0087653,0.0087653,0.0087653,0.0087653,0.0087653,0.0087653,0.0087653,0.0087653,0.0087653,0.0087653,0.0087653,0.0087653,0.0087653,0.0087653,0.0087653,0.0087653,0.0087653,0.0087653,0.0087653,0.0087653,0.0087653,0.0087653,0.00185618,0.00185618,0.00185618,0.00185618,0.00185618,0.00185618,0.00185618,0.00185618,0.00185618,0.00185618,0.00185618,0.00185618,0.00185618,0.00185618,0.00185618,0.00185618,0.00185618,0.00185618,0.00185618,0.00185618,0.00185618,0.00185618,0.00185618,0.00185618,0.00185618,0.00185618,0.00185618,0.00185618,0.00185618,0.00185618,0.00185618,0.00185618,0.00185618,0.00185618,0.00185618,0.00185618,0.00185618,0.00185618,0.00185618,0.00185618,0.00185618,0.00185618,0.00185618,0.00185618,0.00185618,0.00185618,0.00185618,0.00185618,0.00185618,0.00185618,0.00185618,0.00185618,0.00185618,0.00185618,0.00185618,0.00185618,0.00185618,0.00185618,0.00185618,0.00185618,0.00185618,0.00185618,0.00185618,0.00185618,0.00185618,0.00185618,0.00185618,0.00185618,0.00185618,0.00185618,0.00185618,0.00185618,0.00185618,0.00185618,0.00185618,0.00185618,0.00185618,0.00185618,0.00185618,0.00185618,0.00185618,0.00185618,0.00185618,0.00185618,0.00185618
real_0032,0.0087653,0.0087653,0.0087653,0.0087653,0.0087653,0.0087653,0.0087653,0.0087653,0.0087653,0.0087653,0.0087653,0.0087653,0.0087653,0.0087653,0.0087653,0.0087653,0.0087653,0.0087653,0.0087653,0.0087653,0.0087653,0.0087653,0.0087653,0.0087653,0.0087653,0.0087653,0.0087653,0.0087653,0.0087653,0.0087653,0.0087653,0.0087653,0.0087653,0.0087653,0.0087653,0.0087653,0.0087653,0.0087653,0.0087653,0.0087653,0.0087653,0.0087653,0.0087653,0.0087653,0.0087653,0.0087653,0.0087653,0.0087653,0.0087653,0.0087653,0.0087653,0.0087653,0.0087653,0.0087653,0.0087653,0.0087653,0.0087653,0.0087653,0.0087653,0.0087653,0.0087653,0.0087653,0.0087653,0.0087653,0.0087653,0.0087653,0.0087653,0.0087653,0.0087653,0.0087653,0.0087653,0.0087653,0.0087653,0.0087653,0.0087653,0.0087653,0.0087653,0.0087653,0.0087653,0.0087653,0.0087653,0.0087653,0.0087653,0.0087653,0.0087653,0.0087653,0.0087653,0.0087653,0.0087653,0.0087653,0.0087653,0.0087653,0.0087653,0.0087653,0.0087653,0.0087653,0.0087653,0.0087653,0.0087653,0.0087653,0.0087653,0.0087653,0.0087653,0.0087653,0.0087653,0.0087653,0.0087653,0.0087653,0.0087653,0.0087653,0.0087653,0.0087653,0.0087653,0.0087653,0.0087653,0.0087653,0.0087653,0.0087653,0.0087653,0.0087653,0.0087653,0.0087653,0.0087653,0.0087653,0.0087653,0.0087653,0.0087653,0.0087653,0.0087653,0.0087653,0.0087653,0.0087653,0.0087653,0.0087653,0.0087653,0.0087653,0.0087653,0.0087653,0.0087653,0.0087653,0.0087653,0.0087653,0.0087653,0.0087653,0.0087653,0.0087653,0.0087653,0.0087653,0.0087653,0.0087653,0.0087653,0.0087653,0.0087653,0.0087653,0.0087653,0.0087653,0.0087653,0.0087653,0.0087653,0.0087653,0.0087653,0.0087653,0.0087653,0.0087653,0.0087653,0.0087653,0.0087653,0.0087653,0.0087653,0.0087653,0.0087653,0.0087653,0.0087653,0.0087653,0.0087653,0.0087653,0.0087653,0.0087653,0.0087653,0.0087653,0.00185618,0.00185618,0.00185618,0.00185618,0.00185618,0.00185618,0.00185618,0.00185618,0.00185618,0.00185618,0.00185618,0.00185618,0.00185618,0.00185618,0.00185618,0.00185618,0.00185618,0.00185618,0.00185618,0.00185618,0.00185618,0.00185618,0.00185618,0.00185618,0.00185618,0.00185618,0.00185618,0.00185618,0.00185618,0.00185618,0.00185618,0.00185618,0.00185618,0.00185618,0.00185618,0.00185618,0.00185618,0.00185618,0.00185618,0.00185618,0.00185618,0.00185618,0.00185618,0.00185618,0.00185618,0.00185618,0.00185618,0.00185618,0.00185618,0.00185618,0.00185618,0.00185618,0.00185618,0.00185618,0.00185618,0.00185618,0.00185618,0.00185618,0.00185618,0.00185618,0.00185618,0.00185618,0.00185618,0.00185618,0.00185618,0.00185618,0.00185618,0.00185618,0.00185618,0.00185618,0.00185618,0.00185618,0.00185618,0.00185618,0.00185618,0.00185618,0.00185618,0.00185618,0.00185618,0.00185618,0.00185618,0.00185618,0.00185618,0.00185618,0.00185618
real_0033,0.0087653,0.0087653,0.0087653,0.0087653,0.0087653,0.0087653,0.0087653,0.0087653,0.0087653,0.0087653,0.0087653,0.0087653,0.0087653,0.0087653,0.0087653,0.0087653,0.0087653,0.0087653,0.0087653,0.0087653,0.0087653,0.0087653,0.0087653,0.0087653,0.0087653,0.0087653,0.0087653,0.0087653,0.0087653,0.0087653,0.0087653,0.0087653,0.0087653,0.0087653,0.0087653,0.0087653,0.0087653,0.0087653,0.0087653,0.0087653,0.0087653,0.0087653,0.0087653,0.0087653,0.0087653,0.0087653,0.0087653,0.0087653,0.0087653,0.0087653,0.0087653,0.0087653,0.0087653,0.0087653,0.0087653,0.0087653,0.0087653,0.0087653,0.0087653,0.0087653,0.0087653,0.0087653,0.0087653,0.0087653,0.0087653,0.0087653,0.0087653,0.0087653,0.0087653,0.0087653,0.0087653,0.0087653,0.0087653,0.0087653,0.0087653,0.0087653,0.0087653,0.0087653,0.0087653,0.0087653,0.0087653,0.0087653,0.0087653,0.0087653,0.0087653,0.0087653,0.0087653,0.0087653,0.0087653,0.0087653,0.0087653,0.0087653,0.0087653,0.0087653,0.0087653,0.0087653,0.0087653,0.0087653,0.0087653,0.0087653,0.0087653,0.0087653,0.0087653,0.0087653,0.0087653,0.0087653,0.0087653,0.0087653,0.0087653,0.0087653,0.0087653,0.0087653,0.0087653,0.0087653,0.0087653,0.0087653,0.0087653,0.0087653,0.0087653,0.0087653,0.0087653,0.0087653,0.0087653,0.0087653,0.0087653,0.0087653,0.0087653,0.0087653,0.0087653,0.0087653,0.0087653,0.0087653,0.0087653,0.0087653,0.0087653,0.0087653,0.0087653,0.0087653,0.0087653,0.0087653,0.0087653,0.0087653,0.0087653,0.0087653,0.0087653,0.0087653,0.0087653,0.0087653,0.0087653,0.0087653,0.0087653,0.0087653,0.0087653,0.0087653,0.0087653,0.0087653,0.0087653,0.0087653,0.0087653,0.0087653,0.0087653,0.0087653,0.0087653,0.0087653,0.0087653,0.0087653,0.0087653,0.0087653,0.0087653,0.0087653,0.0087653,0.0087653,0.0087653,0.0087653,0.0087653,0.0087653,0.0087653,0.0087653,0.0087653,0.0087653,0.00185618,0.00185618,0.00185618,0.00185618,0.00185618,0.00185618,0.00185618,0.00185618,0.00185618,0.00185618,0.00185618,0.00185618,0.00185618,0.00185618,0.00185618,0.00185618,0.00185618,0.00185618,0.00185618,0.00185618,0.00185618,0.00185618,0.00185618,0.00185618,0.00185618,0.00185618,0.00185618,0.00185618,0.00185618,0.00185618,0.00185618,0.00185618,0.00185618,0.00185618,0.00185618,0.00185618,0.00185618,0.00185618,0.00185618,0.00185618,0.00185618,0.00185618,0.00185618,0.00185618,0.00185618,0.00185618,0.00185618,0.00185618,0.00185618,0.00185618,0.00185618,0.00185618,0.00185618,0.00185618,0.00185618,0.00185618,0.00185618,0.00185618,0.00185618,0.00185618,0.00185618,0.00185618,0.00185618,0.00185618,0.00185618,0.00185618,0.00185618,0.00185618,0.00185618,0.00185618,0.00185618,0.00185618,0.00185618,0.00185618,0.00185618,0.00185618,0.00185618,0.00185618,0.00185618,0.00185618,0.00185618,0.00185618,0.00185618,0.00185618,0.00185618
real_0034,0.0087653,0.0087653,0.0087653,0.0087653,0.0087653,0.0087653,0.0087653,0.0087653,0.0087653,0.0087653,0.0087653,0.0087653,0.0087653,0.0087653,0.0087653,0.0087653,0.0087653,0.0087653,0.0087653,0.0087653,0.0087653,0.0087653,0.0087653,0.0087653,0.0087653,0.0087653,0.0087653,0.0087653,0.0087653,0.0087653,0.0087653,0.0087653,0.0087653,0.0087653,0.0087653,0.0087653,0.0087653,0.0087653,0.0087653,0.0087653,0.0087653,0.0087653,0.0087653,0.0087653,0.0087653,0.0087653,0.0087653,0.0087653,0.0087653,0.0087653,0.0087653,0.0087653,0.0087653,0.0087653,0.0087653,0.0087653,0.0087653,0.0087653,0.0087653,0.0087653,0.0087653,0.0087653,0.0087653,0.0087653,0.0087653,0.0087653,0.0087653,0.0087653,0.0087653,0.0087653,0.0087653,0.0087653,0.0087653,0.0087653,0.0087653,0.0087653,0.0087653,0.0087653,0.0087653,0.0087653,0.0087653,0.0087653,0.0087653,0.0087653,0.0087653,0.0087653,0.0087653,0.0087653,0.0087653,0.0087653,0.0087653,0.0087653,0.0087653,0.0087653,0.0087653,0.0087653,0.0087653,0.0087653,0.0087653,0.0087653,0.0087653,0.0087653,0.0087653,0.0087653,0.0087653,0.0087653,0.0087653,0.0087653,0.0087653,0.0087653,0.0087653,0.0087653,0.0087653,0.0087653,0.0087653,0.0087653,0.0087653,0.0087653,0.0087653,0.0087653,0.0087653,0.0087653,0.0087653,0.0087653,0.0087653,0.0087653,0.0087653,0.0087653,0.0087653,0.0087653,0.0087653,0.0087653,0.0087653,0.0087653,0.0087653,0.0087653,0.0087653,0.0087653,0.0087653,0.0087653,0.0087653,0.0087653,0.0087653,0.0087653,0.0087653,0.0087653,0.0087653,0.0087653,0.0087653,0.0087653,0.0087653,0.0087653,0.0087653,0.0087653,0.0087653,0.0087653,0.0087653,0.0087653,0.0087653,0.0087653,0.0087653,0.0087653,0.0087653,0.0087653,0.0087653,0.0087653,0.0087653,0.0087653,0.0087653,0.0087653,0.0087653,0.0087653,0.0087653,0.0087653,0.0087653,0.0087653,0.0087653,0.0087653,0.0087653,0.0087653,0.00185618,0.00185618,0.00185618,0.00185618,0.00185618,0.00185618,0.00185618,0.00185618,0.00185618,0.00185618,0.00185618,0.00185618,0.00185618,0.00185618,0.00185618,0.00185618,0.00185618,0.00185618,0.00185618,0.00185618,0.00185618,0.00185618,0.00185618,0.00185618,0.00185618,0.00185618,0.00185618,0.00185618,0.00185618,0.00185618,0.00185618,0.00185618,0.00185618,0.00185618,0.00185618,0.00185618,0.00185618,0.00185618,0.00185618,0.00185618,0.00185618,0.00185618,0.00185618,0.00185618,0.00185618,0.00185618,0.00185618,0.00185618,0.00185618,0.00185618,0.00185618,0.00185618,0.00185618,0.00185618,0.00185618,0.00185618,0.00185618,0.00185618,0.00185618,0.00185618,0.00185618,0.00185618,0.00185618,0.00185618,0.00185618,0.00185618,0.00185618,0.00185618,0.00185618,0.00185618,0.00185618,0.00185618,0.00185618,0.00185618,0.00185618,0.00185618,0.00185618,0.00185618,0.00185618,0.00185618,0.00185618,0.00185618,0.00185618,0.00185618,0.00185618
real_0035,0.0087653,0.0087653,0.0087653,0.0087653,0.0087653,0.0087653,0.0087653,0.0087653,0.0087653,0.0087653,0.0087653,0.0087653,0.0087653,0.0087653,0.0087653,0.0087653,0.0087653,0.0087653,0.0087653,0.0087653,0.0087653,0.0087653,0.0087653,0.0087653,0.0087653,0.0087653,0.0087653,0.0087653,0.0087653,0.0087653,0.0087653,0.0087653,0.0087653,0.0087653,0.0087653,0.0087653,0.0087653,0.0087653,0.0087653,0.0087653,0.0087653,0.0087653,0.0087653,0.0087653,0.0087653,0.0087653,0.0087653,0.0087653,0.0087653,0.0087653,0.0087653,0.0087653,0.0087653,0.0087653,0.0087653,0.0087653,0.0087653,0.0087653,0.0087653,0.0087653,0.0087653,0.0087653,0.0087653,0.0087653,0.0087653,0.0087653,0.0087653,0.0087653,0.0087653,0.0087653,0.0087653,0.0087653,0.0087653,0.0087653,0.0087653,0.0087653,0.0087653,0.0087653,0.0087653,0.0087653,0.0087653,0.0087653,0.0087653,0.0087653,0.0087653,0.0087653,0.0087653,0.0087653,0.0087653,0.0087653,0.0087653,0.0087653,0.0087653,0.0087653,0.0087653,0.0087653,0.0087653,0.0087653,0.0087653,0.0087653,0.0087653,0.0087653,0.0087653,0.0087653,0.0087653,0.0087653,0.0087653,0.0087653,0.0087653,0.0087653,0.0087653,0.0087653,0.0087653,0.0087653,0.0087653,0.0087653,0.0087653,0.0087653,0.0087653,0.0087653,0.0087653,0.0087653,0.0087653,0.0087653,0.0087653,0.0087653,0.0087653,0.0087653,0.0087653,0.0087653,0.0087653,0.0087653,0.0087653,0.0087653,0.0087653,0.0087653,0.0087653,0.0087653,0.0087653,0.0087653,0.0087653,0.0087653,0.0087653,0.0087653,0.0087653,0.0087653,0.0087653,0.0087653,0.0087653,0.0087653,0.0087653,0.0087653,0.0087653,0.0087653,0.0087653,0.0087653,0.0087653,0.0087653,0.0087653,0.0087653,0.0087653,0.0087653,0.0087653,0.0087653,0.0087653,0.0087653,0.0087653,0.0087653,0.0087653,0.0087653,0.0087653,0.0087653,0.0087653,0.0087653,0.0087653,0.0087653,0.0087653,0.0087653,0.0087653,0.0087653,0.00185618,0.00185618,0.00185618,0.00185618,0.00185618,0.00185618,0.00185618,0.00185618,0.00185618,0.00185618,0.00185618,0.00185618,0.00185618,0.00185618,0.00185618,0.00185618,0.00185618,0.00185618,0.00185618,0.00185618,0.00185618,0.00185618,0.00185618,0.00185618,0.00185618,0.00185618,0.00185618,0.00185618,0.00185618,0.00185618,0.00185618,0.00185618,0.00185618,0.00185618,0.00185618,0.00185618,0.00185618,0.00185618,0.00185618,0.00185618,0.00185618,0.00185618,0.00185618,0.00185618,0.00185618,0.00185618,0.00185618,0.00185618,0.00185618,0.00185618,0.00185618,0.00185618,0.00185618,0.00185618,0.00185618,0.00185618,0.00185618,0.00185618,0.00185618,0.00185618,0.00185618,0.00185618,0.00185618,0.00185618,0.00185618,0.00185618,0.00185618,0.00185618,0.00185618,0.00185618,0.00185618,0.00185618,0.00185618,0.00185618,0.00185618,0.00185618,0.00185618,0.00185618,0.00185618,0.00185618,0.00185618,0.00185618,0.00185618,0.00185618,0.00185618
real_0036,0.0087653,0.0087653,0.0087653,0.0087653,0.0087653,0.0087653,0.0087653,0.0087653,0.0087653,0.0087653,0.0087653,0.0087653,0.0087653,0.0087653,0.0087653,0.0087653,0.0087653,0.0087653,0.0087653,0.0087653,0.0087653,0.0087653,0.0087653,0.0087653,0.0087653,0.0087653,0.0087653,0.0087653,0.0087653,0.0087653,0.0087653,0.0087653,0.0087653,0.0087653,0.0087653,0.0087653,0.0087653,0.0087653,0.0087653,0.0087653,0.0087653,0.0087653,0.0087653,0.0087653,0.0087653,0.0087653,0.0087653,0.0087653,0.0087653,0.0087653,0.0087653,0.0087653,0.0087653,0.0087653,0.0087653,0.0087653,0.0087653,0.0087653,0.0087653,0.0087653,0.0087653,0.0087653,0.0087653,0.0087653,0.0087653,0.0087653,0.0087653,0.0087653,0.0087653,0.0087653,0.0087653,0.0087653,0.0087653,0.0087653,0.0087653,0.0087653,0.0087653,0.0087653,0.0087653,0.0087653,0.0087653,0.0087653,0.0087653,0.0087653,0.0087653,0.0087653,0.0087653,0.0087653,0.0087653,0.0087653,0.0087653,0.0087653,0.0087653,0.0087653,0.0087653,0.0087653,0.0087653,0.0087653,0.0087653,0.0087653,0.0087653,0.0087653,0.0087653,0.0087653,0.0087653,0.0087653,0.0087653,0.0087653,0.0087653,0.0087653,0.0087653,0.0087653,0.0087653,0.0087653,0.0087653,0.0087653,0.0087653,0.0087653,0.0087653,0.0087653,0.0087653,0.0087653,0.0087653,0.0087653,0.0087653,0.0087653,0.0087653,0.0087653,0.0087653,0.0087653,0.0087653,0.0087653,0.0087653,0.0087653,0.0087653,0.0087653,0.0087653,0.0087653,0.0087653,0.0087653,0.0087653,0.0087653,0.0087653,0.0087653,0.0087653,0.0087653,0.0087653,0.0087653,0.0087653,0.0087653,0.0087653,0.0087653,0.0087653,0.0087653,0.0087653,0.0087653,0.0087653,0.0087653,0.0087653,0.0087653,0.0087653,0.0087653,0.0087653,0.0087653,0.0087653,0.0087653,0.0087653,0.0087653,0.0087653,0.0087653,0.0087653,0.0087653,0.0087653,0.0087653,0.0087653,0.0087653,0.0087653,0.0087653,0.0087653,0.0087653,0.00185618,0.00185618,0.00185618,0.00185618,0.00185618,0.00185618,0.00185618,0.00185618,0.00185618,0.00185618,0.00185618,0.00185618,0.00185618,0.00185618,0.00185618,0.00185618,0.00185618,0.00185618,0.00185618,0.00185618,0.00185618,0.00185618,0.00185618,0.00185618,0.00185618,0.00185618,0.00185618,0.00185618,0.00185618,0.00185618,0.00185618,0.00185618,0.00185618,0.00185618,0.00185618,0.00185618,0.00185618,0.00185618,0.00185618,0.00185618,0.00185618,0.00185618,0.00185618,0.00185618,0.00185618,0.00185618,0.00185618,0.00185618,0.00185618,0.00185618,0.00185618,0.00185618,0.00185618,0.00185618,0.00185618,0.00185618,0.00185618,0.00185618,0.00185618,0.00185618,0.00185618,0.00185618,0.00185618,0.00185618,0.00185618,0.00185618,0.00185618,0.00185618,0.00185618,0.00185618,0.00185618,0.00185618,0.00185618,0.00185618,0.00185618,0.00185618,0.00185618,0.00185618,0.00185618,0.00185618,0.00185618,0.00185618,0.00185618,0.00185618,0.00185618
real_0037,0.0087653,0.0087653,0.0087653,0.0087653,0.0087653,0.0087653,0.0087653,0.0087653,0.0087653,0.0087653,0.0087653,0.0087653,0.0087653,0.0087653,0.0087653,0.0087653,0.0087653,0.0087653,0.0087653,0.0087653,0.0087653,0.0087653,0.0087653,0.0087653,0.0087653,0.0087653,0.0087653,0.0087653,0.0087653,0.0087653,0.0087653,0.0087653,0.0087653,0.0087653,0.0087653,0.0087653,0.0087653,0.0087653,0.0087653,0.0087653,0.0087653,0.0087653,0.0087653,0.0087653,0.0087653,0.0087653,0.0087653,0.0087653,0.0087653,0.0087653,0.0087653,0.0087653,0.0087653,0.0087653,0.0087653,0.0087653,0.0087653,0.0087653,0.0087653,0.0087653,0.0087653,0.0087653,0.0087653,0.0087653,0.0087653,0.0087653,0.0087653,0.0087653,0.0087653,0.0087653,0.0087653,0.0087653,0.0087653,0.0087653,0.0087653,0.0087653,0.0087653,0.0087653,0.0087653,0.0087653,0.0087653,0.0087653,0.0087653,0.0087653,0.0087653,0.0087653,0.0087653,0.0087653,0.0087653,0.0087653,0.0087653,0.0087653,0.0087653,0.0087653,0.0087653,0.0087653,0.0087653,0.0087653,0.0087653,0.0087653,0.0087653,0.0087653,0.0087653,0.0087653,0.0087653,0.0087653,0.0087653,0.0087653,0.0087653,0.0087653,0.0087653,0.0087653,0.0087653,0.0087653,0.0087653,0.0087653,0.0087653,0.0087653,0.0087653,0.0087653,0.0087653,0.0087653,0.0087653,0.0087653,0.0087653,0.0087653,0.0087653,0.0087653,0.0087653,0.0087653,0.0087653,0.0087653,0.0087653,0.0087653,0.0087653,0.0087653,0.0087653,0.0087653,0.0087653,0.0087653,0.0087653,0.0087653,0.0087653,0.0087653,0.0087653,0.0087653,0.0087653,0.0087653,0.0087653,0.0087653,0.0087653,0.0087653,0.0087653,0.0087653,0.0087653,0.0087653,0.0087653,0.0087653,0.0087653,0.0087653,0.0087653,0.0087653,0.0087653,0.0087653,0.0087653,0.0087653,0.0087653,0.0087653,0.0087653,0.0087653,0.0087653,0.0087653,0.0087653,0.0087653,0.0087653,0.0087653,0.0087653,0.0087653,0.0087653,0.0087653,0.00185618,0.00185618,0.00185618,0.00185618,0.00185618,0.00185618,0.00185618,0.00185618,0.00185618,0.00185618,0.00185618,0.00185618,0.00185618,0.00185618,0.00185618,0.00185618,0.00185618,0.00185618,0.00185618,0.00185618,0.00185618,0.00185618,0.00185618,0.00185618,0.00185618,0.00185618,0.00185618,0.00185618,0.00185618,0.00185618,0.00185618,0.00185618,0.00185618,0.00185618,0.00185618,0.00185618,0.00185618,0.00185618,0.00185618,0.00185618,0.00185618,0.00185618,0.00185618,0.00185618,0.00185618,0.00185618,0.00185618,0.00185618,0.00185618,0.00185618,0.00185618,0.00185618,0.00185618,0.00185618,0.00185618,0.00185618,0.00185618,0.00185618,0.00185618,0.00185618,0.00185618,0.00185618,0.00185618,0.00185618,0.00185618,0.00185618,0.00185618,0.00185618,0.00185618,0.00185618,0.00185618,0.00185618,0.00185618,0.00185618,0.00185618,0.00185618,0.00185618,0.00185618,0.00185618,0.00185618,0.00185618,0.00185618,0.00185618,0.00185618,0.00185618
real_0038,0.0087653,0.0087653,0.0087653,0.0087653,0.0087653,0.0087653,0.0087653,0.0087653,0.0087653,0.0087653,0.0087653,0.0087653,0.0087653,0.0087653,0.0087653,0.0087653,0.0087653,0.0087653,0.0087653,0.0087653,0.0087653,0.0087653,0.0087653,0.0087653,0.0087653,0.0087653,0.0087653,0.0087653,0.0087653,0.0087653,0.0087653,0.0087653,0.0087653,0.0087653,0.0087653,0.0087653,0.0087653,0.0087653,0.0087653,0.0087653,0.0087653,0.0087653,0.0087653,0.0087653,0.0087653,0.0087653,0.0087653,0.0087653,0.0087653,0.0087653,0.0087653,0.0087653,0.0087653,0.0087653,0.0087653,0.0087653,0.0087653,0.0087653,0.0087653,0.0087653,0.0087653,0.0087653,0.0087653,0.0087653,0.0087653,0.0087653,0.0087653,0.0087653,0.0087653,0.0087653,0.0087653,0.0087653,0.0087653,0.0087653,0.0087653,0.0087653,0.0087653,0.0087653,0.0087653,0.0087653,0.0087653,0.0087653,0.0087653,0.0087653,0.0087653,0.0087653,0.0087653,0.0087653,0.0087653,0.0087653,0.0087653,0.0087653,0.0087653,0.0087653,0.0087653,0.0087653,0.0087653,0.0087653,0.0087653,0.0087653,0.0087653,0.0087653,0.0087653,0.0087653,0.0087653,0.0087653,0.0087653,0.0087653,0.0087653,0.0087653,0.0087653,0.0087653,0.0087653,0.0087653,0.0087653,0.0087653,0.0087653,0.0087653,0.0087653,0.0087653,0.0087653,0.0087653,0.0087653,0.0087653,0.0087653,0.0087653,0.0087653,0.0087653,0.0087653,0.0087653,0.0087653,0.0087653,0.0087653,0.0087653,0.0087653,0.0087653,0.0087653,0.0087653,0.0087653,0.0087653,0.0087653,0.0087653,0.0087653,0.0087653,0.0087653,0.0087653,0.0087653,0.0087653,0.0087653,0.0087653,0.0087653,0.0087653,0.0087653,0.0087653,0.0087653,0.0087653,0.0087653,0.0087653,0.0087653,0.0087653,0.0087653,0.0087653,0.0087653,0.0087653,0.0087653,0.0087653,0.0087653,0.0087653,0.0087653,0.0087653,0.0087653,0.0087653,0.0087653,0.0087653,0.0087653,0.0087653,0.0087653,0.0087653,0.0087653,0.0087653,0.00185618,0.00185618,0.00185618,0.00185618,0.00185618,0.00185618,0.00185618,0.00185618,0.00185618,0.00185618,0.00185618,0.00185618,0.00185618,0.00185618,0.00185618,0.00185618,0.00185618,0.00185618,0.00185618,0.00185618,0.00185618,0.00185618,0.00185618,0.00185618,0.00185618,0.00185618,0.00185618,0.00185618,0.00185618,0.00185618,0.00185618,0.00185618,0.00185618,0.00185618,0.00185618,0.00185618,0.00185618,0.00185618,0.00185618,0.00185618,0.00185618,0.00185618,0.00185618,0.00185618,0.00185618,0.00185618,0.00185618,0.00185618,0.00185618,0.00185618,0.00185618,0.00185618,0.00185618,0.00185618,0.00185618,0.00185618,0.00185618,0.00185618,0.00185618,0.00185618,0.00185618,0.00185618,0.00185618,0.00185618,0.00185618,0.00185618,0.00185618,0.00185618,0.00185618,0.00185618,0.00185618,0.00185618,0.00185618,0.00185618,0.00185618,0.00185618,0.00185618,0.00185618,0.00185618,0.00185618,0.00185618,0.00185618,0.00185618,0.00185618,0.00185618
real_0039,0.0087653,0.0087653,0.0087653,0.0087653,0.0087653,0.0087653,0.0087653,0.0087653,0.0087653,0.0087653,0.0087653,0.0087653,0.0087653,0.0087653,0.0087653,0.0087653,0.0087653,0.0087653,0.0087653,0.0087653,0.0087653,0.0087653,0.0087653,0.0087653,0.0087653,0.0087653,0.0087653,0.0087653,0.0087653,0.0087653,0.0087653,0.0087653,0.0087653,0.0087653,0.0087653,0.0087653,0.0087653,0.0087653,0.0087653,0.0087653,0.0087653,0.0087653,0.0087653,0.0087653,0.0087653,0.0087653,0.0087653,0.0087653,0.0087653,0.0087653,0.0087653,0.0087653,0.0087653,0.0087653,0.0087653,0.0087653,0.0087653,0.0087653,0.0087653,0.0087653,0.0087653,0.0087653,0.0087653,0.0087653,0.0087653,0.0087653,0.0087653,0.0087653,0.0087653,0.0087653,0.0087653,0.0087653,0.0087653,0.0087653,0.0087653,0.0087653,0.0087653,0.0087653,0.0087653,0.0087653,0.0087653,0.0087653,0.0087653,0.0087653,0.0087653,0.0087653,0.0087653,0.0087653,0.0087653,0.0087653,0.0087653,0.0087653,0.0087653,0.0087653,0.0087653,0.0087653,0.0087653,0.0087653,0.0087653,0.0087653,0.0087653,0.0087653,0.0087653,0.0087653,0.0087653,0.0087653,0.0087653,0.0087653,0.0087653,0.0087653,0.0087653,0.0087653,0.0087653,0.0087653,0.0087653,0.0087653,0.0087653,0.0087653,0.0087653,0.0087653,0.0087653,0.0087653,0.0087653,0.0087653,0.0087653,0.0087653,0.0087653,0.0087653,0.0087653,0.0087653,0.0087653,0.0087653,0.0087653,0.0087653,0.0087653,0.0087653,0.0087653,0.0087653,0.0087653,0.0087653,0.0087653,0.0087653,0.0087653,0.0087653,0.0087653,0.0087653,0.0087653,0.0087653,0.0087653,0.0087653,0.0087653,0.0087653,0.0087653,0.0087653,0.0087653,0.0087653,0.0087653,0.0087653,0.0087653,0.0087653,0.0087653,0.0087653,0.0087653,0.0087653,0.0087653,0.0087653,0.0087653,0.0087653,0.0087653,0.0087653,0.0087653,0.0087653,0.0087653,0.0087653,0.0087653,0.0087653,0.0087653,0.0087653,0.0087653,0.0087653,0.00185618,0.00185618,0.00185618,0.00185618,0.00185618,0.00185618,0.00185618,0.00185618,0.00185618,0.00185618,0.00185618,0.00185618,0.00185618,0.00185618,0.00185618,0.00185618,0.00185618,0.00185618,0.00185618,0.00185618,0.00185618,0.00185618,0.00185618,0.00185618,0.00185618,0.00185618,0.00185618,0.00185618,0.00185618,0.00185618,0.00185618,0.00185618,0.00185618,0.00185618,0.00185618,0.00185618,0.00185618,0.00185618,0.00185618,0.00185618,0.00185618,0.00185618,0.00185618,0.00185618,0.00185618,0.00185618,0.00185618,0.00185618,0.00185618,0.00185618,0.00185618,0.00185618,0.00185618,0.00185618,0.00185618,0.00185618,0.00185618,0.00185618,0.00185618,0.00185618,0.00185618,0.00185618,0.00185618,0.00185618,0.00185618,0.00185618,0.00185618,0.00185618,0.00185618,0.00185618,0.00185618,0.00185618,0.00185618,0.00185618,0.00185618,0.00185618,0.00185618,0.00185618,0.00185618,0.00185618,0.00185618,0.00185618,0.00185618,0.00185618,0.00185618
real_0040,0.0087653,0.0087653,0.0087653,0.0087653,0.0087653,0.0087653,0.0087653,0.0087653,0.0087653,0.0087653,0.0087653,0.0087653,0.0087653,0.0087653,0.0087653,0.0087653,0.0087653,0.0087653,0.0087653,0.0087653,0.0087653,0.0087653,0.0087653,0.0087653,0.0087653,0.0087653,0.0087653,0.0087653,0.0087653,0.0087653,0.0087653,0.0087653,0.0087653,0.0087653,0.0087653,0.0087653,0.0087653,0.0087653,0.0087653,0.0087653,0.0087653,0.0087653,0.0087653,0.0087653,0.0087653,0.0087653,0.0087653,0.0087653,0.0087653,0.0087653,0.0087653,0.0087653,0.0087653,0.0087653,0.0087653,0.0087653,0.0087653,0.0087653,0.0087653,0.0087653,0.0087653,0.0087653,0.0087653,0.0087653,0.0087653,0.0087653,0.0087653,0.0087653,0.0087653,0.0087653,0.0087653,0.0087653,0.0087653,0.0087653,0.0087653,0.0087653,0.0087653,0.0087653,0.0087653,0.0087653,0.0087653,0.0087653,0.0087653,0.0087653,0.0087653,0.0087653,0.0087653,0.0087653,0.0087653,0.0087653,0.0087653,0.0087653,0.0087653,0.0087653,0.0087653,0.0087653,0.0087653,0.0087653,0.0087653,0.0087653,0.0087653,0.0087653,0.0087653,0.0087653,0.0087653,0.0087653,0.0087653,0.0087653,0.0087653,0.0087653,0.0087653,0.0087653,0.0087653,0.0087653,0.0087653,0.0087653,0.0087653,0.0087653,0.0087653,0.0087653,0.0087653,0.0087653,0.0087653,0.0087653,0.0087653,0.0087653,0.0087653,0.0087653,0.0087653,0.0087653,0.0087653,0.0087653,0.0087653,0.0087653,0.0087653,0.0087653,0.0087653,0.0087653,0.0087653,0.0087653,0.0087653,0.0087653,0.0087653,0.0087653,0.0087653,0.0087653,0.0087653,0.0087653,0.0087653,0.0087653,0.0087653,0.0087653,0.0087653,0.0087653,0.0087653,0.0087653,0.0087653,0.0087653,0.0087653,0.0087653,0.0087653,0.0087653,0.0087653,0.0087653,0.0087653,0.0087653,0.0087653,0.0087653,0.0087653,0.0087653,0.0087653,0.0087653,0.0087653,0.0087653,0.0087653,0.0087653,0.0087653,0.0087653,0.0087653,0.0087653,0.00185618,0.00185618,0.00185618,0.00185618,0.00185618,0.00185618,0.00185618,0.00185618,0.00185618,0.00185618,0.00185618,0.00185618,0.00185618,0.00185618,0.00185618,0.00185618,0.00185618,0.00185618,0.00185618,0.00185618,0.00185618,0.00185618,0.00185618,0.00185618,0.00185618,0.00185618,0.00185618,0.00185618,0.00185618,0.00185618,0.00185618,0.00185618,0.00185618,0.00185618,0.00185618,0.00185618,0.00185618,0.00185618,0.00185618,0.00185618,0.00185618,0.00185618,0.00185618,0.00185618,0.00185618,0.00185618,0.00185618,0.00185618,0.00185618,0.00185618,0.00185618,0.00185618,0.00185618,0.00185618,0.00185618,0.00185618,0.00185618,0.00185618,0.00185618,0.00185618,0.00185618,0.00185618,0.00185618,0.00185618,0.00185618,0.00185618,0.00185618,0.00185618,0.00185618,0.00185618,0.00185618,0.00185618,0.00185618,0.00185618,0.00185618,0.00185618,0.00185618,0.00185618,0.00185618,0.00185618,0.00185618,0.00185618,0.00185618,0.00185618,0.00185618
real_0041,0.0087653,0.0087653,0.0087653,0.0087653,0.0087653,0.0087653,0.0087653,0.0087653,0.0087653,0.0087653,0.0087653,0.0087653,0.0087653,0.0087653,0.0087653,0.0087653,0.0087653,0.0087653,0.0087653,0.0087653,0.0087653,0.0087653,0.0087653,0.0087653,0.0087653,0.0087653,0.0087653,0.0087653,0.0087653,0.0087653,0.0087653,0.0087653,0.0087653,0.0087653,0.0087653,0.0087653,0.0087653,0.0087653,0.0087653,0.0087653,0.0087653,0.0087653,0.0087653,0.0087653,0.0087653,0.0087653,0.0087653,0.0087653,0.0087653,0.0087653,0.0087653,0.0087653,0.0087653,0.0087653,0.0087653,0.0087653,0.0087653,0.0087653,0.0087653,0.0087653,0.0087653,0.0087653,0.0087653,0.0087653,0.0087653,0.0087653,0.0087653,0.0087653,0.0087653,0.0087653,0.0087653,0.0087653,0.0087653,0.0087653,0.0087653,0.0087653,0.0087653,0.0087653,0.0087653,0.0087653,0.0087653,0.0087653,0.0087653,0.0087653,0.0087653,0.0087653,0.0087653,0.0087653,0.0087653,0.0087653,0.0087653,0.0087653,0.0087653,0.0087653,0.0087653,0.0087653,0.0087653,0.0087653,0.0087653,0.0087653,0.0087653,0.0087653,0.0087653,0.0087653,0.0087653,0.0087653,0.0087653,0.0087653,0.0087653,0.0087653,0.0087653,0.0087653,0.0087653,0.0087653,0.0087653,0.0087653,0.0087653,0.0087653,0.0087653,0.0087653,0.0087653,0.0087653,0.0087653,0.0087653,0.0087653,0.0087653,0.0087653,0.0087653,0.0087653,0.0087653,0.0087653,0.0087653,0.0087653,0.0087653,0.0087653,0.0087653,0.0087653,0.0087653,0.0087653,0.0087653,0.0087653,0.0087653,0.0087653,0.0087653,0.0087653,0.0087653,0.0087653,0.0087653,0.0087653,0.0087653,0.0087653,0.0087653,0.0087653,0.0087653,0.0087653,0.0087653,0.0087653,0.0087653,0.0087653,0.0087653,0.0087653,0.0087653,0.0087653,0.0087653,0.0087653,0.0087653,0.0087653,0.0087653,0.0087653,0.0087653,0.0087653,0.0087653,0.0087653,0.0087653,0.0087653,0.0087653,0.0087653,0.0087653,0.0087653,0.0087653,0.00185618,0.00185618,0.00185618,0.00185618,0.00185618,0.00185618,0.00185618,0.00185618,0.00185618,0.00185618,0.00185618,0.00185618,0.00185618,0.00185618,0.00185618,0.00185618,0.00185618,0.00185618,0.00185618,0.00185618,0.00185618,0.00185618,0.00185618,0.00185618,0.00185618,0.00185618,0.00185618,0.00185618,0.00185618,0.00185618,0.00185618,0.00185618,0.00185618,0.00185618,0.00185618,0.00185618,0.00185618,0.00185618,0.00185618,0.00185618,0.00185618,0.00185618,0.00185618,0.00185618,0.00185618,0.00185618,0.00185618,0.00185618,0.00185618,0.00185618,0.00185618,0.00185618,0.00185618,0.00185618,0.00185618,0.00185618,0.00185618,0.00185618,0.00185618,0.00185618,0.00185618,0.00185618,0.00185618,0.00185618,0.00185618,0.00185618,0.00185618,0.00185618,0.00185618,0.00185618,0.00185618,0.00185618,0.00185618,0.00185618,0.00185618,0.00185618,0.00185618,0.00185618,0.00185618,0.00185618,0.00185618,0.00185618,0.00185618,0.00185618,0.00185618
real_0042,0.0087653,0.0087653,0.0087653,0.0087653,0.0087653,0.0087653,0.0087653,0.0087653,0.0087653,0.0087653,0.0087653,0.0087653,0.0087653,0.0087653,0.0087653,0.0087653,0.0087653,0.0087653,0.0087653,0.0087653,0.0087653,0.0087653,0.0087653,0.0087653,0.0087653,0.0087653,0.0087653,0.0087653,0.0087653,0.0087653,0.0087653,0.0087653,0.0087653,0.0087653,0.0087653,0.0087653,0.0087653,0.0087653,0.0087653,0.0087653,0.0087653,0.0087653,0.0087653,0.0087653,0.0087653,0.0087653,0.0087653,0.0087653,0.0087653,0.0087653,0.0087653,0.0087653,0.0087653,0.0087653,0.0087653,0.0087653,0.0087653,0.0087653,0.0087653,0.0087653,0.0087653,0.0087653,0.0087653,0.0087653,0.0087653,0.0087653,0.0087653,0.0087653,0.0087653,0.0087653,0.0087653,0.0087653,0.0087653,0.0087653,0.0087653,0.0087653,0.0087653,0.0087653,0.0087653,0.0087653,0.0087653,0.0087653,0.0087653,0.0087653,0.0087653,0.0087653,0.0087653,0.0087653,0.0087653,0.0087653,0.0087653,0.0087653,0.0087653,0.0087653,0.0087653,0.0087653,0.0087653,0.0087653,0.0087653,0.0087653,0.0087653,0.0087653,0.0087653,0.0087653,0.0087653,0.0087653,0.0087653,0.0087653,0.0087653,0.0087653,0.0087653,0.0087653,0.0087653,0.0087653,0.0087653,0.0087653,0.0087653,0.0087653,0.0087653,0.0087653,0.0087653,0.0087653,0.0087653,0.0087653,0.0087653,0.0087653,0.0087653,0.0087653,0.0087653,0.0087653,0.0087653,0.0087653,0.0087653,0.0087653,0.0087653,0.0087653,0.0087653,0.0087653,0.0087653,0.0087653,0.0087653,0.0087653,0.0087653,0.0087653,0.0087653,0.0087653,0.0087653,0.0087653,0.0087653,0.0087653,0.0087653,0.0087653,0.0087653,0.0087653,0.0087653,0.0087653,0.0087653,0.0087653,0.0087653,0.0087653,0.0087653,0.0087653,0.0087653,0.0087653,0.0087653,0.0087653,0.0087653,0.0087653,0.0087653,0.0087653,0.0087653,0.0087653,0.0087653,0.0087653,0.0087653,0.0087653,0.0087653,0.0087653,0.0087653,0.0087653,0.00185618,0.00185618,0.00185618,0.00185618,0.00185618,0.00185618,0.00185618,0.00185618,0.00185618,0.00185618,0.00185618,0.00185618,0.00185618,0.00185618,0.00185618,0.00185618,0.00185618,0.00185618,0.00185618,0.00185618,0.00185618,0.00185618,0.00185618,0.00185618,0.00185618,0.00185618,0.00185618,0.00185618,0.00185618,0.00185618,0.00185618,0.00185618,0.00185618,0.00185618,0.00185618,0.00185618,0.00185618,0.00185618,0.00185618,0.00185618,0.00185618,0.00185618,0.00185618,0.00185618,0.00185618,0.00185618,0.00185618,0.00185618,0.00185618,0.00185618,0.00185618,0.00185618,0.00185618,0.00185618,0.00185618,0.00185618,0.00185618,0.00185618,0.00185618,0.00185618,0.00185618,0.00185618,0.00185618,0.00185618,0.00185618,0.00185618,0.00185618,0.00185618,0.00185618,0.00185618,0.00185618,0.00185618,0.00185618,0.00185618,0.00185618,0.00185618,0.00185618,0.00185618,0.00185618,0.00185618,0.00185618,0.00185618,0.00185618,0.00185618,0.00185618
real_0043,0.0087653,0.0087653,0.0087653,0.0087653,0.0087653,0.0087653,0.0087653,0.0087653,0.0087653,0.0087653,0.0087653,0.0087653,0.0087653,0.0087653,0.0087653,0.0087653,0.0087653,0.0087653,0.0087653,0.0087653,0.0087653,0.0087653,0.0087653,0.0087653,0.0087653,0.0087653,0.0087653,0.0087653,0.0087653,0.0087653,0.0087653,0.0087653,0.0087653,0.0087653,0.0087653,0.0087653,0.0087653,0.0087653,0.0087653,0.0087653,0.0087653,0.0087653,0.0087653,0.0087653,0.0087653,0.0087653,0.0087653,0.0087653,0.0087653,0.0087653,0.0087653,0.0087653,0.0087653,0.0087653,0.0087653,0.0087653,0.0087653,0.0087653,0.0087653,0.0087653,0.0087653,0.0087653,0.0087653,0.0087653,0.0087653,0.0087653,0.0087653,0.0087653,0.0087653,0.0087653,0.0087653,0.0087653,0.0087653,0.0087653,0.0087653,0.0087653,0.0087653,0.0087653,0.0087653,0.0087653,0.0087653,0.0087653,0.0087653,0.0087653,0.0087653,0.0087653,0.0087653,0.0087653,0.0087653,0.0087653,0.0087653,0.0087653,0.0087653,0.0087653,0.0087653,0.0087653,0.0087653,0.0087653,0.0087653,0.0087653,0.0087653,0.0087653,0.0087653,0.0087653,0.0087653,0.0087653,0.0087653,0.0087653,0.0087653,0.0087653,0.0087653,0.0087653,0.0087653,0.0087653,0.0087653,0.0087653,0.0087653,0.0087653,0.0087653,0.0087653,0.0087653,0.0087653,0.0087653,0.0087653,0.0087653,0.0087653,0.0087653,0.0087653,0.0087653,0.0087653,0.0087653,0.0087653,0.0087653,0.0087653,0.0087653,0.0087653,0.0087653,0.0087653,0.0087653,0.0087653,0.0087653,0.0087653,0.0087653,0.0087653,0.0087653,0.0087653,0.0087653,0.0087653,0.0087653,0.0087653,0.0087653,0.0087653,0.0087653,0.0087653,0.0087653,0.0087653,0.0087653,0.0087653,0.0087653,0.0087653,0.0087653,0.0087653,0.0087653,0.0087653,0.0087653,0.0087653,0.0087653,0.0087653,0.0087653,0.0087653,0.0087653,0.0087653,0.0087653,0.0087653,0.0087653,0.0087653,0.0087653,0.0087653,0.0087653,0.0087653,0.00185618,0.00185618,0.00185618,0.00185618,0.00185618,0.00185618,0.00185618,0.00185618,0.00185618,0.00185618,0.00185618,0.00185618,0.00185618,0.00185618,0.00185618,0.00185618,0.00185618,0.00185618,0.00185618,0.00185618,0.00185618,0.00185618,0.00185618,0.00185618,0.00185618,0.00185618,0.00185618,0.00185618,0.00185618,0.00185618,0.00185618,0.00185618,0.00185618,0.00185618,0.00185618,0.00185618,0.00185618,0.00185618,0.00185618,0.00185618,0.00185618,0.00185618,0.00185618,0.00185618,0.00185618,0.00185618,0.00185618,0.00185618,0.00185618,0.00185618,0.00185618,0.00185618,0.00185618,0.00185618,0.00185618,0.00185618,0.00185618,0.00185618,0.00185618,0.00185618,0.00185618,0.00185618,0.00185618,0.00185618,0.00185618,0.00185618,0.00185618,0.00185618,0.00185618,0.00185618,0.00185618,0.00185618,0.00185618,0.00185618,0.00185618,0.00185618,0.00185618,0.00185618,0.00185618,0.00185618,0.00185618,0.00185618,0.00185618,0.00185618,0.00185618
real_0044,0.0087653,0.0087653,0.0087653,0.0087653,0.0087653,0.0087653,0.0087653,0.0087653,0.0087653,0.0087653,0.0087653,0.0087653,0.0087653,0.0087653,0.0087653,0.0087653,0.0087653,0.0087653,0.0087653,0.0087653,0.0087653,0.0087653,0.0087653,0.0087653,0.0087653,0.0087653,0.0087653,0.0087653,0.0087653,0.0087653,0.0087653,0.0087653,0.0087653,0.0087653,0.0087653,0.0087653,0.0087653,0.0087653,0.0087653,0.0087653,0.0087653,0.0087653,0.0087653,0.0087653,0.0087653,0.0087653,0.0087653,0.0087653,0.0087653,0.0087653,0.0087653,0.0087653,0.0087653,0.0087653,0.0087653,0.0087653,0.0087653,0.0087653,0.0087653,0.0087653,0.0087653,0.0087653,0.0087653,0.0087653,0.0087653,0.0087653,0.0087653,0.0087653,0.0087653,0.0087653,0.0087653,0.0087653,0.0087653,0.0087653,0.0087653,0.0087653,0.0087653,0.0087653,0.0087653,0.0087653,0.0087653,0.0087653,0.0087653,0.0087653,0.0087653,0.0087653,0.0087653,0.0087653,0.0087653,0.0087653,0.0087653,0.0087653,0.0087653,0.0087653,0.0087653,0.0087653,0.0087653,0.0087653,0.0087653,0.0087653,0.0087653,0.0087653,0.0087653,0.0087653,0.0087653,0.0087653,0.0087653,0.0087653,0.0087653,0.0087653,0.0087653,0.0087653,0.0087653,0.0087653,0.0087653,0.0087653,0.0087653,0.0087653,0.0087653,0.0087653,0.0087653,0.0087653,0.0087653,0.0087653,0.0087653,0.0087653,0.0087653,0.0087653,0.0087653,0.0087653,0.0087653,0.0087653,0.0087653,0.0087653,0.0087653,0.0087653,0.0087653,0.0087653,0.0087653,0.0087653,0.0087653,0.0087653,0.0087653,0.0087653,0.0087653,0.0087653,0.0087653,0.0087653,0.0087653,0.0087653,0.0087653,0.0087653,0.0087653,0.0087653,0.0087653,0.0087653,0.0087653,0.0087653,0.0087653,0.0087653,0.0087653,0.0087653,0.0087653,0.0087653,0.0087653,0.0087653,0.0087653,0.0087653,0.0087653,0.0087653,0.0087653,0.0087653,0.0087653,0.0087653,0.0087653,0.0087653,0.0087653,0.0087653,0.0087653,0.0087653,0.00185618,0.00185618,0.00185618,0.00185618,0.00185618,0.00185618,0.00185618,0.00185618,0.00185618,0.00185618,0.00185618,0.00185618,0.00185618,0.00185618,0.00185618,0.00185618,0.00185618,0.00185618,0.00185618,0.00185618,0.00185618,0.00185618,0.00185618,0.00185618,0.00185618,0.00185618,0.00185618,0.00185618,0.00185618,0.00185618,0.00185618,0.00185618,0.00185618,0.00185618,0.00185618,0.00185618,0.00185618,0.00185618,0.00185618,0.00185618,0.00185618,0.00185618,0.00185618,0.00185618,0.00185618,0.00185618,0.00185618,0.00185618,0.00185618,0.00185618,0.00185618,0.00185618,0.00185618,0.00185618,0.00185618,0.00185618,0.00185618,0.00185618,0.00185618,0.00185618,0.00185618,0.00185618,0.00185618,0.00185618,0.00185618,0.00185618,0.00185618,0.00185618,0.00185618,0.00185618,0.00185618,0.00185618,0.00185618,0.00185618,0.00185618,0.00185618,0.00185618,0.00185618,0.00185618,0.00185618,0.00185618,0.00185618,0.00185618,0.00185618,0.00185618
real_0045,0.0087653,0.0087653,0.0087653,0.0087653,0.0087653,0.0087653,0.0087653,0.0087653,0.0087653,0.0087653,0.0087653,0.0087653,0.0087653,0.0087653,0.0087653,0.0087653,0.0087653,0.0087653,0.0087653,0.0087653,0.0087653,0.0087653,0.0087653,0.0087653,0.0087653,0.0087653,0.0087653,0.0087653,0.0087653,0.0087653,0.0087653,0.0087653,0.0087653,0.0087653,0.0087653,0.0087653,0.0087653,0.0087653,0.0087653,0.0087653,0.0087653,0.0087653,0.0087653,0.0087653,0.0087653,0.0087653,0.0087653,0.0087653,0.0087653,0.0087653,0.0087653,0.0087653,0.0087653,0.0087653,0.0087653,0.0087653,0.0087653,0.0087653,0.0087653,0.0087653,0.0087653,0.0087653,0.0087653,0.0087653,0.0087653,0.0087653,0.0087653,0.0087653,0.0087653,0.0087653,0.0087653,0.0087653,0.0087653,0.0087653,0.0087653,0.0087653,0.0087653,0.0087653,0.0087653,0.0087653,0.0087653,0.0087653,0.0087653,0.0087653,0.0087653,0.0087653,0.0087653,0.0087653,0.0087653,0.0087653,0.0087653,0.0087653,0.0087653,0.0087653,0.0087653,0.0087653,0.0087653,0.0087653,0.0087653,0.0087653,0.0087653,0.0087653,0.0087653,0.0087653,0.0087653,0.0087653,0.0087653,0.0087653,0.0087653,0.0087653,0.0087653,0.0087653,0.0087653,0.0087653,0.0087653,0.0087653,0.0087653,0.0087653,0.0087653,0.0087653,0.0087653,0.0087653,0.0087653,0.0087653,0.0087653,0.0087653,0.0087653,0.0087653,0.0087653,0.0087653,0.0087653,0.0087653,0.0087653,0.0087653,0.0087653,0.0087653,0.0087653,0.0087653,0.0087653,0.0087653,0.0087653,0.0087653,0.0087653,0.0087653,0.0087653,0.0087653,0.0087653,0.0087653,0.0087653,0.0087653,0.0087653,0.0087653,0.0087653,0.0087653,0.0087653,0.0087653,0.0087653,0.0087653,0.0087653,0.0087653,0.0087653,0.0087653,0.0087653,0.0087653,0.0087653,0.0087653,0.0087653,0.0087653,0.0087653,0.0087653,0.0087653,0.0087653,0.0087653,0.0087653,0.0087653,0.0087653,0.0087653,0.0087653,0.0087653,0.0087653,0.00185618,0.00185618,0.00185618,0.00185618,0.00185618,0.00185618,0.00185618,0.00185618,0.00185618,0.00185618,0.00185618,0.00185618,0.00185618,0.00185618,0.00185618,0.00185618,0.00185618,0.00185618,0.00185618,0.00185618,0.00185618,0.00185618,0.00185618,0.00185618,0.00185618,0.00185618,0.00185618,0.00185618,0.00185618,0.00185618,0.00185618,0.00185618,0.00185618,0.00185618,0.00185618,0.00185618,0.00185618,0.00185618,0.00185618,0.00185618,0.00185618,0.00185618,0.00185618,0.00185618,0.00185618,0.00185618,0.00185618,0.00185618,0.00185618,0.00185618,0.00185618,0.00185618,0.00185618,0.00185618,0.00185618,0.00185618,0.00185618,0.00185618,0.00185618,0.00185618,0.00185618,0.00185618,0.00185618,0.00185618,0.00185618,0.00185618,0.00185618,0.00185618,0.00185618,0.00185618,0.00185618,0.00185618,0.00185618,0.00185618,0.00185618,0.00185618,0.00185618,0.00185618,0.00185618,0.00185618,0.00185618,0.00185618,0.00185618,0.00185618,0.00185618
real_0046,0.0087653,0.0087653,0.0087653,0.0087653,0.0087653,0.0087653,0.0087653,0.0087653,0.0087653,0.0087653,0.0087653,0.0087653,0.0087653,0.0087653,0.0087653,0.0087653,0.0087653,0.0087653,0.0087653,0.0087653,0.0087653,0.0087653,0.0087653,0.0087653,0.0087653,0.0087653,0.0087653,0.0087653,0.0087653,0.0087653,0.0087653,0.0087653,0.0087653,0.0087653,0.0087653,0.0087653,0.0087653,0.0087653,0.0087653,0.0087653,0.0087653,0.0087653,0.0087653,0.0087653,0.0087653,0.0087653,0.0087653,0.0087653,0.0087653,0.0087653,0.0087653,0.0087653,0.0087653,0.0087653,0.0087653,0.0087653,0.0087653,0.0087653,0.0087653,0.0087653,0.0087653,0.0087653,0.0087653,0.0087653,0.0087653,0.0087653,0.0087653,0.0087653,0.0087653,0.0087653,0.0087653,0.0087653,0.0087653,0.0087653,0.0087653,0.0087653,0.0087653,0.0087653,0.0087653,0.0087653,0.0087653,0.0087653,0.0087653,0.0087653,0.0087653,0.0087653,0.0087653,0.0087653,0.0087653,0.0087653,0.0087653,0.0087653,0.0087653,0.0087653,0.0087653,0.0087653,0.0087653,0.0087653,0.0087653,0.0087653,0.0087653,0.0087653,0.0087653,0.0087653,0.0087653,0.0087653,0.0087653,0.0087653,0.0087653,0.0087653,0.0087653,0.0087653,0.0087653,0.0087653,0.0087653,0.0087653,0.0087653,0.0087653,0.0087653,0.0087653,0.0087653,0.0087653,0.0087653,0.0087653,0.0087653,0.0087653,0.0087653,0.0087653,0.0087653,0.0087653,0.0087653,0.0087653,0.0087653,0.0087653,0.0087653,0.0087653,0.0087653,0.0087653,0.0087653,0.0087653,0.0087653,0.0087653,0.0087653,0.0087653,0.0087653,0.0087653,0.0087653,0.0087653,0.0087653,0.0087653,0.0087653,0.0087653,0.0087653,0.0087653,0.0087653,0.0087653,0.0087653,0.0087653,0.0087653,0.0087653,0.0087653,0.0087653,0.0087653,0.0087653,0.0087653,0.0087653,0.0087653,0.0087653,0.0087653,0.0087653,0.0087653,0.0087653,0.0087653,0.0087653,0.0087653,0.0087653,0.0087653,0.0087653,0.0087653,0.0087653,0.00185618,0.00185618,0.00185618,0.00185618,0.00185618,0.00185618,0.00185618,0.00185618,0.00185618,0.00185618,0.00185618,0.00185618,0.00185618,0.00185618,0.00185618,0.00185618,0.00185618,0.00185618,0.00185618,0.00185618,0.00185618,0.00185618,0.00185618,0.00185618,0.00185618,0.00185618,0.00185618,0.00185618,0.00185618,0.00185618,0.00185618,0.00185618,0.00185618,0.00185618,0.00185618,0.00185618,0.00185618,0.00185618,0.00185618,0.00185618,0.00185618,0.00185618,0.00185618,0.00185618,0.00185618,0.00185618,0.00185618,0.00185618,0.00185618,0.00185618,0.00185618,0.00185618,0.00185618,0.00185618,0.00185618,0.00185618,0.00185618,0.00185618,0.00185618,0.00185618,0.00185618,0.00185618,0.00185618,0.00185618,0.00185618,0.00185618,0.00185618,0.00185618,0.00185618,0.00185618,0.00185618,0.00185618,0.00185618,0.00185618,0.00185618,0.00185618,0.00185618,0.00185618,0.00185618,0.00185618,0.00185618,0.00185618,0.00185618,0.00185618,0.00185618
real_0047,0.0087653,0.0087653,0.0087653,0.0087653,0.0087653,0.0087653,0.0087653,0.0087653,0.0087653,0.0087653,0.0087653,0.0087653,0.0087653,0.0087653,0.0087653,0.0087653,0.0087653,0.0087653,0.0087653,0.0087653,0.0087653,0.0087653,0.0087653,0.0087653,0.0087653,0.0087653,0.0087653,0.0087653,0.0087653,0.0087653,0.0087653,0.0087653,0.0087653,0.0087653,0.0087653,0.0087653,0.0087653,0.0087653,0.0087653,0.0087653,0.0087653,0.0087653,0.0087653,0.0087653,0.0087653,0.0087653,0.0087653,0.0087653,0.0087653,0.0087653,0.0087653,0.0087653,0.0087653,0.0087653,0.0087653,0.0087653,0.0087653,0.0087653,0.0087653,0.0087653,0.0087653,0.0087653,0.0087653,0.0087653,0.0087653,0.0087653,0.0087653,0.0087653,0.0087653,0.0087653,0.0087653,0.0087653,0.0087653,0.0087653,0.0087653,0.0087653,0.0087653,0.0087653,0.0087653,0.0087653,0.0087653,0.0087653,0.0087653,0.0087653,0.0087653,0.0087653,0.0087653,0.0087653,0.0087653,0.0087653,0.0087653,0.0087653,0.0087653,0.0087653,0.0087653,0.0087653,0.0087653,0.0087653,0.0087653,0.0087653,0.0087653,0.0087653,0.0087653,0.0087653,0.0087653,0.0087653,0.0087653,0.0087653,0.0087653,0.0087653,0.0087653,0.0087653,0.0087653,0.0087653,0.0087653,0.0087653,0.0087653,0.0087653,0.0087653,0.0087653,0.0087653,0.0087653,0.0087653,0.0087653,0.0087653,0.0087653,0.0087653,0.0087653,0.0087653,0.0087653,0.0087653,0.0087653,0.0087653,0.0087653,0.0087653,0.0087653,0.0087653,0.0087653,0.0087653,0.0087653,0.0087653,0.0087653,0.0087653,0.0087653,0.0087653,0.0087653,0.0087653,0.0087653,0.0087653,0.0087653,0.0087653,0.0087653,0.0087653,0.0087653,0.0087653,0.0087653,0.0087653,0.0087653,0.0087653,0.0087653,0.0087653,0.0087653,0.0087653,0.0087653,0.0087653,0.0087653,0.0087653,0.0087653,0.0087653,0.0087653,0.0087653,0.0087653,0.0087653,0.0087653,0.0087653,0.0087653,0.0087653,0.0087653,0.0087653,0.0087653,0.00185618,0.00185618,0.00185618,0.00185618,0.00185618,0.00185618,0.00185618,0.00185618,0.00185618,0.00185618,0.00185618,0.00185618,0.00185618,0.00185618,0.00185618,0.00185618,0.00185618,0.00185618,0.00185618,0.00185618,0.00185618,0.00185618,0.00185618,0.00185618,0.00185618,0.00185618,0.00185618,0.00185618,0.00185618,0.00185618,0.00185618,0.00185618,0.00185618,0.00185618,0.00185618,0.00185618,0.00185618,0.00185618,0.00185618,0.00185618,0.00185618,0.00185618,0.00185618,0.00185618,0.00185618,0.00185618,0.00185618,0.00185618,0.00185618,0.00185618,0.00185618,0.00185618,0.00185618,0.00185618,0.00185618,0.00185618,0.00185618,0.00185618,0.00185618,0.00185618,0.00185618,0.00185618,0.00185618,0.00185618,0.00185618,0.00185618,0.00185618,0.00185618,0.00185618,0.00185618,0.00185618,0.00185618,0.00185618,0.00185618,0.00185618,0.00185618,0.00185618,0.00185618,0.00185618,0.00185618,0.00185618,0.00185618,0.00185618,0.00185618,0.00185618
real_0048,0.0087653,0.0087653,0.0087653,0.0087653,0.0087653,0.0087653,0.0087653,0.0087653,0.0087653,0.0087653,0.0087653,0.0087653,0.0087653,0.0087653,0.0087653,0.0087653,0.0087653,0.0087653,0.0087653,0.0087653,0.0087653,0.0087653,0.0087653,0.0087653,0.0087653,0.0087653,0.0087653,0.0087653,0.0087653,0.0087653,0.0087653,0.0087653,0.0087653,0.0087653,0.0087653,0.0087653,0.0087653,0.0087653,0.0087653,0.0087653,0.0087653,0.0087653,0.0087653,0.0087653,0.0087653,0.0087653,0.0087653,0.0087653,0.0087653,0.0087653,0.0087653,0.0087653,0.0087653,0.0087653,0.0087653,0.0087653,0.0087653,0.0087653,0.0087653,0.0087653,0.0087653,0.0087653,0.0087653,0.0087653,0.0087653,0.0087653,0.0087653,0.0087653,0.0087653,0.0087653,0.0087653,0.0087653,0.0087653,0.0087653,0.0087653,0.0087653,0.0087653,0.0087653,0.0087653,0.0087653,0.0087653,0.0087653,0.0087653,0.0087653,0.0087653,0.0087653,0.0087653,0.0087653,0.0087653,0.0087653,0.0087653,0.0087653,0.0087653,0.0087653,0.0087653,0.0087653,0.0087653,0.0087653,0.0087653,0.0087653,0.0087653,0.0087653,0.0087653,0.0087653,0.0087653,0.0087653,0.0087653,0.0087653,0.0087653,0.0087653,0.0087653,0.0087653,0.0087653,0.0087653,0.0087653,0.0087653,0.0087653,0.0087653,0.0087653,0.0087653,0.0087653,0.0087653,0.0087653,0.0087653,0.0087653,0.0087653,0.0087653,0.0087653,0.0087653,0.0087653,0.0087653,0.0087653,0.0087653,0.0087653,0.0087653,0.0087653,0.0087653,0.0087653,0.0087653,0.0087653,0.0087653,0.0087653,0.0087653,0.0087653,0.0087653,0.0087653,0.0087653,0.0087653,0.0087653,0.0087653,0.0087653,0.0087653,0.0087653,0.0087653,0.0087653,0.0087653,0.0087653,0.0087653,0.0087653,0.0087653,0.0087653,0.0087653,0.0087653,0.0087653,0.0087653,0.0087653,0.0087653,0.0087653,0.0087653,0.0087653,0.0087653,0.0087653,0.0087653,0.0087653,0.0087653,0.0087653,0.0087653,0.0087653,0.0087653,0.0087653,0.00185618,0.00185618,0.00185618,0.00185618,0.00185618,0.00185618,0.00185618,0.00185618,0.00185618,0.00185618,0.00185618,0.00185618,0.00185618,0.00185618,0.00185618,0.00185618,0.00185618,0.00185618,0.00185618,0.00185618,0.00185618,0.00185618,0.00185618,0.00185618,0.00185618,0.00185618,0.00185618,0.00185618,0.00185618,0.00185618,0.00185618,0.00185618,0.00185618,0.00185618,0.00185618,0.00185618,0.00185618,0.00185618,0.00185618,0.00185618,0.00185618,0.00185618,0.00185618,0.00185618,0.00185618,0.00185618,0.00185618,0.00185618,0.00185618,0.00185618,0.00185618,0.00185618,0.00185618,0.00185618,0.00185618,0.00185618,0.00185618,0.00185618,0.00185618,0.00185618,0.00185618,0.00185618,0.00185618,0.00185618,0.00185618,0.00185618,0.00185618,0.00185618,0.00185618,0.00185618,0.00185618,0.00185618,0.00185618,0.00185618,0.00185618,0.00185618,0.00185618,0.00185618,0.00185618,0.00185618,0.00185618,0.00185618,0.00185618,0.00185618,0.00185618
real_0049,0.0087653,0.0087653,0.0087653,0.0087653,0.0087653,0.0087653,0.0087653,0.0087653,0.0087653,0.0087653,0.0087653,0.0087653,0.0087653,0.0087653,0.0087653,0.0087653,0.0087653,0.0087653,0.0087653,0.0087653,0.0087653,0.0087653,0.0087653,0.0087653,0.0087653,0.0087653,0.0087653,0.0087653,0.0087653,0.0087653,0.0087653,0.0087653,0.0087653,0.0087653,0.0087653,0.0087653,0.0087653,0.0087653,0.0087653,0.0087653,0.0087653,0.0087653,0.0087653,0.0087653,0.0087653,0.0087653,0.0087653,0.0087653,0.0087653,0.0087653,0.0087653,0.0087653,0.0087653,0.0087653,0.0087653,0.0087653,0.0087653,0.0087653,0.0087653,0.0087653,0.0087653,0.0087653,0.0087653,0.0087653,0.0087653,0.0087653,0.0087653,0.0087653,0.0087653,0.0087653,0.0087653,0.0087653,0.0087653,0.0087653,0.0087653,0.0087653,0.0087653,0.0087653,0.0087653,0.0087653,0.0087653,0.0087653,0.0087653,0.0087653,0.0087653,0.0087653,0.0087653,0.0087653,0.0087653,0.0087653,0.0087653,0.0087653,0.0087653,0.0087653,0.0087653,0.0087653,0.0087653,0.0087653,0.0087653,0.0087653,0.0087653,0.0087653,0.0087653,0.0087653,0.0087653,0.0087653,0.0087653,0.0087653,0.0087653,0.0087653,0.0087653,0.0087653,0.0087653,0.0087653,0.0087653,0.0087653,0.0087653,0.0087653,0.0087653,0.0087653,0.0087653,0.0087653,0.0087653,0.0087653,0.0087653,0.0087653,0.0087653,0.0087653,0.0087653,0.0087653,0.0087653,0.0087653,0.0087653,0.0087653,0.0087653,0.0087653,0.0087653,0.0087653,0.0087653,0.0087653,0.0087653,0.0087653,0.0087653,0.0087653,0.0087653,0.0087653,0.0087653,0.0087653,0.0087653,0.0087653,0.0087653,0.0087653,0.0087653,0.0087653,0.0087653,0.0087653,0.0087653,0.0087653,0.0087653,0.0087653,0.0087653,0.0087653,0.0087653,0.0087653,0.0087653,0.0087653,0.0087653,0.0087653,0.0087653,0.0087653,0.0087653,0.0087653,0.0087653,0.0087653,0.0087653,0.0087653,0.0087653,0.0087653,0.0087653,0.0087653,0.00185618,0.00185618,0.00185618,0.00185618,0.00185618,0.00185618,0.00185618,0.00185618,0.00185618,0.00185618,0.00185618,0.00185618,0.00185618,0.00185618,0.00185618,0.00185618,0.00185618,0.00185618,0.00185618,0.00185618,0.00185618,0.00185618,0.00185618,0.00185618,0.00185618,0.00185618,0.00185618,0.00185618,0.00185618,0.00185618,0.00185618,0.00185618,0.00185618,0.00185618,0.00185618,0.00185618,0.00185618,0.00185618,0.00185618,0.00185618,0.00185618,0.00185618,0.00185618,0.00185618,0.00185618,0.00185618,0.00185618,0.00185618,0.00185618,0.00185618,0.00185618,0.00185618,0.00185618,0.00185618,0.00185618,0.00185618,0.00185618,0.00185618,0.00185618,0.00185618,0.00185618,0.00185618,0.00185618,0.00185618,0.00185618,0.00185618,0.00185618,0.00185618,0.00185618,0.00185618,0.00185618,0.00185618,0.00185618,0.00185618,0.00185618,0.00185618,0.00185618,0.00185618,0.00185618,0.00185618,0.00185618,0.00185618,0.00185618,0.00185618,0.00185618
real_0050,0.0087653,0.0087653,0.0087653,0.0087653,0.0087653,0.0087653,0.0087653,0.0087653,0.0087653,0.0087653,0.0087653,0.0087653,0.0087653,0.0087653,0.0087653,0.0087653,0.0087653,0.0087653,0.0087653,0.0087653,0.0087653,0.0087653,0.0087653,0.0087653,0.0087653,0.0087653,0.0087653,0.0087653,0.0087653,0.0087653,0.0087653,0.0087653,0.0087653,0.0087653,0.0087653,0.0087653,0.0087653,0.0087653,0.0087653,0.0087653,0.0087653,0.0087653,0.0087653,0.0087653,0.0087653,0.0087653,0.0087653,0.0087653,0.0087653,0.0087653,0.0087653,0.0087653,0.0087653,0.0087653,0.0087653,0.0087653,0.0087653,0.0087653,0.0087653,0.0087653,0.0087653,0.0087653,0.0087653,0.0087653,0.0087653,0.0087653,0.0087653,0.0087653,0.0087653,0.0087653,0.0087653,0.0087653,0.0087653,0.0087653,0.0087653,0.0087653,0.0087653,0.0087653,0.0087653,0.0087653,0.0087653,0.0087653,0.0087653,0.0087653,0.0087653,0.0087653,0.0087653,0.0087653,0.0087653,0.0087653,0.0087653,0.0087653,0.0087653,0.0087653,0.0087653,0.0087653,0.0087653,0.0087653,0.0087653,0.0087653,0.0087653,0.0087653,0.0087653,0.0087653,0.0087653,0.0087653,0.0087653,0.0087653,0.0087653,0.0087653,0.0087653,0.0087653,0.0087653,0.0087653,0.0087653,0.0087653,0.0087653,0.0087653,0.0087653,0.0087653,0.0087653,0.0087653,0.0087653,0.0087653,0.0087653,0.0087653,0.0087653,0.0087653,0.0087653,0.0087653,0.0087653,0.0087653,0.0087653,0.0087653,0.0087653,0.0087653,0.0087653,0.0087653,0.0087653,0.0087653,0.0087653,0.0087653,0.0087653,0.0087653,0.0087653,0.0087653,0.0087653,0.0087653,0.0087653,0.0087653,0.0087653,0.0087653,0.0087653,0.0087653,0.0087653,0.0087653,0.0087653,0.0087653,0.0087653,0.0087653,0.0087653,0.0087653,0.0087653,0.0087653,0.0087653,0.0087653,0.0087653,0.0087653,0.0087653,0.0087653,0.0087653,0.0087653,0.0087653,0.0087653,0.0087653,0.0087653,0.0087653,0.0087653,0.0087653,0.0087653,0.00185618,0.00185618,0.00185618,0.00185618,0.00185618,0.00185618,0.00185618,0.00185618,0.00185618,0.00185618,0.00185618,0.00185618,0.00185618,0.00185618,0.00185618,0.00185618,0.00185618,0.00185618,0.00185618,0.00185618,0.00185618,0.00185618,0.00185618,0.00185618,0.00185618,0.00185618,0.00185618,0.00185618,0.00185618,0.00185618,0.00185618,0.00185618,0.00185618,0.00185618,0.00185618,0.00185618,0.00185618,0.00185618,0.00185618,0.00185618,0.00185618,0.00185618,0.00185618,0.00185618,0.00185618,0.00185618,0.00185618,0.00185618,0.00185618,0.00185618,0.00185618,0.00185618,0.00185618,0.00185618,0.00185618,0.00185618,0.00185618,0.00185618,0.00185618,0.00185618,0.00185618,0.00185618,0.00185618,0.00185618,0.00185618,0.00185618,0.00185618,0.00185618,0.00185618,0.00185618,0.00185618,0.00185618,0.00185618,0.00185618,0.00185618,0.00185618,0.00185618,0.00185618,0.00185618,0.00185618,0.00185618,0.00185618,0.00185618,0.00185618,0.00185618
real_0051,0.0087653,0.0087653,0.0087653,0.0087653,0.0087653,0.0087653,0.0087653,0.0087653,0.0087653,0.0087653,0.0087653,0.0087653,0.0087653,0.0087653,0.0087653,0.0087653,0.0087653,0.0087653,0.0087653,0.0087653,0.0087653,0.0087653,0.0087653,0.0087653,0.0087653,0.0087653,0.0087653,0.0087653,0.0087653,0.0087653,0.0087653,0.0087653,0.0087653,0.0087653,0.0087653,0.0087653,0.0087653,0.0087653,0.0087653,0.0087653,0.0087653,0.0087653,0.0087653,0.0087653,0.0087653,0.0087653,0.0087653,0.0087653,0.0087653,0.0087653,0.0087653,0.0087653,0.0087653,0.0087653,0.0087653,0.0087653,0.0087653,0.0087653,0.0087653,0.0087653,0.0087653,0.0087653,0.0087653,0.0087653,0.0087653,0.0087653,0.0087653,0.0087653,0.0087653,0.0087653,0.0087653,0.0087653,0.0087653,0.0087653,0.0087653,0.0087653,0.0087653,0.0087653,0.0087653,0.0087653,0.0087653,0.0087653,0.0087653,0.0087653,0.0087653,0.0087653,0.0087653,0.0087653,0.0087653,0.0087653,0.0087653,0.0087653,0.0087653,0.0087653,0.0087653,0.0087653,0.0087653,0.0087653,0.0087653,0.0087653,0.0087653,0.0087653,0.0087653,0.0087653,0.0087653,0.0087653,0.0087653,0.0087653,0.0087653,0.0087653,0.0087653,0.0087653,0.0087653,0.0087653,0.0087653,0.0087653,0.0087653,0.0087653,0.0087653,0.0087653,0.0087653,0.0087653,0.0087653,0.0087653,0.0087653,0.0087653,0.0087653,0.0087653,0.0087653,0.0087653,0.0087653,0.0087653,0.0087653,0.0087653,0.0087653,0.0087653,0.0087653,0.0087653,0.0087653,0.0087653,0.0087653,0.0087653,0.0087653,0.0087653,0.0087653,0.0087653,0.0087653,0.0087653,0.0087653,0.0087653,0.0087653,0.0087653,0.0087653,0.0087653,0.0087653,0.0087653,0.0087653,0.0087653,0.0087653,0.0087653,0.0087653,0.0087653,0.0087653,0.0087653,0.0087653,0.0087653,0.0087653,0.0087653,0.0087653,0.0087653,0.0087653,0.0087653,0.0087653,0.0087653,0.0087653,0.0087653,0.0087653,0.0087653,0.0087653,0.0087653,0.00185618,0.00185618,0.00185618,0.00185618,0.00185618,0.00185618,0.00185618,0.00185618,0.00185618,0.00185618,0.00185618,0.00185618,0.00185618,0.00185618,0.00185618,0.00185618,0.00185618,0.00185618,0.00185618,0.00185618,0.00185618,0.00185618,0.00185618,0.00185618,0.00185618,0.00185618,0.00185618,0.00185618,0.00185618,0.00185618,0.00185618,0.00185618,0.00185618,0.00185618,0.00185618,0.00185618,0.00185618,0.00185618,0.00185618,0.00185618,0.00185618,0.00185618,0.00185618,0.00185618,0.00185618,0.00185618,0.00185618,0.00185618,0.00185618,0.00185618,0.00185618,0.00185618,0.00185618,0.00185618,0.00185618,0.00185618,0.00185618,0.00185618,0.00185618,0.00185618,0.00185618,0.00185618,0.00185618,0.00185618,0.00185618,0.00185618,0.00185618,0.00185618,0.00185618,0.00185618,0.00185618,0.00185618,0.00185618,0.00185618,0.00185618,0.00185618,0.00185618,0.00185618,0.00185618,0.00185618,0.00185618,0.00185618,0.00185618,0.00185618,0.00185618
real_0052,0.0087653,0.0087653,0.0087653,0.0087653,0.0087653,0.0087653,0.0087653,0.0087653,0.0087653,0.0087653,0.0087653,0.0087653,0.0087653,0.0087653,0.0087653,0.0087653,0.0087653,0.0087653,0.0087653,0.0087653,0.0087653,0.0087653,0.0087653,0.0087653,0.0087653,0.0087653,0.0087653,0.0087653,0.0087653,0.0087653,0.0087653,0.0087653,0.0087653,0.0087653,0.0087653,0.0087653,0.0087653,0.0087653,0.0087653,0.0087653,0.0087653,0.0087653,0.0087653,0.0087653,0.0087653,0.0087653,0.0087653,0.0087653,0.0087653,0.0087653,0.0087653,0.0087653,0.0087653,0.0087653,0.0087653,0.0087653,0.0087653,0.0087653,0.0087653,0.0087653,0.0087653,0.0087653,0.0087653,0.0087653,0.0087653,0.0087653,0.0087653,0.0087653,0.0087653,0.0087653,0.0087653,0.0087653,0.0087653,0.0087653,0.0087653,0.0087653,0.0087653,0.0087653,0.0087653,0.0087653,0.0087653,0.0087653,0.0087653,0.0087653,0.0087653,0.0087653,0.0087653,0.0087653,0.0087653,0.0087653,0.0087653,0.0087653,0.0087653,0.0087653,0.0087653,0.0087653,0.0087653,0.0087653,0.0087653,0.0087653,0.0087653,0.0087653,0.0087653,0.0087653,0.0087653,0.0087653,0.0087653,0.0087653,0.0087653,0.0087653,0.0087653,0.0087653,0.0087653,0.0087653,0.0087653,0.0087653,0.0087653,0.0087653,0.0087653,0.0087653,0.0087653,0.0087653,0.0087653,0.0087653,0.0087653,0.0087653,0.0087653,0.0087653,0.0087653,0.0087653,0.0087653,0.0087653,0.0087653,0.0087653,0.0087653,0.0087653,0.0087653,0.0087653,0.0087653,0.0087653,0.0087653,0.0087653,0.0087653,0.0087653,0.0087653,0.0087653,0.0087653,0.0087653,0.0087653,0.0087653,0.0087653,0.0087653,0.0087653,0.0087653,0.0087653,0.0087653,0.0087653,0.0087653,0.0087653,0.0087653,0.0087653,0.0087653,0.0087653,0.0087653,0.0087653,0.0087653,0.0087653,0.0087653,0.0087653,0.0087653,0.0087653,0.0087653,0.0087653,0.0087653,0.0087653,0.0087653,0.0087653,0.0087653,0.0087653,0.0087653,0.00185618,0.00185618,0.00185618,0.00185618,0.00185618,0.00185618,0.00185618,0.00185618,0.00185618,0.00185618,0.00185618,0.00185618,0.00185618,0.00185618,0.00185618,0.00185618,0.00185618,0.00185618,0.00185618,0.00185618,0.00185618,0.00185618,0.00185618,0.00185618,0.00185618,0.00185618,0.00185618,0.00185618,0.00185618,0.00185618,0.00185618,0.00185618,0.00185618,0.00185618,0.00185618,0.00185618,0.00185618,0.00185618,0.00185618,0.00185618,0.00185618,0.00185618,0.00185618,0.00185618,0.00185618,0.00185618,0.00185618,0.00185618,0.00185618,0.00185618,0.00185618,0.00185618,0.00185618,0.00185618,0.00185618,0.00185618,0.00185618,0.00185618,0.00185618,0.00185618,0.00185618,0.00185618,0.00185618,0.00185618,0.00185618,0.00185618,0.00185618,0.00185618,0.00185618,0.00185618,0.00185618,0.00185618,0.00185618,0.00185618,0.00185618,0.00185618,0.00185618,0.00185618,0.00185618,0.00185618,0.00185618,0.00185618,0.00185618,0.00185618,0.00185618
real_0053,0.0087653,0.0087653,0.0087653,0.0087653,0.0087653,0.0087653,0.0087653,0.0087653,0.0087653,0.0087653,0.0087653,0.0087653,0.0087653,0.0087653,0.0087653,0.0087653,0.0087653,0.0087653,0.0087653,0.0087653,0.0087653,0.0087653,0.0087653,0.0087653,0.0087653,0.0087653,0.0087653,0.0087653,0.0087653,0.0087653,0.0087653,0.0087653,0.0087653,0.0087653,0.0087653,0.0087653,0.0087653,0.0087653,0.0087653,0.0087653,0.0087653,0.0087653,0.0087653,0.0087653,0.0087653,0.0087653,0.0087653,0.0087653,0.0087653,0.0087653,0.0087653,0.0087653,0.0087653,0.0087653,0.0087653,0.0087653,0.0087653,0.0087653,0.0087653,0.0087653,0.0087653,0.0087653,0.0087653,0.0087653,0.0087653,0.0087653,0.0087653,0.0087653,0.0087653,0.0087653,0.0087653,0.0087653,0.0087653,0.0087653,0.0087653,0.0087653,0.0087653,0.0087653,0.0087653,0.0087653,0.0087653,0.0087653,0.0087653,0.0087653,0.0087653,0.0087653,0.0087653,0.0087653,0.0087653,0.0087653,0.0087653,0.0087653,0.0087653,0.0087653,0.0087653,0.0087653,0.0087653,0.0087653,0.0087653,0.0087653,0.0087653,0.0087653,0.0087653,0.0087653,0.0087653,0.0087653,0.0087653,0.0087653,0.0087653,0.0087653,0.0087653,0.0087653,0.0087653,0.0087653,0.0087653,0.0087653,0.0087653,0.0087653,0.0087653,0.0087653,0.0087653,0.0087653,0.0087653,0.0087653,0.0087653,0.0087653,0.0087653,0.0087653,0.0087653,0.0087653,0.0087653,0.0087653,0.0087653,0.0087653,0.0087653,0.0087653,0.0087653,0.0087653,0.0087653,0.0087653,0.0087653,0.0087653,0.0087653,0.0087653,0.0087653,0.0087653,0.0087653,0.0087653,0.0087653,0.0087653,0.0087653,0.0087653,0.0087653,0.0087653,0.0087653,0.0087653,0.0087653,0.0087653,0.0087653,0.0087653,0.0087653,0.0087653,0.0087653,0.0087653,0.0087653,0.0087653,0.0087653,0.0087653,0.0087653,0.0087653,0.0087653,0.0087653,0.0087653,0.0087653,0.0087653,0.0087653,0.0087653,0.0087653,0.0087653,0.0087653,0.00185618,0.00185618,0.00185618,0.00185618,0.00185618,0.00185618,0.00185618,0.00185618,0.00185618,0.00185618,0.00185618,0.00185618,0.00185618,0.00185618,0.00185618,0.00185618,0.00185618,0.00185618,0.00185618,0.00185618,0.00185618,0.00185618,0.00185618,0.00185618,0.00185618,0.00185618,0.00185618,0.00185618,0.00185618,0.00185618,0.00185618,0.00185618,0.00185618,0.00185618,0.00185618,0.00185618,0.00185618,0.00185618,0.00185618,0.00185618,0.00185618,0.00185618,0.00185618,0.00185618,0.00185618,0.00185618,0.00185618,0.00185618,0.00185618,0.00185618,0.00185618,0.00185618,0.00185618,0.00185618,0.00185618,0.00185618,0.00185618,0.00185618,0.00185618,0.00185618,0.00185618,0.00185618,0.00185618,0.00185618,0.00185618,0.00185618,0.00185618,0.00185618,0.00185618,0.00185618,0.00185618,0.00185618,0.00185618,0.00185618,0.00185618,0.00185618,0.00185618,0.00185618,0.00185618,0.00185618,0.00185618,0.00185618,0.00185618,0.00185618,0.00185618
real_0054,0.0087653,0.0087653,0.0087653,0.0087653,0.0087653,0.0087653,0.0087653,0.0087653,0.0087653,0.0087653,0.0087653,0.0087653,0.0087653,0.0087653,0.0087653,0.0087653,0.0087653,0.0087653,0.0087653,0.0087653,0.0087653,0.0087653,0.0087653,0.0087653,0.0087653,0.0087653,0.0087653,0.0087653,0.0087653,0.0087653,0.0087653,0.0087653,0.0087653,0.0087653,0.0087653,0.0087653,0.0087653,0.0087653,0.0087653,0.0087653,0.0087653,0.0087653,0.0087653,0.0087653,0.0087653,0.0087653,0.0087653,0.0087653,0.0087653,0.0087653,0.0087653,0.0087653,0.0087653,0.0087653,0.0087653,0.0087653,0.0087653,0.0087653,0.0087653,0.0087653,0.0087653,0.0087653,0.0087653,0.0087653,0.0087653,0.0087653,0.0087653,0.0087653,0.0087653,0.0087653,0.0087653,0.0087653,0.0087653,0.0087653,0.0087653,0.0087653,0.0087653,0.0087653,0.0087653,0.0087653,0.0087653,0.0087653,0.0087653,0.0087653,0.0087653,0.0087653,0.0087653,0.0087653,0.0087653,0.0087653,0.0087653,0.0087653,0.0087653,0.0087653,0.0087653,0.0087653,0.0087653,0.0087653,0.0087653,0.0087653,0.0087653,0.0087653,0.0087653,0.0087653,0.0087653,0.0087653,0.0087653,0.0087653,0.0087653,0.0087653,0.0087653,0.0087653,0.0087653,0.0087653,0.0087653,0.0087653,0.0087653,0.0087653,0.0087653,0.0087653,0.0087653,0.0087653,0.0087653,0.0087653,0.0087653,0.0087653,0.0087653,0.0087653,0.0087653,0.0087653,0.0087653,0.0087653,0.0087653,0.0087653,0.0087653,0.0087653,0.0087653,0.0087653,0.0087653,0.0087653,0.0087653,0.0087653,0.0087653,0.0087653,0.0087653,0.0087653,0.0087653,0.0087653,0.0087653,0.0087653,0.0087653,0.0087653,0.0087653,0.0087653,0.0087653,0.0087653,0.0087653,0.0087653,0.0087653,0.0087653,0.0087653,0.0087653,0.0087653,0.0087653,0.0087653,0.0087653,0.0087653,0.0087653,0.0087653,0.0087653,0.0087653,0.0087653,0.0087653,0.0087653,0.0087653,0.0087653,0.0087653,0.0087653,0.0087653,0.0087653,0.00185618,0.00185618,0.00185618,0.00185618,0.00185618,0.00185618,0.00185618,0.00185618,0.00185618,0.00185618,0.00185618,0.00185618,0.00185618,0.00185618,0.00185618,0.00185618,0.00185618,0.00185618,0.00185618,0.00185618,0.00185618,0.00185618,0.00185618,0.00185618,0.00185618,0.00185618,0.00185618,0.00185618,0.00185618,0.00185618,0.00185618,0.00185618,0.00185618,0.00185618,0.00185618,0.00185618,0.00185618,0.00185618,0.00185618,0.00185618,0.00185618,0.00185618,0.00185618,0.00185618,0.00185618,0.00185618,0.00185618,0.00185618,0.00185618,0.00185618,0.00185618,0.00185618,0.00185618,0.00185618,0.00185618,0.00185618,0.00185618,0.00185618,0.00185618,0.00185618,0.00185618,0.00185618,0.00185618,0.00185618,0.00185618,0.00185618,0.00185618,0.00185618,0.00185618,0.00185618,0.00185618,0.00185618,0.00185618,0.00185618,0.00185618,0.00185618,0.00185618,0.00185618,0.00185618,0.00185618,0.00185618,0.00185618,0.00185618,0.00185618,0.00185618
real_0055,0.0087653,0.0087653,0.0087653,0.0087653,0.0087653,0.0087653,0.0087653,0.0087653,0.0087653,0.0087653,0.0087653,0.0087653,0.0087653,0.0087653,0.0087653,0.0087653,0.0087653,0.0087653,0.0087653,0.0087653,0.0087653,0.0087653,0.0087653,0.0087653,0.0087653,0.0087653,0.0087653,0.0087653,0.0087653,0.0087653,0.0087653,0.0087653,0.0087653,0.0087653,0.0087653,0.0087653,0.0087653,0.0087653,0.0087653,0.0087653,0.0087653,0.0087653,0.0087653,0.0087653,0.0087653,0.0087653,0.0087653,0.0087653,0.0087653,0.0087653,0.0087653,0.0087653,0.0087653,0.0087653,0.0087653,0.0087653,0.0087653,0.0087653,0.0087653,0.0087653,0.0087653,0.0087653,0.0087653,0.0087653,0.0087653,0.0087653,0.0087653,0.0087653,0.0087653,0.0087653,0.0087653,0.0087653,0.0087653,0.0087653,0.0087653,0.0087653,0.0087653,0.0087653,0.0087653,0.0087653,0.0087653,0.0087653,0.0087653,0.0087653,0.0087653,0.0087653,0.0087653,0.0087653,0.0087653,0.0087653,0.0087653,0.0087653,0.0087653,0.0087653,0.0087653,0.0087653,0.0087653,0.0087653,0.0087653,0.0087653,0.0087653,0.0087653,0.0087653,0.0087653,0.0087653,0.0087653,0.0087653,0.0087653,0.0087653,0.0087653,0.0087653,0.0087653,0.0087653,0.0087653,0.0087653,0.0087653,0.0087653,0.0087653,0.0087653,0.0087653,0.0087653,0.0087653,0.0087653,0.0087653,0.0087653,0.0087653,0.0087653,0.0087653,0.0087653,0.0087653,0.0087653,0.0087653,0.0087653,0.0087653,0.0087653,0.0087653,0.0087653,0.0087653,0.0087653,0.0087653,0.0087653,0.0087653,0.0087653,0.0087653,0.0087653,0.0087653,0.0087653,0.0087653,0.0087653,0.0087653,0.0087653,0.0087653,0.0087653,0.0087653,0.0087653,0.0087653,0.0087653,0.0087653,0.0087653,0.0087653,0.0087653,0.0087653,0.0087653,0.0087653,0.0087653,0.0087653,0.0087653,0.0087653,0.0087653,0.0087653,0.0087653,0.0087653,0.0087653,0.0087653,0.0087653,0.0087653,0.0087653,0.0087653,0.0087653,0.0087653,0.00185618,0.00185618,0.00185618,0.00185618,0.00185618,0.00185618,0.00185618,0.00185618,0.00185618,0.00185618,0.00185618,0.00185618,0.00185618,0.00185618,0.00185618,0.00185618,0.00185618,0.00185618,0.00185618,0.00185618,0.00185618,0.00185618,0.00185618,0.00185618,0.00185618,0.00185618,0.00185618,0.00185618,0.00185618,0.00185618,0.00185618,0.00185618,0.00185618,0.00185618,0.00185618,0.00185618,0.00185618,0.00185618,0.00185618,0.00185618,0.00185618,0.00185618,0.00185618,0.00185618,0.00185618,0.00185618,0.00185618,0.00185618,0.00185618,0.00185618,0.00185618,0.00185618,0.00185618,0.00185618,0.00185618,0.00185618,0.00185618,0.00185618,0.00185618,0.00185618,0.00185618,0.00185618,0.00185618,0.00185618,0.00185618,0.00185618,0.00185618,0.00185618,0.00185618,0.00185618,0.00185618,0.00185618,0.00185618,0.00185618,0.00185618,0.00185618,0.00185618,0.00185618,0.00185618,0.00185618,0.00185618,0.00185618,0.00185618,0.00185618,0.00185618
real_0056,0.0087653,0.0087653,0.0087653,0.0087653,0.0087653,0.0087653,0.0087653,0.0087653,0.0087653,0.0087653,0.0087653,0.0087653,0.0087653,0.0087653,0.0087653,0.0087653,0.0087653,0.0087653,0.0087653,0.0087653,0.0087653,0.0087653,0.0087653,0.0087653,0.0087653,0.0087653,0.0087653,0.0087653,0.0087653,0.0087653,0.0087653,0.0087653,0.0087653,0.0087653,0.0087653,0.0087653,0.0087653,0.0087653,0.0087653,0.0087653,0.0087653,0.0087653,0.0087653,0.0087653,0.0087653,0.0087653,0.0087653,0.0087653,0.0087653,0.0087653,0.0087653,0.0087653,0.0087653,0.0087653,0.0087653,0.0087653,0.0087653,0.0087653,0.0087653,0.0087653,0.0087653,0.0087653,0.0087653,0.0087653,0.0087653,0.0087653,0.0087653,0.0087653,0.0087653,0.0087653,0.0087653,0.0087653,0.0087653,0.0087653,0.0087653,0.0087653,0.0087653,0.0087653,0.0087653,0.0087653,0.0087653,0.0087653,0.0087653,0.0087653,0.0087653,0.0087653,0.0087653,0.0087653,0.0087653,0.0087653,0.0087653,0.0087653,0.0087653,0.0087653,0.0087653,0.0087653,0.0087653,0.0087653,0.0087653,0.0087653,0.0087653,0.0087653,0.0087653,0.0087653,0.0087653,0.0087653,0.0087653,0.0087653,0.0087653,0.0087653,0.0087653,0.0087653,0.0087653,0.0087653,0.0087653,0.0087653,0.0087653,0.0087653,0.0087653,0.0087653,0.0087653,0.0087653,0.0087653,0.0087653,0.0087653,0.0087653,0.0087653,0.0087653,0.0087653,0.0087653,0.0087653,0.0087653,0.0087653,0.0087653,0.0087653,0.0087653,0.0087653,0.0087653,0.0087653,0.0087653,0.0087653,0.0087653,0.0087653,0.0087653,0.0087653,0.0087653,0.0087653,0.0087653,0.0087653,0.0087653,0.0087653,0.0087653,0.0087653,0.0087653,0.0087653,0.0087653,0.0087653,0.0087653,0.0087653,0.0087653,0.0087653,0.0087653,0.0087653,0.0087653,0.0087653,0.0087653,0.0087653,0.0087653,0.0087653,0.0087653,0.0087653,0.0087653,0.0087653,0.0087653,0.0087653,0.0087653,0.0087653,0.0087653,0.0087653,0.0087653,0.00185618,0.00185618,0.00185618,0.00185618,0.00185618,0.00185618,0.00185618,0.00185618,0.00185618,0.00185618,0.00185618,0.00185618,0.00185618,0.00185618,0.00185618,0.00185618,0.00185618,0.00185618,0.00185618,0.00185618,0.00185618,0.00185618,0.00185618,0.00185618,0.00185618,0.00185618,0.00185618,0.00185618,0.00185618,0.00185618,0.00185618,0.00185618,0.00185618,0.00185618,0.00185618,0.00185618,0.00185618,0.00185618,0.00185618,0.00185618,0.00185618,0.00185618,0.00185618,0.00185618,0.00185618,0.00185618,0.00185618,0.00185618,0.00185618,0.00185618,0.00185618,0.00185618,0.00185618,0.00185618,0.00185618,0.00185618,0.00185618,0.00185618,0.00185618,0.00185618,0.00185618,0.00185618,0.00185618,0.00185618,0.00185618,0.00185618,0.00185618,0.00185618,0.00185618,0.00185618,0.00185618,0.00185618,0.00185618,0.00185618,0.00185618,0.00185618,0.00185618,0.00185618,0.00185618,0.00185618,0.00185618,0.00185618,0.00185618,0.00185618,0.00185618
real_0057,0.0087653,0.0087653,0.0087653,0.0087653,0.0087653,0.0087653,0.0087653,0.0087653,0.0087653,0.0087653,0.0087653,0.0087653,0.0087653,0.0087653,0.0087653,0.0087653,0.0087653,0.0087653,0.0087653,0.0087653,0.0087653,0.0087653,0.0087653,0.0087653,0.0087653,0.0087653,0.0087653,0.0087653,0.0087653,0.0087653,0.0087653,0.0087653,0.0087653,0.0087653,0.0087653,0.0087653,0.0087653,0.0087653,0.0087653,0.0087653,0.0087653,0.0087653,0.0087653,0.0087653,0.0087653,0.0087653,0.0087653,0.0087653,0.0087653,0.0087653,0.0087653,0.0087653,0.0087653,0.0087653,0.0087653,0.0087653,0.0087653,0.0087653,0.0087653,0.0087653,0.0087653,0.0087653,0.0087653,0.0087653,0.0087653,0.0087653,0.0087653,0.0087653,0.0087653,0.0087653,0.0087653,0.0087653,0.0087653,0.0087653,0.0087653,0.0087653,0.0087653,0.0087653,0.0087653,0.0087653,0.0087653,0.0087653,0.0087653,0.0087653,0.0087653,0.0087653,0.0087653,0.0087653,0.0087653,0.0087653,0.0087653,0.0087653,0.0087653,0.0087653,0.0087653,0.0087653,0.0087653,0.0087653,0.0087653,0.0087653,0.0087653,0.0087653,0.0087653,0.0087653,0.0087653,0.0087653,0.0087653,0.0087653,0.0087653,0.0087653,0.0087653,0.0087653,0.0087653,0.0087653,0.0087653,0.0087653,0.0087653,0.0087653,0.0087653,0.0087653,0.0087653,0.0087653,0.0087653,0.0087653,0.0087653,0.0087653,0.0087653,0.0087653,0.0087653,0.0087653,0.0087653,0.0087653,0.0087653,0.0087653,0.0087653,0.0087653,0.0087653,0.0087653,0.0087653,0.0087653,0.0087653,0.0087653,0.0087653,0.0087653,0.0087653,0.0087653,0.0087653,0.0087653,0.0087653,0.0087653,0.0087653,0.0087653,0.0087653,0.0087653,0.0087653,0.0087653,0.0087653,0.0087653,0.0087653,0.0087653,0.0087653,0.0087653,0.0087653,0.0087653,0.0087653,0.0087653,0.0087653,0.0087653,0.0087653,0.0087653,0.0087653,0.0087653,0.0087653,0.0087653,0.0087653,0.0087653,0.0087653,0.0087653,0.0087653,0.0087653,0.00185618,0.00185618,0.00185618,0.00185618,0.00185618,0.00185618,0.00185618,0.00185618,0.00185618,0.00185618,0.00185618,0.00185618,0.00185618,0.00185618,0.00185618,0.00185618,0.00185618,0.00185618,0.00185618,0.00185618,0.00185618,0.00185618,0.00185618,0.00185618,0.00185618,0.00185618,0.00185618,0.00185618,0.00185618,0.00185618,0.00185618,0.00185618,0.00185618,0.00185618,0.00185618,0.00185618,0.00185618,0.00185618,0.00185618,0.00185618,0.00185618,0.00185618,0.00185618,0.00185618,0.00185618,0.00185618,0.00185618,0.00185618,0.00185618,0.00185618,0.00185618,0.00185618,0.00185618,0.00185618,0.00185618,0.00185618,0.00185618,0.00185618,0.00185618,0.00185618,0.00185618,0.00185618,0.00185618,0.00185618,0.00185618,0.00185618,0.00185618,0.00185618,0.00185618,0.00185618,0.00185618,0.00185618,0.00185618,0.00185618,0.00185618,0.00185618,0.00185618,0.00185618,0.00185618,0.00185618,0.00185618,0.00185618,0.00185618,0.00185618,0.00185618
real_0058,0.0087653,0.0087653,0.0087653,0.0087653,0.0087653,0.0087653,0.0087653,0.0087653,0.0087653,0.0087653,0.0087653,0.0087653,0.0087653,0.0087653,0.0087653,0.0087653,0.0087653,0.0087653,0.0087653,0.0087653,0.0087653,0.0087653,0.0087653,0.0087653,0.0087653,0.0087653,0.0087653,0.0087653,0.0087653,0.0087653,0.0087653,0.0087653,0.0087653,0.0087653,0.0087653,0.0087653,0.0087653,0.0087653,0.0087653,0.0087653,0.0087653,0.0087653,0.0087653,0.0087653,0.0087653,0.0087653,0.0087653,0.0087653,0.0087653,0.0087653,0.0087653,0.0087653,0.0087653,0.0087653,0.0087653,0.0087653,0.0087653,0.0087653,0.0087653,0.0087653,0.0087653,0.0087653,0.0087653,0.0087653,0.0087653,0.0087653,0.0087653,0.0087653,0.0087653,0.0087653,0.0087653,0.0087653,0.0087653,0.0087653,0.0087653,0.0087653,0.0087653,0.0087653,0.0087653,0.0087653,0.0087653,0.0087653,0.0087653,0.0087653,0.0087653,0.0087653,0.0087653,0.0087653,0.0087653,0.0087653,0.0087653,0.0087653,0.0087653,0.0087653,0.0087653,0.0087653,0.0087653,0.0087653,0.0087653,0.0087653,0.0087653,0.0087653,0.0087653,0.0087653,0.0087653,0.0087653,0.0087653,0.0087653,0.0087653,0.0087653,0.0087653,0.0087653,0.0087653,0.0087653,0.0087653,0.0087653,0.0087653,0.0087653,0.0087653,0.0087653,0.0087653,0.0087653,0.0087653,0.0087653,0.0087653,0.0087653,0.0087653,0.0087653,0.0087653,0.0087653,0.0087653,0.0087653,0.0087653,0.0087653,0.0087653,0.0087653,0.0087653,0.0087653,0.0087653,0.0087653,0.0087653,0.0087653,0.0087653,0.0087653,0.0087653,0.0087653,0.0087653,0.0087653,0.0087653,0.0087653,0.0087653,0.0087653,0.0087653,0.0087653,0.0087653,0.0087653,0.0087653,0.0087653,0.0087653,0.0087653,0.0087653,0.0087653,0.0087653,0.0087653,0.0087653,0.0087653,0.0087653,0.0087653,0.0087653,0.0087653,0.0087653,0.0087653,0.0087653,0.0087653,0.0087653,0.0087653,0.0087653,0.0087653,0.0087653,0.0087653,0.00185618,0.00185618,0.00185618,0.00185618,0.00185618,0.00185618,0.00185618,0.00185618,0.00185618,0.00185618,0.00185618,0.00185618,0.00185618,0.00185618,0.00185618,0.00185618,0.00185618,0.00185618,0.00185618,0.00185618,0.00185618,0.00185618,0.00185618,0.00185618,0.00185618,0.00185618,0.00185618,0.00185618,0.00185618,0.00185618,0.00185618,0.00185618,0.00185618,0.00185618,0.00185618,0.00185618,0.00185618,0.00185618,0.00185618,0.00185618,0.00185618,0.00185618,0.00185618,0.00185618,0.00185618,0.00185618,0.00185618,0.00185618,0.00185618,0.00185618,0.00185618,0.00185618,0.00185618,0.00185618,0.00185618,0.00185618,0.00185618,0.00185618,0.00185618,0.00185618,0.00185618,0.00185618,0.00185618,0.00185618,0.00185618,0.00185618,0.00185618,0.00185618,0.00185618,0.00185618,0.00185618,0.00185618,0.00185618,0.00185618,0.00185618,0.00185618,0.00185618,0.00185618,0.00185618,0.00185618,0.00185618,0.00185618,0.00185618,0.00185618,0.00185618
real_0059,0.0087653,0.0087653,0.0087653,0.0087653,0.0087653,0.0087653,0.0087653,0.0087653,0.0087653,0.0087653,0.0087653,0.0087653,0.0087653,0.0087653,0.0087653,0.0087653,0.0087653,0.0087653,0.0087653,0.0087653,0.0087653,0.0087653,0.0087653,0.0087653,0.0087653,0.0087653,0.0087653,0.0087653,0.0087653,0.0087653,0.0087653,0.0087653,0.0087653,0.0087653,0.0087653,0.0087653,0.0087653,0.0087653,0.0087653,0.0087653,0.0087653,0.0087653,0.0087653,0.0087653,0.0087653,0.0087653,0.0087653,0.0087653,0.0087653,0.0087653,0.0087653,0.0087653,0.0087653,0.0087653,0.0087653,0.0087653,0.0087653,0.0087653,0.0087653,0.0087653,0.0087653,0.0087653,0.0087653,0.0087653,0.0087653,0.0087653,0.0087653,0.0087653,0.0087653,0.0087653,0.0087653,0.0087653,0.0087653,0.0087653,0.0087653,0.0087653,0.0087653,0.0087653,0.0087653,0.0087653,0.0087653,0.0087653,0.0087653,0.0087653,0.0087653,0.0087653,0.0087653,0.0087653,0.0087653,0.0087653,0.0087653,0.0087653,0.0087653,0.0087653,0.0087653,0.0087653,0.0087653,0.0087653,0.0087653,0.0087653,0.0087653,0.0087653,0.0087653,0.0087653,0.0087653,0.0087653,0.0087653,0.0087653,0.0087653,0.0087653,0.0087653,0.0087653,0.0087653,0.0087653,0.0087653,0.0087653,0.0087653,0.0087653,0.0087653,0.0087653,0.0087653,0.0087653,0.0087653,0.0087653,0.0087653,0.0087653,0.0087653,0.0087653,0.0087653,0.0087653,0.0087653,0.0087653,0.0087653,0.0087653,0.0087653,0.0087653,0.0087653,0.0087653,0.0087653,0.0087653,0.0087653,0.0087653,0.0087653,0.0087653,0.0087653,0.0087653,0.0087653,0.0087653,0.0087653,0.0087653,0.0087653,0.0087653,0.0087653,0.0087653,0.0087653,0.0087653,0.0087653,0.0087653,0.0087653,0.0087653,0.0087653,0.0087653,0.0087653,0.0087653,0.0087653,0.0087653,0.0087653,0.0087653,0.0087653,0.0087653,0.0087653,0.0087653,0.0087653,0.0087653,0.0087653,0.0087653,0.0087653,0.0087653,0.0087653,0.0087653,0.00185618,0.00185618,0.00185618,0.00185618,0.00185618,0.00185618,0.00185618,0.00185618,0.00185618,0.00185618,0.00185618,0.00185618,0.00185618,0.00185618,0.00185618,0.00185618,0.00185618,0.00185618,0.00185618,0.00185618,0.00185618,0.00185618,0.00185618,0.00185618,0.00185618,0.00185618,0.00185618,0.00185618,0.00185618,0.00185618,0.00185618,0.00185618,0.00185618,0.00185618,0.00185618,0.00185618,0.00185618,0.00185618,0.00185618,0.00185618,0.00185618,0.00185618,0.00185618,0.00185618,0.00185618,0.00185618,0.00185618,0.00185618,0.00185618,0.00185618,0.00185618,0.00185618,0.00185618,0.00185618,0.00185618,0.00185618,0.00185618,0.00185618,0.00185618,0.00185618,0.00185618,0.00185618,0.00185618,0.00185618,0.00185618,0.00185618,0.00185618,0.00185618,0.00185618,0.00185618,0.00185618,0.00185618,0.00185618,0.00185618,0.00185618,0.00185618,0.00185618,0.00185618,0.00185618,0.00185618,0.00185618,0.00185618,0.00185618,0.00185618,0.00185618
real_0060,0.0087653,0.0087653,0.0087653,0.0087653,0.0087653,0.0087653,0.0087653,0.0087653,0.0087653,0.0087653,0.0087653,0.0087653,0.0087653,0.0087653,0.0087653,0.0087653,0.0087653,0.0087653,0.0087653,0.0087653,0.0087653,0.0087653,0.0087653,0.0087653,0.0087653,0.0087653,0.0087653,0.0087653,0.0087653,0.0087653,0.0087653,0.0087653,0.0087653,0.0087653,0.0087653,0.0087653,0.0087653,0.0087653,0.0087653,0.0087653,0.0087653,0.0087653,0.0087653,0.0087653,0.0087653,0.0087653,0.0087653,0.0087653,0.0087653,0.0087653,0.0087653,0.0087653,0.0087653,0.0087653,0.0087653,0.0087653,0.0087653,0.0087653,0.0087653,0.0087653,0.0087653,0.0087653,0.0087653,0.0087653,0.0087653,0.0087653,0.0087653,0.0087653,0.0087653,0.0087653,0.0087653,0.0087653,0.0087653,0.0087653,0.0087653,0.0087653,0.0087653,0.0087653,0.0087653,0.0087653,0.0087653,0.0087653,0.0087653,0.0087653,0.0087653,0.0087653,0.0087653,0.0087653,0.0087653,0.0087653,0.0087653,0.0087653,0.0087653,0.0087653,0.0087653,0.0087653,0.0087653,0.0087653,0.0087653,0.0087653,0.0087653,0.0087653,0.0087653,0.0087653,0.0087653,0.0087653,0.0087653,0.0087653,0.0087653,0.0087653,0.0087653,0.0087653,0.0087653,0.0087653,0.0087653,0.0087653,0.0087653,0.0087653,0.0087653,0.0087653,0.0087653,0.0087653,0.0087653,0.0087653,0.0087653,0.0087653,0.0087653,0.0087653,0.0087653,0.0087653,0.0087653,0.0087653,0.0087653,0.0087653,0.0087653,0.0087653,0.0087653,0.0087653,0.0087653,0.0087653,0.0087653,0.0087653,0.0087653,0.0087653,0.0087653,0.0087653,0.0087653,0.0087653,0.0087653,0.0087653,0.0087653,0.0087653,0.0087653,0.0087653,0.0087653,0.0087653,0.0087653,0.0087653,0.0087653,0.0087653,0.0087653,0.0087653,0.0087653,0.0087653,0.0087653,0.0087653,0.0087653,0.0087653,0.0087653,0.0087653,0.0087653,0.0087653,0.0087653,0.0087653,0.0087653,0.0087653,0.0087653,0.0087653,0.0087653,0.0087653,0.00185618,0.00185618,0.00185618,0.00185618,0.00185618,0.00185618,0.00185618,0.00185618,0.00185618,0.00185618,0.00185618,0.00185618,0.00185618,0.00185618,0.00185618,0.00185618,0.00185618,0.00185618,0.00185618,0.00185618,0.00185618,0.00185618,0.00185618,0.00185618,0.00185618,0.00185618,0.00185618,0.00185618,0.00185618,0.00185618,0.00185618,0.00185618,0.00185618,0.00185618,0.00185618,0.00185618,0.00185618,0.00185618,0.00185618,0.00185618,0.00185618,0.00185618,0.00185618,0.00185618,0.00185618,0.00185618,0.00185618,0.00185618,0.00185618,0.00185618,0.00185618,0.00185618,0.00185618,0.00185618,0.00185618,0.00185618,0.00185618,0.00185618,0.00185618,0.00185618,0.00185618,0.00185618,0.00185618,0.00185618,0.00185618,0.00185618,0.00185618,0.00185618,0.00185618,0.00185618,0.00185618,0.00185618,0.00185618,0.00185618,0.00185618,0.00185618,0.00185618,0.00185618,0.00185618,0.00185618,0.00185618,0.00185618,0.00185618,0.00185618,0.00185618
real_0061,0.0087653,0.0087653,0.0087653,0.0087653,0.0087653,0.0087653,0.0087653,0.0087653,0.0087653,0.0087653,0.0087653,0.0087653,0.0087653,0.0087653,0.0087653,0.0087653,0.0087653,0.0087653,0.0087653,0.0087653,0.0087653,0.0087653,0.0087653,0.0087653,0.0087653,0.0087653,0.0087653,0.0087653,0.0087653,0.0087653,0.0087653,0.0087653,0.0087653,0.0087653,0.0087653,0.0087653,0.0087653,0.0087653,0.0087653,0.0087653,0.0087653,0.0087653,0.0087653,0.0087653,0.0087653,0.0087653,0.0087653,0.0087653,0.0087653,0.0087653,0.0087653,0.0087653,0.0087653,0.0087653,0.0087653,0.0087653,0.0087653,0.0087653,0.0087653,0.0087653,0.0087653,0.0087653,0.0087653,0.0087653,0.0087653,0.0087653,0.0087653,0.0087653,0.0087653,0.0087653,0.0087653,0.0087653,0.0087653,0.0087653,0.0087653,0.0087653,0.0087653,0.0087653,0.0087653,0.0087653,0.0087653,0.0087653,0.0087653,0.0087653,0.0087653,0.0087653,0.0087653,0.0087653,0.0087653,0.0087653,0.0087653,0.0087653,0.0087653,0.0087653,0.0087653,0.0087653,0.0087653,0.0087653,0.0087653,0.0087653,0.0087653,0.0087653,0.0087653,0.0087653,0.0087653,0.0087653,0.0087653,0.0087653,0.0087653,0.0087653,0.0087653,0.0087653,0.0087653,0.0087653,0.0087653,0.0087653,0.0087653,0.0087653,0.0087653,0.0087653,0.0087653,0.0087653,0.0087653,0.0087653,0.0087653,0.0087653,0.0087653,0.0087653,0.0087653,0.0087653,0.0087653,0.0087653,0.0087653,0.0087653,0.0087653,0.0087653,0.0087653,0.0087653,0.0087653,0.0087653,0.0087653,0.0087653,0.0087653,0.0087653,0.0087653,0.0087653,0.0087653,0.0087653,0.0087653,0.0087653,0.0087653,0.0087653,0.0087653,0.0087653,0.0087653,0.0087653,0.0087653,0.0087653,0.0087653,0.0087653,0.0087653,0.0087653,0.0087653,0.0087653,0.0087653,0.0087653,0.0087653,0.0087653,0.0087653,0.0087653,0.0087653,0.0087653,0.0087653,0.0087653,0.0087653,0.0087653,0.0087653,0.0087653,0.0087653,0.0087653,0.00185618,0.00185618,0.00185618,0.00185618,0.00185618,0.00185618,0.00185618,0.00185618,0.00185618,0.00185618,0.00185618,0.00185618,0.00185618,0.00185618,0.00185618,0.00185618,0.00185618,0.00185618,0.00185618,0.00185618,0.00185618,0.00185618,0.00185618,0.00185618,0.00185618,0.00185618,0.00185618,0.00185618,0.00185618,0.00185618,0.00185618,0.00185618,0.00185618,0.00185618,0.00185618,0.00185618,0.00185618,0.00185618,0.00185618,0.00185618,0.00185618,0.00185618,0.00185618,0.00185618,0.00185618,0.00185618,0.00185618,0.00185618,0.00185618,0.00185618,0.00185618,0.00185618,0.00185618,0.00185618,0.00185618,0.00185618,0.00185618,0.00185618,0.00185618,0.00185618,0.00185618,0.00185618,0.00185618,0.00185618,0.00185618,0.00185618,0.00185618,0.00185618,0.00185618,0.00185618,0.00185618,0.00185618,0.00185618,0.00185618,0.00185618,0.00185618,0.00185618,0.00185618,0.00185618,0.00185618,0.00185618,0.00185618,0.00185618,0.00185618,0.00185618
real_0062,0.0087653,0.0087653,0.0087653,0.0087653,0.0087653,0.0087653,0.0087653,0.0087653,0.0087653,0.0087653,0.0087653,0.0087653,0.0087653,0.0087653,0.0087653,0.0087653,0.0087653,0.0087653,0.0087653,0.0087653,0.0087653,0.0087653,0.0087653,0.0087653,0.0087653,0.0087653,0.0087653,0.0087653,0.0087653,0.0087653,0.0087653,0.0087653,0.0087653,0.0087653,0.0087653,0.0087653,0.0087653,0.0087653,0.0087653,0.0087653,0.0087653,0.0087653,0.0087653,0.0087653,0.0087653,0.0087653,0.0087653,0.0087653,0.0087653,0.0087653,0.0087653,0.0087653,0.0087653,0.0087653,0.0087653,0.0087653,0.0087653,0.0087653,0.0087653,0.0087653,0.0087653,0.0087653,0.0087653,0.0087653,0.0087653,0.0087653,0.0087653,0.0087653,0.0087653,0.0087653,0.0087653,0.0087653,0.0087653,0.0087653,0.0087653,0.0087653,0.0087653,0.0087653,0.0087653,0.0087653,0.0087653,0.0087653,0.0087653,0.0087653,0.0087653,0.0087653,0.0087653,0.0087653,0.0087653,0.0087653,0.0087653,0.0087653,0.0087653,0.0087653,0.0087653,0.0087653,0.0087653,0.0087653,0.0087653,0.0087653,0.0087653,0.0087653,0.0087653,0.0087653,0.0087653,0.0087653,0.0087653,0.0087653,0.0087653,0.0087653,0.0087653,0.0087653,0.0087653,0.0087653,0.0087653,0.0087653,0.0087653,0.0087653,0.0087653,0.0087653,0.0087653,0.0087653,0.0087653,0.0087653,0.0087653,0.0087653,0.0087653,0.0087653,0.0087653,0.0087653,0.0087653,0.0087653,0.0087653,0.0087653,0.0087653,0.0087653,0.0087653,0.0087653,0.0087653,0.0087653,0.0087653,0.0087653,0.0087653,0.0087653,0.0087653,0.0087653,0.0087653,0.0087653,0.0087653,0.0087653,0.0087653,0.0087653,0.0087653,0.0087653,0.0087653,0.0087653,0.0087653,0.0087653,0.0087653,0.0087653,0.0087653,0.0087653,0.0087653,0.0087653,0.0087653,0.0087653,0.0087653,0.0087653,0.0087653,0.0087653,0.0087653,0.0087653,0.0087653,0.0087653,0.0087653,0.0087653,0.0087653,0.0087653,0.0087653,0.0087653,0.00185618,0.00185618,0.00185618,0.00185618,0.00185618,0.00185618,0.00185618,0.00185618,0.00185618,0.00185618,0.00185618,0.00185618,0.00185618,0.00185618,0.00185618,0.00185618,0.00185618,0.00185618,0.00185618,0.00185618,0.00185618,0.00185618,0.00185618,0.00185618,0.00185618,0.00185618,0.00185618,0.00185618,0.00185618,0.00185618,0.00185618,0.00185618,0.00185618,0.00185618,0.00185618,0.00185618,0.00185618,0.00185618,0.00185618,0.00185618,0.00185618,0.00185618,0.00185618,0.00185618,0.00185618,0.00185618,0.00185618,0.00185618,0.00185618,0.00185618,0.00185618,0.00185618,0.00185618,0.00185618,0.00185618,0.00185618,0.00185618,0.00185618,0.00185618,0.00185618,0.00185618,0.00185618,0.00185618,0.00185618,0.00185618,0.00185618,0.00185618,0.00185618,0.00185618,0.00185618,0.00185618,0.00185618,0.00185618,0.00185618,0.00185618,0.00185618,0.00185618,0.00185618,0.00185618,0.00185618,0.00185618,0.00185618,0.00185618,0.00185618,0.00185618
real_0063,0.0087653,0.0087653,0.0087653,0.0087653,0.0087653,0.0087653,0.0087653,0.0087653,0.0087653,0.0087653,0.0087653,0.0087653,0.0087653,0.0087653,0.0087653,0.0087653,0.0087653,0.0087653,0.0087653,0.0087653,0.0087653,0.0087653,0.0087653,0.0087653,0.0087653,0.0087653,0.0087653,0.0087653,0.0087653,0.0087653,0.0087653,0.0087653,0.0087653,0.0087653,0.0087653,0.0087653,0.0087653,0.0087653,0.0087653,0.0087653,0.0087653,0.0087653,0.0087653,0.0087653,0.0087653,0.0087653,0.0087653,0.0087653,0.0087653,0.0087653,0.0087653,0.0087653,0.0087653,0.0087653,0.0087653,0.0087653,0.0087653,0.0087653,0.0087653,0.0087653,0.0087653,0.0087653,0.0087653,0.0087653,0.0087653,0.0087653,0.0087653,0.0087653,0.0087653,0.0087653,0.0087653,0.0087653,0.0087653,0.0087653,0.0087653,0.0087653,0.0087653,0.0087653,0.0087653,0.0087653,0.0087653,0.0087653,0.0087653,0.0087653,0.0087653,0.0087653,0.0087653,0.0087653,0.0087653,0.0087653,0.0087653,0.0087653,0.0087653,0.0087653,0.0087653,0.0087653,0.0087653,0.0087653,0.0087653,0.0087653,0.0087653,0.0087653,0.0087653,0.0087653,0.0087653,0.0087653,0.0087653,0.0087653,0.0087653,0.0087653,0.0087653,0.0087653,0.0087653,0.0087653,0.0087653,0.0087653,0.0087653,0.0087653,0.0087653,0.0087653,0.0087653,0.0087653,0.0087653,0.0087653,0.0087653,0.0087653,0.0087653,0.0087653,0.0087653,0.0087653,0.0087653,0.0087653,0.0087653,0.0087653,0.0087653,0.0087653,0.0087653,0.0087653,0.0087653,0.0087653,0.0087653,0.0087653,0.0087653,0.0087653,0.0087653,0.0087653,0.0087653,0.0087653,0.0087653,0.0087653,0.0087653,0.0087653,0.0087653,0.0087653,0.0087653,0.0087653,0.0087653,0.0087653,0.0087653,0.0087653,0.0087653,0.0087653,0.0087653,0.0087653,0.0087653,0.0087653,0.0087653,0.0087653,0.0087653,0.0087653,0.0087653,0.0087653,0.0087653,0.0087653,0.0087653,0.0087653,0.0087653,0.0087653,0.0087653,0.0087653,0.00185618,0.00185618,0.00185618,0.00185618,0.00185618,0.00185618,0.00185618,0.00185618,0.00185618,0.00185618,0.00185618,0.00185618,0.00185618,0.00185618,0.00185618,0.00185618,0.00185618,0.00185618,0.00185618,0.00185618,0.00185618,0.00185618,0.00185618,0.00185618,0.00185618,0.00185618,0.00185618,0.00185618,0.00185618,0.00185618,0.00185618,0.00185618,0.00185618,0.00185618,0.00185618,0.00185618,0.00185618,0.00185618,0.00185618,0.00185618,0.00185618,0.00185618,0.00185618,0.00185618,0.00185618,0.00185618,0.00185618,0.00185618,0.00185618,0.00185618,0.00185618,0.00185618,0.00185618,0.00185618,0.00185618,0.00185618,0.00185618,0.00185618,0.00185618,0.00185618,0.00185618,0.00185618,0.00185618,0.00185618,0.00185618,0.00185618,0.00185618,0.00185618,0.00185618,0.00185618,0.00185618,0.00185618,0.00185618,0.00185618,0.00185618,0.00185618,0.00185618,0.00185618,0.00185618,0.00185618,0.00185618,0.00185618,0.00185618,0.00185618,0.00185618
real_0064,0.0087653,0.0087653,0.0087653,0.0087653,0.0087653,0.0087653,0.0087653,0.0087653,0.0087653,0.0087653,0.0087653,0.0087653,0.0087653,0.0087653,0.0087653,0.0087653,0.0087653,0.0087653,0.0087653,0.0087653,0.0087653,0.0087653,0.0087653,0.0087653,0.0087653,0.0087653,0.0087653,0.0087653,0.0087653,0.0087653,0.0087653,0.0087653,0.0087653,0.0087653,0.0087653,0.0087653,0.0087653,0.0087653,0.0087653,0.0087653,0.0087653,0.0087653,0.0087653,0.0087653,0.0087653,0.0087653,0.0087653,0.0087653,0.0087653,0.0087653,0.0087653,0.0087653,0.0087653,0.0087653,0.0087653,0.0087653,0.0087653,0.0087653,0.0087653,0.0087653,0.0087653,0.0087653,0.0087653,0.0087653,0.0087653,0.0087653,0.0087653,0.0087653,0.0087653,0.0087653,0.0087653,0.0087653,0.0087653,0.0087653,0.0087653,0.0087653,0.0087653,0.0087653,0.0087653,0.0087653,0.0087653,0.0087653,0.0087653,0.0087653,0.0087653,0.0087653,0.0087653,0.0087653,0.0087653,0.0087653,0.0087653,0.0087653,0.0087653,0.0087653,0.0087653,0.0087653,0.0087653,0.0087653,0.0087653,0.0087653,0.0087653,0.0087653,0.0087653,0.0087653,0.0087653,0.0087653,0.0087653,0.0087653,0.0087653,0.0087653,0.0087653,0.0087653,0.0087653,0.0087653,0.0087653,0.0087653,0.0087653,0.0087653,0.0087653,0.0087653,0.0087653,0.0087653,0.0087653,0.0087653,0.0087653,0.0087653,0.0087653,0.0087653,0.0087653,0.0087653,0.0087653,0.0087653,0.0087653,0.0087653,0.0087653,0.0087653,0.0087653,0.0087653,0.0087653,0.0087653,0.0087653,0.0087653,0.0087653,0.0087653,0.0087653,0.0087653,0.0087653,0.0087653,0.0087653,0.0087653,0.0087653,0.0087653,0.0087653,0.0087653,0.0087653,0.0087653,0.0087653,0.0087653,0.0087653,0.0087653,0.0087653,0.0087653,0.0087653,0.0087653,0.0087653,0.0087653,0.0087653,0.0087653,0.0087653,0.0087653,0.0087653,0.0087653,0.0087653,0.0087653,0.0087653,0.0087653,0.0087653,0.0087653,0.0087653,0.0087653,0.00185618,0.00185618,0.00185618,0.00185618,0.00185618,0.00185618,0.00185618,0.00185618,0.00185618,0.00185618,0.00185618,0.00185618,0.00185618,0.00185618,0.00185618,0.00185618,0.00185618,0.00185618,0.00185618,0.00185618,0.00185618,0.00185618,0.00185618,0.00185618,0.00185618,0.00185618,0.00185618,0.00185618,0.00185618,0.00185618,0.00185618,0.00185618,0.00185618,0.00185618,0.00185618,0.00185618,0.00185618,0.00185618,0.00185618,0.00185618,0.00185618,0.00185618,0.00185618,0.00185618,0.00185618,0.00185618,0.00185618,0.00185618,0.00185618,0.00185618,0.00185618,0.00185618,0.00185618,0.00185618,0.00185618,0.00185618,0.00185618,0.00185618,0.00185618,0.00185618,0.00185618,0.00185618,0.00185618,0.00185618,0.00185618,0.00185618,0.00185618,0.00185618,0.00185618,0.00185618,0.00185618,0.00185618,0.00185618,0.00185618,0.00185618,0.00185618,0.00185618,0.00185618,0.00185618,0.00185618,0.00185618,0.00185618,0.00185618,0.00185618,0.00185618
real_0065,0.0087653,0.0087653,0.0087653,0.0087653,0.0087653,0.0087653,0.0087653,0.0087653,0.0087653,0.0087653,0.0087653,0.0087653,0.0087653,0.0087653,0.0087653,0.0087653,0.0087653,0.0087653,0.0087653,0.0087653,0.0087653,0.0087653,0.0087653,0.0087653,0.0087653,0.0087653,0.0087653,0.0087653,0.0087653,0.0087653,0.0087653,0.0087653,0.0087653,0.0087653,0.0087653,0.0087653,0.0087653,0.0087653,0.0087653,0.0087653,0.0087653,0.0087653,0.0087653,0.0087653,0.0087653,0.0087653,0.0087653,0.0087653,0.0087653,0.0087653,0.0087653,0.0087653,0.0087653,0.0087653,0.0087653,0.0087653,0.0087653,0.0087653,0.0087653,0.0087653,0.0087653,0.0087653,0.0087653,0.0087653,0.0087653,0.0087653,0.0087653,0.0087653,0.0087653,0.0087653,0.0087653,0.0087653,0.0087653,0.0087653,0.0087653,0.0087653,0.0087653,0.0087653,0.0087653,0.0087653,0.0087653,0.0087653,0.0087653,0.0087653,0.0087653,0.0087653,0.0087653,0.0087653,0.0087653,0.0087653,0.0087653,0.0087653,0.0087653,0.0087653,0.0087653,0.0087653,0.0087653,0.0087653,0.0087653,0.0087653,0.0087653,0.0087653,0.0087653,0.0087653,0.0087653,0.0087653,0.0087653,0.0087653,0.0087653,0.0087653,0.0087653,0.0087653,0.0087653,0.0087653,0.0087653,0.0087653,0.0087653,0.0087653,0.0087653,0.0087653,0.0087653,0.0087653,0.0087653,0.0087653,0.0087653,0.0087653,0.0087653,0.0087653,0.0087653,0.0087653,0.0087653,0.0087653,0.0087653,0.0087653,0.0087653,0.0087653,0.0087653,0.0087653,0.0087653,0.0087653,0.0087653,0.0087653,0.0087653,0.0087653,0.0087653,0.0087653,0.0087653,0.0087653,0.0087653,0.0087653,0.0087653,0.0087653,0.0087653,0.0087653,0.0087653,0.0087653,0.0087653,0.0087653,0.0087653,0.0087653,0.0087653,0.0087653,0.0087653,0.0087653,0.0087653,0.0087653,0.0087653,0.0087653,0.0087653,0.0087653,0.0087653,0.0087653,0.0087653,0.0087653,0.0087653,0.0087653,0.0087653,0.0087653,0.0087653,0.0087653,0.00185618,0.00185618,0.00185618,0.00185618,0.00185618,0.00185618,0.00185618,0.00185618,0.00185618,0.00185618,0.00185618,0.00185618,0.00185618,0.00185618,0.00185618,0.00185618,0.00185618,0.00185618,0.00185618,0.00185618,0.00185618,0.00185618,0.00185618,0.00185618,0.00185618,0.00185618,0.00185618,0.00185618,0.00185618,0.00185618,0.00185618,0.00185618,0.00185618,0.00185618,0.00185618,0.00185618,0.00185618,0.00185618,0.00185618,0.00185618,0.00185618,0.00185618,0.00185618,0.00185618,0.00185618,0.00185618,0.00185618,0.00185618,0.00185618,0.00185618,0.00185618,0.00185618,0.00185618,0.00185618,0.00185618,0.00185618,0.00185618,0.00185618,0.00185618,0.00185618,0.00185618,0.00185618,0.00185618,0.00185618,0.00185618,0.00185618,0.00185618,0.00185618,0.00185618,0.00185618,0.00185618,0.00185618,0.00185618,0.00185618,0.00185618,0.00185618,0.00185618,0.00185618,0.00185618,0.00185618,0.00185618,0.00185618,0.00185618,0.00185618,0.00185618
real_0066,0.0087653,0.0087653,0.0087653,0.0087653,0.0087653,0.0087653,0.0087653,0.0087653,0.0087653,0.0087653,0.0087653,0.0087653,0.0087653,0.0087653,0.0087653,0.0087653,0.0087653,0.0087653,0.0087653,0.0087653,0.0087653,0.0087653,0.0087653,0.0087653,0.0087653,0.0087653,0.0087653,0.0087653,0.0087653,0.0087653,0.0087653,0.0087653,0.0087653,0.0087653,0.0087653,0.0087653,0.0087653,0.0087653,0.0087653,0.0087653,0.0087653,0.0087653,0.0087653,0.0087653,0.0087653,0.0087653,0.0087653,0.0087653,0.0087653,0.0087653,0.0087653,0.0087653,0.0087653,0.0087653,0.0087653,0.0087653,0.0087653,0.0087653,0.0087653,0.0087653,0.0087653,0.0087653,0.0087653,0.0087653,0.0087653,0.0087653,0.0087653,0.0087653,0.0087653,0.0087653,0.0087653,0.0087653,0.0087653,0.0087653,0.0087653,0.0087653,0.0087653,0.0087653,0.0087653,0.0087653,0.0087653,0.0087653,0.0087653,0.0087653,0.0087653,0.0087653,0.0087653,0.0087653,0.0087653,0.0087653,0.0087653,0.0087653,0.0087653,0.0087653,0.0087653,0.0087653,0.0087653,0.0087653,0.0087653,0.0087653,0.0087653,0.0087653,0.0087653,0.0087653,0.0087653,0.0087653,0.0087653,0.0087653,0.0087653,0.0087653,0.0087653,0.0087653,0.0087653,0.0087653,0.0087653,0.0087653,0.0087653,0.0087653,0.0087653,0.0087653,0.0087653,0.0087653,0.0087653,0.0087653,0.0087653,0.0087653,0.0087653,0.0087653,0.0087653,0.0087653,0.0087653,0.0087653,0.0087653,0.0087653,0.0087653,0.0087653,0.0087653,0.0087653,0.0087653,0.0087653,0.0087653,0.0087653,0.0087653,0.0087653,0.0087653,0.0087653,0.0087653,0.0087653,0.0087653,0.0087653,0.0087653,0.0087653,0.0087653,0.0087653,0.0087653,0.0087653,0.0087653,0.0087653,0.0087653,0.0087653,0.0087653,0.0087653,0.0087653,0.0087653,0.0087653,0.0087653,0.0087653,0.0087653,0.0087653,0.0087653,0.0087653,0.0087653,0.0087653,0.0087653,0.0087653,0.0087653,0.0087653,0.0087653,0.0087653,0.0087653,0.00185618,0.00185618,0.00185618,0.00185618,0.00185618,0.00185618,0.00185618,0.00185618,0.00185618,0.00185618,0.00185618,0.00185618,0.00185618,0.00185618,0.00185618,0.00185618,0.00185618,0.00185618,0.00185618,0.00185618,0.00185618,0.00185618,0.00185618,0.00185618,0.00185618,0.00185618,0.00185618,0.00185618,0.00185618,0.00185618,0.00185618,0.00185618,0.00185618,0.00185618,0.00185618,0.00185618,0.00185618,0.00185618,0.00185618,0.00185618,0.00185618,0.00185618,0.00185618,0.00185618,0.00185618,0.00185618,0.00185618,0.00185618,0.00185618,0.00185618,0.00185618,0.00185618,0.00185618,0.00185618,0.00185618,0.00185618,0.00185618,0.00185618,0.00185618,0.00185618,0.00185618,0.00185618,0.00185618,0.00185618,0.00185618,0.00185618,0.00185618,0.00185618,0.00185618,0.00185618,0.00185618,0.00185618,0.00185618,0.00185618,0.00185618,0.00185618,0.00185618,0.00185618,0.00185618,0.00185618,0.00185618,0.00185618,0.00185618,0.00185618,0.00185618
real_0067,0.0087653,0.0087653,0.0087653,0.0087653,0.0087653,0.0087653,0.0087653,0.0087653,0.0087653,0.0087653,0.0087653,0.0087653,0.0087653,0.0087653,0.0087653,0.0087653,0.0087653,0.0087653,0.0087653,0.0087653,0.0087653,0.0087653,0.0087653,0.0087653,0.0087653,0.0087653,0.0087653,0.0087653,0.0087653,0.0087653,0.0087653,0.0087653,0.0087653,0.0087653,0.0087653,0.0087653,0.0087653,0.0087653,0.0087653,0.0087653,0.0087653,0.0087653,0.0087653,0.0087653,0.0087653,0.0087653,0.0087653,0.0087653,0.0087653,0.0087653,0.0087653,0.0087653,0.0087653,0.0087653,0.0087653,0.0087653,0.0087653,0.0087653,0.0087653,0.0087653,0.0087653,0.0087653,0.0087653,0.0087653,0.0087653,0.0087653,0.0087653,0.0087653,0.0087653,0.0087653,0.0087653,0.0087653,0.0087653,0.0087653,0.0087653,0.0087653,0.0087653,0.0087653,0.0087653,0.0087653,0.0087653,0.0087653,0.0087653,0.0087653,0.0087653,0.0087653,0.0087653,0.0087653,0.0087653,0.0087653,0.0087653,0.0087653,0.0087653,0.0087653,0.0087653,0.0087653,0.0087653,0.0087653,0.0087653,0.0087653,0.0087653,0.0087653,0.0087653,0.0087653,0.0087653,0.0087653,0.0087653,0.0087653,0.0087653,0.0087653,0.0087653,0.0087653,0.0087653,0.0087653,0.0087653,0.0087653,0.0087653,0.0087653,0.0087653,0.0087653,0.0087653,0.0087653,0.0087653,0.0087653,0.0087653,0.0087653,0.0087653,0.0087653,0.0087653,0.0087653,0.0087653,0.0087653,0.0087653,0.0087653,0.0087653,0.0087653,0.0087653,0.0087653,0.0087653,0.0087653,0.0087653,0.0087653,0.0087653,0.0087653,0.0087653,0.0087653,0.0087653,0.0087653,0.0087653,0.0087653,0.0087653,0.0087653,0.0087653,0.0087653,0.0087653,0.0087653,0.0087653,0.0087653,0.0087653,0.0087653,0.0087653,0.0087653,0.0087653,0.0087653,0.0087653,0.0087653,0.0087653,0.0087653,0.0087653,0.0087653,0.0087653,0.0087653,0.0087653,0.0087653,0.0087653,0.0087653,0.0087653,0.0087653,0.0087653,0.0087653,0.00185618,0.00185618,0.00185618,0.00185618,0.00185618,0.00185618,0.00185618,0.00185618,0.00185618,0.00185618,0.00185618,0.00185618,0.00185618,0.00185618,0.00185618,0.00185618,0.00185618,0.00185618,0.00185618,0.00185618,0.00185618,0.00185618,0.00185618,0.00185618,0.00185618,0.00185618,0.00185618,0.00185618,0.00185618,0.00185618,0.00185618,0.00185618,0.00185618,0.00185618,0.00185618,0.00185618,0.00185618,0.00185618,0.00185618,0.00185618,0.00185618,0.00185618,0.00185618,0.00185618,0.00185618,0.00185618,0.00185618,0.00185618,0.00185618,0.00185618,0.00185618,0.00185618,0.00185618,0.00185618,0.00185618,0.00185618,0.00185618,0.00185618,0.00185618,0.00185618,0.00185618,0.00185618,0.00185618,0.00185618,0.00185618,0.00185618,0.00185618,0.00185618,0.00185618,0.00185618,0.00185618,0.00185618,0.00185618,0.00185618,0.00185618,0.00185618,0.00185618,0.00185618,0.00185618,0.00185618,0.00185618,0.00185618,0.00185618,0.00185618,0.00185618
real_0068,0.0087653,0.0087653,0.0087653,0.0087653,0.0087653,0.0087653,0.0087653,0.0087653,0.0087653,0.0087653,0.0087653,0.0087653,0.0087653,0.0087653,0.0087653,0.0087653,0.0087653,0.0087653,0.0087653,0.0087653,0.0087653,0.0087653,0.0087653,0.0087653,0.0087653,0.0087653,0.0087653,0.0087653,0.0087653,0.0087653,0.0087653,0.0087653,0.0087653,0.0087653,0.0087653,0.0087653,0.0087653,0.0087653,0.0087653,0.0087653,0.0087653,0.0087653,0.0087653,0.0087653,0.0087653,0.0087653,0.0087653,0.0087653,0.0087653,0.0087653,0.0087653,0.0087653,0.0087653,0.0087653,0.0087653,0.0087653,0.0087653,0.0087653,0.0087653,0.0087653,0.0087653,0.0087653,0.0087653,0.0087653,0.0087653,0.0087653,0.0087653,0.0087653,0.0087653,0.0087653,0.0087653,0.0087653,0.0087653,0.0087653,0.0087653,0.0087653,0.0087653,0.0087653,0.0087653,0.0087653,0.0087653,0.0087653,0.0087653,0.0087653,0.0087653,0.0087653,0.0087653,0.0087653,0.0087653,0.0087653,0.0087653,0.0087653,0.0087653,0.0087653,0.0087653,0.0087653,0.0087653,0.0087653,0.0087653,0.0087653,0.0087653,0.0087653,0.0087653,0.0087653,0.0087653,0.0087653,0.0087653,0.0087653,0.0087653,0.0087653,0.0087653,0.0087653,0.0087653,0.0087653,0.0087653,0.0087653,0.0087653,0.0087653,0.0087653,0.0087653,0.0087653,0.0087653,0.0087653,0.0087653,0.0087653,0.0087653,0.0087653,0.0087653,0.0087653,0.0087653,0.0087653,0.0087653,0.0087653,0.0087653,0.0087653,0.0087653,0.0087653,0.0087653,0.0087653,0.0087653,0.0087653,0.0087653,0.0087653,0.0087653,0.0087653,0.0087653,0.0087653,0.0087653,0.0087653,0.0087653,0.0087653,0.0087653,0.0087653,0.0087653,0.0087653,0.0087653,0.0087653,0.0087653,0.0087653,0.0087653,0.0087653,0.0087653,0.0087653,0.0087653,0.0087653,0.0087653,0.0087653,0.0087653,0.0087653,0.0087653,0.0087653,0.0087653,0.0087653,0.0087653,0.0087653,0.0087653,0.0087653,0.0087653,0.0087653,0.0087653,0.00185618,0.00185618,0.00185618,0.00185618,0.00185618,0.00185618,0.00185618,0.00185618,0.00185618,0.00185618,0.00185618,0.00185618,0.00185618,0.00185618,0.00185618,0.00185618,0.00185618,0.00185618,0.00185618,0.00185618,0.00185618,0.00185618,0.00185618,0.00185618,0.00185618,0.00185618,0.00185618,0.00185618,0.00185618,0.00185618,0.00185618,0.00185618,0.00185618,0.00185618,0.00185618,0.00185618,0.00185618,0.00185618,0.00185618,0.00185618,0.00185618,0.00185618,0.00185618,0.00185618,0.00185618,0.00185618,0.00185618,0.00185618,0.00185618,0.00185618,0.00185618,0.00185618,0.00185618,0.00185618,0.00185618,0.00185618,0.00185618,0.00185618,0.00185618,0.00185618,0.00185618,0.00185618,0.00185618,0.00185618,0.00185618,0.00185618,0.00185618,0.00185618,0.00185618,0.00185618,0.00185618,0.00185618,0.00185618,0.00185618,0.00185618,0.00185618,0.00185618,0.00185618,0.00185618,0.00185618,0.00185618,0.00185618,0.00185618,0.00185618,0.00185618
real_0069,0.0087653,0.0087653,0.0087653,0.0087653,0.0087653,0.0087653,0.0087653,0.0087653,0.0087653,0.0087653,0.0087653,0.0087653,0.0087653,0.0087653,0.0087653,0.0087653,0.0087653,0.0087653,0.0087653,0.0087653,0.0087653,0.0087653,0.0087653,0.0087653,0.0087653,0.0087653,0.0087653,0.0087653,0.0087653,0.0087653,0.0087653,0.0087653,0.0087653,0.0087653,0.0087653,0.0087653,0.0087653,0.0087653,0.0087653,0.0087653,0.0087653,0.0087653,0.0087653,0.0087653,0.0087653,0.0087653,0.0087653,0.0087653,0.0087653,0.0087653,0.0087653,0.0087653,0.0087653,0.0087653,0.0087653,0.0087653,0.0087653,0.0087653,0.0087653,0.0087653,0.0087653,0.0087653,0.0087653,0.0087653,0.0087653,0.0087653,0.0087653,0.0087653,0.0087653,0.0087653,0.0087653,0.0087653,0.0087653,0.0087653,0.0087653,0.0087653,0.0087653,0.0087653,0.0087653,0.0087653,0.0087653,0.0087653,0.0087653,0.0087653,0.0087653,0.0087653,0.0087653,0.0087653,0.0087653,0.0087653,0.0087653,0.0087653,0.0087653,0.0087653,0.0087653,0.0087653,0.0087653,0.0087653,0.0087653,0.0087653,0.0087653,0.0087653,0.0087653,0.0087653,0.0087653,0.0087653,0.0087653,0.0087653,0.0087653,0.0087653,0.0087653,0.0087653,0.0087653,0.0087653,0.0087653,0.0087653,0.0087653,0.0087653,0.0087653,0.0087653,0.0087653,0.0087653,0.0087653,0.0087653,0.0087653,0.0087653,0.0087653,0.0087653,0.0087653,0.0087653,0.0087653,0.0087653,0.0087653,0.0087653,0.0087653,0.0087653,0.0087653,0.0087653,0.0087653,0.0087653,0.0087653,0.0087653,0.0087653,0.0087653,0.0087653,0.0087653,0.0087653,0.0087653,0.0087653,0.0087653,0.0087653,0.0087653,0.0087653,0.0087653,0.0087653,0.0087653,0.0087653,0.0087653,0.0087653,0.0087653,0.0087653,0.0087653,0.0087653,0.0087653,0.0087653,0.0087653,0.0087653,0.0087653,0.0087653,0.0087653,0.0087653,0.0087653,0.0087653,0.0087653,0.0087653,0.0087653,0.0087653,0.0087653,0.0087653,0.0087653,0.00185618,0.00185618,0.00185618,0.00185618,0.00185618,0.00185618,0.00185618,0.00185618,0.00185618,0.00185618,0.00185618,0.00185618,0.00185618,0.00185618,0.00185618,0.00185618,0.00185618,0.00185618,0.00185618,0.00185618,0.00185618,0.00185618,0.00185618,0.00185618,0.00185618,0.00185618,0.00185618,0.00185618,0.00185618,0.00185618,0.00185618,0.00185618,0.00185618,0.00185618,0.00185618,0.00185618,0.00185618,0.00185618,0.00185618,0.00185618,0.00185618,0.00185618,0.00185618,0.00185618,0.00185618,0.00185618,0.00185618,0.00185618,0.00185618,0.00185618,0.00185618,0.00185618,0.00185618,0.00185618,0.00185618,0.00185618,0.00185618,0.00185618,0.00185618,0.00185618,0.00185618,0.00185618,0.00185618,0.00185618,0.00185618,0.00185618,0.00185618,0.00185618,0.00185618,0.00185618,0.00185618,0.00185618,0.00185618,0.00185618,0.00185618,0.00185618,0.00185618,0.00185618,0.00185618,0.00185618,0.00185618,0.00185618,0.00185618,0.00185618,0.00185618
real_0070,0.0087653,0.0087653,0.0087653,0.0087653,0.0087653,0.0087653,0.0087653,0.0087653,0.0087653,0.0087653,0.0087653,0.0087653,0.0087653,0.0087653,0.0087653,0.0087653,0.0087653,0.0087653,0.0087653,0.0087653,0.0087653,0.0087653,0.0087653,0.0087653,0.0087653,0.0087653,0.0087653,0.0087653,0.0087653,0.0087653,0.0087653,0.0087653,0.0087653,0.0087653,0.0087653,0.0087653,0.0087653,0.0087653,0.0087653,0.0087653,0.0087653,0.0087653,0.0087653,0.0087653,0.0087653,0.0087653,0.0087653,0.0087653,0.0087653,0.0087653,0.0087653,0.0087653,0.0087653,0.0087653,0.0087653,0.0087653,0.0087653,0.0087653,0.0087653,0.0087653,0.0087653,0.0087653,0.0087653,0.0087653,0.0087653,0.0087653,0.0087653,0.0087653,0.0087653,0.0087653,0.0087653,0.0087653,0.0087653,0.0087653,0.0087653,0.0087653,0.0087653,0.0087653,0.0087653,0.0087653,0.0087653,0.0087653,0.0087653,0.0087653,0.0087653,0.0087653,0.0087653,0.0087653,0.0087653,0.0087653,0.0087653,0.0087653,0.0087653,0.0087653,0.0087653,0.0087653,0.0087653,0.0087653,0.0087653,0.0087653,0.0087653,0.0087653,0.0087653,0.0087653,0.0087653,0.0087653,0.0087653,0.0087653,0.0087653,0.0087653,0.0087653,0.0087653,0.0087653,0.0087653,0.0087653,0.0087653,0.0087653,0.0087653,0.0087653,0.0087653,0.0087653,0.0087653,0.0087653,0.0087653,0.0087653,0.0087653,0.0087653,0.0087653,0.0087653,0.0087653,0.0087653,0.0087653,0.0087653,0.0087653,0.0087653,0.0087653,0.0087653,0.0087653,0.0087653,0.0087653,0.0087653,0.0087653,0.0087653,0.0087653,0.0087653,0.0087653,0.0087653,0.0087653,0.0087653,0.0087653,0.0087653,0.0087653,0.0087653,0.0087653,0.0087653,0.0087653,0.0087653,0.0087653,0.0087653,0.0087653,0.0087653,0.0087653,0.0087653,0.0087653,0.0087653,0.0087653,0.0087653,0.0087653,0.0087653,0.0087653,0.0087653,0.0087653,0.0087653,0.0087653,0.0087653,0.0087653,0.0087653,0.0087653,0.0087653,0.0087653,0.00185618,0.00185618,0.00185618,0.00185618,0.00185618,0.00185618,0.00185618,0.00185618,0.00185618,0.00185618,0.00185618,0.00185618,0.00185618,0.00185618,0.00185618,0.00185618,0.00185618,0.00185618,0.00185618,0.00185618,0.00185618,0.00185618,0.00185618,0.00185618,0.00185618,0.00185618,0.00185618,0.00185618,0.00185618,0.00185618,0.00185618,0.00185618,0.00185618,0.00185618,0.00185618,0.00185618,0.00185618,0.00185618,0.00185618,0.00185618,0.00185618,0.00185618,0.00185618,0.00185618,0.00185618,0.00185618,0.00185618,0.00185618,0.00185618,0.00185618,0.00185618,0.00185618,0.00185618,0.00185618,0.00185618,0.00185618,0.00185618,0.00185618,0.00185618,0.00185618,0.00185618,0.00185618,0.00185618,0.00185618,0.00185618,0.00185618,0.00185618,0.00185618,0.00185618,0.00185618,0.00185618,0.00185618,0.00185618,0.00185618,0.00185618,0.00185618,0.00185618,0.00185618,0.00185618,0.00185618,0.00185618,0.00185618,0.00185618,0.00185618,0.00185618
real_0071,0.0087653,0.0087653,0.0087653,0.0087653,0.0087653,0.0087653,0.0087653,0.0087653,0.0087653,0.0087653,0.0087653,0.0087653,0.0087653,0.0087653,0.0087653,0.0087653,0.0087653,0.0087653,0.0087653,0.0087653,0.0087653,0.0087653,0.0087653,0.0087653,0.0087653,0.0087653,0.0087653,0.0087653,0.0087653,0.0087653,0.0087653,0.0087653,0.0087653,0.0087653,0.0087653,0.0087653,0.0087653,0.0087653,0.0087653,0.0087653,0.0087653,0.0087653,0.0087653,0.0087653,0.0087653,0.0087653,0.0087653,0.0087653,0.0087653,0.0087653,0.0087653,0.0087653,0.0087653,0.0087653,0.0087653,0.0087653,0.0087653,0.0087653,0.0087653,0.0087653,0.0087653,0.0087653,0.0087653,0.0087653,0.0087653,0.0087653,0.0087653,0.0087653,0.0087653,0.0087653,0.0087653,0.0087653,0.0087653,0.0087653,0.0087653,0.0087653,0.0087653,0.0087653,0.0087653,0.0087653,0.0087653,0.0087653,0.0087653,0.0087653,0.0087653,0.0087653,0.0087653,0.0087653,0.0087653,0.0087653,0.0087653,0.0087653,0.0087653,0.0087653,0.0087653,0.0087653,0.0087653,0.0087653,0.0087653,0.0087653,0.0087653,0.0087653,0.0087653,0.0087653,0.0087653,0.0087653,0.0087653,0.0087653,0.0087653,0.0087653,0.0087653,0.0087653,0.0087653,0.0087653,0.0087653,0.0087653,0.0087653,0.0087653,0.0087653,0.0087653,0.0087653,0.0087653,0.0087653,0.0087653,0.0087653,0.0087653,0.0087653,0.0087653,0.0087653,0.0087653,0.0087653,0.0087653,0.0087653,0.0087653,0.0087653,0.0087653,0.0087653,0.0087653,0.0087653,0.0087653,0.0087653,0.0087653,0.0087653,0.0087653,0.0087653,0.0087653,0.0087653,0.0087653,0.0087653,0.0087653,0.0087653,0.0087653,0.0087653,0.0087653,0.0087653,0.0087653,0.0087653,0.0087653,0.0087653,0.0087653,0.0087653,0.0087653,0.0087653,0.0087653,0.0087653,0.0087653,0.0087653,0.0087653,0.0087653,0.0087653,0.0087653,0.0087653,0.0087653,0.0087653,0.0087653,0.0087653,0.0087653,0.0087653,0.0087653,0.0087653,0.00185618,0.00185618,0.00185618,0.00185618,0.00185618,0.00185618,0.00185618,0.00185618,0.00185618,0.00185618,0.00185618,0.00185618,0.00185618,0.00185618,0.00185618,0.00185618,0.00185618,0.00185618,0.00185618,0.00185618,0.00185618,0.00185618,0.00185618,0.00185618,0.00185618,0.00185618,0.00185618,0.00185618,0.00185618,0.00185618,0.00185618,0.00185618,0.00185618,0.00185618,0.00185618,0.00185618,0.00185618,0.00185618,0.00185618,0.00185618,0.00185618,0.00185618,0.00185618,0.00185618,0.00185618,0.00185618,0.00185618,0.00185618,0.00185618,0.00185618,0.00185618,0.00185618,0.00185618,0.00185618,0.00185618,0.00185618,0.00185618,0.00185618,0.00185618,0.00185618,0.00185618,0.00185618,0.00185618,0.00185618,0.00185618,0.00185618,0.00185618,0.00185618,0.00185618,0.00185618,0.00185618,0.00185618,0.00185618,0.00185618,0.00185618,0.00185618,0.00185618,0.00185618,0.00185618,0.00185618,0.00185618,0.00185618,0.00185618,0.00185618,0.00185618
real_0072,0.0087653,0.0087653,0.0087653,0.0087653,0.0087653,0.0087653,0.0087653,0.0087653,0.0087653,0.0087653,0.0087653,0.0087653,0.0087653,0.0087653,0.0087653,0.0087653,0.0087653,0.0087653,0.0087653,0.0087653,0.0087653,0.0087653,0.0087653,0.0087653,0.0087653,0.0087653,0.0087653,0.0087653,0.0087653,0.0087653,0.0087653,0.0087653,0.0087653,0.0087653,0.0087653,0.0087653,0.0087653,0.0087653,0.0087653,0.0087653,0.0087653,0.0087653,0.0087653,0.0087653,0.0087653,0.0087653,0.0087653,0.0087653,0.0087653,0.0087653,0.0087653,0.0087653,0.0087653,0.0087653,0.0087653,0.0087653,0.0087653,0.0087653,0.0087653,0.0087653,0.0087653,0.0087653,0.0087653,0.0087653,0.0087653,0.0087653,0.0087653,0.0087653,0.0087653,0.0087653,0.0087653,0.0087653,0.0087653,0.0087653,0.0087653,0.0087653,0.0087653,0.0087653,0.0087653,0.0087653,0.0087653,0.0087653,0.0087653,0.0087653,0.0087653,0.0087653,0.0087653,0.0087653,0.0087653,0.0087653,0.0087653,0.0087653,0.0087653,0.0087653,0.0087653,0.0087653,0.0087653,0.0087653,0.0087653,0.0087653,0.0087653,0.0087653,0.0087653,0.0087653,0.0087653,0.0087653,0.0087653,0.0087653,0.0087653,0.0087653,0.0087653,0.0087653,0.0087653,0.0087653,0.0087653,0.0087653,0.0087653,0.0087653,0.0087653,0.0087653,0.0087653,0.0087653,0.0087653,0.0087653,0.0087653,0.0087653,0.0087653,0.0087653,0.0087653,0.0087653,0.0087653,0.0087653,0.0087653,0.0087653,0.0087653,0.0087653,0.0087653,0.0087653,0.0087653,0.0087653,0.0087653,0.0087653,0.0087653,0.0087653,0.0087653,0.0087653,0.0087653,0.0087653,0.0087653,0.0087653,0.0087653,0.0087653,0.0087653,0.0087653,0.0087653,0.0087653,0.0087653,0.0087653,0.0087653,0.0087653,0.0087653,0.0087653,0.0087653,0.0087653,0.0087653,0.0087653,0.0087653,0.0087653,0.0087653,0.0087653,0.0087653,0.0087653,0.0087653,0.0087653,0.0087653,0.0087653,0.0087653,0.0087653,0.0087653,0.0087653,0.00185618,0.00185618,0.00185618,0.00185618,0.00185618,0.00185618,0.00185618,0.00185618,0.00185618,0.00185618,0.00185618,0.00185618,0.00185618,0.00185618,0.00185618,0.00185618,0.00185618,0.00185618,0.00185618,0.00185618,0.00185618,0.00185618,0.00185618,0.00185618,0.00185618,0.00185618,0.00185618,0.00185618,0.00185618,0.00185618,0.00185618,0.00185618,0.00185618,0.00185618,0.00185618,0.00185618,0.00185618,0.00185618,0.00185618,0.00185618,0.00185618,0.00185618,0.00185618,0.00185618,0.00185618,0.00185618,0.00185618,0.00185618,0.00185618,0.00185618,0.00185618,0.00185618,0.00185618,0.00185618,0.00185618,0.00185618,0.00185618,0.00185618,0.00185618,0.00185618,0.00185618,0.00185618,0.00185618,0.00185618,0.00185618,0.00185618,0.00185618,0.00185618,0.00185618,0.00185618,0.00185618,0.00185618,0.00185618,0.00185618,0.00185618,0.00185618,0.00185618,0.00185618,0.00185618,0.00185618,0.00185618,0.00185618,0.00185618,0.00185618,0.00185618
real_0073,0.0087653,0.0087653,0.0087653,0.0087653,0.0087653,0.0087653,0.0087653,0.0087653,0.0087653,0.0087653,0.0087653,0.0087653,0.0087653,0.0087653,0.0087653,0.0087653,0.0087653,0.0087653,0.0087653,0.0087653,0.0087653,0.0087653,0.0087653,0.0087653,0.0087653,0.0087653,0.0087653,0.0087653,0.0087653,0.0087653,0.0087653,0.0087653,0.0087653,0.0087653,0.0087653,0.0087653,0.0087653,0.0087653,0.0087653,0.0087653,0.0087653,0.0087653,0.0087653,0.0087653,0.0087653,0.0087653,0.0087653,0.0087653,0.0087653,0.0087653,0.0087653,0.0087653,0.0087653,0.0087653,0.0087653,0.0087653,0.0087653,0.0087653,0.0087653,0.0087653,0.0087653,0.0087653,0.0087653,0.0087653,0.0087653,0.0087653,0.0087653,0.0087653,0.0087653,0.0087653,0.0087653,0.0087653,0.0087653,0.0087653,0.0087653,0.0087653,0.0087653,0.0087653,0.0087653,0.0087653,0.0087653,0.0087653,0.0087653,0.0087653,0.0087653,0.0087653,0.0087653,0.0087653,0.0087653,0.0087653,0.0087653,0.0087653,0.0087653,0.0087653,0.0087653,0.0087653,0.0087653,0.0087653,0.0087653,0.0087653,0.0087653,0.0087653,0.0087653,0.0087653,0.0087653,0.0087653,0.0087653,0.0087653,0.0087653,0.0087653,0.0087653,0.0087653,0.0087653,0.0087653,0.0087653,0.0087653,0.0087653,0.0087653,0.0087653,0.0087653,0.0087653,0.0087653,0.0087653,0.0087653,0.0087653,0.0087653,0.0087653,0.0087653,0.0087653,0.0087653,0.0087653,0.0087653,0.0087653,0.0087653,0.0087653,0.0087653,0.0087653,0.0087653,0.0087653,0.0087653,0.0087653,0.0087653,0.0087653,0.0087653,0.0087653,0.0087653,0.0087653,0.0087653,0.0087653,0.0087653,0.0087653,0.0087653,0.0087653,0.0087653,0.0087653,0.0087653,0.0087653,0.0087653,0.0087653,0.0087653,0.0087653,0.0087653,0.0087653,0.0087653,0.0087653,0.0087653,0.0087653,0.0087653,0.0087653,0.0087653,0.0087653,0.0087653,0.0087653,0.0087653,0.0087653,0.0087653,0.0087653,0.0087653,0.0087653,0.0087653,0.00185618,0.00185618,0.00185618,0.00185618,0.00185618,0.00185618,0.00185618,0.00185618,0.00185618,0.00185618,0.00185618,0.00185618,0.00185618,0.00185618,0.00185618,0.00185618,0.00185618,0.00185618,0.00185618,0.00185618,0.00185618,0.00185618,0.00185618,0.00185618,0.00185618,0.00185618,0.00185618,0.00185618,0.00185618,0.00185618,0.00185618,0.00185618,0.00185618,0.00185618,0.00185618,0.00185618,0.00185618,0.00185618,0.00185618,0.00185618,0.00185618,0.00185618,0.00185618,0.00185618,0.00185618,0.00185618,0.00185618,0.00185618,0.00185618,0.00185618,0.00185618,0.00185618,0.00185618,0.00185618,0.00185618,0.00185618,0.00185618,0.00185618,0.00185618,0.00185618,0.00185618,0.00185618,0.00185618,0.00185618,0.00185618,0.00185618,0.00185618,0.00185618,0.00185618,0.00185618,0.00185618,0.00185618,0.00185618,0.00185618,0.00185618,0.00185618,0.00185618,0.00185618,0.00185618,0.00185618,0.00185618,0.00185618,0.00185618,0.00185618,0.00185618
real_0074,0.0087653,0.0087653,0.0087653,0.0087653,0.0087653,0.0087653,0.0087653,0.0087653,0.0087653,0.0087653,0.0087653,0.0087653,0.0087653,0.0087653,0.0087653,0.0087653,0.0087653,0.0087653,0.0087653,0.0087653,0.0087653,0.0087653,0.0087653,0.0087653,0.0087653,0.0087653,0.0087653,0.0087653,0.0087653,0.0087653,0.0087653,0.0087653,0.0087653,0.0087653,0.0087653,0.0087653,0.0087653,0.0087653,0.0087653,0.0087653,0.0087653,0.0087653,0.0087653,0.0087653,0.0087653,0.0087653,0.0087653,0.0087653,0.0087653,0.0087653,0.0087653,0.0087653,0.0087653,0.0087653,0.0087653,0.0087653,0.0087653,0.0087653,0.0087653,0.0087653,0.0087653,0.0087653,0.0087653,0.0087653,0.0087653,0.0087653,0.0087653,0.0087653,0.0087653,0.0087653,0.0087653,0.0087653,0.0087653,0.0087653,0.0087653,0.0087653,0.0087653,0.0087653,0.0087653,0.0087653,0.0087653,0.0087653,0.0087653,0.0087653,0.0087653,0.0087653,0.0087653,0.0087653,0.0087653,0.0087653,0.0087653,0.0087653,0.0087653,0.0087653,0.0087653,0.0087653,0.0087653,0.0087653,0.0087653,0.0087653,0.0087653,0.0087653,0.0087653,0.0087653,0.0087653,0.0087653,0.0087653,0.0087653,0.0087653,0.0087653,0.0087653,0.0087653,0.0087653,0.0087653,0.0087653,0.0087653,0.0087653,0.0087653,0.0087653,0.0087653,0.0087653,0.0087653,0.0087653,0.0087653,0.0087653,0.0087653,0.0087653,0.0087653,0.0087653,0.0087653,0.0087653,0.0087653,0.0087653,0.0087653,0.0087653,0.0087653,0.0087653,0.0087653,0.0087653,0.0087653,0.0087653,0.0087653,0.0087653,0.0087653,0.0087653,0.0087653,0.0087653,0.0087653,0.0087653,0.0087653,0.0087653,0.0087653,0.0087653,0.0087653,0.0087653,0.0087653,0.0087653,0.0087653,0.0087653,0.0087653,0.0087653,0.0087653,0.0087653,0.0087653,0.0087653,0.0087653,0.0087653,0.0087653,0.0087653,0.0087653,0.0087653,0.0087653,0.0087653,0.0087653,0.0087653,0.0087653,0.0087653,0.0087653,0.0087653,0.0087653,0.00185618,0.00185618,0.00185618,0.00185618,0.00185618,0.00185618,0.00185618,0.00185618,0.00185618,0.00185618,0.00185618,0.00185618,0.00185618,0.00185618,0.00185618,0.00185618,0.00185618,0.00185618,0.00185618,0.00185618,0.00185618,0.00185618,0.00185618,0.00185618,0.00185618,0.00185618,0.00185618,0.00185618,0.00185618,0.00185618,0.00185618,0.00185618,0.00185618,0.00185618,0.00185618,0.00185618,0.00185618,0.00185618,0.00185618,0.00185618,0.00185618,0.00185618,0.00185618,0.00185618,0.00185618,0.00185618,0.00185618,0.00185618,0.00185618,0.00185618,0.00185618,0.00185618,0.00185618,0.00185618,0.00185618,0.00185618,0.00185618,0.00185618,0.00185618,0.00185618,0.00185618,0.00185618,0.00185618,0.00185618,0.00185618,0.00185618,0.00185618,0.00185618,0.00185618,0.00185618,0.00185618,0.00185618,0.00185618,0.00185618,0.00185618,0.00185618,0.00185618,0.00185618,0.00185618,0.00185618,0.00185618,0.00185618,0.00185618,0.00185618,0.00185618
real_0075,0.0087653,0.0087653,0.0087653,0.0087653,0.0087653,0.0087653,0.0087653,0.0087653,0.0087653,0.0087653,0.0087653,0.0087653,0.0087653,0.0087653,0.0087653,0.0087653,0.0087653,0.0087653,0.0087653,0.0087653,0.0087653,0.0087653,0.0087653,0.0087653,0.0087653,0.0087653,0.0087653,0.0087653,0.0087653,0.0087653,0.0087653,0.0087653,0.0087653,0.0087653,0.0087653,0.0087653,0.0087653,0.0087653,0.0087653,0.0087653,0.0087653,0.0087653,0.0087653,0.0087653,0.0087653,0.0087653,0.0087653,0.0087653,0.0087653,0.0087653,0.0087653,0.0087653,0.0087653,0.0087653,0.0087653,0.0087653,0.0087653,0.0087653,0.0087653,0.0087653,0.0087653,0.0087653,0.0087653,0.0087653,0.0087653,0.0087653,0.0087653,0.0087653,0.0087653,0.0087653,0.0087653,0.0087653,0.0087653,0.0087653,0.0087653,0.0087653,0.0087653,0.0087653,0.0087653,0.0087653,0.0087653,0.0087653,0.0087653,0.0087653,0.0087653,0.0087653,0.0087653,0.0087653,0.0087653,0.0087653,0.0087653,0.0087653,0.0087653,0.0087653,0.0087653,0.0087653,0.0087653,0.0087653,0.0087653,0.0087653,0.0087653,0.0087653,0.0087653,0.0087653,0.0087653,0.0087653,0.0087653,0.0087653,0.0087653,0.0087653,0.0087653,0.0087653,0.0087653,0.0087653,0.0087653,0.0087653,0.0087653,0.0087653,0.0087653,0.0087653,0.0087653,0.0087653,0.0087653,0.0087653,0.0087653,0.0087653,0.0087653,0.0087653,0.0087653,0.0087653,0.0087653,0.0087653,0.0087653,0.0087653,0.0087653,0.0087653,0.0087653,0.0087653,0.0087653,0.0087653,0.0087653,0.0087653,0.0087653,0.0087653,0.0087653,0.0087653,0.0087653,0.0087653,0.0087653,0.0087653,0.0087653,0.0087653,0.0087653,0.0087653,0.0087653,0.0087653,0.0087653,0.0087653,0.0087653,0.0087653,0.0087653,0.0087653,0.0087653,0.0087653,0.0087653,0.0087653,0.0087653,0.0087653,0.0087653,0.0087653,0.0087653,0.0087653,0.0087653,0.0087653,0.0087653,0.0087653,0.0087653,0.0087653,0.0087653,0.0087653,0.00185618,0.00185618,0.00185618,0.00185618,0.00185618,0.00185618,0.00185618,0.00185618,0.00185618,0.00185618,0.00185618,0.00185618,0.00185618,0.00185618,0.00185618,0.00185618,0.00185618,0.00185618,0.00185618,0.00185618,0.00185618,0.00185618,0.00185618,0.00185618,0.00185618,0.00185618,0.00185618,0.00185618,0.00185618,0.00185618,0.00185618,0.00185618,0.00185618,0.00185618,0.00185618,0.00185618,0.00185618,0.00185618,0.00185618,0.00185618,0.00185618,0.00185618,0.00185618,0.00185618,0.00185618,0.00185618,0.00185618,0.00185618,0.00185618,0.00185618,0.00185618,0.00185618,0.00185618,0.00185618,0.00185618,0.00185618,0.00185618,0.00185618,0.00185618,0.00185618,0.00185618,0.00185618,0.00185618,0.00185618,0.00185618,0.00185618,0.00185618,0.00185618,0.00185618,0.00185618,0.00185618,0.00185618,0.00185618,0.00185618,0.00185618,0.00185618,0.00185618,0.00185618,0.00185618,0.00185618,0.00185618,0.00185618,0.00185618,0.00185618,0.00185618
real_0076,0.0087653,0.0087653,0.0087653,0.0087653,0.0087653,0.0087653,0.0087653,0.0087653,0.0087653,0.0087653,0.0087653,0.0087653,0.0087653,0.0087653,0.0087653,0.0087653,0.0087653,0.0087653,0.0087653,0.0087653,0.0087653,0.0087653,0.0087653,0.0087653,0.0087653,0.0087653,0.0087653,0.0087653,0.0087653,0.0087653,0.0087653,0.0087653,0.0087653,0.0087653,0.0087653,0.0087653,0.0087653,0.0087653,0.0087653,0.0087653,0.0087653,0.0087653,0.0087653,0.0087653,0.0087653,0.0087653,0.0087653,0.0087653,0.0087653,0.0087653,0.0087653,0.0087653,0.0087653,0.0087653,0.0087653,0.0087653,0.0087653,0.0087653,0.0087653,0.0087653,0.0087653,0.0087653,0.0087653,0.0087653,0.0087653,0.0087653,0.0087653,0.0087653,0.0087653,0.0087653,0.0087653,0.0087653,0.0087653,0.0087653,0.0087653,0.0087653,0.0087653,0.0087653,0.0087653,0.0087653,0.0087653,0.0087653,0.0087653,0.0087653,0.0087653,0.0087653,0.0087653,0.0087653,0.0087653,0.0087653,0.0087653,0.0087653,0.0087653,0.0087653,0.0087653,0.0087653,0.0087653,0.0087653,0.0087653,0.0087653,0.0087653,0.0087653,0.0087653,0.0087653,0.0087653,0.0087653,0.0087653,0.0087653,0.0087653,0.0087653,0.0087653,0.0087653,0.0087653,0.0087653,0.0087653,0.0087653,0.0087653,0.0087653,0.0087653,0.0087653,0.0087653,0.0087653,0.0087653,0.0087653,0.0087653,0.0087653,0.0087653,0.0087653,0.0087653,0.0087653,0.0087653,0.0087653,0.0087653,0.0087653,0.0087653,0.0087653,0.0087653,0.0087653,0.0087653,0.0087653,0.0087653,0.0087653,0.0087653,0.0087653,0.0087653,0.0087653,0.0087653,0.0087653,0.0087653,0.0087653,0.0087653,0.0087653,0.0087653,0.0087653,0.0087653,0.0087653,0.0087653,0.0087653,0.0087653,0.0087653,0.0087653,0.0087653,0.0087653,0.0087653,0.0087653,0.0087653,0.0087653,0.0087653,0.0087653,0.0087653,0.0087653,0.0087653,0.0087653,0.0087653,0.0087653,0.0087653,0.0087653,0.0087653,0.0087653,0.0087653,0.00185618,0.00185618,0.00185618,0.00185618,0.00185618,0.00185618,0.00185618,0.00185618,0.00185618,0.00185618,0.00185618,0.00185618,0.00185618,0.00185618,0.00185618,0.00185618,0.00185618,0.00185618,0.00185618,0.00185618,0.00185618,0.00185618,0.00185618,0.00185618,0.00185618,0.00185618,0.00185618,0.00185618,0.00185618,0.00185618,0.00185618,0.00185618,0.00185618,0.00185618,0.00185618,0.00185618,0.00185618,0.00185618,0.00185618,0.00185618,0.00185618,0.00185618,0.00185618,0.00185618,0.00185618,0.00185618,0.00185618,0.00185618,0.00185618,0.00185618,0.00185618,0.00185618,0.00185618,0.00185618,0.00185618,0.00185618,0.00185618,0.00185618,0.00185618,0.00185618,0.00185618,0.00185618,0.00185618,0.00185618,0.00185618,0.00185618,0.00185618,0.00185618,0.00185618,0.00185618,0.00185618,0.00185618,0.00185618,0.00185618,0.00185618,0.00185618,0.00185618,0.00185618,0.00185618,0.00185618,0.00185618,0.00185618,0.00185618,0.00185618,0.00185618
real_0077,0.0087653,0.0087653,0.0087653,0.0087653,0.0087653,0.0087653,0.0087653,0.0087653,0.0087653,0.0087653,0.0087653,0.0087653,0.0087653,0.0087653,0.0087653,0.0087653,0.0087653,0.0087653,0.0087653,0.0087653,0.0087653,0.0087653,0.0087653,0.0087653,0.0087653,0.0087653,0.0087653,0.0087653,0.0087653,0.0087653,0.0087653,0.0087653,0.0087653,0.0087653,0.0087653,0.0087653,0.0087653,0.0087653,0.0087653,0.0087653,0.0087653,0.0087653,0.0087653,0.0087653,0.0087653,0.0087653,0.0087653,0.0087653,0.0087653,0.0087653,0.0087653,0.0087653,0.0087653,0.0087653,0.0087653,0.0087653,0.0087653,0.0087653,0.0087653,0.0087653,0.0087653,0.0087653,0.0087653,0.0087653,0.0087653,0.0087653,0.0087653,0.0087653,0.0087653,0.0087653,0.0087653,0.0087653,0.0087653,0.0087653,0.0087653,0.0087653,0.0087653,0.0087653,0.0087653,0.0087653,0.0087653,0.0087653,0.0087653,0.0087653,0.0087653,0.0087653,0.0087653,0.0087653,0.0087653,0.0087653,0.0087653,0.0087653,0.0087653,0.0087653,0.0087653,0.0087653,0.0087653,0.0087653,0.0087653,0.0087653,0.0087653,0.0087653,0.0087653,0.0087653,0.0087653,0.0087653,0.0087653,0.0087653,0.0087653,0.0087653,0.0087653,0.0087653,0.0087653,0.0087653,0.0087653,0.0087653,0.0087653,0.0087653,0.0087653,0.0087653,0.0087653,0.0087653,0.0087653,0.0087653,0.0087653,0.0087653,0.0087653,0.0087653,0.0087653,0.0087653,0.0087653,0.0087653,0.0087653,0.0087653,0.0087653,0.0087653,0.0087653,0.0087653,0.0087653,0.0087653,0.0087653,0.0087653,0.0087653,0.0087653,0.0087653,0.0087653,0.0087653,0.0087653,0.0087653,0.0087653,0.0087653,0.0087653,0.0087653,0.0087653,0.0087653,0.0087653,0.0087653,0.0087653,0.0087653,0.0087653,0.0087653,0.0087653,0.0087653,0.0087653,0.0087653,0.0087653,0.0087653,0.0087653,0.0087653,0.0087653,0.0087653,0.0087653,0.0087653,0.0087653,0.0087653,0.0087653,0.0087653,0.0087653,0.0087653,0.0087653,0.00185618,0.00185618,0.00185618,0.00185618,0.00185618,0.00185618,0.00185618,0.00185618,0.00185618,0.00185618,0.00185618,0.00185618,0.00185618,0.00185618,0.00185618,0.00185618,0.00185618,0.00185618,0.00185618,0.00185618,0.00185618,0.00185618,0.00185618,0.00185618,0.00185618,0.00185618,0.00185618,0.00185618,0.00185618,0.00185618,0.00185618,0.00185618,0.00185618,0.00185618,0.00185618,0.00185618,0.00185618,0.00185618,0.00185618,0.00185618,0.00185618,0.00185618,0.00185618,0.00185618,0.00185618,0.00185618,0.00185618,0.00185618,0.00185618,0.00185618,0.00185618,0.00185618,0.00185618,0.00185618,0.00185618,0.00185618,0.00185618,0.00185618,0.00185618,0.00185618,0.00185618,0.00185618,0.00185618,0.00185618,0.00185618,0.00185618,0.00185618,0.00185618,0.00185618,0.00185618,0.00185618,0.00185618,0.00185618,0.00185618,0.00185618,0.00185618,0.00185618,0.00185618,0.00185618,0.00185618,0.00185618,0.00185618,0.00185618,0.00185618,0.00185618
real_0078,0.0087653,0.0087653,0.0087653,0.0087653,0.0087653,0.0087653,0.0087653,0.0087653,0.0087653,0.0087653,0.0087653,0.0087653,0.0087653,0.0087653,0.0087653,0.0087653,0.0087653,0.0087653,0.0087653,0.0087653,0.0087653,0.0087653,0.0087653,0.0087653,0.0087653,0.0087653,0.0087653,0.0087653,0.0087653,0.0087653,0.0087653,0.0087653,0.0087653,0.0087653,0.0087653,0.0087653,0.0087653,0.0087653,0.0087653,0.0087653,0.0087653,0.0087653,0.0087653,0.0087653,0.0087653,0.0087653,0.0087653,0.0087653,0.0087653,0.0087653,0.0087653,0.0087653,0.0087653,0.0087653,0.0087653,0.0087653,0.0087653,0.0087653,0.0087653,0.0087653,0.0087653,0.0087653,0.0087653,0.0087653,0.0087653,0.0087653,0.0087653,0.0087653,0.0087653,0.0087653,0.0087653,0.0087653,0.0087653,0.0087653,0.0087653,0.0087653,0.0087653,0.0087653,0.0087653,0.0087653,0.0087653,0.0087653,0.0087653,0.0087653,0.0087653,0.0087653,0.0087653,0.0087653,0.0087653,0.0087653,0.0087653,0.0087653,0.0087653,0.0087653,0.0087653,0.0087653,0.0087653,0.0087653,0.0087653,0.0087653,0.0087653,0.0087653,0.0087653,0.0087653,0.0087653,0.0087653,0.0087653,0.0087653,0.0087653,0.0087653,0.0087653,0.0087653,0.0087653,0.0087653,0.0087653,0.0087653,0.0087653,0.0087653,0.0087653,0.0087653,0.0087653,0.0087653,0.0087653,0.0087653,0.0087653,0.0087653,0.0087653,0.0087653,0.0087653,0.0087653,0.0087653,0.0087653,0.0087653,0.0087653,0.0087653,0.0087653,0.0087653,0.0087653,0.0087653,0.0087653,0.0087653,0.0087653,0.0087653,0.0087653,0.0087653,0.0087653,0.0087653,0.0087653,0.0087653,0.0087653,0.0087653,0.0087653,0.0087653,0.0087653,0.0087653,0.0087653,0.0087653,0.0087653,0.0087653,0.0087653,0.0087653,0.0087653,0.0087653,0.0087653,0.0087653,0.0087653,0.0087653,0.0087653,0.0087653,0.0087653,0.0087653,0.0087653,0.0087653,0.0087653,0.0087653,0.0087653,0.0087653,0.0087653,0.0087653,0.0087653,0.00185618,0.00185618,0.00185618,0.00185618,0.00185618,0.00185618,0.00185618,0.00185618,0.00185618,0.00185618,0.00185618,0.00185618,0.00185618,0.00185618,0.00185618,0.00185618,0.00185618,0.00185618,0.00185618,0.00185618,0.00185618,0.00185618,0.00185618,0.00185618,0.00185618,0.00185618,0.00185618,0.00185618,0.00185618,0.00185618,0.00185618,0.00185618,0.00185618,0.00185618,0.00185618,0.00185618,0.00185618,0.00185618,0.00185618,0.00185618,0.00185618,0.00185618,0.00185618,0.00185618,0.00185618,0.00185618,0.00185618,0.00185618,0.00185618,0.00185618,0.00185618,0.00185618,0.00185618,0.00185618,0.00185618,0.00185618,0.00185618,0.00185618,0.00185618,0.00185618,0.00185618,0.00185618,0.00185618,0.00185618,0.00185618,0.00185618,0.00185618,0.00185618,0.00185618,0.00185618,0.00185618,0.00185618,0.00185618,0.00185618,0.00185618,0.00185618,0.00185618,0.00185618,0.00185618,0.00185618,0.00185618,0.00185618,0.00185618,0.00185618,0.00185618
real_0079,0.0087653,0.0087653,0.0087653,0.0087653,0.0087653,0.0087653,0.0087653,0.0087653,0.0087653,0.0087653,0.0087653,0.0087653,0.0087653,0.0087653,0.0087653,0.0087653,0.0087653,0.0087653,0.0087653,0.0087653,0.0087653,0.0087653,0.0087653,0.0087653,0.0087653,0.0087653,0.0087653,0.0087653,0.0087653,0.0087653,0.0087653,0.0087653,0.0087653,0.0087653,0.0087653,0.0087653,0.0087653,0.0087653,0.0087653,0.0087653,0.0087653,0.0087653,0.0087653,0.0087653,0.0087653,0.0087653,0.0087653,0.0087653,0.0087653,0.0087653,0.0087653,0.0087653,0.0087653,0.0087653,0.0087653,0.0087653,0.0087653,0.0087653,0.0087653,0.0087653,0.0087653,0.0087653,0.0087653,0.0087653,0.0087653,0.0087653,0.0087653,0.0087653,0.0087653,0.0087653,0.0087653,0.0087653,0.0087653,0.0087653,0.0087653,0.0087653,0.0087653,0.0087653,0.0087653,0.0087653,0.0087653,0.0087653,0.0087653,0.0087653,0.0087653,0.0087653,0.0087653,0.0087653,0.0087653,0.0087653,0.0087653,0.0087653,0.0087653,0.0087653,0.0087653,0.0087653,0.0087653,0.0087653,0.0087653,0.0087653,0.0087653,0.0087653,0.0087653,0.0087653,0.0087653,0.0087653,0.0087653,0.0087653,0.0087653,0.0087653,0.0087653,0.0087653,0.0087653,0.0087653,0.0087653,0.0087653,0.0087653,0.0087653,0.0087653,0.0087653,0.0087653,0.0087653,0.0087653,0.0087653,0.0087653,0.0087653,0.0087653,0.0087653,0.0087653,0.0087653,0.0087653,0.0087653,0.0087653,0.0087653,0.0087653,0.0087653,0.0087653,0.0087653,0.0087653,0.0087653,0.0087653,0.0087653,0.0087653,0.0087653,0.0087653,0.0087653,0.0087653,0.0087653,0.0087653,0.0087653,0.0087653,0.0087653,0.0087653,0.0087653,0.0087653,0.0087653,0.0087653,0.0087653,0.0087653,0.0087653,0.0087653,0.0087653,0.0087653,0.0087653,0.0087653,0.0087653,0.0087653,0.0087653,0.0087653,0.0087653,0.0087653,0.0087653,0.0087653,0.0087653,0.0087653,0.0087653,0.0087653,0.0087653,0.0087653,0.0087653,0.00185618,0.00185618,0.00185618,0.00185618,0.00185618,0.00185618,0.00185618,0.00185618,0.00185618,0.00185618,0.00185618,0.00185618,0.00185618,0.00185618,0.00185618,0.00185618,0.00185618,0.00185618,0.00185618,0.00185618,0.00185618,0.00185618,0.00185618,0.00185618,0.00185618,0.00185618,0.00185618,0.00185618,0.00185618,0.00185618,0.00185618,0.00185618,0.00185618,0.00185618,0.00185618,0.00185618,0.00185618,0.00185618,0.00185618,0.00185618,0.00185618,0.00185618,0.00185618,0.00185618,0.00185618,0.00185618,0.00185618,0.00185618,0.00185618,0.00185618,0.00185618,0.00185618,0.00185618,0.00185618,0.00185618,0.00185618,0.00185618,0.00185618,0.00185618,0.00185618,0.00185618,0.00185618,0.00185618,0.00185618,0.00185618,0.00185618,0.00185618,0.00185618,0.00185618,0.00185618,0.00185618,0.00185618,0.00185618,0.00185618,0.00185618,0.00185618,0.00185618,0.00185618,0.00185618,0.00185618,0.00185618,0.00185618,0.00185618,0.00185618,0.00185618
real_0080,0.0087653,0.0087653,0.0087653,0.0087653,0.0087653,0.0087653,0.0087653,0.0087653,0.0087653,0.0087653,0.0087653,0.0087653,0.0087653,0.0087653,0.0087653,0.0087653,0.0087653,0.0087653,0.0087653,0.0087653,0.0087653,0.0087653,0.0087653,0.0087653,0.0087653,0.0087653,0.0087653,0.0087653,0.0087653,0.0087653,0.0087653,0.0087653,0.0087653,0.0087653,0.0087653,0.0087653,0.0087653,0.0087653,0.0087653,0.0087653,0.0087653,0.0087653,0.0087653,0.0087653,0.0087653,0.0087653,0.0087653,0.0087653,0.0087653,0.0087653,0.0087653,0.0087653,0.0087653,0.0087653,0.0087653,0.0087653,0.0087653,0.0087653,0.0087653,0.0087653,0.0087653,0.0087653,0.0087653,0.0087653,0.0087653,0.0087653,0.0087653,0.0087653,0.0087653,0.0087653,0.0087653,0.0087653,0.0087653,0.0087653,0.0087653,0.0087653,0.0087653,0.0087653,0.0087653,0.0087653,0.0087653,0.0087653,0.0087653,0.0087653,0.0087653,0.0087653,0.0087653,0.0087653,0.0087653,0.0087653,0.0087653,0.0087653,0.0087653,0.0087653,0.0087653,0.0087653,0.0087653,0.0087653,0.0087653,0.0087653,0.0087653,0.0087653,0.0087653,0.0087653,0.0087653,0.0087653,0.0087653,0.0087653,0.0087653,0.0087653,0.0087653,0.0087653,0.0087653,0.0087653,0.0087653,0.0087653,0.0087653,0.0087653,0.0087653,0.0087653,0.0087653,0.0087653,0.0087653,0.0087653,0.0087653,0.0087653,0.0087653,0.0087653,0.0087653,0.0087653,0.0087653,0.0087653,0.0087653,0.0087653,0.0087653,0.0087653,0.0087653,0.0087653,0.0087653,0.0087653,0.0087653,0.0087653,0.0087653,0.0087653,0.0087653,0.0087653,0.0087653,0.0087653,0.0087653,0.0087653,0.0087653,0.0087653,0.0087653,0.0087653,0.0087653,0.0087653,0.0087653,0.0087653,0.0087653,0.0087653,0.0087653,0.0087653,0.0087653,0.0087653,0.0087653,0.0087653,0.0087653,0.0087653,0.0087653,0.0087653,0.0087653,0.0087653,0.0087653,0.0087653,0.0087653,0.0087653,0.0087653,0.0087653,0.0087653,0.0087653,0.00185618,0.00185618,0.00185618,0.00185618,0.00185618,0.00185618,0.00185618,0.00185618,0.00185618,0.00185618,0.00185618,0.00185618,0.00185618,0.00185618,0.00185618,0.00185618,0.00185618,0.00185618,0.00185618,0.00185618,0.00185618,0.00185618,0.00185618,0.00185618,0.00185618,0.00185618,0.00185618,0.00185618,0.00185618,0.00185618,0.00185618,0.00185618,0.00185618,0.00185618,0.00185618,0.00185618,0.00185618,0.00185618,0.00185618,0.00185618,0.00185618,0.00185618,0.00185618,0.00185618,0.00185618,0.00185618,0.00185618,0.00185618,0.00185618,0.00185618,0.00185618,0.00185618,0.00185618,0.00185618,0.00185618,0.00185618,0.00185618,0.00185618,0.00185618,0.00185618,0.00185618,0.00185618,0.00185618,0.00185618,0.00185618,0.00185618,0.00185618,0.00185618,0.00185618,0.00185618,0.00185618,0.00185618,0.00185618,0.00185618,0.00185618,0.00185618,0.00185618,0.00185618,0.00185618,0.00185618,0.00185618,0.00185618,0.00185618,0.00185618,0.00185618
real_0081,0.0087653,0.0087653,0.0087653,0.0087653,0.0087653,0.0087653,0.0087653,0.0087653,0.0087653,0.0087653,0.0087653,0.0087653,0.0087653,0.0087653,0.0087653,0.0087653,0.0087653,0.0087653,0.0087653,0.0087653,0.0087653,0.0087653,0.0087653,0.0087653,0.0087653,0.0087653,0.0087653,0.0087653,0.0087653,0.0087653,0.0087653,0.0087653,0.0087653,0.0087653,0.0087653,0.0087653,0.0087653,0.0087653,0.0087653,0.0087653,0.0087653,0.0087653,0.0087653,0.0087653,0.0087653,0.0087653,0.0087653,0.0087653,0.0087653,0.0087653,0.0087653,0.0087653,0.0087653,0.0087653,0.0087653,0.0087653,0.0087653,0.0087653,0.0087653,0.0087653,0.0087653,0.0087653,0.0087653,0.0087653,0.0087653,0.0087653,0.0087653,0.0087653,0.0087653,0.0087653,0.0087653,0.0087653,0.0087653,0.0087653,0.0087653,0.0087653,0.0087653,0.0087653,0.0087653,0.0087653,0.0087653,0.0087653,0.0087653,0.0087653,0.0087653,0.0087653,0.0087653,0.0087653,0.0087653,0.0087653,0.0087653,0.0087653,0.0087653,0.0087653,0.0087653,0.0087653,0.0087653,0.0087653,0.0087653,0.0087653,0.0087653,0.0087653,0.0087653,0.0087653,0.0087653,0.0087653,0.0087653,0.0087653,0.0087653,0.0087653,0.0087653,0.0087653,0.0087653,0.0087653,0.0087653,0.0087653,0.0087653,0.0087653,0.0087653,0.0087653,0.0087653,0.0087653,0.0087653,0.0087653,0.0087653,0.0087653,0.0087653,0.0087653,0.0087653,0.0087653,0.0087653,0.0087653,0.0087653,0.0087653,0.0087653,0.0087653,0.0087653,0.0087653,0.0087653,0.0087653,0.0087653,0.0087653,0.0087653,0.0087653,0.0087653,0.0087653,0.0087653,0.0087653,0.0087653,0.0087653,0.0087653,0.0087653,0.0087653,0.0087653,0.0087653,0.0087653,0.0087653,0.0087653,0.0087653,0.0087653,0.0087653,0.0087653,0.0087653,0.0087653,0.0087653,0.0087653,0.0087653,0.0087653,0.0087653,0.0087653,0.0087653,0.0087653,0.0087653,0.0087653,0.0087653,0.0087653,0.0087653,0.0087653,0.0087653,0.0087653,0.00185618,0.00185618,0.00185618,0.00185618,0.00185618,0.00185618,0.00185618,0.00185618,0.00185618,0.00185618,0.00185618,0.00185618,0.00185618,0.00185618,0.00185618,0.00185618,0.00185618,0.00185618,0.00185618,0.00185618,0.00185618,0.00185618,0.00185618,0.00185618,0.00185618,0.00185618,0.00185618,0.00185618,0.00185618,0.00185618,0.00185618,0.00185618,0.00185618,0.00185618,0.00185618,0.00185618,0.00185618,0.00185618,0.00185618,0.00185618,0.00185618,0.00185618,0.00185618,0.00185618,0.00185618,0.00185618,0.00185618,0.00185618,0.00185618,0.00185618,0.00185618,0.00185618,0.00185618,0.00185618,0.00185618,0.00185618,0.00185618,0.00185618,0.00185618,0.00185618,0.00185618,0.00185618,0.00185618,0.00185618,0.00185618,0.00185618,0.00185618,0.00185618,0.00185618,0.00185618,0.00185618,0.00185618,0.00185618,0.00185618,0.00185618,0.00185618,0.00185618,0.00185618,0.00185618,0.00185618,0.00185618,0.00185618,0.00185618,0.00185618,0.00185618
real_0082,0.0087653,0.0087653,0.0087653,0.0087653,0.0087653,0.0087653,0.0087653,0.0087653,0.0087653,0.0087653,0.0087653,0.0087653,0.0087653,0.0087653,0.0087653,0.0087653,0.0087653,0.0087653,0.0087653,0.0087653,0.0087653,0.0087653,0.0087653,0.0087653,0.0087653,0.0087653,0.0087653,0.0087653,0.0087653,0.0087653,0.0087653,0.0087653,0.0087653,0.0087653,0.0087653,0.0087653,0.0087653,0.0087653,0.0087653,0.0087653,0.0087653,0.0087653,0.0087653,0.0087653,0.0087653,0.0087653,0.0087653,0.0087653,0.0087653,0.0087653,0.0087653,0.0087653,0.0087653,0.0087653,0.0087653,0.0087653,0.0087653,0.0087653,0.0087653,0.0087653,0.0087653,0.0087653,0.0087653,0.0087653,0.0087653,0.0087653,0.0087653,0.0087653,0.0087653,0.0087653,0.0087653,0.0087653,0.0087653,0.0087653,0.0087653,0.0087653,0.0087653,0.0087653,0.0087653,0.0087653,0.0087653,0.0087653,0.0087653,0.0087653,0.0087653,0.0087653,0.0087653,0.0087653,0.0087653,0.0087653,0.0087653,0.0087653,0.0087653,0.0087653,0.0087653,0.0087653,0.0087653,0.0087653,0.0087653,0.0087653,0.0087653,0.0087653,0.0087653,0.0087653,0.0087653,0.0087653,0.0087653,0.0087653,0.0087653,0.0087653,0.0087653,0.0087653,0.0087653,0.0087653,0.0087653,0.0087653,0.0087653,0.0087653,0.0087653,0.0087653,0.0087653,0.0087653,0.0087653,0.0087653,0.0087653,0.0087653,0.0087653,0.0087653,0.0087653,0.0087653,0.0087653,0.0087653,0.0087653,0.0087653,0.0087653,0.0087653,0.0087653,0.0087653,0.0087653,0.0087653,0.0087653,0.0087653,0.0087653,0.0087653,0.0087653,0.0087653,0.0087653,0.0087653,0.0087653,0.0087653,0.0087653,0.0087653,0.0087653,0.0087653,0.0087653,0.0087653,0.0087653,0.0087653,0.0087653,0.0087653,0.0087653,0.0087653,0.0087653,0.0087653,0.0087653,0.0087653,0.0087653,0.0087653,0.0087653,0.0087653,0.0087653,0.0087653,0.0087653,0.0087653,0.0087653,0.0087653,0.0087653,0.0087653,0.0087653,0.0087653,0.00185618,0.00185618,0.00185618,0.00185618,0.00185618,0.00185618,0.00185618,0.00185618,0.00185618,0.00185618,0.00185618,0.00185618,0.00185618,0.00185618,0.00185618,0.00185618,0.00185618,0.00185618,0.00185618,0.00185618,0.00185618,0.00185618,0.00185618,0.00185618,0.00185618,0.00185618,0.00185618,0.00185618,0.00185618,0.00185618,0.00185618,0.00185618,0.00185618,0.00185618,0.00185618,0.00185618,0.00185618,0.00185618,0.00185618,0.00185618,0.00185618,0.00185618,0.00185618,0.00185618,0.00185618,0.00185618,0.00185618,0.00185618,0.00185618,0.00185618,0.00185618,0.00185618,0.00185618,0.00185618,0.00185618,0.00185618,0.00185618,0.00185618,0.00185618,0.00185618,0.00185618,0.00185618,0.00185618,0.00185618,0.00185618,0.00185618,0.00185618,0.00185618,0.00185618,0.00185618,0.00185618,0.00185618,0.00185618,0.00185618,0.00185618,0.00185618,0.00185618,0.00185618,0.00185618,0.00185618,0.00185618,0.00185618,0.00185618,0.00185618,0.00185618
real_0083,0.0087653,0.0087653,0.0087653,0.0087653,0.0087653,0.0087653,0.0087653,0.0087653,0.0087653,0.0087653,0.0087653,0.0087653,0.0087653,0.0087653,0.0087653,0.0087653,0.0087653,0.0087653,0.0087653,0.0087653,0.0087653,0.0087653,0.0087653,0.0087653,0.0087653,0.0087653,0.0087653,0.0087653,0.0087653,0.0087653,0.0087653,0.0087653,0.0087653,0.0087653,0.0087653,0.0087653,0.0087653,0.0087653,0.0087653,0.0087653,0.0087653,0.0087653,0.0087653,0.0087653,0.0087653,0.0087653,0.0087653,0.0087653,0.0087653,0.0087653,0.0087653,0.0087653,0.0087653,0.0087653,0.0087653,0.0087653,0.0087653,0.0087653,0.0087653,0.0087653,0.0087653,0.0087653,0.0087653,0.0087653,0.0087653,0.0087653,0.0087653,0.0087653,0.0087653,0.0087653,0.0087653,0.0087653,0.0087653,0.0087653,0.0087653,0.0087653,0.0087653,0.0087653,0.0087653,0.0087653,0.0087653,0.0087653,0.0087653,0.0087653,0.0087653,0.0087653,0.0087653,0.0087653,0.0087653,0.0087653,0.0087653,0.0087653,0.0087653,0.0087653,0.0087653,0.0087653,0.0087653,0.0087653,0.0087653,0.0087653,0.0087653,0.0087653,0.0087653,0.0087653,0.0087653,0.0087653,0.0087653,0.0087653,0.0087653,0.0087653,0.0087653,0.0087653,0.0087653,0.0087653,0.0087653,0.0087653,0.0087653,0.0087653,0.0087653,0.0087653,0.0087653,0.0087653,0.0087653,0.0087653,0.0087653,0.0087653,0.0087653,0.0087653,0.0087653,0.0087653,0.0087653,0.0087653,0.0087653,0.0087653,0.0087653,0.0087653,0.0087653,0.0087653,0.0087653,0.0087653,0.0087653,0.0087653,0.0087653,0.0087653,0.0087653,0.0087653,0.0087653,0.0087653,0.0087653,0.0087653,0.0087653,0.0087653,0.0087653,0.0087653,0.0087653,0.0087653,0.0087653,0.0087653,0.0087653,0.0087653,0.0087653,0.0087653,0.0087653,0.0087653,0.0087653,0.0087653,0.0087653,0.0087653,0.0087653,0.0087653,0.0087653,0.0087653,0.0087653,0.0087653,0.0087653,0.0087653,0.0087653,0.0087653,0.0087653,0.0087653,0.00185618,0.00185618,0.00185618,0.00185618,0.00185618,0.00185618,0.00185618,0.00185618,0.00185618,0.00185618,0.00185618,0.00185618,0.00185618,0.00185618,0.00185618,0.00185618,0.00185618,0.00185618,0.00185618,0.00185618,0.00185618,0.00185618,0.00185618,0.00185618,0.00185618,0.00185618,0.00185618,0.00185618,0.00185618,0.00185618,0.00185618,0.00185618,0.00185618,0.00185618,0.00185618,0.00185618,0.00185618,0.00185618,0.00185618,0.00185618,0.00185618,0.00185618,0.00185618,0.00185618,0.00185618,0.00185618,0.00185618,0.00185618,0.00185618,0.00185618,0.00185618,0.00185618,0.00185618,0.00185618,0.00185618,0.00185618,0.00185618,0.00185618,0.00185618,0.00185618,0.00185618,0.00185618,0.00185618,0.00185618,0.00185618,0.00185618,0.00185618,0.00185618,0.00185618,0.00185618,0.00185618,0.00185618,0.00185618,0.00185618,0.00185618,0.00185618,0.00185618,0.00185618,0.00185618,0.00185618,0.00185618,0.00185618,0.00185618,0.00185618,0.00185618
real_0084,0.0087653,0.0087653,0.0087653,0.0087653,0.0087653,0.0087653,0.0087653,0.0087653,0.0087653,0.0087653,0.0087653,0.0087653,0.0087653,0.0087653,0.0087653,0.0087653,0.0087653,0.0087653,0.0087653,0.0087653,0.0087653,0.0087653,0.0087653,0.0087653,0.0087653,0.0087653,0.0087653,0.0087653,0.0087653,0.0087653,0.0087653,0.0087653,0.0087653,0.0087653,0.0087653,0.0087653,0.0087653,0.0087653,0.0087653,0.0087653,0.0087653,0.0087653,0.0087653,0.0087653,0.0087653,0.0087653,0.0087653,0.0087653,0.0087653,0.0087653,0.0087653,0.0087653,0.0087653,0.0087653,0.0087653,0.0087653,0.0087653,0.0087653,0.0087653,0.0087653,0.0087653,0.0087653,0.0087653,0.0087653,0.0087653,0.0087653,0.0087653,0.0087653,0.0087653,0.0087653,0.0087653,0.0087653,0.0087653,0.0087653,0.0087653,0.0087653,0.0087653,0.0087653,0.0087653,0.0087653,0.0087653,0.0087653,0.0087653,0.0087653,0.0087653,0.0087653,0.0087653,0.0087653,0.0087653,0.0087653,0.0087653,0.0087653,0.0087653,0.0087653,0.0087653,0.0087653,0.0087653,0.0087653,0.0087653,0.0087653,0.0087653,0.0087653,0.0087653,0.0087653,0.0087653,0.0087653,0.0087653,0.0087653,0.0087653,0.0087653,0.0087653,0.0087653,0.0087653,0.0087653,0.0087653,0.0087653,0.0087653,0.0087653,0.0087653,0.0087653,0.0087653,0.0087653,0.0087653,0.0087653,0.0087653,0.0087653,0.0087653,0.0087653,0.0087653,0.0087653,0.0087653,0.0087653,0.0087653,0.0087653,0.0087653,0.0087653,0.0087653,0.0087653,0.0087653,0.0087653,0.0087653,0.0087653,0.0087653,0.0087653,0.0087653,0.0087653,0.0087653,0.0087653,0.0087653,0.0087653,0.0087653,0.0087653,0.0087653,0.0087653,0.0087653,0.0087653,0.0087653,0.0087653,0.0087653,0.0087653,0.0087653,0.0087653,0.0087653,0.0087653,0.0087653,0.0087653,0.0087653,0.0087653,0.0087653,0.0087653,0.0087653,0.0087653,0.0087653,0.0087653,0.0087653,0.0087653,0.0087653,0.0087653,0.0087653,0.0087653,0.00185618,0.00185618,0.00185618,0.00185618,0.00185618,0.00185618,0.00185618,0.00185618,0.00185618,0.00185618,0.00185618,0.00185618,0.00185618,0.00185618,0.00185618,0.00185618,0.00185618,0.00185618,0.00185618,0.00185618,0.00185618,0.00185618,0.00185618,0.00185618,0.00185618,0.00185618,0.00185618,0.00185618,0.00185618,0.00185618,0.00185618,0.00185618,0.00185618,0.00185618,0.00185618,0.00185618,0.00185618,0.00185618,0.00185618,0.00185618,0.00185618,0.00185618,0.00185618,0.00185618,0.00185618,0.00185618,0.00185618,0.00185618,0.00185618,0.00185618,0.00185618,0.00185618,0.00185618,0.00185618,0.00185618,0.00185618,0.00185618,0.00185618,0.00185618,0.00185618,0.00185618,0.00185618,0.00185618,0.00185618,0.00185618,0.00185618,0.00185618,0.00185618,0.00185618,0.00185618,0.00185618,0.00185618,0.00185618,0.00185618,0.00185618,0.00185618,0.00185618,0.00185618,0.00185618,0.00185618,0.00185618,0.00185618,0.00185618,0.00185618,0.00185618
real_0085,0.0087653,0.0087653,0.0087653,0.0087653,0.0087653,0.0087653,0.0087653,0.0087653,0.0087653,0.0087653,0.0087653,0.0087653,0.0087653,0.0087653,0.0087653,0.0087653,0.0087653,0.0087653,0.0087653,0.0087653,0.0087653,0.0087653,0.0087653,0.0087653,0.0087653,0.0087653,0.0087653,0.0087653,0.0087653,0.0087653,0.0087653,0.0087653,0.0087653,0.0087653,0.0087653,0.0087653,0.0087653,0.0087653,0.0087653,0.0087653,0.0087653,0.0087653,0.0087653,0.0087653,0.0087653,0.0087653,0.0087653,0.0087653,0.0087653,0.0087653,0.0087653,0.0087653,0.0087653,0.0087653,0.0087653,0.0087653,0.0087653,0.0087653,0.0087653,0.0087653,0.0087653,0.0087653,0.0087653,0.0087653,0.0087653,0.0087653,0.0087653,0.0087653,0.0087653,0.0087653,0.0087653,0.0087653,0.0087653,0.0087653,0.0087653,0.0087653,0.0087653,0.0087653,0.0087653,0.0087653,0.0087653,0.0087653,0.0087653,0.0087653,0.0087653,0.0087653,0.0087653,0.0087653,0.0087653,0.0087653,0.0087653,0.0087653,0.0087653,0.0087653,0.0087653,0.0087653,0.0087653,0.0087653,0.0087653,0.0087653,0.0087653,0.0087653,0.0087653,0.0087653,0.0087653,0.0087653,0.0087653,0.0087653,0.0087653,0.0087653,0.0087653,0.0087653,0.0087653,0.0087653,0.0087653,0.0087653,0.0087653,0.0087653,0.0087653,0.0087653,0.0087653,0.0087653,0.0087653,0.0087653,0.0087653,0.0087653,0.0087653,0.0087653,0.0087653,0.0087653,0.0087653,0.0087653,0.0087653,0.0087653,0.0087653,0.0087653,0.0087653,0.0087653,0.0087653,0.0087653,0.0087653,0.0087653,0.0087653,0.0087653,0.0087653,0.0087653,0.0087653,0.0087653,0.0087653,0.0087653,0.0087653,0.0087653,0.0087653,0.0087653,0.0087653,0.0087653,0.0087653,0.0087653,0.0087653,0.0087653,0.0087653,0.0087653,0.0087653,0.0087653,0.0087653,0.0087653,0.0087653,0.0087653,0.0087653,0.0087653,0.0087653,0.0087653,0.0087653,0.0087653,0.0087653,0.0087653,0.0087653,0.0087653,0.0087653,0.0087653,0.00185618,0.00185618,0.00185618,0.00185618,0.00185618,0.00185618,0.00185618,0.00185618,0.00185618,0.00185618,0.00185618,0.00185618,0.00185618,0.00185618,0.00185618,0.00185618,0.00185618,0.00185618,0.00185618,0.00185618,0.00185618,0.00185618,0.00185618,0.00185618,0.00185618,0.00185618,0.00185618,0.00185618,0.00185618,0.00185618,0.00185618,0.00185618,0.00185618,0.00185618,0.00185618,0.00185618,0.00185618,0.00185618,0.00185618,0.00185618,0.00185618,0.00185618,0.00185618,0.00185618,0.00185618,0.00185618,0.00185618,0.00185618,0.00185618,0.00185618,0.00185618,0.00185618,0.00185618,0.00185618,0.00185618,0.00185618,0.00185618,0.00185618,0.00185618,0.00185618,0.00185618,0.00185618,0.00185618,0.00185618,0.00185618,0.00185618,0.00185618,0.00185618,0.00185618,0.00185618,0.00185618,0.00185618,0.00185618,0.00185618,0.00185618,0.00185618,0.00185618,0.00185618,0.00185618,0.00185618,0.00185618,0.00185618,0.00185618,0.00185618,0.00185618
real_0086,0.0087653,0.0087653,0.0087653,0.0087653,0.0087653,0.0087653,0.0087653,0.0087653,0.0087653,0.0087653,0.0087653,0.0087653,0.0087653,0.0087653,0.0087653,0.0087653,0.0087653,0.0087653,0.0087653,0.0087653,0.0087653,0.0087653,0.0087653,0.0087653,0.0087653,0.0087653,0.0087653,0.0087653,0.0087653,0.0087653,0.0087653,0.0087653,0.0087653,0.0087653,0.0087653,0.0087653,0.0087653,0.0087653,0.0087653,0.0087653,0.0087653,0.0087653,0.0087653,0.0087653,0.0087653,0.0087653,0.0087653,0.0087653,0.0087653,0.0087653,0.0087653,0.0087653,0.0087653,0.0087653,0.0087653,0.0087653,0.0087653,0.0087653,0.0087653,0.0087653,0.0087653,0.0087653,0.0087653,0.0087653,0.0087653,0.0087653,0.0087653,0.0087653,0.0087653,0.0087653,0.0087653,0.0087653,0.0087653,0.0087653,0.0087653,0.0087653,0.0087653,0.0087653,0.0087653,0.0087653,0.0087653,0.0087653,0.0087653,0.0087653,0.0087653,0.0087653,0.0087653,0.0087653,0.0087653,0.0087653,0.0087653,0.0087653,0.0087653,0.0087653,0.0087653,0.0087653,0.0087653,0.0087653,0.0087653,0.0087653,0.0087653,0.0087653,0.0087653,0.0087653,0.0087653,0.0087653,0.0087653,0.0087653,0.0087653,0.0087653,0.0087653,0.0087653,0.0087653,0.0087653,0.0087653,0.0087653,0.0087653,0.0087653,0.0087653,0.0087653,0.0087653,0.0087653,0.0087653,0.0087653,0.0087653,0.0087653,0.0087653,0.0087653,0.0087653,0.0087653,0.0087653,0.0087653,0.0087653,0.0087653,0.0087653,0.0087653,0.0087653,0.0087653,0.0087653,0.0087653,0.0087653,0.0087653,0.0087653,0.0087653,0.0087653,0.0087653,0.0087653,0.0087653,0.0087653,0.0087653,0.0087653,0.0087653,0.0087653,0.0087653,0.0087653,0.0087653,0.0087653,0.0087653,0.0087653,0.0087653,0.0087653,0.0087653,0.0087653,0.0087653,0.0087653,0.0087653,0.0087653,0.0087653,0.0087653,0.0087653,0.0087653,0.0087653,0.0087653,0.0087653,0.0087653,0.0087653,0.0087653,0.0087653,0.0087653,0.0087653,0.00185618,0.00185618,0.00185618,0.00185618,0.00185618,0.00185618,0.00185618,0.00185618,0.00185618,0.00185618,0.00185618,0.00185618,0.00185618,0.00185618,0.00185618,0.00185618,0.00185618,0.00185618,0.00185618,0.00185618,0.00185618,0.00185618,0.00185618,0.00185618,0.00185618,0.00185618,0.00185618,0.00185618,0.00185618,0.00185618,0.00185618,0.00185618,0.00185618,0.00185618,0.00185618,0.00185618,0.00185618,0.00185618,0.00185618,0.00185618,0.00185618,0.00185618,0.00185618,0.00185618,0.00185618,0.00185618,0.00185618,0.00185618,0.00185618,0.00185618,0.00185618,0.00185618,0.00185618,0.00185618,0.00185618,0.00185618,0.00185618,0.00185618,0.00185618,0.00185618,0.00185618,0.00185618,0.00185618,0.00185618,0.00185618,0.00185618,0.00185618,0.00185618,0.00185618,0.00185618,0.00185618,0.00185618,0.00185618,0.00185618,0.00185618,0.00185618,0.00185618,0.00185618,0.00185618,0.00185618,0.00185618,0.00185618,0.00185618,0.00185618,0.00185618
real_0087,0.0087653,0.0087653,0.0087653,0.0087653,0.0087653,0.0087653,0.0087653,0.0087653,0.0087653,0.0087653,0.0087653,0.0087653,0.0087653,0.0087653,0.0087653,0.0087653,0.0087653,0.0087653,0.0087653,0.0087653,0.0087653,0.0087653,0.0087653,0.0087653,0.0087653,0.0087653,0.0087653,0.0087653,0.0087653,0.0087653,0.0087653,0.0087653,0.0087653,0.0087653,0.0087653,0.0087653,0.0087653,0.0087653,0.0087653,0.0087653,0.0087653,0.0087653,0.0087653,0.0087653,0.0087653,0.0087653,0.0087653,0.0087653,0.0087653,0.0087653,0.0087653,0.0087653,0.0087653,0.0087653,0.0087653,0.0087653,0.0087653,0.0087653,0.0087653,0.0087653,0.0087653,0.0087653,0.0087653,0.0087653,0.0087653,0.0087653,0.0087653,0.0087653,0.0087653,0.0087653,0.0087653,0.0087653,0.0087653,0.0087653,0.0087653,0.0087653,0.0087653,0.0087653,0.0087653,0.0087653,0.0087653,0.0087653,0.0087653,0.0087653,0.0087653,0.0087653,0.0087653,0.0087653,0.0087653,0.0087653,0.0087653,0.0087653,0.0087653,0.0087653,0.0087653,0.0087653,0.0087653,0.0087653,0.0087653,0.0087653,0.0087653,0.0087653,0.0087653,0.0087653,0.0087653,0.0087653,0.0087653,0.0087653,0.0087653,0.0087653,0.0087653,0.0087653,0.0087653,0.0087653,0.0087653,0.0087653,0.0087653,0.0087653,0.0087653,0.0087653,0.0087653,0.0087653,0.0087653,0.0087653,0.0087653,0.0087653,0.0087653,0.0087653,0.0087653,0.0087653,0.0087653,0.0087653,0.0087653,0.0087653,0.0087653,0.0087653,0.0087653,0.0087653,0.0087653,0.0087653,0.0087653,0.0087653,0.0087653,0.0087653,0.0087653,0.0087653,0.0087653,0.0087653,0.0087653,0.0087653,0.0087653,0.0087653,0.0087653,0.0087653,0.0087653,0.0087653,0.0087653,0.0087653,0.0087653,0.0087653,0.0087653,0.0087653,0.0087653,0.0087653,0.0087653,0.0087653,0.0087653,0.0087653,0.0087653,0.0087653,0.0087653,0.0087653,0.0087653,0.0087653,0.0087653,0.0087653,0.0087653,0.0087653,0.0087653,0.0087653,0.00185618,0.00185618,0.00185618,0.00185618,0.00185618,0.00185618,0.00185618,0.00185618,0.00185618,0.00185618,0.00185618,0.00185618,0.00185618,0.00185618,0.00185618,0.00185618,0.00185618,0.00185618,0.00185618,0.00185618,0.00185618,0.00185618,0.00185618,0.00185618,0.00185618,0.00185618,0.00185618,0.00185618,0.00185618,0.00185618,0.00185618,0.00185618,0.00185618,0.00185618,0.00185618,0.00185618,0.00185618,0.00185618,0.00185618,0.00185618,0.00185618,0.00185618,0.00185618,0.00185618,0.00185618,0.00185618,0.00185618,0.00185618,0.00185618,0.00185618,0.00185618,0.00185618,0.00185618,0.00185618,0.00185618,0.00185618,0.00185618,0.00185618,0.00185618,0.00185618,0.00185618,0.00185618,0.00185618,0.00185618,0.00185618,0.00185618,0.00185618,0.00185618,0.00185618,0.00185618,0.00185618,0.00185618,0.00185618,0.00185618,0.00185618,0.00185618,0.00185618,0.00185618,0.00185618,0.00185618,0.00185618,0.00185618,0.00185618,0.00185618,0.00185618
real_0088,0.0087653,0.0087653,0.0087653,0.0087653,0.0087653,0.0087653,0.0087653,0.0087653,0.0087653,0.0087653,0.0087653,0.0087653,0.0087653,0.0087653,0.0087653,0.0087653,0.0087653,0.0087653,0.0087653,0.0087653,0.0087653,0.0087653,0.0087653,0.0087653,0.0087653,0.0087653,0.0087653,0.0087653,0.0087653,0.0087653,0.0087653,0.0087653,0.0087653,0.0087653,0.0087653,0.0087653,0.0087653,0.0087653,0.0087653,0.0087653,0.0087653,0.0087653,0.0087653,0.0087653,0.0087653,0.0087653,0.0087653,0.0087653,0.0087653,0.0087653,0.0087653,0.0087653,0.0087653,0.0087653,0.0087653,0.0087653,0.0087653,0.0087653,0.0087653,0.0087653,0.0087653,0.0087653,0.0087653,0.0087653,0.0087653,0.0087653,0.0087653,0.0087653,0.0087653,0.0087653,0.0087653,0.0087653,0.0087653,0.0087653,0.0087653,0.0087653,0.0087653,0.0087653,0.0087653,0.0087653,0.0087653,0.0087653,0.0087653,0.0087653,0.0087653,0.0087653,0.0087653,0.0087653,0.0087653,0.0087653,0.0087653,0.0087653,0.0087653,0.0087653,0.0087653,0.0087653,0.0087653,0.0087653,0.0087653,0.0087653,0.0087653,0.0087653,0.0087653,0.0087653,0.0087653,0.0087653,0.0087653,0.0087653,0.0087653,0.0087653,0.0087653,0.0087653,0.0087653,0.0087653,0.0087653,0.0087653,0.0087653,0.0087653,0.0087653,0.0087653,0.0087653,0.0087653,0.0087653,0.0087653,0.0087653,0.0087653,0.0087653,0.0087653,0.0087653,0.0087653,0.0087653,0.0087653,0.0087653,0.0087653,0.0087653,0.0087653,0.0087653,0.0087653,0.0087653,0.0087653,0.0087653,0.0087653,0.0087653,0.0087653,0.0087653,0.0087653,0.0087653,0.0087653,0.0087653,0.0087653,0.0087653,0.0087653,0.0087653,0.0087653,0.0087653,0.0087653,0.0087653,0.0087653,0.0087653,0.0087653,0.0087653,0.0087653,0.0087653,0.0087653,0.0087653,0.0087653,0.0087653,0.0087653,0.0087653,0.0087653,0.0087653,0.0087653,0.0087653,0.0087653,0.0087653,0.0087653,0.0087653,0.0087653,0.0087653,0.0087653,0.00185618,0.00185618,0.00185618,0.00185618,0.00185618,0.00185618,0.00185618,0.00185618,0.00185618,0.00185618,0.00185618,0.00185618,0.00185618,0.00185618,0.00185618,0.00185618,0.00185618,0.00185618,0.00185618,0.00185618,0.00185618,0.00185618,0.00185618,0.00185618,0.00185618,0.00185618,0.00185618,0.00185618,0.00185618,0.00185618,0.00185618,0.00185618,0.00185618,0.00185618,0.00185618,0.00185618,0.00185618,0.00185618,0.00185618,0.00185618,0.00185618,0.00185618,0.00185618,0.00185618,0.00185618,0.00185618,0.00185618,0.00185618,0.00185618,0.00185618,0.00185618,0.00185618,0.00185618,0.00185618,0.00185618,0.00185618,0.00185618,0.00185618,0.00185618,0.00185618,0.00185618,0.00185618,0.00185618,0.00185618,0.00185618,0.00185618,0.00185618,0.00185618,0.00185618,0.00185618,0.00185618,0.00185618,0.00185618,0.00185618,0.00185618,0.00185618,0.00185618,0.00185618,0.00185618,0.00185618,0.00185618,0.00185618,0.00185618,0.00185618,0.00185618
real_0089,0.0087653,0.0087653,0.0087653,0.0087653,0.0087653,0.0087653,0.0087653,0.0087653,0.0087653,0.0087653,0.0087653,0.0087653,0.0087653,0.0087653,0.0087653,0.0087653,0.0087653,0.0087653,0.0087653,0.0087653,0.0087653,0.0087653,0.0087653,0.0087653,0.0087653,0.0087653,0.0087653,0.0087653,0.0087653,0.0087653,0.0087653,0.0087653,0.0087653,0.0087653,0.0087653,0.0087653,0.0087653,0.0087653,0.0087653,0.0087653,0.0087653,0.0087653,0.0087653,0.0087653,0.0087653,0.0087653,0.0087653,0.0087653,0.0087653,0.0087653,0.0087653,0.0087653,0.0087653,0.0087653,0.0087653,0.0087653,0.0087653,0.0087653,0.0087653,0.0087653,0.0087653,0.0087653,0.0087653,0.0087653,0.0087653,0.0087653,0.0087653,0.0087653,0.0087653,0.0087653,0.0087653,0.0087653,0.0087653,0.0087653,0.0087653,0.0087653,0.0087653,0.0087653,0.0087653,0.0087653,0.0087653,0.0087653,0.0087653,0.0087653,0.0087653,0.0087653,0.0087653,0.0087653,0.0087653,0.0087653,0.0087653,0.0087653,0.0087653,0.0087653,0.0087653,0.0087653,0.0087653,0.0087653,0.0087653,0.0087653,0.0087653,0.0087653,0.0087653,0.0087653,0.0087653,0.0087653,0.0087653,0.0087653,0.0087653,0.0087653,0.0087653,0.0087653,0.0087653,0.0087653,0.0087653,0.0087653,0.0087653,0.0087653,0.0087653,0.0087653,0.0087653,0.0087653,0.0087653,0.0087653,0.0087653,0.0087653,0.0087653,0.0087653,0.0087653,0.0087653,0.0087653,0.0087653,0.0087653,0.0087653,0.0087653,0.0087653,0.0087653,0.0087653,0.0087653,0.0087653,0.0087653,0.0087653,0.0087653,0.0087653,0.0087653,0.0087653,0.0087653,0.0087653,0.0087653,0.0087653,0.0087653,0.0087653,0.0087653,0.0087653,0.0087653,0.0087653,0.0087653,0.0087653,0.0087653,0.0087653,0.0087653,0.0087653,0.0087653,0.0087653,0.0087653,0.0087653,0.0087653,0.0087653,0.0087653,0.0087653,0.0087653,0.0087653,0.0087653,0.0087653,0.0087653,0.0087653,0.0087653,0.0087653,0.0087653,0.0087653,0.00185618,0.00185618,0.00185618,0.00185618,0.00185618,0.00185618,0.00185618,0.00185618,0.00185618,0.00185618,0.00185618,0.00185618,0.00185618,0.00185618,0.00185618,0.00185618,0.00185618,0.00185618,0.00185618,0.00185618,0.00185618,0.00185618,0.00185618,0.00185618,0.00185618,0.00185618,0.00185618,0.00185618,0.00185618,0.00185618,0.00185618,0.00185618,0.00185618,0.00185618,0.00185618,0.00185618,0.00185618,0.00185618,0.00185618,0.00185618,0.00185618,0.00185618,0.00185618,0.00185618,0.00185618,0.00185618,0.00185618,0.00185618,0.00185618,0.00185618,0.00185618,0.00185618,0.00185618,0.00185618,0.00185618,0.00185618,0.00185618,0.00185618,0.00185618,0.00185618,0.00185618,0.00185618,0.00185618,0.00185618,0.00185618,0.00185618,0.00185618,0.00185618,0.00185618,0.00185618,0.00185618,0.00185618,0.00185618,0.00185618,0.00185618,0.00185618,0.00185618,0.00185618,0.00185618,0.00185618,0.00185618,0.00185618,0.00185618,0.00185618,0.00185618
real_0090,0.0087653,0.0087653,0.0087653,0.0087653,0.0087653,0.0087653,0.0087653,0.0087653,0.0087653,0.0087653,0.0087653,0.0087653,0.0087653,0.0087653,0.0087653,0.0087653,0.0087653,0.0087653,0.0087653,0.0087653,0.0087653,0.0087653,0.0087653,0.0087653,0.0087653,0.0087653,0.0087653,0.0087653,0.0087653,0.0087653,0.0087653,0.0087653,0.0087653,0.0087653,0.0087653,0.0087653,0.0087653,0.0087653,0.0087653,0.0087653,0.0087653,0.0087653,0.0087653,0.0087653,0.0087653,0.0087653,0.0087653,0.0087653,0.0087653,0.0087653,0.0087653,0.0087653,0.0087653,0.0087653,0.0087653,0.0087653,0.0087653,0.0087653,0.0087653,0.0087653,0.0087653,0.0087653,0.0087653,0.0087653,0.0087653,0.0087653,0.0087653,0.0087653,0.0087653,0.0087653,0.0087653,0.0087653,0.0087653,0.0087653,0.0087653,0.0087653,0.0087653,0.0087653,0.0087653,0.0087653,0.0087653,0.0087653,0.0087653,0.0087653,0.0087653,0.0087653,0.0087653,0.0087653,0.0087653,0.0087653,0.0087653,0.0087653,0.0087653,0.0087653,0.0087653,0.0087653,0.0087653,0.0087653,0.0087653,0.0087653,0.0087653,0.0087653,0.0087653,0.0087653,0.0087653,0.0087653,0.0087653,0.0087653,0.0087653,0.0087653,0.0087653,0.0087653,0.0087653,0.0087653,0.0087653,0.0087653,0.0087653,0.0087653,0.0087653,0.0087653,0.0087653,0.0087653,0.0087653,0.0087653,0.0087653,0.0087653,0.0087653,0.0087653,0.0087653,0.0087653,0.0087653,0.0087653,0.0087653,0.0087653,0.0087653,0.0087653,0.0087653,0.0087653,0.0087653,0.0087653,0.0087653,0.0087653,0.0087653,0.0087653,0.0087653,0.0087653,0.0087653,0.0087653,0.0087653,0.0087653,0.0087653,0.0087653,0.0087653,0.0087653,0.0087653,0.0087653,0.0087653,0.0087653,0.0087653,0.0087653,0.0087653,0.0087653,0.0087653,0.0087653,0.0087653,0.0087653,0.0087653,0.0087653,0.0087653,0.0087653,0.0087653,0.0087653,0.0087653,0.0087653,0.0087653,0.0087653,0.0087653,0.0087653,0.0087653,0.0087653,0.00185618,0.00185618,0.00185618,0.00185618,0.00185618,0.00185618,0.00185618,0.00185618,0.00185618,0.00185618,0.00185618,0.00185618,0.00185618,0.00185618,0.00185618,0.00185618,0.00185618,0.00185618,0.00185618,0.00185618,0.00185618,0.00185618,0.00185618,0.00185618,0.00185618,0.00185618,0.00185618,0.00185618,0.00185618,0.00185618,0.00185618,0.00185618,0.00185618,0.00185618,0.00185618,0.00185618,0.00185618,0.00185618,0.00185618,0.00185618,0.00185618,0.00185618,0.00185618,0.00185618,0.00185618,0.00185618,0.00185618,0.00185618,0.00185618,0.00185618,0.00185618,0.00185618,0.00185618,0.00185618,0.00185618,0.00185618,0.00185618,0.00185618,0.00185618,0.00185618,0.00185618,0.00185618,0.00185618,0.00185618,0.00185618,0.00185618,0.00185618,0.00185618,0.00185618,0.00185618,0.00185618,0.00185618,0.00185618,0.00185618,0.00185618,0.00185618,0.00185618,0.00185618,0.00185618,0.00185618,0.00185618,0.00185618,0.00185618,0.00185618,0.00185618
real_0091,0.0087653,0.0087653,0.0087653,0.0087653,0.0087653,0.0087653,0.0087653,0.0087653,0.0087653,0.0087653,0.0087653,0.0087653,0.0087653,0.0087653,0.0087653,0.0087653,0.0087653,0.0087653,0.0087653,0.0087653,0.0087653,0.0087653,0.0087653,0.0087653,0.0087653,0.0087653,0.0087653,0.0087653,0.0087653,0.0087653,0.0087653,0.0087653,0.0087653,0.0087653,0.0087653,0.0087653,0.0087653,0.0087653,0.0087653,0.0087653,0.0087653,0.0087653,0.0087653,0.0087653,0.0087653,0.0087653,0.0087653,0.0087653,0.0087653,0.0087653,0.0087653,0.0087653,0.0087653,0.0087653,0.0087653,0.0087653,0.0087653,0.0087653,0.0087653,0.0087653,0.0087653,0.0087653,0.0087653,0.0087653,0.0087653,0.0087653,0.0087653,0.0087653,0.0087653,0.0087653,0.0087653,0.0087653,0.0087653,0.0087653,0.0087653,0.0087653,0.0087653,0.0087653,0.0087653,0.0087653,0.0087653,0.0087653,0.0087653,0.0087653,0.0087653,0.0087653,0.0087653,0.0087653,0.0087653,0.0087653,0.0087653,0.0087653,0.0087653,0.0087653,0.0087653,0.0087653,0.0087653,0.0087653,0.0087653,0.0087653,0.0087653,0.0087653,0.0087653,0.0087653,0.0087653,0.0087653,0.0087653,0.0087653,0.0087653,0.0087653,0.0087653,0.0087653,0.0087653,0.0087653,0.0087653,0.0087653,0.0087653,0.0087653,0.0087653,0.0087653,0.0087653,0.0087653,0.0087653,0.0087653,0.0087653,0.0087653,0.0087653,0.0087653,0.0087653,0.0087653,0.0087653,0.0087653,0.0087653,0.0087653,0.0087653,0.0087653,0.0087653,0.0087653,0.0087653,0.0087653,0.0087653,0.0087653,0.0087653,0.0087653,0.0087653,0.0087653,0.0087653,0.0087653,0.0087653,0.0087653,0.0087653,0.0087653,0.0087653,0.0087653,0.0087653,0.0087653,0.0087653,0.0087653,0.0087653,0.0087653,0.0087653,0.0087653,0.0087653,0.0087653,0.0087653,0.0087653,0.0087653,0.0087653,0.0087653,0.0087653,0.0087653,0.0087653,0.0087653,0.0087653,0.0087653,0.0087653,0.0087653,0.0087653,0.0087653,0.0087653,0.00185618,0.00185618,0.00185618,0.00185618,0.00185618,0.00185618,0.00185618,0.00185618,0.00185618,0.00185618,0.00185618,0.00185618,0.00185618,0.00185618,0.00185618,0.00185618,0.00185618,0.00185618,0.00185618,0.00185618,0.00185618,0.00185618,0.00185618,0.00185618,0.00185618,0.00185618,0.00185618,0.00185618,0.00185618,0.00185618,0.00185618,0.00185618,0.00185618,0.00185618,0.00185618,0.00185618,0.00185618,0.00185618,0.00185618,0.00185618,0.00185618,0.00185618,0.00185618,0.00185618,0.00185618,0.00185618,0.00185618,0.00185618,0.00185618,0.00185618,0.00185618,0.00185618,0.00185618,0.00185618,0.00185618,0.00185618,0.00185618,0.00185618,0.00185618,0.00185618,0.00185618,0.00185618,0.00185618,0.00185618,0.00185618,0.00185618,0.00185618,0.00185618,0.00185618,0.00185618,0.00185618,0.00185618,0.00185618,0.00185618,0.00185618,0.00185618,0.00185618,0.00185618,0.00185618,0.00185618,0.00185618,0.00185618,0.00185618,0.00185618,0.00185618
real_0092,0.0087653,0.0087653,0.0087653,0.0087653,0.0087653,0.0087653,0.0087653,0.0087653,0.0087653,0.0087653,0.0087653,0.0087653,0.0087653,0.0087653,0.0087653,0.0087653,0.0087653,0.0087653,0.0087653,0.0087653,0.0087653,0.0087653,0.0087653,0.0087653,0.0087653,0.0087653,0.0087653,0.0087653,0.0087653,0.0087653,0.0087653,0.0087653,0.0087653,0.0087653,0.0087653,0.0087653,0.0087653,0.0087653,0.0087653,0.0087653,0.0087653,0.0087653,0.0087653,0.0087653,0.0087653,0.0087653,0.0087653,0.0087653,0.0087653,0.0087653,0.0087653,0.0087653,0.0087653,0.0087653,0.0087653,0.0087653,0.0087653,0.0087653,0.0087653,0.0087653,0.0087653,0.0087653,0.0087653,0.0087653,0.0087653,0.0087653,0.0087653,0.0087653,0.0087653,0.0087653,0.0087653,0.0087653,0.0087653,0.0087653,0.0087653,0.0087653,0.0087653,0.0087653,0.0087653,0.0087653,0.0087653,0.0087653,0.0087653,0.0087653,0.0087653,0.0087653,0.0087653,0.0087653,0.0087653,0.0087653,0.0087653,0.0087653,0.0087653,0.0087653,0.0087653,0.0087653,0.0087653,0.0087653,0.0087653,0.0087653,0.0087653,0.0087653,0.0087653,0.0087653,0.0087653,0.0087653,0.0087653,0.0087653,0.0087653,0.0087653,0.0087653,0.0087653,0.0087653,0.0087653,0.0087653,0.0087653,0.0087653,0.0087653,0.0087653,0.0087653,0.0087653,0.0087653,0.0087653,0.0087653,0.0087653,0.0087653,0.0087653,0.0087653,0.0087653,0.0087653,0.0087653,0.0087653,0.0087653,0.0087653,0.0087653,0.0087653,0.0087653,0.0087653,0.0087653,0.0087653,0.0087653,0.0087653,0.0087653,0.0087653,0.0087653,0.0087653,0.0087653,0.0087653,0.0087653,0.0087653,0.0087653,0.0087653,0.0087653,0.0087653,0.0087653,0.0087653,0.0087653,0.0087653,0.0087653,0.0087653,0.0087653,0.0087653,0.0087653,0.0087653,0.0087653,0.0087653,0.0087653,0.0087653,0.0087653,0.0087653,0.0087653,0.0087653,0.0087653,0.0087653,0.0087653,0.0087653,0.0087653,0.0087653,0.0087653,0.0087653,0.00185618,0.00185618,0.00185618,0.00185618,0.00185618,0.00185618,0.00185618,0.00185618,0.00185618,0.00185618,0.00185618,0.00185618,0.00185618,0.00185618,0.00185618,0.00185618,0.00185618,0.00185618,0.00185618,0.00185618,0.00185618,0.00185618,0.00185618,0.00185618,0.00185618,0.00185618,0.00185618,0.00185618,0.00185618,0.00185618,0.00185618,0.00185618,0.00185618,0.00185618,0.00185618,0.00185618,0.00185618,0.00185618,0.00185618,0.00185618,0.00185618,0.00185618,0.00185618,0.00185618,0.00185618,0.00185618,0.00185618,0.00185618,0.00185618,0.00185618,0.00185618,0.00185618,0.00185618,0.00185618,0.00185618,0.00185618,0.00185618,0.00185618,0.00185618,0.00185618,0.00185618,0.00185618,0.00185618,0.00185618,0.00185618,0.00185618,0.00185618,0.00185618,0.00185618,0.00185618,0.00185618,0.00185618,0.00185618,0.00185618,0.00185618,0.00185618,0.00185618,0.00185618,0.00185618,0.00185618,0.00185618,0.00185618,0.00185618,0.00185618,0.00185618
real_0093,0.0087653,0.0087653,0.0087653,0.0087653,0.0087653,0.0087653,0.0087653,0.0087653,0.0087653,0.0087653,0.0087653,0.0087653,0.0087653,0.0087653,0.0087653,0.0087653,0.0087653,0.0087653,0.0087653,0.0087653,0.0087653,0.0087653,0.0087653,0.0087653,0.0087653,0.0087653,0.0087653,0.0087653,0.0087653,0.0087653,0.0087653,0.0087653,0.0087653,0.0087653,0.0087653,0.0087653,0.0087653,0.0087653,0.0087653,0.0087653,0.0087653,0.0087653,0.0087653,0.0087653,0.0087653,0.0087653,0.0087653,0.0087653,0.0087653,0.0087653,0.0087653,0.0087653,0.0087653,0.0087653,0.0087653,0.0087653,0.0087653,0.0087653,0.0087653,0.0087653,0.0087653,0.0087653,0.0087653,0.0087653,0.0087653,0.0087653,0.0087653,0.0087653,0.0087653,0.0087653,0.0087653,0.0087653,0.0087653,0.0087653,0.0087653,0.0087653,0.0087653,0.0087653,0.0087653,0.0087653,0.0087653,0.0087653,0.0087653,0.0087653,0.0087653,0.0087653,0.0087653,0.0087653,0.0087653,0.0087653,0.0087653,0.0087653,0.0087653,0.0087653,0.0087653,0.0087653,0.0087653,0.0087653,0.0087653,0.0087653,0.0087653,0.0087653,0.0087653,0.0087653,0.0087653,0.0087653,0.0087653,0.0087653,0.0087653,0.0087653,0.0087653,0.0087653,0.0087653,0.0087653,0.0087653,0.0087653,0.0087653,0.0087653,0.0087653,0.0087653,0.0087653,0.0087653,0.0087653,0.0087653,0.0087653,0.0087653,0.0087653,0.0087653,0.0087653,0.0087653,0.0087653,0.0087653,0.0087653,0.0087653,0.0087653,0.0087653,0.0087653,0.0087653,0.0087653,0.0087653,0.0087653,0.0087653,0.0087653,0.0087653,0.0087653,0.0087653,0.0087653,0.0087653,0.0087653,0.0087653,0.0087653,0.0087653,0.0087653,0.0087653,0.0087653,0.0087653,0.0087653,0.0087653,0.0087653,0.0087653,0.0087653,0.0087653,0.0087653,0.0087653,0.0087653,0.0087653,0.0087653,0.0087653,0.0087653,0.0087653,0.0087653,0.0087653,0.0087653,0.0087653,0.0087653,0.0087653,0.0087653,0.0087653,0.0087653,0.0087653,0.00185618,0.00185618,0.00185618,0.00185618,0.00185618,0.00185618,0.00185618,0.00185618,0.00185618,0.00185618,0.00185618,0.00185618,0.00185618,0.00185618,0.00185618,0.00185618,0.00185618,0.00185618,0.00185618,0.00185618,0.00185618,0.00185618,0.00185618,0.00185618,0.00185618,0.00185618,0.00185618,0.00185618,0.00185618,0.00185618,0.00185618,0.00185618,0.00185618,0.00185618,0.00185618,0.00185618,0.00185618,0.00185618,0.00185618,0.00185618,0.00185618,0.00185618,0.00185618,0.00185618,0.00185618,0.00185618,0.00185618,0.00185618,0.00185618,0.00185618,0.00185618,0.00185618,0.00185618,0.00185618,0.00185618,0.00185618,0.00185618,0.00185618,0.00185618,0.00185618,0.00185618,0.00185618,0.00185618,0.00185618,0.00185618,0.00185618,0.00185618,0.00185618,0.00185618,0.00185618,0.00185618,0.00185618,0.00185618,0.00185618,0.00185618,0.00185618,0.00185618,0.00185618,0.00185618,0.00185618,0.00185618,0.00185618,0.00185618,0.00185618,0.00185618
real_0094,0.0087653,0.0087653,0.0087653,0.0087653,0.0087653,0.0087653,0.0087653,0.0087653,0.0087653,0.0087653,0.0087653,0.0087653,0.0087653,0.0087653,0.0087653,0.0087653,0.0087653,0.0087653,0.0087653,0.0087653,0.0087653,0.0087653,0.0087653,0.0087653,0.0087653,0.0087653,0.0087653,0.0087653,0.0087653,0.0087653,0.0087653,0.0087653,0.0087653,0.0087653,0.0087653,0.0087653,0.0087653,0.0087653,0.0087653,0.0087653,0.0087653,0.0087653,0.0087653,0.0087653,0.0087653,0.0087653,0.0087653,0.0087653,0.0087653,0.0087653,0.0087653,0.0087653,0.0087653,0.0087653,0.0087653,0.0087653,0.0087653,0.0087653,0.0087653,0.0087653,0.0087653,0.0087653,0.0087653,0.0087653,0.0087653,0.0087653,0.0087653,0.0087653,0.0087653,0.0087653,0.0087653,0.0087653,0.0087653,0.0087653,0.0087653,0.0087653,0.0087653,0.0087653,0.0087653,0.0087653,0.0087653,0.0087653,0.0087653,0.0087653,0.0087653,0.0087653,0.0087653,0.0087653,0.0087653,0.0087653,0.0087653,0.0087653,0.0087653,0.0087653,0.0087653,0.0087653,0.0087653,0.0087653,0.0087653,0.0087653,0.0087653,0.0087653,0.0087653,0.0087653,0.0087653,0.0087653,0.0087653,0.0087653,0.0087653,0.0087653,0.0087653,0.0087653,0.0087653,0.0087653,0.0087653,0.0087653,0.0087653,0.0087653,0.0087653,0.0087653,0.0087653,0.0087653,0.0087653,0.0087653,0.0087653,0.0087653,0.0087653,0.0087653,0.0087653,0.0087653,0.0087653,0.0087653,0.0087653,0.0087653,0.0087653,0.0087653,0.0087653,0.0087653,0.0087653,0.0087653,0.0087653,0.0087653,0.0087653,0.0087653,0.0087653,0.0087653,0.0087653,0.0087653,0.0087653,0.0087653,0.0087653,0.0087653,0.0087653,0.0087653,0.0087653,0.0087653,0.0087653,0.0087653,0.0087653,0.0087653,0.0087653,0.0087653,0.0087653,0.0087653,0.0087653,0.0087653,0.0087653,0.0087653,0.0087653,0.0087653,0.0087653,0.0087653,0.0087653,0.0087653,0.0087653,0.0087653,0.0087653,0.0087653,0.0087653,0.0087653,0.00185618,0.00185618,0.00185618,0.00185618,0.00185618,0.00185618,0.00185618,0.00185618,0.00185618,0.00185618,0.00185618,0.00185618,0.00185618,0.00185618,0.00185618,0.00185618,0.00185618,0.00185618,0.00185618,0.00185618,0.00185618,0.00185618,0.00185618,0.00185618,0.00185618,0.00185618,0.00185618,0.00185618,0.00185618,0.00185618,0.00185618,0.00185618,0.00185618,0.00185618,0.00185618,0.00185618,0.00185618,0.00185618,0.00185618,0.00185618,0.00185618,0.00185618,0.00185618,0.00185618,0.00185618,0.00185618,0.00185618,0.00185618,0.00185618,0.00185618,0.00185618,0.00185618,0.00185618,0.00185618,0.00185618,0.00185618,0.00185618,0.00185618,0.00185618,0.00185618,0.00185618,0.00185618,0.00185618,0.00185618,0.00185618,0.00185618,0.00185618,0.00185618,0.00185618,0.00185618,0.00185618,0.00185618,0.00185618,0.00185618,0.00185618,0.00185618,0.00185618,0.00185618,0.00185618,0.00185618,0.00185618,0.00185618,0.00185618,0.00185618,0.00185618
real_0095,0.0087653,0.0087653,0.0087653,0.0087653,0.0087653,0.0087653,0.0087653,0.0087653,0.0087653,0.0087653,0.0087653,0.0087653,0.0087653,0.0087653,0.0087653,0.0087653,0.0087653,0.0087653,0.0087653,0.0087653,0.0087653,0.0087653,0.0087653,0.0087653,0.0087653,0.0087653,0.0087653,0.0087653,0.0087653,0.0087653,0.0087653,0.0087653,0.0087653,0.0087653,0.0087653,0.0087653,0.0087653,0.0087653,0.0087653,0.0087653,0.0087653,0.0087653,0.0087653,0.0087653,0.0087653,0.0087653,0.0087653,0.0087653,0.0087653,0.0087653,0.0087653,0.0087653,0.0087653,0.0087653,0.0087653,0.0087653,0.0087653,0.0087653,0.0087653,0.0087653,0.0087653,0.0087653,0.0087653,0.0087653,0.0087653,0.0087653,0.0087653,0.0087653,0.0087653,0.0087653,0.0087653,0.0087653,0.0087653,0.0087653,0.0087653,0.0087653,0.0087653,0.0087653,0.0087653,0.0087653,0.0087653,0.0087653,0.0087653,0.0087653,0.0087653,0.0087653,0.0087653,0.0087653,0.0087653,0.0087653,0.0087653,0.0087653,0.0087653,0.0087653,0.0087653,0.0087653,0.0087653,0.0087653,0.0087653,0.0087653,0.0087653,0.0087653,0.0087653,0.0087653,0.0087653,0.0087653,0.0087653,0.0087653,0.0087653,0.0087653,0.0087653,0.0087653,0.0087653,0.0087653,0.0087653,0.0087653,0.0087653,0.0087653,0.0087653,0.0087653,0.0087653,0.0087653,0.0087653,0.0087653,0.0087653,0.0087653,0.0087653,0.0087653,0.0087653,0.0087653,0.0087653,0.0087653,0.0087653,0.0087653,0.0087653,0.0087653,0.0087653,0.0087653,0.0087653,0.0087653,0.0087653,0.0087653,0.0087653,0.0087653,0.0087653,0.0087653,0.0087653,0.0087653,0.0087653,0.0087653,0.0087653,0.0087653,0.0087653,0.0087653,0.0087653,0.0087653,0.0087653,0.0087653,0.0087653,0.0087653,0.0087653,0.0087653,0.0087653,0.0087653,0.0087653,0.0087653,0.0087653,0.0087653,0.0087653,0.0087653,0.0087653,0.0087653,0.0087653,0.0087653,0.0087653,0.0087653,0.0087653,0.0087653,0.0087653,0.0087653,0.00185618,0.00185618,0.00185618,0.00185618,0.00185618,0.00185618,0.00185618,0.00185618,0.00185618,0.00185618,0.00185618,0.00185618,0.00185618,0.00185618,0.00185618,0.00185618,0.00185618,0.00185618,0.00185618,0.00185618,0.00185618,0.00185618,0.00185618,0.00185618,0.00185618,0.00185618,0.00185618,0.00185618,0.00185618,0.00185618,0.00185618,0.00185618,0.00185618,0.00185618,0.00185618,0.00185618,0.00185618,0.00185618,0.00185618,0.00185618,0.00185618,0.00185618,0.00185618,0.00185618,0.00185618,0.00185618,0.00185618,0.00185618,0.00185618,0.00185618,0.00185618,0.00185618,0.00185618,0.00185618,0.00185618,0.00185618,0.00185618,0.00185618,0.00185618,0.00185618,0.00185618,0.00185618,0.00185618,0.00185618,0.00185618,0.00185618,0.00185618,0.00185618,0.00185618,0.00185618,0.00185618,0.00185618,0.00185618,0.00185618,0.00185618,0.00185618,0.00185618,0.00185618,0.00185618,0.00185618,0.00185618,0.00185618,0.00185618,0.00185618,0.00185618
real_0096,0.0087653,0.0087653,0.0087653,0.0087653,0.0087653,0.0087653,0.0087653,0.0087653,0.0087653,0.0087653,0.0087653,0.0087653,0.0087653,0.0087653,0.0087653,0.0087653,0.0087653,0.0087653,0.0087653,0.0087653,0.0087653,0.0087653,0.0087653,0.0087653,0.0087653,0.0087653,0.0087653,0.0087653,0.0087653,0.0087653,0.0087653,0.0087653,0.0087653,0.0087653,0.0087653,0.0087653,0.0087653,0.0087653,0.0087653,0.0087653,0.0087653,0.0087653,0.0087653,0.0087653,0.0087653,0.0087653,0.0087653,0.0087653,0.0087653,0.0087653,0.0087653,0.0087653,0.0087653,0.0087653,0.0087653,0.0087653,0.0087653,0.0087653,0.0087653,0.0087653,0.0087653,0.0087653,0.0087653,0.0087653,0.0087653,0.0087653,0.0087653,0.0087653,0.0087653,0.0087653,0.0087653,0.0087653,0.0087653,0.0087653,0.0087653,0.0087653,0.0087653,0.0087653,0.0087653,0.0087653,0.0087653,0.0087653,0.0087653,0.0087653,0.0087653,0.0087653,0.0087653,0.0087653,0.0087653,0.0087653,0.0087653,0.0087653,0.0087653,0.0087653,0.0087653,0.0087653,0.0087653,0.0087653,0.0087653,0.0087653,0.0087653,0.0087653,0.0087653,0.0087653,0.0087653,0.0087653,0.0087653,0.0087653,0.0087653,0.0087653,0.0087653,0.0087653,0.0087653,0.0087653,0.0087653,0.0087653,0.0087653,0.0087653,0.0087653,0.0087653,0.0087653,0.0087653,0.0087653,0.0087653,0.0087653,0.0087653,0.0087653,0.0087653,0.0087653,0.0087653,0.0087653,0.0087653,0.0087653,0.0087653,0.0087653,0.0087653,0.0087653,0.0087653,0.0087653,0.0087653,0.0087653,0.0087653,0.0087653,0.0087653,0.0087653,0.0087653,0.0087653,0.0087653,0.0087653,0.0087653,0.0087653,0.0087653,0.0087653,0.0087653,0.0087653,0.0087653,0.0087653,0.0087653,0.0087653,0.0087653,0.0087653,0.0087653,0.0087653,0.0087653,0.0087653,0.0087653,0.0087653,0.0087653,0.0087653,0.0087653,0.0087653,0.0087653,0.0087653,0.0087653,0.0087653,0.0087653,0.0087653,0.0087653,0.0087653,0.0087653,0.00185618,0.00185618,0.00185618,0.00185618,0.00185618,0.00185618,0.00185618,0.00185618,0.00185618,0.00185618,0.00185618,0.00185618,0.00185618,0.00185618,0.00185618,0.00185618,0.00185618,0.00185618,0.00185618,0.00185618,0.00185618,0.00185618,0.00185618,0.00185618,0.00185618,0.00185618,0.00185618,0.00185618,0.00185618,0.00185618,0.00185618,0.00185618,0.00185618,0.00185618,0.00185618,0.00185618,0.00185618,0.00185618,0.00185618,0.00185618,0.00185618,0.00185618,0.00185618,0.00185618,0.00185618,0.00185618,0.00185618,0.00185618,0.00185618,0.00185618,0.00185618,0.00185618,0.00185618,0.00185618,0.00185618,0.00185618,0.00185618,0.00185618,0.00185618,0.00185618,0.00185618,0.00185618,0.00185618,0.00185618,0.00185618,0.00185618,0.00185618,0.00185618,0.00185618,0.00185618,0.00185618,0.00185618,0.00185618,0.00185618,0.00185618,0.00185618,0.00185618,0.00185618,0.00185618,0.00185618,0.00185618,0.00185618,0.00185618,0.00185618,0.00185618
real_0097,0.0087653,0.0087653,0.0087653,0.0087653,0.0087653,0.0087653,0.0087653,0.0087653,0.0087653,0.0087653,0.0087653,0.0087653,0.0087653,0.0087653,0.0087653,0.0087653,0.0087653,0.0087653,0.0087653,0.0087653,0.0087653,0.0087653,0.0087653,0.0087653,0.0087653,0.0087653,0.0087653,0.0087653,0.0087653,0.0087653,0.0087653,0.0087653,0.0087653,0.0087653,0.0087653,0.0087653,0.0087653,0.0087653,0.0087653,0.0087653,0.0087653,0.0087653,0.0087653,0.0087653,0.0087653,0.0087653,0.0087653,0.0087653,0.0087653,0.0087653,0.0087653,0.0087653,0.0087653,0.0087653,0.0087653,0.0087653,0.0087653,0.0087653,0.0087653,0.0087653,0.0087653,0.0087653,0.0087653,0.0087653,0.0087653,0.0087653,0.0087653,0.0087653,0.0087653,0.0087653,0.0087653,0.0087653,0.0087653,0.0087653,0.0087653,0.0087653,0.0087653,0.0087653,0.0087653,0.0087653,0.0087653,0.0087653,0.0087653,0.0087653,0.0087653,0.0087653,0.0087653,0.0087653,0.0087653,0.0087653,0.0087653,0.0087653,0.0087653,0.0087653,0.0087653,0.0087653,0.0087653,0.0087653,0.0087653,0.0087653,0.0087653,0.0087653,0.0087653,0.0087653,0.0087653,0.0087653,0.0087653,0.0087653,0.0087653,0.0087653,0.0087653,0.0087653,0.0087653,0.0087653,0.0087653,0.0087653,0.0087653,0.0087653,0.0087653,0.0087653,0.0087653,0.0087653,0.0087653,0.0087653,0.0087653,0.0087653,0.0087653,0.0087653,0.0087653,0.0087653,0.0087653,0.0087653,0.0087653,0.0087653,0.0087653,0.0087653,0.0087653,0.0087653,0.0087653,0.0087653,0.0087653,0.0087653,0.0087653,0.0087653,0.0087653,0.0087653,0.0087653,0.0087653,0.0087653,0.0087653,0.0087653,0.0087653,0.0087653,0.0087653,0.0087653,0.0087653,0.0087653,0.0087653,0.0087653,0.0087653,0.0087653,0.0087653,0.0087653,0.0087653,0.0087653,0.0087653,0.0087653,0.0087653,0.0087653,0.0087653,0.0087653,0.0087653,0.0087653,0.0087653,0.0087653,0.0087653,0.0087653,0.0087653,0.0087653,0.0087653,0.00185618,0.00185618,0.00185618,0.00185618,0.00185618,0.00185618,0.00185618,0.00185618,0.00185618,0.00185618,0.00185618,0.00185618,0.00185618,0.00185618,0.00185618,0.00185618,0.00185618,0.00185618,0.00185618,0.00185618,0.00185618,0.00185618,0.00185618,0.00185618,0.00185618,0.00185618,0.00185618,0.00185618,0.00185618,0.00185618,0.00185618,0.00185618,0.00185618,0.00185618,0.00185618,0.00185618,0.00185618,0.00185618,0.00185618,0.00185618,0.00185618,0.00185618,0.00185618,0.00185618,0.00185618,0.00185618,0.00185618,0.00185618,0.00185618,0.00185618,0.00185618,0.00185618,0.00185618,0.00185618,0.00185618,0.00185618,0.00185618,0.00185618,0.00185618,0.00185618,0.00185618,0.00185618,0.00185618,0.00185618,0.00185618,0.00185618,0.00185618,0.00185618,0.00185618,0.00185618,0.00185618,0.00185618,0.00185618,0.00185618,0.00185618,0.00185618,0.00185618,0.00185618,0.00185618,0.00185618,0.00185618,0.00185618,0.00185618,0.00185618,0.00185618
real_0098,0.0087653,0.0087653,0.0087653,0.0087653,0.0087653,0.0087653,0.0087653,0.0087653,0.0087653,0.0087653,0.0087653,0.0087653,0.0087653,0.0087653,0.0087653,0.0087653,0.0087653,0.0087653,0.0087653,0.0087653,0.0087653,0.0087653,0.0087653,0.0087653,0.0087653,0.0087653,0.0087653,0.0087653,0.0087653,0.0087653,0.0087653,0.0087653,0.0087653,0.0087653,0.0087653,0.0087653,0.0087653,0.0087653,0.0087653,0.0087653,0.0087653,0.0087653,0.0087653,0.0087653,0.0087653,0.0087653,0.0087653,0.0087653,0.0087653,0.0087653,0.0087653,0.0087653,0.0087653,0.0087653,0.0087653,0.0087653,0.0087653,0.0087653,0.0087653,0.0087653,0.0087653,0.0087653,0.0087653,0.0087653,0.0087653,0.0087653,0.0087653,0.0087653,0.0087653,0.0087653,0.0087653,0.0087653,0.0087653,0.0087653,0.0087653,0.0087653,0.0087653,0.0087653,0.0087653,0.0087653,0.0087653,0.0087653,0.0087653,0.0087653,0.0087653,0.0087653,0.0087653,0.0087653,0.0087653,0.0087653,0.0087653,0.0087653,0.0087653,0.0087653,0.0087653,0.0087653,0.0087653,0.0087653,0.0087653,0.0087653,0.0087653,0.0087653,0.0087653,0.0087653,0.0087653,0.0087653,0.0087653,0.0087653,0.0087653,0.0087653,0.0087653,0.0087653,0.0087653,0.0087653,0.0087653,0.0087653,0.0087653,0.0087653,0.0087653,0.0087653,0.0087653,0.0087653,0.0087653,0.0087653,0.0087653,0.0087653,0.0087653,0.0087653,0.0087653,0.0087653,0.0087653,0.0087653,0.0087653,0.0087653,0.0087653,0.0087653,0.0087653,0.0087653,0.0087653,0.0087653,0.0087653,0.0087653,0.0087653,0.0087653,0.0087653,0.0087653,0.0087653,0.0087653,0.0087653,0.0087653,0.0087653,0.0087653,0.0087653,0.0087653,0.0087653,0.0087653,0.0087653,0.0087653,0.0087653,0.0087653,0.0087653,0.0087653,0.0087653,0.0087653,0.0087653,0.0087653,0.0087653,0.0087653,0.0087653,0.0087653,0.0087653,0.0087653,0.0087653,0.0087653,0.0087653,0.0087653,0.0087653,0.0087653,0.0087653,0.0087653,0.00185618,0.00185618,0.00185618,0.00185618,0.00185618,0.00185618,0.00185618,0.00185618,0.00185618,0.00185618,0.00185618,0.00185618,0.00185618,0.00185618,0.00185618,0.00185618,0.00185618,0.00185618,0.00185618,0.00185618,0.00185618,0.00185618,0.00185618,0.00185618,0.00185618,0.00185618,0.00185618,0.00185618,0.00185618,0.00185618,0.00185618,0.00185618,0.00185618,0.00185618,0.00185618,0.00185618,0.00185618,0.00185618,0.00185618,0.00185618,0.00185618,0.00185618,0.00185618,0.00185618,0.00185618,0.00185618,0.00185618,0.00185618,0.00185618,0.00185618,0.00185618,0.00185618,0.00185618,0.00185618,0.00185618,0.00185618,0.00185618,0.00185618,0.00185618,0.00185618,0.00185618,0.00185618,0.00185618,0.00185618,0.00185618,0.00185618,0.00185618,0.00185618,0.00185618,0.00185618,0.00185618,0.00185618,0.00185618,0.00185618,0.00185618,0.00185618,0.00185618,0.00185618,0.00185618,0.00185618,0.00185618,0.00185618,0.00185618,0.00185618,0.00185618
real_0099,0.0087653,0.0087653,0.0087653,0.0087653,0.0087653,0.0087653,0.0087653,0.0087653,0.0087653,0.0087653,0.0087653,0.0087653,0.0087653,0.0087653,0.0087653,0.0087653,0.0087653,0.0087653,0.0087653,0.0087653,0.0087653,0.0087653,0.0087653,0.0087653,0.0087653,0.0087653,0.0087653,0.0087653,0.0087653,0.0087653,0.0087653,0.0087653,0.0087653,0.0087653,0.0087653,0.0087653,0.0087653,0.0087653,0.0087653,0.0087653,0.0087653,0.0087653,0.0087653,0.0087653,0.0087653,0.0087653,0.0087653,0.0087653,0.0087653,0.0087653,0.0087653,0.0087653,0.0087653,0.0087653,0.0087653,0.0087653,0.0087653,0.0087653,0.0087653,0.0087653,0.0087653,0.0087653,0.0087653,0.0087653,0.0087653,0.0087653,0.0087653,0.0087653,0.0087653,0.0087653,0.0087653,0.0087653,0.0087653,0.0087653,0.0087653,0.0087653,0.0087653,0.0087653,0.0087653,0.0087653,0.0087653,0.0087653,0.0087653,0.0087653,0.0087653,0.0087653,0.0087653,0.0087653,0.0087653,0.0087653,0.0087653,0.0087653,0.0087653,0.0087653,0.0087653,0.0087653,0.0087653,0.0087653,0.0087653,0.0087653,0.0087653,0.0087653,0.0087653,0.0087653,0.0087653,0.0087653,0.0087653,0.0087653,0.0087653,0.0087653,0.0087653,0.0087653,0.0087653,0.0087653,0.0087653,0.0087653,0.0087653,0.0087653,0.0087653,0.0087653,0.0087653,0.0087653,0.0087653,0.0087653,0.0087653,0.0087653,0.0087653,0.0087653,0.0087653,0.0087653,0.0087653,0.0087653,0.0087653,0.0087653,0.0087653,0.0087653,0.0087653,0.0087653,0.0087653,0.0087653,0.0087653,0.0087653,0.0087653,0.0087653,0.0087653,0.0087653,0.0087653,0.0087653,0.0087653,0.0087653,0.0087653,0.0087653,0.0087653,0.0087653,0.0087653,0.0087653,0.0087653,0.0087653,0.0087653,0.0087653,0.0087653,0.0087653,0.0087653,0.0087653,0.0087653,0.0087653,0.0087653,0.0087653,0.0087653,0.0087653,0.0087653,0.0087653,0.0087653,0.0087653,0.0087653,0.0087653,0.0087653,0.0087653,0.0087653,0.0087653,0.00185618,0.00185618,0.00185618,0.00185618,0.00185618,0.00185618,0.00185618,0.00185618,0.00185618,0.00185618,0.00185618,0.00185618,0.00185618,0.00185618,0.00185618,0.00185618,0.00185618,0.00185618,0.00185618,0.00185618,0.00185618,0.00185618,0.00185618,0.00185618,0.00185618,0.00185618,0.00185618,0.00185618,0.00185618,0.00185618,0.00185618,0.00185618,0.00185618,0.00185618,0.00185618,0.00185618,0.00185618,0.00185618,0.00185618,0.00185618,0.00185618,0.00185618,0.00185618,0.00185618,0.00185618,0.00185618,0.00185618,0.00185618,0.00185618,0.00185618,0.00185618,0.00185618,0.00185618,0.00185618,0.00185618,0.00185618,0.00185618,0.00185618,0.00185618,0.00185618,0.00185618,0.00185618,0.00185618,0.00185618,0.00185618,0.00185618,0.00185618,0.00185618,0.00185618,0.00185618,0.00185618,0.00185618,0.00185618,0.00185618,0.00185618,0.00185618,0.00185618,0.00185618,0.00185618,0.00185618,0.00185618,0.00185618,0.00185618,0.00185618,0.00185618
base,0.0087653,0.0087653,0.0087653,0.0087653,0.0087653,0.0087653,0.0087653,0.0087653,0.0087653,0.0087653,0.0087653,0.0087653,0.0087653,0.0087653,0.0087653,0.0087653,0.0087653,0.0087653,0.0087653,0.0087653,0.0087653,0.0087653,0.0087653,0.0087653,0.0087653,0.0087653,0.0087653,0.0087653,0.0087653,0.0087653,0.0087653,0.0087653,0.0087653,0.0087653,0.0087653,0.0087653,0.0087653,0.0087653,0.0087653,0.0087653,0.0087653,0.0087653,0.0087653,0.0087653,0.0087653,0.0087653,0.0087653,0.0087653,0.0087653,0.0087653,0.0087653,0.0087653,0.0087653,0.0087653,0.0087653,0.0087653,0.0087653,0.0087653,0.0087653,0.0087653,0.0087653,0.0087653,0.0087653,0.0087653,0.0087653,0.0087653,0.0087653,0.0087653,0.0087653,0.0087653,0.0087653,0.0087653,0.0087653,0.0087653,0.0087653,0.0087653,0.0087653,0.0087653,0.0087653,0.0087653,0.0087653,0.0087653,0.0087653,0.0087653,0.0087653,0.0087653,0.0087653,0.0087653,0.0087653,0.0087653,0.0087653,0.0087653,0.0087653,0.0087653,0.0087653,0.0087653,0.0087653,0.0087653,0.0087653,0.0087653,0.0087653,0.0087653,0.0087653,0.0087653,0.0087653,0.0087653,0.0087653,0.0087653,0.0087653,0.0087653,0.0087653,0.0087653,0.0087653,0.0087653,0.0087653,0.0087653,0.0087653,0.0087653,0.0087653,0.0087653,0.0087653,0.0087653,0.0087653,0.0087653,0.0087653,0.0087653,0.0087653,0.0087653,0.0087653,0.0087653,0.0087653,0.0087653,0.0087653,0.0087653,0.0087653,0.0087653,0.0087653,0.0087653,0.0087653,0.0087653,0.0087653,0.0087653,0.0087653,0.0087653,0.0087653,0.0087653,0.0087653,0.0087653,0.0087653,0.0087653,0.0087653,0.0087653,0.0087653,0.0087653,0.0087653,0.0087653,0.0087653,0.0087653,0.0087653,0.0087653,0.0087653,0.0087653,0.0087653,0.0087653,0.0087653,0.0087653,0.0087653,0.0087653,0.0087653,0.0087653,0.0087653,0.0087653,0.0087653,0.0087653,0.0087653,0.0087653,0.0087653,0.0087653,0.0087653,0.0087653,0.00185618,0.00185618,0.00185618,0.00185618,0.00185618,0.00185618,0.00185618,0.00185618,0.00185618,0.00185618,0.00185618,0.00185618,0.00185618,0.00185618,0.00185618,0.00185618,0.00185618,0.00185618,0.00185618,0.00185618,0.00185618,0.00185618,0.00185618,0.00185618,0.00185618,0.00185618,0.00185618,0.00185618,0.00185618,0.00185618,0.00185618,0.00185618,0.00185618,0.00185618,0.00185618,0.00185618,0.00185618,0.00185618,0.00185618,0.00185618,0.00185618,0.00185618,0.00185618,0.00185618,0.00185618,0.00185618,0.00185618,0.00185618,0.00185618,0.00185618,0.00185618,0.00185618,0.00185618,0.00185618,0.00185618,0.00185618,0.00185618,0.00185618,0.00185618,0.00185618,0.00185618,0.00185618,0.00185618,0.00185618,0.00185618,0.00185618,0.00185618,0.00185618,0.00185618,0.00185618,0.00185618,0.00185618,0.00185618,0.00185618,0.00185618,0.00185618,0.00185618,0.00185618,0.00185618,0.00185618,0.00185618,0.00185618,0.00185618,0.00185618,0.00185618
