real_name,flow_200301_sim,flow_200302_sim,flow_200303_sim,flow_200304_sim,flow_200305_sim,flow_200306_sim,flow_200307_sim,flow_200308_sim,flow_200309_sim,flow_200310_sim,flow_200311_sim,flow_200312_sim,flow_200401_sim,flow_200402_sim,flow_200403_sim,flow_200404_sim,flow_200405_sim,flow_200406_sim,flow_200407_sim,flow_200408_sim,flow_200409_sim,flow_200410_sim,flow_200411_sim,flow_200412_sim,flow_200501_sim,flow_200502_sim,flow_200503_sim,flow_200504_sim,flow_200505_sim,flow_200506_sim,flow_200507_sim,flow_200508_sim,flow_200509_sim,flow_200510_sim,flow_200511_sim,flow_200512_sim,flow_200601_sim,flow_200602_sim,flow_200603_sim,flow_200604_sim,flow_200605_sim,flow_200606_sim,flow_200607_sim,flow_200608_sim,flow_200609_sim,flow_200610_sim,flow_200611_sim,flow_200612_sim,flow_200701_sim,flow_200702_sim,flow_200703_sim,flow_200704_sim,flow_200705_sim,flow_200706_sim,flow_200707_sim,flow_200708_sim,flow_200709_sim,flow_200710_sim,flow_200711_sim,flow_200712_sim,flow_200801_sim,flow_200802_sim,flow_200803_sim,flow_200804_sim,flow_200805_sim,flow_200806_sim,flow_200807_sim,flow_200808_sim,flow_200809_sim,flow_200810_sim,flow_200811_sim,flow_200812_sim,flow_200901_sim,flow_200902_sim,flow_200903_sim,flow_200904_sim,flow_200905_sim,flow_200906_sim,flow_200907_sim,flow_200908_sim,flow_200909_sim,flow_200910_sim,flow_200911_sim,flow_200912_sim,flow_201001_sim,flow_201002_sim,flow_201003_sim,flow_201004_sim,flow_201005_sim,flow_201006_sim,flow_201007_sim,flow_201008_sim,flow_201009_sim,flow_201010_sim,flow_201011_sim,flow_201012_sim,flow_201101_sim,flow_201102_sim,flow_201103_sim,flow_201104_sim,flow_201105_sim,flow_201106_sim,flow_201107_sim,flow_201108_sim,flow_201109_sim,flow_201110_sim,flow_201111_sim,flow_201112_sim,flow_201201_sim,flow_201202_sim,flow_201203_sim,flow_201204_sim,flow_201205_sim,flow_201206_sim,flow_201207_sim,flow_201208_sim,flow_201209_sim,flow_201210_sim,flow_201211_sim,flow_201212_sim,flow_201301_sim,flow_201302_sim,flow_201303_sim,flow_201304_sim,flow_201305_sim,flow_201306_sim,flow_201307_sim,flow_201308_sim,flow_201309_sim,flow_201310_sim,flow_201311_sim,flow_201312_sim,flow_201401_sim,flow_201402_sim,flow_201403_sim,flow_201404_sim,flow_201405_sim,flow_201406_sim,flow_201407_sim,flow_201408_sim,flow_201409_sim,flow_201410_sim,flow_201411_sim,flow_201412_sim,flow_201501_sim,flow_201502_sim,flow_201503_sim,flow_201504_sim,flow_201505_sim,flow_201506_sim,flow_201507_sim,flow_201508_sim,flow_201509_sim,flow_201510_sim,flow_201511_sim,flow_201512_sim,flow_201601_sim,flow_201602_sim,flow_201603_sim,flow_201604_sim,flow_201605_sim,flow_201606_sim,flow_201607_sim,flow_201608_sim,flow_201609_sim,flow_201610_sim,flow_201611_sim,flow_201612_sim,flow_201701_sim,flow_201702_sim,flow_201703_sim,flow_201704_sim,flow_201705_sim,flow_201706_sim,flow_201707_sim,flow_201708_sim,flow_201709_sim,flow_201710_sim,flow_201711_sim,flow_201712_sim,flow_201801_sim,flow_201802_sim,flow_201803_sim,flow_201804_sim,flow_201805_sim,flow_201806_sim,flow_201807_sim,flow_201808_sim,flow_201809_sim,flow_201810_sim,flow_201811_sim,flow_201812_sim,flow_201901_sim,flow_201902_sim,flow_201903_sim,flow_201904_sim,flow_201905_sim,flow_201906_sim,flow_201907_sim,flow_201908_sim,flow_201909_sim,flow_201910_sim,flow_201911_sim,flow_201912_sim,flow_202001_sim,flow_202002_sim,flow_202003_sim,flow_202004_sim,flow_202005_sim,flow_202006_sim,flow_202007_sim,flow_202008_sim,flow_202009_sim,flow_202010_sim,flow_202011_sim,flow_202012_sim,flow_202101_sim,flow_202102_sim,flow_202103_sim,flow_202104_sim,flow_202105_sim,flow_202106_sim,flow_202107_sim,flow_202108_sim,flow_202109_sim,flow_202110_sim,flow_202111_sim,flow_202112_sim,flow_202201_sim,flow_202202_sim,flow_202203_sim,flow_202204_sim,flow_202205_sim,flow_202206_sim,flow_202207_sim,flow_202208_sim,flow_202209_sim,flow_202210_sim,flow_202211_sim,flow_202212_sim,flow_202301_sim,flow_202302_sim,flow_202303_sim,flow_202304_sim,flow_202305_sim,flow_202306_sim,flow_202307_sim,flow_202308_sim,flow_202309_sim,flow_202310_sim,flow_202311_sim,flow_202312_sim,head_w001_sim,head_w002_sim,head_w003_sim,head_w004_sim,head_w005_sim,head_w006_sim,head_w007_sim,head_w008_sim,head_w009_sim,head_w010_sim,head_w011_sim,head_w012_sim,head_w013_sim,head_w014_sim,head_w015_sim,head_w016_sim,head_w017_sim,head_w018_sim,head_w019_sim,head_w020_sim,head_w021_sim,head_w022_sim,head_w023_sim,head_w024_sim,head_w025_sim,head_w026_sim,head_w027_sim,head_w028_sim,head_w029_sim,head_w030_sim,head_w031_sim,head_w032_sim,head_w033_sim,head_w034_sim,head_w035_sim,head_w036_sim,head_w037_sim,head_w038_sim,head_w039_sim,head_w040_sim,head_w041_sim,head_w042_sim,head_w043_sim,head_w044_sim,head_w045_sim,head_w046_sim,head_w047_sim,head_w048_sim,head_w049_sim,head_w050_sim,head_w051_sim,head_w052_sim,head_w053_sim,head_w054_sim,head_w055_sim,head_w056_sim,head_w057_sim,head_w058_sim,head_w059_sim,head_w060_sim,head_w061_sim,head_w062_sim,head_w063_sim,head_w064_sim,head_w065_sim,head_w066_sim,head_w067_sim,head_w068_sim,head_w069_sim,head_w070_sim,head_w071_sim,head_w072_sim,head_w073_sim,head_w074_sim,head_w075_sim,head_w076_sim,head_w077_sim,head_w078_sim,head_w079_sim,head_w080_sim,head_w081_sim,head_w082_sim,head_w083_sim,head_w084_sim,head_w085_sim
real_0001,84.98,215.9,339.8,135.8,426.9,247.3,427.6,207.1,389.4,136.1,232.1,192.2,304.3,172.2,163.5,144.6,361.6,327.8,181,160.3,59.15,145.4,226.6,207.5,590.7,269.7,197.8,272,132.8,93.6,146.9,174,233.1,146.2,265.9,184.6,203.4,171.4,242,222,248.8,231.9,167.8,122.1,207.3,315.7,164,303.2,444.7,232.5,373.5,264.1,71.36,70.71,88.51,223.2,123.6,206.9,212.4,368.5,191.6,346.9,664.8,165.2,293,500.1,141.9,67.35,73.41,70.13,109.3,363.1,111.9,258.5,115.8,267.4,212.4,190.1,150,106.9,92.68,264.2,69.27,193.4,125.6,116.7,277.7,126.3,270.1,376.5,78.23,80.81,41.71,49.93,306.1,154.9,109.2,426.9,373.3,594.2,418.3,200.4,71.38,89.83,366.8,215.6,436.3,411.9,333.1,129.4,173.5,137.1,191.9,66.65,77.32,69.4,217,157.5,95.33,179.9,278.9,141.7,167.4,264,128.1,166.3,214.9,61.85,150.2,247.1,165.2,277.5,87.96,324.5,129.9,356.5,266.7,310.8,106.3,192,87.46,71,105.1,166.4,255,53.84,320.3,273.9,138.6,483.9,247.4,122.1,58.3,152.6,154.8,328.7,137,332.6,361.6,186.2,135.4,178.9,93.43,193.4,178.7,128.5,73.95,167.8,312.6,159.8,302.4,246.6,412.3,329.7,255.1,87.62,100.7,161.6,399.7,92.48,182.1,537.9,231.5,368.1,126.6,236.5,115.8,168.4,280,101,343,274.3,197.1,-9999,-9999,-9999,-9999,-9999,-9999,-9999,-9999,-9999,-9999,-9999,-9999,-9999,-9999,-9999,-9999,-9999,-9999,-9999,-9999,-9999,-9999,-9999,-9999,-9999,-9999,-9999,-9999,-9999,-9999,-9999,-9999,-9999,-9999,-9999,-9999,-9999,-9999,-9999,-9999,-9999,-9999,-9999,-9999,-9999,-9999,-9999,-9999,-9999,-9999,-9999,-9999,-9999,-9999,-9999,-9999,-9999,-9999,-9999,290.814,309.992,312.164,306.011,163.781,168.111,170.077,166.409,167.586,180.053,169.936,173.784,176.056,184.49,185.25,189.136,193.279,193.279,193.48,193.48,193.48,193.338,191.36,197.162,197.798,197.439,202.494,202.414,205.489,208.027,206.577,209.753,206.92,207.769,213.365,214.903,275.318,217.958,257.995,273.03,291.009,291.009,291.009,328.47,328.932,223.928,223.928,226.012,226.447,226.447,226.447,228.006,229.893,232.98,232.98,308.605,308.583,256.697,267.111,259.012,263.512,320.102,288.902,275.019,249.173,244.974,266.049,275.767,267.892,264.209,303.715,313.384,259.206,277.113,290.399,286.279,272.796,275.842,275.772,275.772,275.142,293.178,193.48,193.338,207.751
real_0002,82.05,213.1,344.5,134.8,433.4,246.8,431.9,214.1,404.7,133.9,242,198.5,307.2,168.9,168.2,145.6,365,321.9,186,165,56.87,154.6,239.7,209.5,601.3,266.1,199.2,277,131.3,79.26,144.3,184.8,242.4,149.5,277.9,182.6,211.9,174.4,247.6,225.4,245.6,228.1,169.7,127.5,218.2,327.7,166.9,312,451.6,229.6,376.3,265.8,63.27,68.49,91.95,233.3,131.4,219.5,219.2,380.1,190.3,344.9,667.8,161.7,297.7,492.2,124.8,66.51,74.19,71.75,113.3,373.9,109.5,262.6,118,274.3,213.7,188,155.5,108.3,99.51,281.7,66.22,199.2,124.5,114.1,285.2,125.3,273,379.1,74.7,83.2,40.47,50.87,327.2,153.9,107.3,437.1,380.9,607.2,420.2,192,69.8,95.86,387.3,220.5,453.7,417.1,330.1,125.8,174.8,133.6,186.8,60.09,79.81,70.28,229.3,164,95.15,187.3,283.3,140.2,171.5,267.6,126,162,219.6,64.23,157.6,256.4,168,287.3,84.3,323.5,132.5,364,266.9,308.1,104.2,206.2,86.97,73.01,108.6,173.7,258.8,50.47,324.4,282.8,135.8,491.4,245.7,122.1,59.1,159.2,162.3,343.8,135.5,336.2,366.1,185.7,132.6,170.9,98.88,207.2,184.5,129.2,74.82,171.8,323.1,164.7,308.8,247.3,413.7,322.4,258,90.03,101.8,171.4,415.8,92.93,181.9,550.2,234.8,367.9,123.2,230.6,120.1,175.3,294.4,101.1,359,282.7,195.3,587.8,290.2,314.7,285.4,297.5,117.4,96.17,35.33,123.4,101.1,182.6,331.8,211.3,407.7,231.3,317.4,89.23,134.7,129,97.39,305.9,260.1,80.2,146.1,254.1,181,141.8,228,326.5,231.6,110,207.4,262.2,115.2,309.5,205.3,497.4,266,169,352.2,144.1,238.7,100.3,153.9,41.57,135.1,115,348.4,199.1,442.7,186.5,122.3,98.16,198.6,159.5,31.34,117.3,85.44,128.4,290.817,309.895,312.321,306.394,163.752,168.187,170.195,166.373,167.577,180.246,169.879,173.909,176.019,184.543,185.594,189.079,193.256,193.256,193.471,193.471,193.471,193.288,191.341,197.108,197.789,197.434,202.461,202.331,205.484,208.022,206.524,209.647,206.837,207.75,213.291,214.825,275.582,217.955,258.041,273.509,291.072,291.072,291.072,328.665,329.125,223.818,223.818,226.041,226.41,226.41,226.41,227.965,229.817,232.935,232.935,308.933,308.769,256.692,267.169,258.987,263.591,319.973,288.887,275.024,249.47,244.964,266.688,275.796,267.916,264.763,303.714,313.409,259.134,277.341,291.089,286.977,272.893,275.945,275.867,275.867,275.198,293.191,193.471,193.288,207.722
real_0003,80.55,220.4,310.3,97.15,314.7,164.7,321.1,127.2,249.3,99.67,155,138.5,274.9,180.5,121.9,100.9,263.6,248.1,110.4,87.23,38.14,74.99,121.3,184,522,268.7,175.5,208.5,92.74,59.42,92.44,90.69,120.5,92.18,180.6,178.4,155,141.6,200.8,161.7,181.7,159,104.1,55.93,111.9,201.6,114,240.8,398.7,240.1,341.8,217,56.3,44.46,43.38,117.9,56.04,111.8,142.8,305.2,182.8,347.2,635.2,137.1,207.7,406.6,97.38,40.56,30.88,38.68,54.12,302.7,104.3,242,71.76,180,142.6,117.4,88.48,61.23,39.99,126.5,46.35,140.5,115.8,117.5,225.2,90.1,185.6,253.5,50.05,35.59,19.16,28.36,195.5,136.8,104.7,378.9,311.5,485.5,334.4,154.4,50.09,43.66,220.2,142.6,341.8,366.8,340.7,120.8,136.7,97.7,134.8,41.25,35.08,36.59,100.1,71.49,67.22,120.5,265.3,137.1,134.2,200.7,87.08,111.6,134.6,34.25,73.29,154.5,116,231,86.12,328.1,100.7,279.4,202,219.8,74.34,106.6,48.52,32.3,55.1,103.1,222.5,52.04,299,194.7,93.19,329.6,195.3,89.08,29.73,99.35,81.26,230,123.4,306.2,308.6,138.5,86.03,122.8,56.93,74.19,91.6,84.15,44.59,141.7,257.9,120.9,247.6,189.5,298.8,267.1,189.3,47.27,55.46,77.73,282.2,68.52,176.9,478.8,187.7,331.4,79.54,167,64.52,70.65,160.3,62.33,239.7,222.1,192.2,585.7,265.5,243.5,217.9,202.9,86.52,43.79,18.5,54.2,51.92,113.2,254.9,185.7,333.2,181,248.1,71.48,60.71,58.15,48.98,189.1,168.5,54.99,118.5,242.5,134.1,101.2,167.1,240.9,153.9,47.41,106.1,146.1,67.77,216.4,192.5,482.1,235.2,123.4,250.3,104.3,129.4,43.57,69.92,26.18,73.28,69.79,245.3,149.9,364.6,146.6,91.88,58.02,119.6,81.52,20.74,48.65,44.65,60.69,290.771,310.323,312.648,307.327,163.712,168.527,170.521,166.304,167.539,180.316,169.806,174.359,176.002,184.562,185.607,189.164,193.597,193.597,193.763,193.763,193.763,193.379,191.33,197.344,197.903,197.548,202.417,202.268,205.518,207.992,206.73,210.203,207.007,207.702,214.082,214.724,277.276,218.095,258.425,275.061,291.221,291.221,291.221,330.724,331.44,223.891,223.891,226.023,226.339,226.339,226.339,227.893,229.773,232.9,232.9,309.566,309.832,256.779,267.358,258.952,263.886,323.486,288.849,274.985,250.064,244.956,268.831,275.784,268.086,266.379,303.664,314.919,259.059,277.799,292.754,288.791,272.901,276.431,276.381,276.381,275.479,293.844,193.763,193.379,207.68
real_0004,84.85,215.6,346.3,138,436.9,250.5,435.1,216.5,406.1,136.8,244.3,200.8,309.1,171.2,170.3,148.3,368.8,325.1,187.8,166.9,59.04,156.3,241.3,211.2,601.8,268,201.1,278.4,134.1,85.18,146.5,186.4,243.3,151.3,279.3,184.1,213.3,176,248.9,227.5,249.1,231.5,172,129.2,219.5,328.8,168.5,313.2,452.1,231.3,377,267.4,66.5,70.86,93.43,233.8,132.8,220.1,220.4,380.3,191.6,345.5,667.3,163.3,300.2,497.4,130.6,67.85,75.8,71.97,114.5,373.5,110.7,263.1,119.6,275.9,215.7,191.1,157.1,109.5,100.7,282,67.72,200.2,125.5,115.2,285.4,127.2,275.1,381.6,76.8,84.1,42.22,52.05,327.7,154.1,108.2,437,380.5,607.7,421.9,195,71.61,96.94,386.9,221.3,453.5,417.3,330.6,127.5,175.9,136.6,189.8,61.22,81.04,71.86,229.6,164.7,96.16,187.7,283.3,141,172,268.4,128.4,164.5,220.7,65.25,157.5,257.1,168.4,287.3,85.41,323.3,133.6,364.6,268.3,310.6,106,206,88.16,74.15,109.4,174,258.8,51.76,323.8,283.4,138.3,492.9,246.7,122.9,60.23,159.8,162.8,343.2,136.3,335.9,366.2,187.6,134.4,173.7,100.3,207.4,185.5,130,76.15,172,322.4,165.4,308.8,249.1,415.9,324.8,258.8,91.54,102.7,172,414.9,94.12,182.2,548.7,235.3,368.1,126.6,232.9,121.3,175.7,294.6,102.8,358.1,282.8,195.4,586.5,290.4,315,287.3,302.3,120.1,97.45,36.33,124,101.5,182.4,330.8,211.5,406.9,232.2,320.2,91.12,135.4,129.8,98.45,305.8,260,81.03,146.7,254.3,180.9,143.4,229.7,328.3,232,111.2,207.5,262.5,116,309,205.8,496.3,266.2,170.4,354.5,146.1,239,101.2,154.4,43.1,135.8,115.7,346.9,199.4,442.3,188,124.1,99.44,199.1,160.2,32.67,117.9,85.98,128.9,290.826,309.947,312.407,306.583,163.784,168.291,170.308,166.391,167.598,180.257,169.901,174.126,176.029,184.573,185.598,189.124,193.408,193.408,193.61,193.61,193.61,193.407,191.347,197.194,197.818,197.466,202.479,202.352,205.496,208.033,206.536,209.662,206.852,207.769,213.317,214.869,275.933,218.009,258.126,273.879,291.099,291.099,291.099,328.973,329.473,223.905,223.905,226.067,226.426,226.426,226.426,227.981,229.832,232.95,232.95,308.965,308.927,256.718,267.241,259.002,263.675,320.607,288.902,275.034,249.688,244.987,267.194,275.801,267.992,265.177,303.724,313.658,259.151,277.363,291.456,287.413,272.894,276.059,275.986,275.986,275.284,293.29,193.61,193.407,207.739
real_0005,76.1,87.39,185.9,66.95,97.46,72.75,71.41,58.65,68.49,59.9,76.16,82.76,134.4,103.6,87.11,66.67,71.98,78.05,56.93,49.16,37.79,44.06,54.94,62.63,202.6,145.2,91.95,81.95,57.15,43.1,42.71,36.61,42.63,40.67,52.11,57.72,77.48,83.63,105.2,77.45,60.4,52.46,45.46,37.46,49.35,61.62,66.52,83.78,155.5,110.9,179.9,97.6,46.04,36.24,36.14,32.6,32.29,38.94,47.76,109.6,91.11,167.4,320.1,117.6,80.45,132.1,59.45,41.31,34.46,37.94,45.28,64.38,56.23,110.1,60.54,69.84,54.3,48.08,46.03,44.35,38.42,53.61,46.79,56.85,65.32,59.59,96.21,52.05,55.55,62.69,44.23,32.27,21.7,25.92,43.06,44.37,54.33,155.6,158.7,170.7,140.3,78.77,53.9,38.88,56.2,54.79,118.2,175.3,199.3,111.4,84.47,64.82,68.29,39.78,33.11,37.1,40.03,41.99,43.06,48.96,83.01,78.1,88.33,67.49,52.56,47.43,50.68,36,35.41,47.16,48.4,86.41,63.07,155.1,77.76,111.2,71.04,59.95,50.27,44.64,40.81,40.25,43.43,52.9,74.69,53.98,158.9,96.11,48.73,59.77,59.19,46.56,33.34,37.35,44.14,73.97,73.35,131.6,141.6,66.92,55.32,45.79,42.54,41.07,42.17,37.27,37.35,48.35,93.38,69.22,104.1,66.62,88.68,67.28,60.1,41.85,39.76,42.66,75.25,55.08,77.82,200.9,114.1,160.9,60.77,58.77,47.31,49.65,56.06,45.92,90.85,107.4,108.4,376.2,138.8,103.9,101,78,58.6,46.74,28.35,36.52,46.16,50.8,86.26,100.9,125.6,95.68,90.84,55.76,45.8,47.82,34.09,45.17,53.4,52.35,72.99,96.39,98.58,58.67,55.71,66.42,59.93,43.91,46.81,45.86,48.63,80.32,103.1,219.4,126.4,77.35,88.54,60.18,53.29,42.71,44.53,33.55,43.67,46.3,79.75,76.11,119,88.5,51.13,38.72,45.76,41.55,25.79,35.57,38.23,42.56,290.398,310.731,312.39,306.796,163.379,168.491,170.339,165.966,167.158,178.699,169.501,173.564,176.009,184.075,184.133,189.073,193.21,193.21,193.357,193.357,193.357,193.043,191.264,197.486,197.852,197.506,202.085,202.033,205.056,207.581,206.586,210.428,206.949,207.33,214.305,214.37,277.183,217.904,258.745,275.468,291.284,291.284,291.284,332.946,334.053,223.731,223.731,225.317,225.986,225.986,225.986,227.553,229.793,232.876,232.876,309.586,310.376,256.891,267.452,258.756,264.134,325.005,288.508,274.633,249.059,244.646,269.446,275.409,267.761,267.171,303.29,315.385,258.824,277.886,293.181,288.678,272.115,276.096,276.141,276.141,275.358,293.998,193.357,193.043,207.368
real_0006,78.18,218.3,297.3,77.32,246.8,119.9,238.3,95.02,194.2,80.87,128.6,124.8,261.3,181.8,96.77,73.37,189.9,189.5,80.53,54.35,28.49,46.56,74.42,171.7,479.3,263.5,150.8,151.7,64.01,35.87,54.31,55.52,65.37,62.72,143,173.6,129.5,120.3,167.7,116.1,128.3,101.4,57.98,33.67,65.83,142.6,95.53,212.3,359.5,242.5,308.2,169.1,40.29,25.95,27.17,66.87,32.75,74.26,111.6,282.1,175.7,345.5,600.3,112.7,143.4,335.2,57.54,31.13,24.17,29.81,37.15,288.8,102.1,235.6,54.12,135.7,106.9,74.04,59.81,45.07,30.09,67.07,36.98,117.3,116.8,117.5,199.8,70.36,131.4,177.2,40.49,24.89,18.82,21.47,132,125.6,103.1,359.4,288.6,423.8,277.8,116.2,36.33,32.19,149.9,111,303.5,331.2,346.6,113.9,104.9,69.64,92.3,27.84,22.33,26.14,57.43,43.17,53.78,96.56,262.1,138.2,118.8,154.9,60.99,66.77,76.58,25.9,42.52,106.6,92,224.7,86.79,332.3,89.42,245.2,160.4,153.1,52.16,65.82,33.33,26.39,38.55,74.05,205.7,51.3,296,161.5,65.8,227.7,155.9,77.33,21.86,67.42,53.36,191.1,122.5,292.3,273.6,103.3,57.49,72.08,41.77,37.71,54.29,59.57,34.38,134.1,243.8,104.1,218.5,152.5,228.1,205.9,133,35.7,34.84,47.15,225.1,60.23,177.9,454.1,159,299.5,49.58,93.19,41.95,40.81,101.1,47.95,201.8,193.3,190.3,579.6,244.6,191.9,172.9,140.1,56,33.35,16.32,33.39,36.49,87.06,224.3,176.4,278.5,141,194.2,46.98,36.07,38.99,32.73,134.5,130.9,47.62,111.4,239.1,116.7,78.64,125.7,168.4,104.4,33.97,61.75,102.9,54.91,183.8,184.3,470.5,206.2,93.64,181.7,72.88,86.62,30.19,40.58,20.93,53.71,55.45,207.9,131.1,325.7,121.6,66.19,31.51,69.59,53.41,17.92,30.35,30.02,40.36,290.731,310.243,312.449,306.846,163.644,168.313,170.271,166.259,167.472,180.199,169.752,173.712,175.99,184.464,185.361,188.969,193.091,193.091,193.281,193.281,193.281,192.983,191.322,197.227,197.854,197.485,202.366,202.233,205.475,207.946,206.729,210.238,207.012,207.644,214.058,214.623,276.601,217.936,258.327,274.462,291.207,291.207,291.207,330.741,331.454,223.704,223.704,225.926,226.29,226.29,226.29,227.848,229.762,232.874,232.874,309.549,309.714,256.803,267.259,258.937,263.766,322.689,288.805,274.941,249.333,244.886,267.879,275.762,267.867,265.609,303.623,314.563,259.029,277.793,292.08,287.866,272.848,276.145,276.091,276.091,275.301,293.581,193.281,192.983,207.636
real_0007,75.5,169.9,248.3,55.08,109.2,63.75,78.86,51.87,78.8,54.1,88.68,82.35,170,155.6,76.55,57.02,83.28,86.61,48.98,41.4,30.75,37.45,48.41,119,295.4,218.2,103.8,77.51,46.82,34.51,34.75,30.66,36.35,34.92,68.12,116,76.87,79.29,107.3,68.88,57.97,48.57,38.86,30.92,43.05,69.62,65.05,104.3,219,191.8,226.3,94.05,36.45,28.03,29.46,29.27,26.9,37.38,56.57,156.6,123.2,271.6,466.5,99.07,70.99,202,47.28,31.62,26.26,30.1,37.12,160.6,77.25,180.9,52.48,71.33,49.14,40.26,38.79,36.81,31.48,46.44,39.42,68.92,83.52,81.18,121,44.66,54.11,61.87,36.59,25.47,19.24,27.46,47.68,75.99,81.26,262.2,203.7,216.6,154.6,68.16,43.06,32.4,56.28,64.71,163.2,221.9,303.1,101.8,74.75,53.75,59.53,30.89,25.59,28.8,38.16,34.54,37.93,47.84,176.4,109.3,87.86,64.63,44.64,40.12,43.52,29.41,31.26,44.77,55.24,158.7,68.79,282.6,71.25,145.6,75.24,59.03,41.64,37.1,33.03,32.9,36.99,49.27,132.2,49.56,249.3,90.99,39.16,77.3,67.36,39.77,26.34,31.28,38.63,98.58,91.02,190.4,176.6,57.48,45.18,37.82,34.8,33.9,35.03,31.08,30.88,83.72,165.7,67.91,129.8,72.75,93.34,82.89,59.35,34.68,32.4,36.19,123,49.23,129,294.5,105.4,200,48.06,47.97,37.77,40.8,49.74,40.02,121.4,113.5,153.9,515.9,184,104.5,98.05,73.78,47.64,37.58,21.15,29.26,38.19,46.88,113,125,152.2,87.66,107.2,46,37.5,40.03,27.24,49.96,67.14,45.76,82.6,167,88.7,49.97,56.99,73.51,53.31,35.15,39.18,54.04,42.84,89.42,125.5,358.1,138.5,66.86,83.64,48.99,44.16,34.1,36.5,26.39,36.74,45.35,104.7,75.04,173.7,82,41.95,30.63,38.72,35.71,20.08,29.92,31.64,36.25,290.559,310.651,312.682,307.313,163.489,168.579,170.498,166.078,167.296,179.764,169.577,173.647,175.982,184.316,184.884,188.952,193.134,193.134,193.299,193.299,193.299,192.928,191.291,197.442,197.901,197.545,202.212,202.084,205.336,207.765,206.768,210.554,207.056,207.46,214.461,214.438,277.583,217.959,258.688,275.829,291.481,291.481,291.481,333.134,334.338,223.657,223.657,225.684,226.104,226.104,226.104,227.674,229.736,232.839,232.839,309.916,310.498,256.978,267.538,258.842,264.243,324.956,288.642,274.786,249.363,244.779,269.923,275.603,267.846,267.723,303.451,315.677,258.873,278.264,293.838,289.374,272.615,276.337,276.344,276.344,275.483,294.069,193.299,192.928,207.477
real_0008,76.32,140.3,237.9,60.85,102.2,69.24,72.95,56.15,71.35,58.45,83.05,83.38,152.5,137.6,83.61,63.34,77.59,81.04,54.68,47.18,36.19,42.54,54.03,95.37,255.8,192.7,99.55,80.19,52.87,40.1,40.65,35.09,40.82,38.76,60.29,89.16,78.08,82.04,106.1,74.5,58.77,50.47,43.49,36.23,48.14,66,66.8,92.73,190.3,160.7,210.9,93.88,41.7,33.64,34.48,30.78,31.04,37.17,51.8,131.9,107.7,233.8,423.2,108.6,76.59,174.5,55,38.4,31.78,35.39,42.63,115.3,68.86,158.5,57.84,69.52,51.92,45.31,43.64,42.38,36.6,52.28,45.11,64.63,74.28,69.4,110.5,48.35,54.78,62.33,42.11,30.67,20.29,24.32,45.26,62.49,71.74,226.8,188.3,188.6,146.3,74.05,50.39,36.96,55.18,60.56,140.5,202.1,269.9,106,79.94,60.07,65.44,37.01,30.97,34.61,39.83,39.41,40.82,47.92,135.1,98.98,89.93,65.38,49.67,44.95,48.7,34.47,34.13,47.01,52.52,127.9,65.37,245.4,76.69,130.5,72.04,58.85,47.28,42.51,38.28,38.04,41.39,53.13,106.5,53.16,226.7,92.27,44.2,67,62.16,44.34,31.49,35.4,42.87,85.6,81.14,161.9,163,62.54,51.71,42.93,40.12,39.26,40.11,35.23,35.32,68.39,136.9,69.36,117.8,68.49,89.1,73.93,59.32,39.94,37.9,40.95,103.2,54.15,105.3,254.4,109.8,182.4,55.11,54.59,44.47,46.78,54.65,43.86,111.3,110.8,134.9,484.1,166.2,103.3,97.75,76.88,55.11,44.19,26.21,34.28,43.75,49.61,97.13,112.3,138.5,92.55,101.1,52.12,43.73,45.65,32.19,47.45,60.96,51.22,79.66,135.2,94.28,54.78,56.49,72.36,58.16,41.67,44.68,50.59,47.92,84.42,115.3,310.3,133.9,73.13,86.23,55.79,50.34,40.34,42.18,31.43,41.69,47.84,90.43,75.46,146.4,84.82,47.55,36.02,43.74,39.68,24.23,33.86,36.23,40.88,290.499,310.695,312.514,306.918,163.472,168.532,170.399,166.06,167.256,179.238,169.583,173.591,176.011,184.222,184.454,188.984,193.173,193.173,193.326,193.326,193.326,193.012,191.285,197.498,197.892,197.536,202.188,202.11,205.222,207.701,206.689,210.489,207.023,207.429,214.385,214.463,277.268,217.941,258.706,275.579,291.386,291.386,291.386,332.934,334.051,223.756,223.756,225.55,226.081,226.081,226.081,227.645,229.798,232.876,232.876,309.665,310.387,256.95,267.488,258.834,264.174,324.882,288.606,274.734,249.145,244.743,269.505,275.518,267.796,267.353,303.396,315.452,258.897,277.992,293.367,288.867,272.388,276.174,276.205,276.205,275.402,294.009,193.326,193.012,207.456
real_0009,85.9,179.5,253.5,68.33,119.1,75.99,91.34,65.82,92.08,67.28,99.47,90.36,166.2,160,84.11,68.21,94.66,93.47,61.12,53.91,42.95,49.99,60.85,126.5,278.4,213.7,110.8,84.94,56.81,45.6,46.01,41.35,45.7,45.53,77.22,121,82,82.26,106.1,73.45,65.58,57.49,48.82,41.34,53.02,78.29,70.31,105.9,205.9,190.9,219.9,94.31,44.95,37.87,36.42,31.9,28.26,41.38,63.23,147.1,118.9,257.9,430.2,93.93,77.68,199.1,55.72,40.79,35.27,38.87,45.71,161.6,82.93,180.2,59.09,76.17,56.42,48.65,47.36,45.29,40.37,54.75,47.18,75.48,86.38,84.68,119.7,50.44,60.86,68.27,44.37,33.7,23.89,28.12,55.4,80.52,84.3,258,187.8,196.4,139.7,70.35,49.94,38.48,61.65,69.69,155.7,199.5,289.7,98.26,77.03,59.92,64.57,38.38,31.84,36.51,40.04,41.16,44.22,53.22,171.1,107.4,86.46,66.94,50.14,46.92,50.36,36.93,36.77,52.33,60.77,155,70.51,276.7,74.47,140.5,78.14,64.89,48.53,44.74,40.27,40.61,44.3,55.39,131.1,54.87,242.8,88.95,44.94,82.01,70.98,46.27,33.97,38.58,45.31,98.19,87.41,177.9,162.3,60.45,50.35,44.19,41.28,40.9,41.51,37.7,37.64,86.64,159.7,69.72,124.3,75.51,90.94,85.57,63.3,41.16,39.44,42.91,122.7,53.63,126.2,271.3,97.04,182.8,52.37,53.79,44.72,47.3,56.31,46.2,119.1,108.1,142.4,475.8,171.5,102.5,94.21,77.27,53.67,44.78,27.77,36.15,44.32,52.61,108.1,116,140.2,82.47,105.6,50.11,44.17,46.2,33.92,56.34,71.22,50.07,82.99,163.8,84.72,54.14,61.67,78.84,58.3,41.97,45.59,60.04,48.34,87.71,117.5,341.3,127.3,68.89,84.11,52.75,50.48,40.89,43.03,33.28,43.14,51.92,102.1,73.87,163.3,77.38,46.42,37.09,45.05,41.5,26.12,35.6,37.46,41.92,290.594,311.045,313.076,308.395,163.64,169.141,171.126,166.148,167.406,179.692,169.678,174.999,176.024,184.48,185.115,189.361,194.214,194.214,194.316,194.316,194.316,193.72,191.306,197.869,198.045,197.717,202.296,202.162,205.366,207.816,206.809,210.642,207.114,207.556,214.657,214.662,279.033,218.291,258.904,277.015,291.534,291.534,291.534,333.736,335.016,224.121,224.121,225.743,226.179,226.179,226.179,227.74,229.791,232.914,232.914,309.941,310.971,257.117,267.889,258.921,264.717,326.902,288.703,274.835,250.791,244.88,272.043,275.629,268.331,269.549,303.488,316.781,258.94,278.256,295.115,291.158,272.583,276.955,277.009,277.009,275.947,294.777,194.316,193.72,207.553
real_0010,91.96,224.3,290.9,68.87,183.1,93.54,163.2,78.25,155.2,81.21,128.7,111.6,229.1,192.5,85.94,65.27,141.9,147.8,64.2,50.7,36.87,46.31,66.69,168.4,396.5,267.8,135.3,111.7,56.22,39.27,46.09,43.44,47.13,52.26,115.3,170.4,104.3,101.4,134,87.44,92.6,76.99,48.32,37.15,54.57,117.8,86.88,160.2,292,245.5,274.4,126,41.66,32.16,33.34,40.6,32.48,52.47,92.5,228.9,166.4,335.8,542,100.1,105.8,284.8,52.9,35.59,29.13,32.74,39.15,253.3,101.2,220,58.14,107.3,77.73,55.16,48.31,45.49,34.69,52.73,42.2,101.1,119.1,119.9,164.6,57.12,92.21,119.8,42.16,29.5,19.35,24.71,89.69,114.7,106.5,334.8,246.8,310,207.7,89.03,44.15,35.32,96.88,92.99,234.3,273.5,349.9,114.6,86.3,61.08,75.4,33.28,29.36,33.15,45.26,38.16,49.82,74.31,250.9,142.5,104.2,102.4,51.28,50.92,56.25,33.08,35.6,76.34,81.57,214.1,93.88,333.9,82.56,193.6,121,108.7,50.03,49.79,36.06,34.78,45.98,65.35,190.6,59.61,288.9,120.6,51.52,155.7,118,62.32,29.87,48.7,49.63,151.9,123,253.7,221,76.45,50.61,51.97,39,36.43,40.91,46.37,36.27,126.6,224.5,89.59,174,113.4,157.1,150.8,104.6,39.96,36.06,42.82,191,59.43,177.3,383.4,127.6,249.7,47.39,62.74,41.86,42.43,79.45,50.57,171.1,150.4,185.6,554.9,223,144.2,131.1,107.5,50.84,39.69,23.36,31.18,38.84,70.68,174.5,160.8,206.6,106.6,152.3,46.89,39.56,41.65,30.99,96.41,107.9,50.02,102,226.9,98.84,63.36,94.27,124.5,83.39,38.54,51.97,89.85,52.68,134.1,164.6,438.7,171.4,78.84,124.8,59.4,62.83,36.46,39.69,28.37,45.86,60.47,165.5,102.2,249.8,97.21,53.48,32.64,53.07,46.22,22.89,34.3,33.01,39.11,290.696,310.541,312.591,307.095,163.702,168.609,170.518,166.271,167.482,179.804,169.798,174.127,176.039,184.446,185.02,189.123,193.488,193.488,193.639,193.639,193.639,193.307,191.331,197.524,197.949,197.589,202.394,202.304,205.446,207.914,206.769,210.356,207.089,207.648,214.179,214.746,277.368,218.072,258.556,275.367,291.286,291.286,291.286,331.982,332.908,223.972,223.972,225.889,226.301,226.301,226.301,227.852,229.842,232.936,232.936,309.464,310.153,256.95,267.479,258.979,264.062,324.324,288.802,274.918,249.597,244.901,269.2,275.712,268.019,266.94,303.595,315.324,259.084,277.764,293.002,288.834,272.691,276.316,276.32,276.32,275.501,293.954,193.639,193.307,207.65
real_0011,90.03,220.7,350.6,143.7,443.2,257,441.2,221.6,409.7,141.8,249.1,205.4,312.6,175.8,174.9,153.5,375.4,330.5,192,170.9,62.91,159.9,244.8,214.8,602.9,271.8,205.3,281.5,138.8,95.68,151.9,189.5,245.5,154.6,282.4,187,216.3,178.9,251.6,231.4,255.8,237.5,176.1,132.5,222.4,331.2,171.4,316,453.7,234.9,379.1,270.7,71.55,75.27,95.24,234.7,135.6,222,222.5,381.1,194.3,347.1,667.6,166.4,304.3,504.1,141,70.87,78.75,73.72,113,373.9,112.9,264.7,122.4,278.5,219.4,196.1,159.7,111.7,103,283.3,70.17,202.2,127.5,117.7,286.2,130.3,278.8,385.9,79.63,89.17,45.24,54.1,325,154.6,109.9,437.9,379.7,609,424.8,199.7,74.13,97.03,387.1,222.7,453.7,417.7,332.1,130,178,140.5,194.3,64.38,81.99,73.41,230.3,166.2,97.8,188.9,283.7,142.3,173.2,270,132.2,168.5,222.6,65.84,158.6,258.3,169.4,287.6,87.3,323.5,135.4,365.6,270.6,314.4,108.6,204.9,89.96,76.24,111,174.3,259.2,53.87,323.2,284.5,142.2,495.5,248,124.9,61.7,161.2,163.5,342.7,137.1,335.9,366.5,190.6,137.3,178.3,102,208.2,186.9,131.3,78.4,172.4,321.4,166.6,309.1,251.9,419.1,328.8,260.3,93.78,104.1,173.5,413.7,96.09,183,546.6,236.1,368.1,131.7,236.7,121.7,176.7,295,105.2,357.1,283.3,195.8,584.7,291,315.5,289.9,307.9,124.8,99.27,35.34,124.1,102.3,182.4,329.1,211.6,406.1,233.1,324.2,94.66,136.9,130.8,100,305.8,259.7,82.25,147.5,254.6,180.8,145.7,231.2,331,233,112.8,208,263,117,308.4,206.3,495.3,266.3,172.4,358,147.5,239.3,103.1,155.1,44.77,133,117.1,344.8,199.8,441.6,189.8,126.8,102.2,200.2,161.2,34.81,118.9,86.75,129.3,290.839,310.066,312.624,307.094,163.836,168.541,170.583,166.409,167.637,180.276,169.931,174.622,176.039,184.646,185.704,189.237,193.765,193.765,193.939,193.939,193.939,193.646,191.351,197.374,197.882,197.537,202.509,202.371,205.523,208.054,206.562,209.711,206.875,207.798,213.406,214.938,276.774,218.16,258.298,274.704,291.169,291.169,291.169,329.673,330.25,224.079,224.079,226.107,226.447,226.447,226.447,227.997,229.841,232.968,232.968,309.131,309.319,256.779,267.409,259.029,263.882,321.938,288.924,275.054,250.239,245.027,268.386,275.829,268.159,266.147,303.736,314.256,259.167,277.461,292.329,288.426,272.913,276.334,276.288,276.288,275.485,293.561,193.939,193.646,207.762
real_0012,76.06,132.1,233,63.05,99.94,70.16,71.92,57.12,69.45,58.84,80.88,82.6,147,131.3,84.44,64.54,75.66,79.22,55.54,47.92,36.9,43.11,54.27,88.54,244.2,184.2,97.85,80.02,54.49,41.26,41.35,35.79,41.44,39.48,57.9,82.09,77.67,81.93,105,75.09,59.14,51.1,44.36,36.67,48.54,63.78,66.03,89.8,182,151.8,205.8,94.07,43.25,34.39,35.18,31.51,31.73,37.75,50.26,125.2,103.4,222.4,406.3,110.7,77.3,164.8,56.26,39.18,32.58,36.21,43.49,103,66.02,151.2,58.76,69.17,52.49,46.3,44.45,42.86,37.13,52.4,45.49,62.07,71.42,66.54,107,49.45,54.63,61.57,42.62,31.2,20.98,24.95,43.97,58.03,68.41,216.6,181.9,181,143.2,75.36,51.36,37.65,54.9,58.81,134.1,194.5,258.7,106.1,80.68,61.47,65.69,37.75,32.01,35.47,40.59,40.15,41.41,47.84,123.3,95.14,89.01,65.78,50.6,45.91,49.26,34.89,34.44,46.73,50.84,118.9,64.07,233.2,76.8,126.3,70.68,58.24,47.94,42.92,39.04,38.65,41.93,52.33,98.85,53.11,217.8,92.13,45.59,64.45,60.02,44.84,31.98,35.91,42.93,81.76,77.73,153.5,157.9,63.7,52.61,43.86,40.78,39.64,40.72,35.81,35.95,63.49,127.8,68.91,113.7,66.95,87.35,70.04,58.85,40.41,38.32,41.4,95.96,54.11,98.86,241.9,109.5,176.5,56.79,55.75,45.03,47.65,54.38,44.25,105.9,108.6,127.9,468.6,159.7,102.4,97.63,76.21,56,44.87,26.86,34.94,44.41,49.53,92.74,108,134.1,92.55,97.61,53.38,44.19,46.33,32.9,45.9,58.35,51.31,77.83,126.9,94.49,55.8,55.5,69.32,58.09,42.17,45.17,48.62,47.83,81.92,111.5,295.2,131,73.68,85.76,56.94,50.97,40.94,42.84,32.03,42.2,47.04,85.9,74.77,139,85.11,48.7,36.95,44.26,40.23,24.86,34.37,36.82,41.46,290.485,310.713,312.504,306.928,163.464,168.537,170.399,166.048,167.245,179.124,169.577,173.648,176.013,184.208,184.399,189.008,193.222,193.222,193.374,193.374,193.374,193.051,191.282,197.501,197.889,197.533,202.174,202.104,205.193,207.682,206.667,210.454,207.01,207.417,214.316,214.458,277.289,217.943,258.718,275.562,291.351,291.351,291.351,332.932,334.043,223.771,223.771,225.513,226.07,226.07,226.07,227.634,229.801,232.88,232.88,309.646,310.401,256.944,267.488,258.825,264.169,324.964,288.594,274.719,249.173,244.731,269.555,275.502,267.813,267.347,303.381,315.461,258.891,277.958,293.349,288.88,272.337,276.175,276.211,276.211,275.409,294.026,193.374,193.051,207.445
real_0013,78.53,218.8,303,86.11,287.5,146.1,292.7,114.6,224.8,90.4,141.6,131.2,269.9,180.8,111.4,88.83,235.8,225.6,103.2,69.28,32.79,59.18,96.53,177.5,504.6,265.6,163,182.1,78.52,47.68,78.87,72.49,90.62,77.84,162.6,176.1,145,132.8,186.5,139.6,157.3,133.1,85.51,45.52,88.15,173.6,104.5,228.5,384.4,241.2,325.2,193.4,47.83,33.75,34.41,89.69,42.48,91.43,127.3,296,180.3,346.7,618.9,122.9,179,375.9,79.19,37.49,24.34,33.08,43.6,298.7,102.9,239,61.42,158.4,126.4,100.2,81.05,54.12,34.05,94.66,41.29,129.6,114.7,117.1,214.8,81.41,165.3,225.3,47.72,28.44,20.37,23.46,162.8,131.6,104,370,301.2,464.2,312.8,139.1,44.4,36.96,185.4,127.2,326.9,353,343.4,117.1,120.3,83.71,115.4,35.23,27.98,30.24,74.98,55.34,60.83,109.4,265,137.9,129.3,181.9,75.66,92.99,112,30.38,55.99,131.6,104.8,229.7,86.24,330.1,95.24,265.7,187.4,196.4,66.67,86.72,40.11,28.07,46.02,88.9,215,51.46,297.6,179.5,81.52,291.1,180.8,89.15,25.98,83.86,66.17,210.5,122.9,302.5,295.6,123.2,72.63,102.6,51.05,52.18,71.29,72.83,39.65,139.4,252.9,114.3,237.7,176.2,273.2,246.4,170.6,41.88,43.82,61.21,255,64.13,177.4,472.4,176.1,317.7,64.7,136.2,54.71,53.09,131.7,55.3,223.9,212.4,191.6,583.3,254.9,218.9,197.5,176.2,74.01,38.39,18.44,42.16,43.56,101.7,241.4,183.7,309.2,161.5,224.1,59.11,49.41,48,38.73,164.2,150.3,50.85,115.2,241.7,127.7,92.5,152.3,216.2,137.2,40.56,82.64,125.2,61.31,204.5,190.6,478.1,221.7,108.7,219.9,90.23,115.7,35.79,53.46,23.54,65.44,62.53,227.9,142.4,353,137.7,82.25,46.77,102.9,67.83,19.06,37.35,36.57,49.71,290.749,310.248,312.534,307.049,163.676,168.387,170.362,166.281,167.504,180.268,169.778,173.99,175.993,184.51,185.495,189.047,193.296,193.296,193.478,193.478,193.478,193.157,191.326,197.269,197.874,197.512,202.391,202.248,205.496,207.969,206.724,210.208,207.005,207.672,214.048,214.665,276.873,217.994,258.352,274.726,291.21,291.21,291.21,330.615,331.322,223.785,223.785,225.977,226.311,226.311,226.311,227.868,229.766,232.885,232.885,309.553,309.734,256.775,267.277,258.94,263.779,322.927,288.827,274.964,249.656,244.915,268.268,275.772,267.964,265.923,303.643,314.682,259.043,277.787,292.353,288.263,272.879,276.269,276.209,276.209,275.381,293.658,193.478,193.157,207.657
real_0014,83.99,205.6,272.3,59.03,148.3,75.22,121,61.93,120.5,66.22,110.5,97.35,207.9,179.5,78.59,57.81,113,119.7,52.1,42.36,31.34,38.73,54.22,151.2,362.6,252.8,121.4,93.4,48.14,34.38,36.78,34.45,39.03,41.35,94.59,152.6,90.79,90.92,122.6,76.58,74.37,60.78,40.4,31.6,45.48,94.89,76.3,137.5,267.9,229.8,257.2,110.9,36.84,28.25,29.52,34.67,28.9,45.13,76.88,204.9,152.7,318.4,520.4,98.15,85.77,253.8,46.47,31.22,25.91,30.3,36.61,223.1,91.48,205.9,53.95,90.24,61.97,43.98,39.99,39.13,31.48,47.23,39.16,87.32,106.4,106.2,147.1,49.78,72.1,89.6,37.36,25.99,22.41,20.7,69.56,100.7,97.97,311.1,233.8,275.9,187.3,77.12,41.79,32.34,77.35,81.17,208.9,258.2,339.8,109.7,79.82,55.09,65.62,30.38,26.29,29.72,39.85,35.01,43.58,61.85,229.7,131.3,97.36,84.27,45.92,42.61,46.05,29.59,35.15,59.67,70.47,198.1,84.91,321,75.7,175.6,100.5,83.17,43.6,40.99,32.87,32.39,40.05,56.63,172.1,54.18,277.3,107.2,43.38,119.2,95.52,49.26,26.58,38.08,42.83,131.2,113.6,234.7,206,65.5,45.65,41.22,37.7,36.21,35.67,37.1,32.18,111.9,206.6,79.88,158.2,95.64,128.5,120.7,83.59,35.55,32.14,37.18,166.1,53.64,162.9,355.2,118.4,234.1,45.8,50.65,37.4,39.78,62.97,44.65,152.1,135.9,179.3,549.1,211.7,126.9,116.6,90.34,46.71,37.08,22.11,33.25,37.07,58.52,152.8,150.7,187.2,98.03,133.5,44.87,36.9,39.52,27.67,74.65,90.96,46.97,94.83,209.1,94.43,55.77,76.39,98.51,66.65,35,42.73,74.1,46.83,116.2,152.6,416,159.8,72.04,104.1,51.75,50.13,33.66,36.31,26.05,39.59,52.75,142.9,91.08,223.6,90.52,45.42,30.27,43.14,39.29,20.25,31.65,31.36,36.23,290.64,310.479,312.52,306.889,163.593,168.453,170.352,166.191,167.392,179.811,169.699,173.639,176.009,184.363,184.918,188.967,193.106,193.106,193.28,193.28,193.28,192.984,191.312,197.403,197.896,197.534,202.309,202.21,205.394,207.852,206.757,210.408,207.065,207.564,214.244,214.589,277.015,217.961,258.517,275.114,291.331,291.331,291.331,332.172,333.166,223.759,223.759,225.794,226.219,226.219,226.219,227.776,229.792,232.885,232.885,309.618,310.127,256.928,267.405,258.917,264.011,323.823,288.734,274.863,249.171,244.834,268.748,275.67,267.836,266.644,303.538,315.147,258.999,277.922,292.834,288.449,272.663,276.164,276.158,276.158,275.376,293.811,193.28,192.984,207.575
real_0015,85.22,218.4,286.8,61.5,175.9,85.92,155.1,70.37,146.3,73.55,122.2,106.6,228.1,188.1,80.27,58.61,134,142.9,56.96,43.78,30.37,39.63,59.34,164.2,401.2,265.7,130.4,106.1,50.14,33.18,39.34,37.98,42.04,46.23,110.6,167.4,100.6,98.74,133.1,83.77,87.17,70.96,42.19,31.3,48.69,111,83.37,158.7,295.9,243.8,274.2,123.6,36.26,26.51,28.51,39.55,28.65,51.51,88.73,232.3,166.2,338.1,551.1,98.65,99.6,281.8,46.76,29.88,24.35,33.22,34.4,252,97.23,218.7,53.26,104.3,73.37,49.45,43.13,40.4,30.14,47.7,37.88,97.42,116.9,117.3,163.8,53.11,87.37,115.6,37.39,24.68,20.96,19.96,84.91,112.6,103.7,335.4,250.3,315.9,209.9,85.18,39.06,30.69,93.57,89.62,236.8,279,352.3,112.3,83.51,56.73,71.04,28.64,24.66,28.2,41.72,34.77,46.39,71.74,252.2,141.4,103.2,100.7,47.2,46.18,51.12,28.58,36.02,71.05,77.73,214.6,91.24,335.2,78.93,193.9,117.6,103.1,45.23,44.9,31.84,30.65,40.71,61.08,189.7,55.69,290.2,120.1,47.18,151.5,115.2,58.18,25.22,44.3,45.49,152.1,122.8,257,223.8,73.04,46.68,46.81,37.18,34.71,37.72,47.63,32.15,124.6,225.5,87.12,174.8,110.3,156.3,146.2,99.28,35.22,31.99,38.53,189.2,55.96,177.4,390.7,127.7,253.1,43.28,57.43,37.24,38.4,73.81,46.17,170.5,151.4,188.6,566,224.5,143.1,130,102.8,46.31,35.98,20.79,33.19,35.16,66.95,176.7,162.8,210.6,106.3,150.2,43.03,35.11,37.64,27.16,91.84,104.7,46.68,100.4,227.5,98.49,59.95,90.14,118.3,78.09,34.02,47.11,85.35,49.22,134.3,166.1,444,172.2,75.5,122.7,55.62,57.93,32.24,35.67,24.38,41.47,55.66,165.8,101.4,253.1,96.26,49.34,28.6,48.01,42.19,19.18,30.25,29.75,35.52,290.678,310.401,312.506,306.863,163.622,168.419,170.329,166.221,167.428,179.977,169.73,173.659,176.008,184.403,185.072,188.961,193.086,193.086,193.27,193.27,193.27,192.984,191.318,197.368,197.894,197.532,202.341,202.234,205.432,207.894,206.764,210.379,207.067,207.599,214.211,214.621,276.884,217.962,258.442,274.936,291.306,291.306,291.306,331.707,332.566,223.759,223.759,225.846,226.255,226.255,226.255,227.809,229.789,232.886,232.886,309.573,309.996,256.899,267.367,258.934,263.941,323.434,288.766,274.896,249.198,244.856,268.465,275.708,267.848,266.339,303.574,314.988,259.021,277.886,292.606,288.261,272.723,276.158,276.14,276.14,275.358,293.728,193.27,192.984,207.606
real_0016,78.74,210.8,343.3,132.4,434.2,246.6,432.6,212.3,404,131.2,241,196.7,305.2,166.8,166.4,143.9,366.8,322.5,184.8,163.5,54.13,153.1,239.1,208.2,601.2,264.3,197.4,275.9,130.4,80.9,143.6,184,242.1,147.9,277.7,181.1,210.7,172.3,246.5,225,247.2,229,169.5,126.1,217.5,327.8,165.3,311.4,451.6,228.2,375.7,264.8,61.79,67.31,90.45,232.9,130.6,219.3,218.3,380.3,188.9,344,668.9,159.1,298.1,497.3,127.3,64.68,72.56,70.04,111.9,374.7,107.2,262.2,116.1,274.8,214.1,189,154.1,106.4,98.07,282.3,64.02,198.9,122.8,112.4,285.1,124,274.5,382.1,72.48,82.72,37.65,48.58,323.9,153.1,105.4,437.4,380.6,609.8,421,191.8,67.49,93.75,388.5,219.7,454.6,416.5,329.4,123,173.9,133.7,188.1,59.07,78.09,68.39,230.2,163.9,93.29,186.9,283.4,138.5,170.5,268.2,125.3,162.5,220.1,62.28,157.4,255.7,167.7,287.1,82.06,323.8,130.9,364.4,267.7,310.3,102.4,205.4,85.08,71.67,107.7,172.6,258.2,48.03,324.5,282.9,135.5,496.1,244.9,120.6,58.05,158.3,161.6,344.5,133.4,336.3,365.4,185.4,132.5,171.8,96.77,207.4,184.1,128.1,73.5,171.3,323.1,163,308.4,248.1,417.3,323.8,257.7,87.78,100.5,170.5,416.4,90.7,181.3,551.7,233.4,366.8,123.4,232.3,118.6,174.8,294.4,99.12,359.8,282.1,194.6,588.7,289,314.4,285.9,301.6,117.2,93.62,33.43,122.1,99.94,182.2,332,210.5,408.2,230.3,319.6,88.65,134,127.6,95.63,-9999,-9999,-9999,-9999,-9999,-9999,-9999,-9999,-9999,-9999,-9999,-9999,-9999,-9999,-9999,-9999,-9999,-9999,-9999,-9999,-9999,-9999,-9999,-9999,-9999,-9999,-9999,-9999,-9999,-9999,-9999,-9999,-9999,-9999,-9999,-9999,-9999,-9999,-9999,290.817,309.858,312.378,306.587,163.721,168.187,170.221,166.346,167.56,180.358,169.834,173.87,175.994,184.56,185.804,189.021,193.166,193.166,193.394,193.394,193.394,193.188,191.331,197.033,197.773,197.416,202.431,202.271,205.476,208.016,206.492,209.601,206.786,207.73,213.269,214.752,275.677,217.934,258.032,273.642,291.1,291.1,291.1,328.706,329.164,223.708,223.708,226.052,226.378,226.378,226.378,227.93,229.766,232.901,232.901,309.179,308.86,256.663,267.171,258.959,263.596,319.942,288.875,275.021,249.571,244.95,266.874,275.807,267.906,264.941,303.707,313.41,259.085,277.486,291.367,287.247,272.948,275.99,275.901,275.901,275.208,293.188,193.394,193.188,207.701
real_0017,77.74,210.2,342.6,131.7,433.6,246.2,432.5,211.1,402.4,130.4,239.8,195.5,304,166.2,165.3,143.1,366.6,322.7,183.5,162.5,53.28,151.8,237.8,207.7,599.7,263.7,196.7,275.3,129.8,81.91,143.4,182.9,241.2,147,276.5,180.8,209.3,171.1,245.4,224.5,247.4,229,169.2,125.7,216.2,326.6,164.4,310.4,450.8,227.9,375,264.3,61.56,66.95,89.13,231.8,129.4,217.8,217.4,379,188.2,343.7,669,158.4,297.3,498.2,128.3,64.38,71.86,69,111,373.9,106.5,261.6,115.2,274.1,213.8,189.3,152.8,105.3,96.86,280.8,63.37,198.1,122.4,112,284.3,123.4,274.4,382.5,71.95,81.89,36.92,47.47,322.4,152.7,104.7,436.7,379.6,609.2,420.7,191.9,66.89,92.19,387.2,218.8,453.2,415.3,329.3,121.9,173.4,133.5,188.2,58.91,77.13,67.49,229.2,163.1,92.49,185.8,282.9,137.7,169.6,267.9,124.7,162.6,219.7,60.94,156.6,254.4,167.2,286,81.4,323.9,130,363.6,267.6,311.2,101.8,204,84.37,70.87,106.8,171.4,257.5,47.38,323.9,281.8,135.2,496.9,244.8,119.3,56.26,157.3,160.5,343.4,132.5,335.8,364.4,185.1,132.4,172.5,95.6,206,183.3,127.4,72.84,170.4,322.1,161.9,307.5,247.8,417.6,324.7,257.3,86.55,99.79,170.7,414.9,89.78,180.9,550.9,232.3,366.2,123.2,233.2,117.8,173.8,292.9,98.26,358.4,280.8,194,588.7,288.5,313.9,285.7,301.8,117.6,92.45,32.29,120.2,99.08,181.1,330.9,209.6,407.4,229.8,319.9,88.58,133,126.5,94.81,-9999,-9999,-9999,-9999,-9999,-9999,-9999,-9999,-9999,-9999,-9999,-9999,-9999,-9999,-9999,-9999,-9999,-9999,-9999,-9999,-9999,-9999,-9999,-9999,-9999,-9999,-9999,-9999,-9999,-9999,-9999,-9999,-9999,-9999,-9999,-9999,-9999,-9999,-9999,290.813,309.875,312.404,306.686,163.708,168.198,170.241,166.333,167.553,180.399,169.818,173.876,175.985,184.566,185.882,189.016,193.162,193.162,193.389,193.389,193.389,193.164,191.328,197.012,197.769,197.414,202.418,202.251,205.47,208.014,206.479,209.588,206.766,207.723,213.28,214.728,275.746,217.931,258.037,273.736,291.115,291.115,291.115,328.752,329.216,223.674,223.674,226.057,226.366,226.366,226.366,227.917,229.749,232.887,232.887,309.279,308.92,256.655,267.181,258.949,263.607,320.116,288.869,275.019,249.635,244.945,267.007,275.809,267.91,265.056,303.703,313.447,259.066,277.548,291.513,287.399,272.969,276.023,275.931,275.931,275.22,293.216,193.389,193.164,207.692
real_0018,83.86,214.2,344.2,136.5,434.5,248.2,432.9,214.9,404.5,135.9,242.3,199.3,308.1,169.9,168.4,147,366.1,323.5,187,165.7,58.74,155.4,240,209.9,601.1,266.7,199.6,277.1,133.3,83,145.7,185.4,242.6,150.8,278.2,183.4,212.4,175.5,247.9,226.3,247,229.7,170.7,128.4,218.8,328,168.1,312.2,451.2,230.2,376.1,266.3,65.8,70.33,94.14,233.5,132.3,220.1,220.1,379.9,191,345.3,666.3,163,298.8,494.9,128.8,67.74,75.68,74.14,114.7,373.4,111.2,262.6,119.4,275.2,214.9,189.9,156.8,110.1,100.8,281.6,68.04,199.8,125.6,115.2,285,126.9,274.2,380.2,76.65,83.93,42.23,52.39,327.9,154.9,108.9,436.8,381.2,606.3,421.2,194.5,71.66,97.49,386.9,221.8,453,417.8,330.4,127.9,175.4,136.1,189.4,61.34,81.5,72.3,229.7,164.9,96.79,188,283.3,141.8,172.2,268.1,128.3,164.2,220.4,66.08,159.1,257.5,168.7,287.8,86.13,323.5,133.8,364.6,268.1,309.7,106.5,206.6,88.62,74.6,109.8,174.8,259.4,52.27,324.6,283.4,137.9,491.6,247.3,123.5,60.65,160.2,163.5,343.8,137.4,336.1,366.8,187.3,134.4,173.3,101.1,207.8,185.8,130.6,76.2,172.9,323.3,165.9,309.3,248.7,415.3,324.2,258.8,91.86,103.1,172.3,416,94.74,182.8,549.2,236,368.9,126.1,232.6,121.4,176.2,295,103.1,359.1,283.1,196,587.2,-9999,-9999,-9999,-9999,-9999,-9999,-9999,-9999,-9999,-9999,-9999,-9999,-9999,-9999,-9999,-9999,-9999,-9999,-9999,-9999,-9999,-9999,-9999,-9999,-9999,-9999,-9999,-9999,-9999,-9999,-9999,-9999,-9999,-9999,-9999,-9999,-9999,-9999,-9999,-9999,-9999,-9999,-9999,-9999,-9999,-9999,-9999,-9999,-9999,-9999,-9999,-9999,-9999,-9999,-9999,-9999,-9999,-9999,290.82,309.881,312.192,306.084,163.773,168.111,170.093,166.399,167.587,180.104,169.919,173.807,176.042,184.505,185.371,189.086,193.224,193.224,193.436,193.436,193.436,193.302,191.353,197.127,197.785,197.431,202.481,202.386,205.478,208.022,206.532,209.649,206.867,207.762,213.251,214.884,275.239,217.949,257.974,273.124,291.017,291.017,291.017,328.371,328.803,223.875,223.875,226.019,226.436,226.436,226.436,227.993,229.868,232.968,232.968,308.666,308.564,256.696,267.124,259.006,263.532,319.48,288.897,275.022,249.246,244.966,266.164,275.78,267.887,264.312,303.717,313.217,259.183,277.144,290.536,286.411,272.821,275.825,275.754,275.754,275.137,293.098,193.436,193.302,207.741
real_0019,82.75,221.1,294.5,69.71,219.5,107,211.2,87.57,180.2,80.23,131,120.5,249.6,186.8,87.78,65.37,167.5,175.8,71.97,51.25,30.27,43.98,68.73,171.8,448.8,266.1,142.5,130.6,57.76,34.29,48.59,46.76,52.33,55.62,131.8,173.1,117.1,110.9,151.7,100.2,110.4,89.42,51.36,33.22,57.95,130.4,94.06,190.4,332.7,246.4,293.2,147.6,38.35,25.38,27.36,50.78,30.13,64.35,104,264.8,173.6,345.2,579.8,104.7,125.2,319,54.03,31.31,22.56,31.37,33.33,282.5,103,233.2,52.71,121.8,94.24,64.57,53.67,44.05,32.3,54.4,37.25,110.4,118.9,119.9,184.3,61.67,113.4,158.8,40.19,25.59,21.06,21.49,111.1,120.9,104.5,352.7,273.7,376.2,247.3,102.9,37.47,32.25,123.6,102.1,277,308.9,351.8,114,93.96,63.42,83.34,28.55,23.41,27.24,50.93,38.37,51.22,87.75,260.9,141.5,111.7,129.9,54.14,57.57,65.73,27.95,38.66,90.01,85.79,225.8,90.53,335.1,85.05,222.9,143.1,135.6,50.1,54.86,32.19,28.6,39.23,68.14,201.1,54.01,295,143.5,57.04,199.9,144.6,72.85,24.24,56.12,51.22,179.8,124.8,279.2,251.3,89.45,52.33,61.97,40.38,34.85,46.06,52.53,34.08,131.9,239.3,97.09,199.7,134.2,199.6,185.5,121.4,36.03,33.55,43.19,212.3,59.56,179.9,428.8,144.8,279.9,45.01,77.56,40.81,39.93,90.66,48.19,192.3,175,191.2,574.6,236.6,170.2,153.8,124.7,52.04,35.03,18.8,33.06,35.32,78.88,207,171.4,247.7,124.4,176.2,45.08,35.62,38.02,28.71,117.2,122,47.89,107.6,237.4,108.1,69.73,112,150.8,95.93,34.84,56.2,97.8,54.58,162.6,178.5,461.8,191.5,84.65,157,66.44,76.26,31.26,37.6,22.56,46.33,57.76,193.7,118.3,294.8,109.5,58.87,29.58,61.11,49.48,17.85,29.83,28.9,37.18,290.714,310.292,312.443,306.764,163.648,168.349,170.282,166.257,167.463,180.072,169.76,173.679,176.005,184.436,185.191,188.963,193.08,193.08,193.268,193.268,193.268,192.996,191.324,197.305,197.875,197.511,202.367,202.256,205.456,207.929,206.743,210.285,207.044,207.635,214.095,214.646,276.636,217.951,258.353,274.593,291.239,291.239,291.239,331.009,331.742,223.758,223.758,225.895,226.289,226.289,226.289,227.846,229.789,232.89,232.89,309.472,309.776,256.84,267.301,258.946,263.824,322.861,288.799,274.926,249.223,244.872,267.98,275.742,267.851,265.799,303.608,314.689,259.046,277.767,292.161,287.886,272.771,276.122,276.084,276.084,275.316,293.601,193.268,192.996,207.636
real_0020,82.6,190.5,258.7,63.17,124,71.57,95.3,61.14,96.49,63.36,101,89.22,179,166.9,78.85,62.07,96.7,98.23,54.91,47.29,36.17,43.55,54.33,135.9,307.4,227.9,112.7,83.37,51.43,39.74,39.47,36.14,40.28,40.96,80.55,133.3,81.8,81.52,108.7,70.89,65.07,55.54,43.61,35.26,47.47,78.29,68.87,114.7,226.8,206.3,232.1,97.27,40.37,32.11,32.97,30.61,29.85,38.15,64.99,165.4,129.8,280.8,463.2,91.53,75.36,215.3,49.8,34.6,29.88,33.44,40.34,184.5,85.1,190.1,54.98,78.52,55.21,44.22,42.42,40.16,35.06,49.13,41.83,76.66,91.89,91.54,127.6,48.31,61.01,70.08,39.63,28.68,19.66,23.53,56,86.15,88.28,278.6,201.9,223,151.9,68.8,44.44,34.66,64.11,71.56,172.9,217.7,309.2,98.82,74.9,55.63,61.08,33.12,27.98,31.57,39,36.74,41.51,53.46,193.7,114.2,86.9,69.47,46.48,42.88,45.83,31.86,32.4,49.93,60.92,171.3,73.61,295.3,71.73,151.9,82.3,65.79,44.2,40.29,35.49,35.68,39.97,51.82,145.5,52.28,255,92.07,42.12,89.89,75.78,43.9,29.14,35.42,41.31,107.3,94.65,198.4,175.5,59.12,45.92,40.16,36.59,36.05,37.1,34.34,33.62,93.96,176.1,70.28,134.2,79.02,98.67,91.63,65.97,36.66,34.77,38.59,134.3,50.68,140,301.9,99.94,199.4,48.17,49.28,39.3,42.29,52.51,42.79,126.1,114,154.4,500.8,184.3,107.3,98.55,76.56,48.52,39.3,23.01,31.32,39.51,50.76,120.7,126,153.8,83.23,111.2,46.33,38.99,41.5,29.48,57.6,74.44,45.96,85.12,181.6,84.56,52.17,62.84,78.82,56.27,36.94,41.3,60.9,44.45,93.5,127.3,370.5,135.4,66.53,86.11,49.18,46.41,35.8,38.24,28.59,39.01,48.46,112.3,76.1,183.9,79.22,42.98,32.76,40.85,38.22,22.08,31.47,33.27,37.75,290.613,310.911,313.007,308.256,163.602,168.989,170.977,166.141,167.393,179.906,169.651,174.692,176,184.468,185.229,189.236,193.934,193.934,194.056,194.056,194.056,193.488,191.303,197.709,197.999,197.661,202.283,202.133,205.402,207.829,206.822,210.626,207.098,207.543,214.623,214.583,278.768,218.199,258.81,276.751,291.516,291.516,291.516,333.523,334.793,223.953,223.953,225.79,226.17,226.17,226.17,227.73,229.75,232.875,232.875,309.988,310.863,257.078,267.798,258.902,264.586,326.402,288.703,274.848,250.524,244.871,271.589,275.659,268.226,269.131,303.504,316.538,258.917,278.333,294.895,290.847,272.679,276.843,276.88,276.88,275.844,294.611,194.056,193.488,207.539
real_0021,86.88,224.2,294.3,69.4,201.9,100.1,188.3,82.92,168.1,80.83,131.3,116.6,241.1,190.4,86.3,64.61,154.4,163.5,67.27,50.23,32.84,44.48,66.64,171.1,426.2,267.5,139.4,120.8,56.52,36.04,45.98,44.77,48.86,53.24,124.6,172.9,111.1,106.2,143.2,93.46,101.3,82.61,48.7,34.22,55.14,123,90.6,177,314.7,247.5,284.9,137.4,39.56,27.87,29.77,45.34,30.46,59.65,98.47,249.2,170.8,341.9,563.5,101.7,114.7,303.2,52.25,32.26,25.06,33.93,34.91,270.5,102.9,228.8,54.66,115.4,86.28,58.6,49.91,43.89,31.28,51.75,38.91,105.8,119.5,120.9,175.3,59.27,102.7,140.6,40.57,26.34,18.72,20.5,99.81,117.9,105.2,346.6,261.1,346.7,228.2,95.17,39.69,31.78,110,97.13,258,292.2,351.4,113.5,89.43,61.43,78.17,29.84,25.47,29.34,46.76,37.06,50.18,81.21,257.1,142.3,107.5,116.8,51.88,52.99,59.15,29.7,38.63,82.03,82.68,221.2,92.32,335.4,83.43,209.5,132.1,121.7,49.17,51.31,33.25,31.16,41.11,65.24,196.5,56.28,292.6,132.4,53.66,178.1,132.5,68.23,26.4,52.21,49.73,167.6,123.9,268.4,237,82.66,50.46,55.52,39.69,35.66,41.58,48.81,34.51,129.2,232.5,93.37,187.7,123.8,179.1,168.1,111.7,37.29,34.06,42.07,202,59.04,179.4,409.4,135.8,265.9,45,68.05,40.06,39.99,83.13,48.48,181.6,163.2,188.2,565,230,157.5,142.5,114.6,50.18,36.77,20.92,34.09,35.76,74.08,192.2,165.9,228.2,114.7,163.9,44.91,36.2,38.49,28.92,106.4,114.7,48.03,104.9,233.9,102.6,66.1,102.6,135.7,88.16,35.67,52.96,93.04,52.92,148.6,172,452.8,181.6,80.76,140.6,62.07,68.39,32.89,37.49,24.76,44.93,57.94,180.2,110.3,274.8,102.9,55.35,29.81,55.21,46.95,19.91,31.07,29.96,36.92,290.71,310.441,312.571,307.064,163.676,168.518,170.453,166.263,167.478,180.035,169.777,173.991,176.019,184.461,185.176,189.065,193.342,193.342,193.504,193.504,193.504,193.18,191.327,197.424,197.917,197.554,202.381,202.271,205.463,207.929,206.768,210.34,207.071,207.646,214.167,214.691,277.173,218.024,258.481,275.13,291.273,291.273,291.273,331.608,332.424,223.87,223.87,225.917,226.294,226.294,226.294,227.849,229.804,232.906,232.906,309.542,310.042,256.897,267.414,258.961,263.978,323.808,288.803,274.928,249.532,244.894,268.839,275.738,267.969,266.559,303.608,315.129,259.056,277.827,292.783,288.594,272.773,276.281,276.261,276.261,275.446,293.834,193.504,193.18,207.643
real_0022,95.9,228,342.5,140,411.2,241.2,408.8,197.9,370.3,140.8,225.1,190.3,305.6,184.4,165.9,145.4,350.2,318.9,174.5,155.3,64.04,138.1,212.8,210.9,579.9,279,203.5,268.1,135,90.37,139.5,161.7,218,142.5,252.4,189.5,198.3,171.3,238.9,216,241.9,223.8,157.2,114.1,193,297.4,160.4,294.8,438.2,241.9,371.8,262.1,78.05,69.58,82.83,207.7,114.5,189.3,202.3,354.4,196.1,350.1,661,170.1,282.3,488.1,132.7,67.53,68.12,61.49,98.81,350.5,116,256.6,112.5,251.8,201.4,176.6,140.5,102.9,84.21,239.3,71.55,186.2,127.9,122.2,268,124.1,254.6,349.9,77.23,76.96,37.96,49.07,281.9,153.8,111.4,416.2,359.7,568.5,403.1,197.1,72.1,83.12,336.1,203.5,412.8,402.8,338.2,134,170.9,134.4,182.5,61.98,71.8,65.87,194.6,142.3,93.53,168,273.2,143,161.8,252.6,123.5,156.9,195,60.43,135.2,229.8,157.8,263.8,92.15,325.4,127.2,339,254.7,291,101.8,176.5,83.76,66.64,98.06,154.4,248.7,58.62,313.6,256.1,133.5,444.8,236.8,119.3,54.46,140.1,140.8,305.9,136.5,326.8,351.6,179.6,128.8,167.9,86.03,167.9,163.1,123.2,71.5,160.7,297.1,154.3,290.8,236.4,386.4,312.9,238.2,80.28,95.84,146.5,373.1,91.19,181.8,518.6,223.8,362.4,120.4,219.3,107.1,150.6,254.8,97.64,317,262.7,197.8,-9999,-9999,-9999,-9999,-9999,-9999,-9999,-9999,-9999,-9999,-9999,-9999,-9999,-9999,-9999,-9999,-9999,-9999,-9999,-9999,-9999,-9999,-9999,-9999,-9999,-9999,-9999,-9999,-9999,-9999,-9999,-9999,-9999,-9999,-9999,-9999,-9999,-9999,-9999,-9999,-9999,-9999,-9999,-9999,-9999,-9999,-9999,-9999,-9999,-9999,-9999,-9999,-9999,-9999,-9999,-9999,-9999,-9999,-9999,290.839,310.348,312.627,307.023,163.887,168.621,170.612,166.443,167.661,180.154,169.986,174.705,176.077,184.637,185.464,189.4,193.996,193.996,194.143,194.143,194.143,193.804,191.371,197.522,197.947,197.596,202.553,202.456,205.564,208.069,206.701,209.996,207.035,207.827,213.708,215.029,277.101,218.213,258.467,274.782,291.176,291.176,291.176,330.284,330.969,224.243,224.243,226.094,226.484,226.484,226.484,228.037,229.911,233.016,233.016,309.021,309.494,256.859,267.436,259.071,263.941,323.435,288.943,275.054,250.175,245.061,268.514,275.814,268.212,266.168,303.741,314.734,259.231,277.424,292.325,288.441,272.845,276.406,276.374,276.374,275.534,293.859,194.143,193.804,207.8
real_0023,81.06,216.7,330.9,119,383.6,217.7,383.1,172.1,339,121.4,201.1,170.8,293.3,175.5,149,125.4,325.9,301.5,151.4,132.7,47.82,114.8,185.7,200,567,270.7,189.9,251,117.8,78.12,124.5,137.3,193.2,123.9,231,182.4,182.5,158.4,226.5,199.8,226,205.9,138.6,92.97,168.1,272.6,143.3,279.6,432.4,236.3,363.2,248.1,64.14,56.25,67.05,185,94.52,165.9,183.5,345.4,188.3,347.1,659.6,154.7,261.3,475.4,123.1,54.29,53.27,47.08,82.2,340.5,106.3,250.4,96.84,232.2,184.4,161.5,121.2,85.76,65.55,210.9,58.97,173,121,115.8,259.5,109.7,237.3,331.3,63.3,61.63,30.67,36.85,256.9,148.9,104.2,406.4,351.9,552.8,385,182,59.83,67.32,308.2,185.4,398.9,395.5,338.1,122.1,160.3,120.7,169.6,52.35,55.1,51.21,171.1,123.5,81.11,154,272.3,136.7,154.1,239.2,106.9,143.1,177.1,47.17,117,207.9,146.2,254.8,84.1,327.6,115.3,325,240.5,276.7,87.36,155.6,68.55,52.28,83.6,138.6,241.1,49.62,310.7,241.1,118.7,427.2,221.6,107.3,42.81,126.7,121.8,290.3,129.1,323.8,341.7,165.2,114.2,155.7,72.09,143.4,142.9,110.9,59.41,154.1,288.7,141.8,281.1,224.1,371.6,303.5,221.1,66.87,80.68,124.9,352.9,79.06,178.1,517,212.5,355,105.3,207.1,91.18,128.7,230.3,82.35,301.9,253,196.1,592.7,280.7,288.2,264.2,269,106,66.99,25.46,85.99,76.98,149,297.3,201,376.3,211.9,292,83.24,98.55,96.78,76.51,248.8,217.7,68.17,131.6,247.3,158.3,121.8,200.6,289.8,190.7,75.73,163.8,207.6,90.84,264.8,198.7,491.9,253.3,149.1,312.5,132,190.2,71.77,117.9,34.18,101.7,89.19,299.8,176.5,407.5,168.6,111.1,79.1,153.3,124.7,23.9,84.24,66.94,94.46,290.809,310.274,312.794,307.664,163.726,168.574,170.648,166.314,167.562,180.516,169.796,174.477,175.977,184.631,186.099,189.171,193.631,193.631,193.818,193.818,193.818,193.411,191.329,197.293,197.913,197.564,202.424,202.232,205.559,208.034,206.734,210.183,206.986,207.728,214.102,214.711,277.416,218.129,258.414,275.215,291.285,291.285,291.285,330.538,331.242,223.843,223.843,226.125,226.352,226.352,226.352,227.905,229.721,232.874,232.874,309.803,309.868,256.776,267.426,258.959,263.964,323.314,288.869,275.021,250.443,244.997,269.125,275.837,268.147,266.695,303.697,314.899,259.036,277.952,293.121,289.222,273.037,276.589,276.516,276.516,275.551,293.884,193.818,193.411,207.697
real_0024,73.66,151.4,238.8,58.43,101.7,66.46,74.35,55.77,74.01,57.2,85.1,80.42,149.2,141.5,77.64,60.62,79.26,79.38,53.14,46.21,35.28,42.22,53.21,104.2,253.9,192.8,98.22,75.75,49.87,38.46,39.08,34.48,39.12,37.99,62.97,98.08,74.18,75.48,99.45,68.2,56.47,49.14,42.21,34.96,46.82,66.64,63.13,92.08,188.1,167.2,207.2,87.08,38.45,31.66,32.35,28.38,28.68,35.33,51.96,129.6,104.6,235.4,415.7,93.76,70.86,176.1,50.29,35.23,29.55,33.24,40.35,129.3,70.05,162.5,53.53,67.03,49.32,43.25,41.93,40.03,35.11,50.09,42.44,65.29,74.31,70.4,108.6,44.42,52.77,59.97,39.29,28.77,18.89,23.13,45.51,66.18,72.63,235.2,177.5,180.8,132.4,65.62,45.53,33.84,53.12,59.76,139.5,189.6,271,94.22,72.81,55.54,60.14,33.73,27.82,30.88,37.11,36.81,38.61,46.07,144.5,96.3,82.66,60.36,45.8,42.31,46.01,32.24,32.15,45.48,52,134.4,61.56,255.8,70.5,127.5,68.32,56.26,43.97,40.06,35.91,36.15,39.47,50.29,111.6,49.59,229.5,84.04,40.06,68.25,60.38,41.43,29.45,33.65,40.52,86.22,76.77,160.9,152.9,56.01,46.75,39.82,37.18,36.83,37.54,33.01,33.38,72.42,140.8,63.96,113.6,65.86,82.82,72.16,55.61,36.84,35.11,38.72,105.7,49.77,109.3,252.7,95,172.7,48.96,50.11,40.77,43.57,51.19,40.99,108.7,102.8,130.8,472,159.4,95.84,89.16,71.22,50.05,40.62,23.38,31.9,40.48,46.98,95.15,106.6,131.4,80.52,96.46,46.41,40.13,42.23,29.52,46.84,60.86,46.52,75.99,142.4,83.5,49.69,53.72,69.9,53.43,38.21,41.72,50.7,44.46,80.13,108.3,317.2,121.4,65.33,79.33,49.51,46.48,37.09,39.2,29.13,39.11,45.86,89.66,68.53,146.3,74.17,42.59,32.89,40.77,37,22.02,31.66,33.76,38.3,290.529,310.968,313.077,308.309,163.493,168.977,170.98,166.042,167.292,179.838,169.542,174.461,175.979,184.387,185.094,189.165,193.777,193.777,193.9,193.9,193.9,193.343,191.286,197.697,197.988,197.657,202.192,202.03,205.338,207.744,206.827,210.758,207.095,207.445,214.814,214.44,278.834,218.153,258.866,276.993,291.626,291.626,291.626,333.974,335.313,223.829,223.829,225.665,226.069,226.069,226.069,227.642,229.714,232.841,232.841,310.039,310.933,257.089,267.833,258.827,264.657,326.531,288.616,274.766,250.403,244.809,271.962,275.582,268.159,269.577,303.418,316.656,258.817,278.517,295.243,291.076,272.635,276.863,276.9,276.9,275.847,294.652,193.9,193.343,207.452
real_0025,76.02,215.8,306.4,92.06,313.9,162.7,323.4,124.2,246.7,95.36,151.1,134.9,273.4,176.9,117.8,97.03,263.2,248.9,109.1,83.54,34.49,71.21,118.2,180.8,523.9,267,172,206.6,89.7,56.76,93.77,87.94,118.3,89.79,178.8,176,152.7,139.7,199.9,160.3,180.8,159.3,105.7,54.22,109.6,200.6,112.1,239.4,400,238.2,341.1,214.9,53.36,43.05,41.34,116.6,53.93,111.2,141.8,307.3,182.3,348.2,638.6,135.5,207.8,409.6,97.71,39.81,31.73,36.47,52.22,303.6,102.6,240.7,69.1,179.4,142.4,118,88.86,59.7,38.42,125.5,44.53,139.6,114.7,115.8,225.1,88.21,186.9,258.5,49.05,33.48,19.68,27.13,195.2,137.2,103.7,378.7,313.9,488.7,337,154.8,49,42.55,220.8,142.4,343.8,370.1,342,120.2,135.6,96.48,135.4,40.91,34.25,34.9,99.53,70.93,66.45,120.8,266.4,136.9,134.7,201.6,86.73,113.1,139,32.98,71.88,154.4,116,232.5,84.85,328.7,99.17,280.8,203.5,223.6,75.31,105.6,47.08,30.25,54.08,103,222.9,50.25,300.1,195.6,92.4,337,198.3,89.58,29.2,98.18,80.75,231.7,124,308.1,310.9,138.3,86.18,125,58.67,73.57,91.34,83.98,43.33,142.2,260.3,120.4,249.4,190,303.9,271.2,193.9,48.22,53.46,76.45,284.3,67.08,176.8,482.9,189.3,333.9,79.04,171.2,64.54,69.86,161.1,61,242.9,223.8,195,592.2,267.2,244.8,219.4,206.5,88.18,42.72,17.16,53.05,51.69,114,258.5,188.6,336.8,182.7,250.8,71.43,61.05,57.5,48.06,193,170,54.2,118.4,243.2,135.6,101.1,169.2,246.5,158.9,46.48,106,146.8,67.41,218.8,194.4,485.2,237,123.3,254.2,105.5,133.5,42.08,69.25,24.93,76.04,69.23,248.7,150.7,367.8,147.6,92.05,58.94,124.1,81.27,17.67,47.68,44.29,60.6,290.757,310.125,312.388,306.685,163.662,168.234,170.192,166.287,167.501,180.242,169.784,173.758,175.994,184.485,185.443,189.001,193.14,193.14,193.342,193.342,193.342,193.074,191.327,197.162,197.84,197.476,202.391,202.257,205.489,207.971,206.696,210.133,206.981,207.676,213.944,214.664,276.319,217.937,258.219,274.1,291.147,291.147,291.147,329.984,330.628,223.728,223.728,225.969,226.321,226.321,226.321,227.881,229.769,232.884,232.884,309.365,309.363,256.703,267.151,258.925,263.613,321.957,288.831,274.965,249.376,244.904,267.358,275.768,267.877,265.142,303.65,314.206,259.052,277.667,291.647,287.515,272.873,276.109,276.032,276.032,275.246,293.464,193.342,193.074,207.662
real_0026,92.91,225,338,135.8,406,237.4,403.2,192.5,362.8,136.9,218.8,185.4,302.6,182.1,161.1,141.2,345.5,317.2,170,150.1,61.52,132.7,206.1,207.5,576.2,276.8,199.7,263.4,131.6,90.31,138.1,156.1,212.5,138.8,247,187.7,193.8,168.3,235.5,212,239.3,222.1,153.9,109.6,187.3,291.7,157,290.3,435.7,240.4,369,258.5,76.8,68.39,79.82,202.8,110.3,184.3,198.4,351.4,194.5,349.6,659.4,167.7,277.6,486.8,134.3,65.8,65.34,59.23,95.74,347.4,114.9,254.1,109.3,247.9,198.7,174.8,137.2,100.5,80.77,232.7,70.03,182.6,126.8,120.9,264.8,122,252,347.7,75.33,74.57,36.14,47.3,276.3,153.5,110.6,412.7,358,564.7,401.4,197,71.05,81.43,329.5,200.5,407.9,401.7,338.2,133.5,168.5,132.9,182.1,61.78,69.46,64.37,189.8,139,92.06,165.1,272.4,142.7,160.1,250,122.2,156.4,192.5,59.02,132.1,226.1,155.7,261.7,91.76,325.1,125,336.2,253,289.8,100.5,172.3,82.17,64.24,95.62,151.8,247,57.97,312.4,253.1,132.3,442.2,235.5,117.2,52.74,137.1,137.6,301.8,136.5,325.8,350.3,177.9,127.8,167.6,84.96,162.6,159.5,121.8,69.7,159.8,295,151.9,288.7,234.3,385.2,312.1,236.6,78.1,93.64,142.5,369,89.77,181.1,516.8,222.6,362,119.8,219.8,105.3,147,250.3,95.86,313.6,260.5,198.4,-9999,-9999,-9999,-9999,-9999,-9999,-9999,-9999,-9999,-9999,-9999,-9999,-9999,-9999,-9999,-9999,-9999,-9999,-9999,-9999,-9999,-9999,-9999,-9999,-9999,-9999,-9999,-9999,-9999,-9999,-9999,-9999,-9999,-9999,-9999,-9999,-9999,-9999,-9999,-9999,-9999,-9999,-9999,-9999,-9999,-9999,-9999,-9999,-9999,-9999,-9999,-9999,-9999,-9999,-9999,-9999,-9999,-9999,-9999,290.826,310.25,312.434,306.581,163.853,168.419,170.394,166.436,167.634,180.051,169.981,174.345,176.078,184.569,185.292,189.311,193.734,193.734,193.896,193.896,193.896,193.646,191.372,197.411,197.907,197.549,202.541,202.465,205.549,208.054,206.693,209.971,207.036,207.809,213.617,214.998,276.496,218.097,258.328,274.153,291.099,291.099,291.099,329.761,330.387,224.146,224.146,226.062,226.476,226.476,226.476,228.032,229.921,233.012,233.012,308.816,309.175,256.819,267.31,259.061,263.776,322.488,288.931,275.038,249.729,245.029,267.577,275.796,268.094,265.402,303.729,314.291,259.239,277.281,291.584,287.613,272.813,276.192,276.145,276.145,275.387,293.619,193.896,193.646,207.787
real_0027,90.41,220.7,350.7,142.9,438.9,253.5,437.3,221.3,409.2,141.5,248.3,205.2,312.8,176,175.2,152.5,370,326.1,191.6,170.8,63.09,159.7,244.2,214.8,602.8,272,205.7,281.7,137.1,85.13,148.7,189.3,245,154.1,281.5,187,216.4,179.2,251.7,230,249.9,232.8,174.4,132.2,221.7,330.1,171.4,315.6,453.3,234.9,379.3,270.2,69.13,73.59,95.43,234.6,135.1,221,222,380.8,194.5,347.2,667.4,167.3,301.8,493.8,129.8,70.88,78.81,74.09,112.9,373.4,113.3,264.7,122.3,276.5,216.5,191.4,159.3,111.9,102.9,282.3,70.24,201.7,127.7,117.8,286.2,129.3,274.8,379.9,79.49,89.15,45.2,54.39,327.8,154.6,110.2,437.6,380.1,606.3,421.9,196.1,74.1,97.49,385.9,222.2,453.2,417.9,332.1,130.6,178,137.5,188.7,61.85,82.35,73.56,229.1,165.1,98.04,188.5,283.5,142.7,173.5,268.5,129.8,164.4,220.9,66.59,158.3,257.7,168.9,287.3,87.74,323.4,135.8,364.2,267.9,309.2,108.1,205.6,90.09,76.22,110.7,174.6,259.2,54.32,323.4,283.5,139.3,488.9,247.4,124.9,61.93,161,163.2,342.3,137.7,336,366.6,188.6,134.9,173.4,102.1,207.6,186,130.9,78.04,172.3,321.5,167.2,309.1,249,412.2,323.7,259.6,94.11,104.1,173.2,413.4,96.48,183.1,546.5,236.6,368.4,127.1,231.6,122.2,176.4,294.4,104.9,356.7,283.4,196,584.9,291.7,315.7,287.1,298.3,121,99.75,35.74,124.4,102.1,182.4,329.3,211.9,406.3,232.8,318,92.4,136.6,131,100,305.3,259.3,82.71,147.8,254.7,181,144.1,228.4,326.3,232.4,112.7,207.5,262,117.3,308.3,206.9,495.1,266.8,171.5,351.4,145.1,239.6,103.2,155,44.6,132.6,117.1,344.8,200.5,441.1,188.6,124.9,98.86,199.2,161.2,35.13,118.6,86.85,129.2,290.838,310.069,312.558,306.938,163.839,168.498,170.526,166.417,167.637,180.239,169.942,174.536,176.048,184.629,185.627,189.256,193.743,193.743,193.915,193.915,193.915,193.639,191.354,197.361,197.876,197.532,202.516,202.387,205.525,208.056,206.577,209.734,206.898,207.801,213.413,214.951,276.613,218.142,258.288,274.524,291.149,291.149,291.149,329.577,330.155,224.072,224.072,226.096,226.456,226.456,226.456,228.007,229.858,232.977,232.977,309.03,309.228,256.784,267.377,259.035,263.843,321.81,288.925,275.053,250.094,245.027,268.109,275.823,268.132,265.908,303.736,314.168,259.18,277.411,292.096,288.161,272.893,276.27,276.221,276.221,275.446,293.537,193.915,193.639,207.768
real_0028,84.15,214.3,344.1,137,435.5,249.2,433.8,215.1,404.6,136.2,242.6,199.5,308.3,170,168.5,147.5,367.3,324.5,187.3,165.9,59.07,155.6,240.2,210,601.1,266.8,199.7,277.1,133.9,85.65,146.6,185.5,242.8,151.1,278.4,183.6,212.5,175.6,248,226.7,248.3,230.8,171.3,128.6,219,328.2,168.3,312.4,451.2,230.4,376,266.5,66.84,70.95,94.37,233.6,132.5,220.4,220.3,379.9,191.1,345.3,666.1,163.1,299.4,497.2,131.5,67.96,75.86,73.1,114.9,373.4,111.3,262.6,119.7,275.7,215.6,191.1,157.2,110.2,100.9,281.8,68.31,199.9,125.7,115.4,285,127.4,275,381.5,76.95,85,42.65,52.8,328.1,154.9,109.1,436.7,381.1,606.7,421.9,195.6,72.02,97.73,386.9,222,453,417.9,330.5,128.2,175.5,137,190.8,61.71,81.89,72.54,229.8,165.3,97.01,188.2,283.3,142,172.3,268.4,129.1,165.3,220.9,66.27,158.8,257.8,168.8,287.9,86.28,323.4,133.9,364.9,268.7,310.8,106.9,206.7,88.93,74.58,110,175,259.4,52.46,324.5,283.6,138.7,492.8,247.6,124,60.87,160.4,163.7,343.7,137.6,336,366.8,188,135,174.6,101.5,207.9,186.1,130.8,76.43,173.1,323.3,166,309.3,249.4,416.8,325.4,259.1,92.08,103.3,172.6,416,94.98,182.8,549,236.1,369,127.3,233.8,121.7,176.5,295.2,103.4,359.1,283.2,196.1,587,-9999,-9999,-9999,-9999,-9999,-9999,-9999,-9999,-9999,-9999,-9999,-9999,-9999,-9999,-9999,-9999,-9999,-9999,-9999,-9999,-9999,-9999,-9999,-9999,-9999,-9999,-9999,-9999,-9999,-9999,-9999,-9999,-9999,-9999,-9999,-9999,-9999,-9999,-9999,-9999,-9999,-9999,-9999,-9999,-9999,-9999,-9999,-9999,-9999,-9999,-9999,-9999,-9999,-9999,-9999,-9999,-9999,-9999,290.819,309.88,312.187,306.07,163.775,168.111,170.091,166.403,167.589,180.093,169.924,173.81,176.045,184.504,185.347,189.086,193.226,193.226,193.439,193.439,193.439,193.307,191.354,197.132,197.785,197.431,202.486,202.391,205.476,208.023,206.529,209.646,206.868,207.766,213.244,214.889,275.229,217.951,257.971,273.113,291.016,291.016,291.016,328.359,328.788,223.884,223.884,226.018,226.438,226.438,226.438,227.996,229.873,232.968,232.968,308.647,308.555,256.696,267.123,259.01,263.529,319.461,288.899,275.024,249.238,244.967,266.15,275.779,267.89,264.299,303.717,313.212,259.189,277.128,290.512,286.392,272.815,275.822,275.754,275.754,275.137,293.094,193.439,193.307,207.744
real_0029,77.48,172.7,248.5,59.64,109.9,66.84,81.31,56.18,81.01,57.59,91.04,83.02,164.8,155.5,77.37,60.28,85.52,86.55,52.56,45.19,34.2,41.11,51.59,120.6,284.2,213.5,104.9,77.94,50.1,38.01,37.66,33.7,38.64,37.79,69.81,116.7,76.8,77.82,104.1,68.71,59.44,50.93,41.92,33.64,45.66,69.78,64.81,102.8,210.1,189.8,221.2,92.13,39.07,30.71,31.7,28.83,28.65,35.59,57.26,149.2,119,263,446.6,94.31,71.69,196.4,49.37,33.75,28.64,32.44,39.37,158.8,78.19,179,53.86,71.89,50.9,42.85,41.21,38.7,33.84,48.21,41.12,69.39,82.46,81.17,118.5,46.07,55.3,62.16,38.46,27.55,18.22,22.3,48.61,75.93,80.95,259.2,193.1,204.1,144.1,67.35,44.37,34.19,57.11,64.95,157.4,207.6,295.2,97.32,73.86,55.24,59.57,32.62,27.14,30.56,38.76,35.98,39.24,48.62,172.1,106.4,84.97,63.95,45.9,42.06,45.13,31.03,31.4,45.62,55.24,155.3,67.69,279.3,70.68,141.6,74.17,59.03,43.26,38.85,34.88,34.87,38.57,49.4,129.5,50.22,245,87.92,40.72,76.8,66.73,41.16,28.18,33.11,39.62,96.24,86.91,182.6,166.9,57.43,45.95,39.32,36.12,35.45,36.56,32.56,32.65,82.92,160.7,66.74,125.1,71.54,89.28,80,59.02,35.97,34.11,37.77,119.2,49.3,126.4,281.3,98.23,189.4,48.87,49.22,39.18,42.18,49.87,40.99,116.6,108.4,146,494.1,175.8,101.5,94.38,72.49,48.73,39.04,22.47,30.76,39.41,47.38,108.2,118.4,144.2,82.47,103.6,46.76,38.76,41.4,28.8,49.87,66.4,45.78,80.87,164.6,84.59,50.53,56.98,71.79,53.18,36.69,40.52,53.88,43.38,85.86,119.1,349.2,130.2,65.61,81.42,49.2,45.3,35.55,38.01,28.06,38.16,45.84,100.2,72.18,167.2,77.98,42.73,32.35,39.73,36.75,21.33,30.92,33.06,37.43,290.571,310.859,312.924,308.006,163.532,168.869,170.843,166.092,167.335,179.848,169.596,174.336,175.989,184.396,185.088,189.151,193.676,193.676,193.802,193.802,193.802,193.294,191.294,197.617,197.963,197.623,202.233,202.086,205.359,207.782,206.805,210.631,207.083,207.489,214.593,214.494,278.48,218.104,258.797,276.554,291.522,291.522,291.522,333.6,334.873,223.827,223.827,225.724,226.119,226.119,226.119,227.685,229.735,232.854,232.854,309.989,310.799,257.053,267.73,258.861,264.496,326.132,288.659,274.804,250.15,244.825,271.261,275.619,268.104,268.864,303.462,316.344,258.873,278.373,294.721,290.523,272.64,276.702,276.728,276.728,275.741,294.495,193.802,193.294,207.495
real_0030,85.78,222.4,290.8,66.5,182.8,90.95,163.9,75.59,151.9,76.77,126.2,109.9,229.8,189.7,82.26,61.36,139.1,147.9,60.71,46.53,31.94,42.15,61.02,167.6,404.4,263.9,134,109.6,52.71,35.08,40.72,41.09,43.74,48.55,115.3,170,103.6,99.36,134.2,85.54,90.74,73.44,44.07,32.24,49.83,110.9,84.22,164.1,297.8,244.4,275.4,126.6,37.61,27.42,29.12,37.84,28.49,53.1,90.5,233.2,164.8,335.3,547.9,95.92,101.4,283.3,47.41,30.14,24.79,33.26,34.54,255.8,98.7,221.7,53.73,108.1,77.58,51.12,44.56,40.82,30.76,47.89,37.87,99.36,116.6,118.3,166.3,55.08,90.55,121.1,38.24,25.18,16.32,20.28,87.83,113.1,103.1,339,247.6,321.8,209.1,85.14,38.51,30.62,98.05,90.23,240.8,275.3,347.5,108.7,83.44,57.3,70.74,28.45,24.32,27.71,41.99,34.74,46.75,73.68,251.3,138.9,101.2,104.5,47.79,46.9,51.18,28.26,37,72.93,76.79,214.8,89.7,334.2,79.3,196.6,119.6,104.9,45.2,46.16,31.91,30.84,38.9,59.74,189.6,54.93,288.9,121.7,48.56,155.3,118.6,60.64,25.63,46.18,45.3,155,119.1,257.3,222.7,74.34,46.37,47.11,36.72,34.16,37.63,43.09,32.43,124.3,224,87.08,175.8,112.4,158.9,147.9,98.62,35.17,32.01,38.75,188.4,55.71,176.7,391.9,124.7,251.4,42.61,57.17,36.56,37.79,71.95,45.23,167.9,150.9,182.4,554.5,220.8,144.3,130.1,102.1,45.88,35.23,20.22,31.24,34.24,66.75,177,158,210.9,103.5,149.9,42.14,34.19,36.72,26.76,93.09,104.4,45.14,99.57,228.6,95.8,60.65,91.21,117.3,77.05,33.76,46.85,84.37,48.53,134.8,162.7,443.3,169.8,74.55,124.7,55.45,58.58,31.54,35.15,24.08,40.72,53.85,165,100.8,256.7,94.51,49.08,28.27,47.09,42.13,18.79,29.58,28.97,34.59,290.699,310.614,312.814,307.757,163.655,168.744,170.726,166.225,167.464,180.173,169.727,174.362,175.996,184.511,185.423,189.134,193.609,193.609,193.757,193.757,193.757,193.298,191.318,197.513,197.953,197.599,202.354,202.205,205.482,207.919,206.809,210.468,207.082,207.622,214.399,214.641,278.004,218.119,258.62,275.971,291.394,291.394,291.394,332.436,333.493,223.871,223.871,225.936,226.258,226.258,226.258,227.812,229.755,232.878,232.878,309.889,310.468,256.972,267.587,258.943,264.246,324.974,288.781,274.921,250.111,244.905,270.218,275.742,268.108,267.781,303.59,315.793,258.993,278.142,293.896,289.801,272.829,276.592,276.589,276.589,275.649,294.194,193.757,193.298,207.614
real_0031,74.63,120.8,225.5,61.77,99.07,70.09,70.91,56.59,69.12,58.87,79.57,82.79,144.2,124.1,84.38,64.03,74.25,78.67,55.2,47.67,36.73,42.9,54.58,81.35,235,175.1,95.61,79.94,53.59,40.72,41.22,35.59,40.97,39.11,56.11,74.74,77.59,82.01,104.5,75.04,58.26,50.48,43.93,36.68,48.6,63.52,66.16,87.82,176.1,141.5,201.1,93.55,42.17,34.35,34.89,30.91,30.92,37.44,48.97,120.6,99.24,210.8,391.7,110.6,77.49,158.1,56.05,39.32,32.37,35.99,43.19,91.82,62.53,142.6,58.1,68.48,52.4,45.95,44.21,43.1,37.3,52.99,45.87,61.16,69.49,63.45,103.9,48.71,54.53,62.6,42.8,31.37,20.57,24.7,43.54,54.18,64.81,205.9,177.1,178.2,141.7,74.71,51.28,37.64,54.97,57.49,129.8,190.4,247.3,106.4,80.54,60.97,66.16,37.8,31.73,34.91,39.82,39.94,41.05,47.8,112.8,91.12,88.61,65.35,50.08,45.43,49.25,34.96,34.43,46.76,49.9,110.6,62.99,218.7,76.51,121.6,70.19,57.97,47.97,43.29,38.98,38.72,42.13,53.03,92.53,52.94,207.5,92.36,45.03,62.94,59.55,44.93,32.18,35.92,43.19,79.81,75.36,147.5,153.9,63.23,52.54,43.46,40.69,40,40.62,35.68,35.91,59.39,120.1,68.69,110.9,65.99,87.94,68.91,59.11,40.6,38.49,41.35,92.24,54.51,92.88,233.5,110.4,172.4,56.2,55.52,45.33,47.63,55.15,44.11,104.3,108.7,122.2,456.9,153.3,102.1,97.2,76.79,56.03,45.1,26.81,34.85,44.3,49.71,90.43,104.9,131.7,92.73,96.05,52.55,44.37,46.13,32.61,45.5,57.19,51.52,76.15,118.1,95.23,55.56,55.3,69.77,59.03,42.56,45.31,48.1,48.29,82.15,109.4,281,129.6,74.16,86.79,56.78,51.21,41.18,42.95,32.03,42.16,46.91,84.28,74.72,133.2,84.71,48.09,36.53,44.33,40.19,24.68,34.18,36.7,41.39,290.462,310.746,312.548,307.004,163.433,168.562,170.435,166.018,167.219,179.127,169.541,173.616,176.005,184.199,184.398,188.994,193.204,193.204,193.356,193.356,193.356,193.027,191.277,197.519,197.891,197.541,202.15,202.069,205.186,207.659,206.678,210.518,207.012,207.389,214.438,214.416,277.395,217.941,258.751,275.761,291.416,291.416,291.416,333.135,334.298,223.739,223.739,225.486,226.04,226.04,226.04,227.605,229.784,232.868,232.868,309.712,310.464,256.949,267.52,258.803,264.225,325.147,288.569,274.699,249.208,244.716,269.815,275.486,267.805,267.619,303.357,315.564,258.858,278.075,293.6,289.083,272.337,276.221,276.254,276.254,275.43,294.073,193.356,193.027,207.421
real_0032,82.78,196.1,264.4,58.17,135.4,71.27,106,58.7,107.1,62.65,104,92.94,196.1,173.3,78.71,58.25,103.5,108.7,51.35,42.85,32.16,39.03,52.82,142.4,340.6,243.3,116.4,88.39,48.08,35.31,36.84,33.55,38.44,39.6,86.35,142.3,86.3,87.45,117.6,74.12,69.02,56.65,40.46,32.36,45.42,87.3,73.22,126.3,251.8,219.4,247.4,105.1,37.48,29.19,30.64,33.16,29.43,42.81,70.67,189.3,144.3,304.8,502.1,98.7,80.75,238.9,47.59,32.53,26.98,30.95,37.75,204.7,88.2,198.3,54.19,83.65,57.3,42.79,39.96,39.13,32.36,47.86,40.31,82.23,99.72,99.07,138.3,48.44,65.84,79.14,38.03,26.73,22.24,21.42,62.6,93.84,93.89,295.6,224.7,254.8,176.2,74.3,43.41,33.51,70.08,76.95,193.7,246.6,330,108.2,78.69,55.06,64.22,31.62,27.08,30.6,39.96,35.53,42.29,57.31,214.5,125.1,94.78,76.92,45.97,42.08,45.42,30.54,31.89,55.27,66.7,187,80.7,309.8,74.57,165.9,92.37,74.99,43.55,40.04,33.8,33.47,40.1,55.26,160.5,53.51,268.6,101.5,42.28,104.6,86.24,45.91,27.44,35.85,42.17,120.3,107.6,220.9,196.5,62.76,46.06,40.28,35.88,34.84,36.01,35.41,32.33,103.9,194.8,76.51,149.2,88.6,115.8,109.1,75.24,36.28,32.98,37.42,153.2,52.83,152.9,334.8,114.4,223.4,47.52,49.75,38.34,41.07,59.28,44.06,142.8,128.4,172.7,537.9,204.1,119.3,110.3,85.39,48.08,38.3,22.05,29.9,38.54,55.28,139.8,143.4,175.1,94.9,125.6,46.22,38.31,40.67,28.5,67,83.98,47.7,91.64,196.8,93.11,54.26,70.28,91.07,62.43,35.96,41.86,68.61,46.26,107.4,144.7,398.1,153.3,71.19,96.83,51.15,48.07,34.84,37.19,27.12,39.3,51.79,131,86.11,207.1,88.04,44.51,31.38,42.14,38.79,21.13,32.34,32.2,36.94,290.617,310.527,312.536,306.918,163.572,168.476,170.371,166.167,167.369,179.706,169.679,173.629,176.009,184.341,184.844,188.963,193.111,193.111,193.28,193.28,193.28,192.981,191.309,197.425,197.897,197.537,202.29,202.193,205.368,207.825,206.746,210.417,207.057,207.539,214.262,214.566,277.081,217.959,258.563,275.249,291.354,291.354,291.354,332.363,333.399,223.757,223.757,225.76,226.194,226.194,226.194,227.755,229.791,232.883,232.883,309.648,310.206,256.937,267.429,258.902,264.059,324.049,288.714,274.841,249.171,244.819,268.958,275.645,267.832,266.855,303.514,315.227,258.979,277.95,292.996,288.589,272.632,276.176,276.178,276.178,275.387,293.857,193.28,192.981,207.553
real_0033,83.57,215.2,339.7,134,421.7,243.1,421.5,204.7,387,133.9,229.8,190.4,302.9,171.7,163.1,142.8,355.9,322.8,178.2,158.6,57.51,143.5,224.2,206.8,589.9,269.6,197.5,271.6,130.6,82.25,140.8,171.7,231.4,144.2,263.6,184,201.8,170.3,241.2,220.2,243.3,226.1,164.1,120,204.8,313.2,162.2,301.8,444.5,232.4,373.5,263.8,68.16,68.31,86.78,221.8,121.8,204.1,210.4,367.4,191.1,346.7,666.6,165.6,289.9,492.5,128.8,65.4,72.1,68.17,107.6,362.3,110.9,258.2,114.4,264.7,209,184.7,147.2,105.2,91.05,261.4,67.94,191.9,124.9,116.1,277.2,124.7,265.7,369.7,76.38,80.24,40.38,48.23,303,154.3,108.2,425.9,372.7,592.2,415.8,196.2,69.42,88.94,363.9,213.5,434.7,410.8,333.4,128.2,173.1,133.8,186,62.56,75.92,67.96,214.8,155.5,93.81,178,278.6,140.8,166.5,262.8,124.4,161.4,211.2,60.16,148.4,244.6,163.9,275.9,86.8,324.8,128.8,354.5,263.8,305.1,103.8,190.7,85.92,69.78,103.4,164.6,253.9,52.71,320.2,272,135.1,476.5,245,120.4,56.76,150.5,152.5,327,135.8,332.3,361,183.6,132.5,172.8,91.57,190.8,176.3,126.9,72.28,166.5,311.4,158.5,301.5,243.6,405.1,322.7,252.6,85.48,99.21,159.5,397.4,90.87,181.5,537.5,230.3,368,120.9,229.9,113.9,166.4,277.3,98.92,340.7,272.8,197.1,-9999,-9999,-9999,-9999,-9999,-9999,-9999,-9999,-9999,-9999,-9999,-9999,-9999,-9999,-9999,-9999,-9999,-9999,-9999,-9999,-9999,-9999,-9999,-9999,-9999,-9999,-9999,-9999,-9999,-9999,-9999,-9999,-9999,-9999,-9999,-9999,-9999,-9999,-9999,-9999,-9999,-9999,-9999,-9999,-9999,-9999,-9999,-9999,-9999,-9999,-9999,-9999,-9999,-9999,-9999,-9999,-9999,-9999,-9999,290.816,310.026,312.239,306.161,163.769,168.142,170.12,166.391,167.581,180.157,169.909,173.808,176.041,184.513,185.39,189.149,193.296,193.296,193.498,193.498,193.498,193.325,191.353,197.15,197.8,197.441,202.48,202.382,205.5,208.031,206.593,209.788,206.92,207.759,213.43,214.866,275.51,217.958,258.051,273.207,291.044,291.044,291.044,328.682,329.191,223.893,223.893,226.034,226.434,226.434,226.434,227.994,229.863,232.96,232.96,308.763,308.707,256.697,267.125,258.999,263.541,320.486,288.895,275.02,249.264,244.975,266.293,275.778,267.901,264.411,303.713,313.521,259.176,277.246,290.686,286.558,272.852,275.908,275.829,275.829,275.167,293.251,193.498,193.325,207.739
real_0034,85.57,216.3,347.3,138.5,436.7,250.5,435,217.2,406.7,137.2,245,201.5,309.5,172,171.3,148.8,368.3,324.5,188.3,167.4,59.44,156.7,241.7,211.8,602,268.8,201.9,279.1,134,83.36,146.4,186.7,243.5,151.6,279.6,184.5,213.8,176.4,249.4,227.8,248.5,231,172.1,129.4,219.8,329,168.7,313.6,452.5,231.9,377.6,267.8,66.27,70.96,93.32,233.7,133,220.1,220.5,380.4,192,345.8,667.7,164,300.1,495.1,128.5,68.02,75.99,72.04,114.5,373.5,110.8,263.4,119.9,275.6,215.3,190.3,157.1,109.6,100.9,282,67.8,200.3,125.7,115.5,285.5,127.2,274.5,380.5,76.67,85.51,42.4,52.2,327.5,154,108.3,437.2,380.4,607.4,421.4,194.4,71.37,96.76,386.6,221.1,453.5,417.3,330.8,127.6,176.1,136,188.4,61.02,81.03,71.51,229.3,164.6,96.17,187.7,283.3,141,172.2,268.2,128,163.6,220.4,65.43,157.6,256.9,168.3,287.2,85.51,323.3,133.8,364.3,267.8,309.5,105.8,205.8,88.16,74.28,109.4,173.8,258.7,51.94,323.7,283.2,137.8,491.4,246.4,123,59.84,159.8,162.5,343.1,136.2,336,366.1,187.3,133.9,172.7,100,207.3,185.2,129.8,76.21,171.8,322.2,165.5,308.8,248.5,414.2,323.7,258.8,91.64,102.6,172,414.5,94.18,182.3,548.5,235.4,368,125.7,231.7,121.3,175.6,294.3,102.7,357.8,282.9,195.3,586.4,290.6,315.1,286.7,299.8,119.4,97.44,36.48,123.9,101.2,182.2,330.4,211.4,406.9,232,318.6,90.57,135.6,129.7,98.44,305.4,259.6,80.99,146.7,254.2,180.8,142.9,228.9,327,231.9,111.2,207.3,262.2,115.9,308.9,205.6,496.3,266.1,170.2,352.9,145.5,239,101.3,154.2,42.72,132,115.8,346.6,199.4,442,187.6,123.6,98.49,198.8,160.1,32.78,117.9,85.66,128.6,290.828,309.978,312.467,306.729,163.79,168.344,170.37,166.389,167.602,180.285,169.901,174.232,176.028,184.591,185.653,189.146,193.486,193.486,193.678,193.678,193.678,193.454,191.346,197.226,197.83,197.48,202.482,202.347,205.504,208.037,206.541,209.674,206.852,207.771,213.344,214.874,276.147,218.034,258.174,274.104,291.119,291.119,291.119,329.169,329.691,223.929,223.929,226.08,226.428,226.428,226.428,227.98,229.826,232.949,232.949,309.036,309.038,256.731,267.28,259.004,263.726,320.966,288.903,275.039,249.828,244.996,267.511,275.821,268.029,265.436,303.724,313.811,259.148,277.413,291.711,287.696,272.908,276.129,276.061,276.061,275.332,293.36,193.678,193.454,207.74
real_0035,84.46,187.8,258,63.55,124.1,72.44,94.79,61.02,95.72,63.53,99.97,90.5,180.2,166.7,81.76,63.39,96.68,98.72,55.75,48.06,37.21,43.84,55.22,133.5,308.4,229.6,113.4,85.68,52.66,40.55,40.77,36.67,41.43,41.58,79.74,130.8,83.35,84.39,111.3,73.53,66.33,56.13,44.48,36.52,48.47,79.8,70.84,114.7,227.9,205.8,233.8,99.75,41.89,33.61,34.25,31.88,31.33,39.34,65.64,166.6,131.9,282.4,467.1,98.44,78.39,217.8,52.41,36.77,31.11,34.89,41.74,181.5,86.2,190.3,57.34,79.11,56.01,45.33,43.47,41.79,36.19,50.77,43.64,77.28,92.24,91.57,128.4,49.94,61.99,70.88,41.19,30.21,20.87,24.41,56.89,86.01,89.16,275.7,207.2,224,158,72.91,47.45,37.15,64.93,72.68,173.1,223.7,311.3,104.8,78.55,58,64.11,35.25,30.52,34.13,41.76,38.08,42.97,54.3,192,116.6,90.58,71.24,48.55,44.4,47.59,33.67,34.03,51.9,62.56,170.5,75.91,293.4,74.92,153.4,84.13,67.82,46.09,41.88,37.06,36.97,41.49,54.26,144.9,54.41,255.6,95.13,43.94,89.98,76.98,45.34,30.74,36.4,43.1,107.2,97.74,199.3,180.3,62,48.63,42.12,38.7,37.61,38.75,35.8,34.78,93.93,176.8,73.22,136.6,81.09,101.1,94.9,67.71,38.78,36.42,39.98,135.5,53.21,139.2,302.5,106.6,204.2,51.42,51.79,41.73,44.41,55.75,44.97,129,117.6,158.3,508.5,189.8,110.8,102.6,80.33,51.65,41.9,25.2,32.97,41.57,52.78,122.3,130.1,157.2,89.35,114.8,49.48,41.61,43.86,31.35,59.44,76.09,49.17,87.62,180.3,89.81,54.6,64.93,82.44,59.21,39.13,43.33,62.66,46.99,95.93,131.2,369.7,141.4,70.72,89.26,52.51,48.85,38.15,40.29,30.36,40.92,51.13,114.3,79.91,184.4,84.11,45.94,34.66,43.11,40.01,23.86,33.09,35.09,39.63,290.602,310.729,312.698,307.386,163.601,168.716,170.625,166.162,167.381,179.619,169.685,174.137,176.022,184.372,184.863,189.134,193.551,193.551,193.684,193.684,193.684,193.289,191.308,197.579,197.949,197.594,202.295,202.196,205.357,207.813,206.759,210.47,207.073,207.544,214.342,214.613,277.827,218.062,258.711,275.889,291.374,291.374,291.374,332.897,334.026,223.91,223.91,225.757,226.19,226.19,226.19,227.748,229.806,232.904,232.904,309.74,310.512,257.006,267.586,258.912,264.259,325.371,288.707,274.836,249.701,244.838,270.123,275.627,268.021,267.825,303.5,315.796,258.977,278.014,293.769,289.531,272.556,276.423,276.447,276.447,275.578,294.22,193.684,193.289,207.554
real_0036,81.74,190.1,260.2,59.24,124.9,68.77,94.46,56.63,94.92,59.62,98.64,89.59,188.3,168.8,78.79,59.01,95.42,100.2,50.95,42.9,32.14,38.86,50.28,135.7,327.2,237.1,113.3,84.36,48.91,36.13,36.1,32.66,38.4,37.95,79.61,135,83.31,85.35,114.8,73.03,65.34,54.2,40.58,32.05,44.45,77.71,70.34,119.7,242.2,212.7,241.6,102.7,38.86,29.31,31.12,30.57,29.07,40.97,65.68,179.3,138.9,296.3,491.5,100.7,76.89,225.1,48.47,32.58,27.35,31.51,38.26,190.7,85.56,193.5,54.65,80.25,54.87,42.13,39.96,38.22,32.36,46.94,40.16,76.76,94.78,94.29,133.2,48.58,61.24,71.3,38.04,26.49,19.2,21.44,55.95,87.52,90.48,285.8,219.1,242.9,169.9,73.36,44.05,33.74,65.21,72.94,184,239.4,323.3,107.2,78.4,55.67,62.32,31.85,27.29,30.98,40.12,35.7,41.29,54.39,203,121,92.65,73.43,46.61,41.85,44.77,30.31,35.14,49.75,61.63,178.6,77.71,302.3,73.93,160.8,86.26,67.5,43.28,38.87,34.08,33.63,38.47,51.8,151.6,52.66,263,98.73,42.33,93.03,79.34,43.71,27.26,34.25,40.66,112.6,103.1,212.2,191.3,62.15,46.37,39.64,35.98,34.62,36.35,33.75,32.24,96.77,185.6,74.19,143.6,82.74,107,97.13,68.98,36.06,33.33,37.24,140.9,51.68,146.2,322.7,112.1,217.2,49.41,49.38,38.39,41.53,53.1,42.59,133.6,123.4,167.8,530.5,199.2,115,107.2,80.09,48.68,38.3,22.3,30.05,39.04,51.44,130.9,138.4,168.2,93.19,118.8,47.85,38.41,41.09,28.66,59.14,77.21,47.24,89.52,188.9,92.17,53.8,65.02,81.15,57.63,35.74,40.48,61.56,44.86,100.4,139,386.3,149.3,70.14,91.46,51.11,46.3,34.95,37.41,27.38,38.3,48.33,120.4,82.89,197.2,87.66,44.35,32,40.47,38.12,21.21,32.56,32.69,37.17,290.601,310.551,312.501,306.887,163.559,168.461,170.345,166.153,167.355,179.602,169.667,173.62,176.009,184.316,184.766,188.972,193.12,193.12,193.287,193.287,193.287,192.981,191.305,197.417,197.888,197.524,202.276,202.184,205.344,207.808,206.732,210.407,207.046,207.523,214.233,214.549,277.073,217.946,258.569,275.169,291.316,291.316,291.316,332.387,333.405,223.751,223.751,225.728,226.178,226.178,226.178,227.739,229.793,232.882,232.882,309.632,310.216,256.935,267.421,258.894,264.05,324.146,288.698,274.828,249.143,244.806,268.916,275.627,267.822,266.77,303.498,315.223,258.97,277.923,292.936,288.531,272.577,276.149,276.156,276.156,275.374,293.871,193.287,192.981,207.539
real_0037,76.77,86.01,176.3,69.01,97.54,74.3,73.4,61.19,70.56,61.84,77.25,82.77,129.7,101.5,86.74,68.2,73.65,78.08,58.84,51.28,39.65,46.16,56.67,62.77,190.4,137.4,91.57,81.57,58.61,44.98,44.3,38.36,44.14,42.42,53.33,57.95,76.63,81.93,102.2,76.75,61.4,53.97,47.2,38.83,50.74,62.2,66.09,82.78,146.9,106.5,170.2,95.68,47.43,37.55,37.24,32.62,32.77,40,48.59,104.6,87.44,156,293,113.4,80.47,126.1,60.12,42.15,35.71,39.26,46.42,64.17,56.41,104.3,60.57,69.62,55.12,49.42,47.43,45.18,39.67,54.44,47.54,57.27,64.87,59.44,92.96,52.43,56.03,62.79,45.1,33.22,22.69,26.97,44.02,44.53,53.2,145.7,146.6,160.5,132.8,77.71,54.24,39.6,56.65,54.77,113.3,162.6,185.7,106.8,83.3,65.42,67.93,40.63,32.66,37.8,40.77,42.76,43.94,49.59,79.41,75.02,85.45,66.78,53,48.43,51.53,36.83,36.34,48.16,48.75,82.98,61.91,144.1,75.68,106.1,69.88,60.3,50.93,45.46,41.62,41.41,44.36,53.04,72.36,53.93,147.7,92.75,49.18,59.92,58.84,47.17,34.29,38.26,44.77,72.47,70.57,124.5,132.2,66.27,55.36,46.67,43.13,41.79,42.89,38.19,38.53,48.15,88.37,67.72,99.62,65.9,85.96,66.44,59.81,42.39,40.47,43.38,72.37,54.57,75.48,186.4,108.1,150.6,60.71,59.26,47.86,50.29,56.27,46.47,86.88,103.4,103,345.9,132.2,101.6,98.33,77.17,58.98,47.32,29.19,37.41,46.75,51.3,83.81,96.83,119.6,91.9,88.63,55.97,46.26,48.56,34.96,45.86,53.43,52.06,71.42,93.9,94.11,58.55,55.85,65.88,59.6,44.5,47.49,46.56,48.79,78.06,97.99,204.4,118.9,75.95,86.69,59.9,53.75,43.35,45.38,34.56,44.52,46.98,77.85,73.97,113.7,84.91,51.29,39.56,46.29,42.23,26.78,36.45,39,43.37,290.403,310.849,312.592,307.217,163.404,168.662,170.543,165.969,167.177,178.841,169.504,173.947,176.012,184.148,184.298,189.162,193.496,193.496,193.624,193.624,193.624,193.246,191.268,197.577,197.895,197.552,202.094,202.026,205.084,207.594,206.609,210.456,206.966,207.343,214.322,214.401,277.74,217.982,258.833,275.921,291.329,291.329,291.329,333.312,334.495,223.826,223.826,225.356,225.991,225.991,225.991,227.56,229.787,232.882,232.882,309.711,310.599,256.933,267.569,258.762,264.272,325.795,288.514,274.642,249.481,244.667,270.347,275.419,267.919,267.915,303.295,315.79,258.812,278.001,293.805,289.441,272.181,276.321,276.372,276.372,275.515,294.256,193.624,193.246,207.373
real_0038,91.83,229.3,300.6,79.7,222,113.6,212.1,95.1,183.4,88.24,137,126.4,251.3,193.1,95.09,73.18,170.2,176.9,78.5,58.22,37.72,50.98,74.06,176.2,443,269.8,148.3,134.2,64.82,41.7,53.55,52.42,57.37,60.9,134.7,176.6,121,114.2,152.9,103.7,113.5,92.68,56.22,38.89,62.27,130.6,97.24,191,327.7,249.4,293.7,150.3,45.31,31.85,33.17,51.9,33.68,63.46,106,259.5,174.6,343.6,571,108.7,127.6,315.3,59.35,36.75,28.25,32.15,38.21,279.6,107.5,234.6,59.02,124.5,97.09,67.64,57.38,48.56,33.97,58.06,42.18,112.1,121.3,123.2,184.3,66.72,114.1,156.5,45.57,30.06,20.83,23.1,111.2,121.4,107.5,351.5,269.2,368.1,243.5,105.6,43.22,35.03,123.6,103.9,272.1,302.5,349.8,117.5,96.97,67.79,85.36,33.31,29.01,33.29,54.03,41.13,54.52,88.77,258.2,143.2,112.3,130,58.28,60.19,67.09,32.66,43.04,91.25,87.08,223.8,93.93,333.4,89.06,221.6,143,133.9,54.15,58.5,36.77,33.52,42.9,69.85,200,58.64,293.2,143.2,60.99,193.8,144.2,76.28,29.49,59.1,54.23,176.7,125.1,274.8,248.1,92.08,55.87,63.9,43.32,39.06,47.56,55.06,37.81,131.8,236,99.42,197.6,134.6,194.3,182.6,120.8,41.19,37.75,46.6,208.3,63.25,179.8,419.5,144.2,276.2,49.93,77.79,44.51,43.56,90,51.84,187.1,172.4,187.6,562.6,235.3,169.4,153.5,124.1,55.89,40.03,23.52,37.59,38.56,79.28,201.3,168.2,241.4,123.6,174.2,49.63,39.68,41.75,32.7,116.4,120.9,51.2,108.9,236.4,107.8,72.8,112,147,95.66,38.96,58.36,97.56,57.21,159,176.4,454.8,190.1,87.52,154.3,68.95,77.35,35.62,41.25,27.04,48.96,60.22,187.8,118.3,289.1,110.3,61.89,33.58,61.92,52.09,22.01,34.05,32.5,40.11,290.734,310.485,312.543,307.043,163.747,168.587,170.516,166.316,167.53,179.874,169.85,174.273,176.049,184.481,185.086,189.182,193.604,193.604,193.749,193.749,193.749,193.403,191.341,197.502,197.939,197.573,202.435,202.349,205.478,207.954,206.762,210.287,207.084,207.696,214.088,214.806,277.298,218.093,258.52,275.127,291.201,291.201,291.201,331.443,332.155,224.025,224.025,225.941,226.347,226.347,226.347,227.899,229.861,232.952,232.952,309.327,309.983,256.916,267.439,259.007,263.992,324.09,288.844,274.953,249.706,244.929,268.897,275.745,268.061,266.525,303.634,315.169,259.126,277.631,292.664,288.598,272.72,276.308,276.307,276.307,275.491,293.912,193.749,193.403,207.69
real_0039,73.16,152.5,239.3,57.06,102.2,65.65,74.46,54.86,74.5,56.61,85.28,80.31,150.9,142.6,76.96,59.68,79.61,79.81,52.38,45.31,34.55,41.33,52.71,105.5,257.5,194.9,98.36,75.65,48.78,37.55,38.39,33.9,38.49,37.27,63.4,99.52,74.14,75.35,99.65,67.79,56.13,48.54,41.47,34.37,46.28,67.36,63.14,92.89,190.7,169.1,208.7,87.05,37.5,30.95,31.72,28.2,28.22,34.89,52.29,131.8,105.9,238.3,420.9,93.23,70.55,178.9,49.61,34.59,28.91,32.53,39.59,132.5,70.45,164.1,52.93,66.94,48.93,42.53,41.28,39.57,34.57,49.74,41.95,65.87,75.01,71.04,109.4,43.75,52.75,60.13,38.76,28.26,18.35,22.47,45.94,67.15,73.25,237.8,179.6,183.9,134.1,65.06,44.89,34.14,54.03,60.03,141.5,192.5,273.9,94.56,72.43,54.75,59.84,33.22,26.6,30.18,36.87,36.23,38.19,46,147.6,97.18,82.86,60.18,45.06,41.64,45.55,31.82,31.66,45.56,52.34,136.8,61.88,258.4,70.35,128.6,68.82,56.58,43.46,39.58,35.46,35.59,39.05,50.42,113.7,49.37,231.5,84.2,39.38,69.1,61,40.99,29.01,33.24,40.21,87.39,77.81,163.5,154.7,55.51,46.15,39.19,36.67,36.43,37.09,32.59,32.84,73.6,143.3,63.99,114.9,66.48,83.72,73.69,55.75,36.31,34.81,38.25,108.1,49.58,111.1,256.9,95.59,175,48.08,49.55,40.28,42.99,51.35,40.66,110.5,103.8,132.8,476.8,161.4,96.35,89.38,71.59,49.43,40.17,22.84,31.29,40,47.02,96.68,108.1,133,80.73,97.67,45.72,39.66,41.82,29.12,47.38,61.61,46.35,76.36,144.4,83.65,49.19,54.01,71.16,53.44,37.78,41.31,51.3,44.24,81.07,109.8,321.3,122.7,65.18,79.67,48.96,45.97,36.64,38.69,28.65,38.6,46.11,91.47,68.82,148.6,74.2,41.92,32.41,40.44,36.6,21.62,31.08,33.33,37.89,290.531,310.945,313.072,308.281,163.486,168.958,170.964,166.04,167.29,179.869,169.539,174.383,175.976,184.386,185.114,189.136,193.709,193.709,193.834,193.834,193.834,193.293,191.288,197.677,197.986,197.654,202.191,202.028,205.351,207.744,206.839,210.784,207.1,207.441,214.877,214.426,278.781,218.139,258.856,276.986,291.643,291.643,291.643,333.959,335.307,223.802,223.802,225.675,226.071,226.071,226.071,227.641,229.709,232.834,232.834,310.039,310.913,257.089,267.824,258.826,264.644,326.444,288.616,274.77,250.344,244.81,271.916,275.584,268.136,269.556,303.42,316.62,258.813,278.538,295.235,291.04,272.665,276.849,276.879,276.879,275.833,294.618,193.834,193.293,207.45
real_0040,81.44,203.3,268.4,59.28,143.2,74.03,116.4,62.86,118.6,66.45,110.7,93.83,195.2,175.7,75.69,57.72,110.5,113.5,52.76,44.01,33.03,40.97,55.7,149.5,339.4,241.1,117.9,88.73,47.43,35.5,37.54,35.49,38.22,41.81,92.63,149.2,86.35,83.84,113.7,71.07,70.7,58.77,40.89,32.83,46.04,92.93,72.06,129.4,249.8,221.5,245.4,101.9,35.48,28.83,29.93,29.93,27.52,40.36,73.47,187.8,141,301,492.4,85.36,79.95,241.1,44.88,30.96,26.24,30.06,36.59,214.8,88.43,200.9,51.63,85.3,59.05,43.16,39.96,38.84,32.28,47.55,38.74,85.11,101.4,101.2,138.9,46.67,68.71,84.21,36.77,26.19,17.26,21.1,66.69,97.55,93.98,303,214.3,253.6,165.6,68.55,39.78,31.19,73.15,77.45,195.3,234.1,324.9,98.13,73.25,52.25,61.61,29.59,24.65,27.65,36.99,33.87,41.4,58.24,219.3,121.9,88.98,76.47,43.17,41.06,44.63,29.38,29.85,57.14,67.88,189.7,78.35,313.7,70.97,164.2,93.43,77.77,42.04,40.08,32.52,32.64,40.12,54.71,164.6,51.53,268.5,97.48,40.43,112.4,88.26,46.36,26.7,36.83,41.37,123.7,102.8,219.5,187.5,59.03,42.57,38.95,33.62,33.31,34.43,35.22,31.42,107.4,195.4,73.15,146.3,89.12,116.3,111.9,77,33.9,31.81,36.64,157.6,50.31,155.7,333.4,102.8,213.8,42.17,47.48,35.99,38.62,59.73,42.57,142.1,123.5,164.4,519.9,194,115.6,104.3,83.34,44.03,35.65,19.95,28.1,35.82,55.54,139.3,135.7,169.3,84.23,122.9,40.77,35.5,37.82,26.39,70.36,85.62,43.59,88.32,200.4,84.39,51.3,70.88,93.22,62.3,34.1,41.2,71.47,43.83,106.3,138,400,143,65.57,95.29,46.77,47.04,32.6,35.06,25.48,38.01,51.14,132.3,80.97,207.7,79.03,41.2,28.97,40.97,36.95,19.44,29.97,30.14,34.67,290.646,310.916,313.195,308.741,163.604,169.086,171.148,166.148,167.415,180.2,169.636,174.858,175.976,184.525,185.614,189.205,193.978,193.978,194.111,194.111,194.111,193.464,191.305,197.725,198.027,197.696,202.288,202.1,205.46,207.866,206.874,210.719,207.118,207.561,214.805,214.551,279.116,218.276,258.772,277.159,291.616,291.616,291.616,333.606,334.926,223.915,223.915,225.902,226.174,226.174,226.174,227.737,229.701,232.845,232.845,310.049,310.927,257.103,267.891,258.9,264.724,326.393,288.722,274.878,250.941,244.9,272.173,275.709,268.308,269.724,303.536,316.816,258.892,278.525,295.357,291.429,272.849,277.06,277.086,277.086,275.978,294.678,194.111,193.464,207.549
real_0041,87.79,179.9,254.4,71.78,116.4,76.97,88.54,65.89,87.02,66.52,97.27,90.25,167.6,160.6,86.38,70.1,92.54,92.11,61.85,54.1,42.81,49.57,59.28,124.5,281.3,216.7,112.1,85.52,59.66,47.17,45.59,41.12,46.41,45.42,74.65,119.5,82.57,84.19,108.3,76.09,66.72,58.57,49.64,40.88,52.62,73.13,70.48,106.3,208.2,192.6,222.7,98.11,48.29,38.49,38.36,34.32,33.16,41.72,61.98,148.4,122,261.7,435.7,101.9,79.86,196.1,58.23,41.52,36.16,39.79,46.64,158,83.77,180,61.64,77.56,57.71,50.07,48.27,45.25,40.33,53.96,47.44,72.9,85.76,85.5,120.8,53.59,60.9,66.46,45.15,33.73,24.25,28.14,52.65,78.62,84.68,256.9,192.9,199.6,145.6,75.26,52,39.49,61.34,69.5,156.2,204.8,292.9,103.4,80.58,62.85,65.79,39.4,34.5,38.68,41.36,42.21,45.02,53.64,169.4,109.7,89.09,69.47,52.91,48.68,51.39,37.09,37.2,50.37,58.8,153.7,72.56,276.1,76.94,144,78.65,63.86,49.76,44.65,40.97,40.9,44.08,53.59,129.1,56.08,243.3,92.2,48.05,79.39,70.48,47.03,34.04,38.75,44.87,96.49,89.69,179.9,167.5,64.39,52.73,45.94,42.22,40.99,42.51,38.24,38.38,83.92,158.9,71.61,126.4,75.3,91.27,81.85,63.51,42,40.08,43.34,118.1,54.37,126.3,273.7,102.4,188.4,56.87,56.14,45.52,48.24,54.57,46.46,116.1,110.1,145.5,481,177.1,105.8,98.74,77.55,55.86,45.55,28.87,36.87,45.43,52,108.3,119.2,143.5,87.33,106.3,54.3,45.06,47.63,35.14,53.75,69.05,51.21,85.68,164.3,88.36,57.04,61.76,74.15,58.01,42.5,46.22,56.77,48.33,86.75,120.2,341.9,132.4,71.73,85.26,56.1,51.4,41.66,44.07,34.04,43.68,50.49,99.43,76.29,165,83.09,49.73,38.91,45.36,42.18,27,36.43,38.44,42.78,290.59,310.88,312.738,307.579,163.643,168.869,170.769,166.175,167.4,179.397,169.72,174.534,176.048,184.376,184.776,189.292,193.91,193.91,194.019,194.019,194.019,193.556,191.312,197.704,197.981,197.627,202.305,202.226,205.312,207.801,206.734,210.46,207.074,207.559,214.334,214.695,278.209,218.143,258.813,276.113,291.313,291.313,291.313,333.087,334.22,224.063,224.063,225.693,226.199,226.199,226.199,227.754,229.846,232.943,232.943,309.655,310.643,257.04,267.669,258.931,264.369,326.166,288.709,274.827,250.033,244.851,270.626,275.604,268.152,268.171,303.491,316.072,259.005,277.913,293.997,289.896,272.46,276.541,276.594,276.594,275.683,294.447,194.019,193.556,207.566
real_0042,86.23,223.5,298.8,79.25,239,119.3,231.3,97.2,192.2,85.57,133,128.3,260.1,187.5,96.79,73.99,182.9,186.8,82.01,58.07,33.92,49.23,75.12,173.8,468.3,268.3,150.4,145.3,65.9,39.59,56.17,54.48,63.05,62.96,140.3,175.2,127.1,119.9,163.2,112,123.5,99.82,59.11,37.63,65.38,137.8,98.84,205,348.5,247,303.8,162.7,44.24,29.13,30.67,62.88,35.01,72.5,111.2,276.5,177.8,347.9,591,114.6,139.5,330.6,60.96,35.31,25.32,35.21,41.36,287.4,106.2,235.1,57.57,132.3,104.9,74.12,61.53,48.64,35.42,63.24,40.61,116.4,120.6,121.4,194.6,70.25,125.9,171.6,44.7,28.18,23.57,20.86,124,124.3,106.8,356.5,285,401.9,267.5,115.6,41.54,37.93,139.9,109.8,292.8,324.2,351,119.8,103.6,70.87,91.81,32.29,27.39,31.89,61.35,43.9,56.09,95.69,261.8,143.1,118.7,145.8,61.9,66.55,75.39,31,44.73,101.5,91.54,226.3,92.48,333.2,91.31,237.8,155.2,148.6,55.64,63.64,36.63,31.07,42.37,73.75,204.6,56.5,296.5,156.8,65.66,216.5,155,79.88,26.99,62.79,56.05,188,127.5,287.3,266.9,101.1,59.11,71.86,45.62,39.95,54.08,59.88,37.82,134.9,243.8,104.7,212.4,146.7,217.8,200.9,132,40.14,37.72,48.58,219,64.24,180.1,441.9,157.3,294.4,52.03,90.05,46.02,44.45,98.87,51.82,199.7,187.6,193.3,577.7,245.1,185.1,168.4,136.8,58.95,38.48,21.42,37.48,39.28,85.21,218.3,177.2,265.8,137.9,189.2,50.89,39.96,42.63,33.26,128.5,129,51.96,113.1,239.7,116.3,78.25,122.9,163.7,104.5,38.3,62.58,102.5,59.14,176,185.5,465.2,203.9,93.7,173.5,74.82,86.6,34.53,42.39,25.2,51.67,59.2,202.6,129,312.6,120.4,67.15,34.46,69.75,55.39,20.26,34.71,32.86,42.48,290.731,310.229,312.186,306.254,163.701,168.225,170.123,166.319,167.499,179.778,169.847,173.632,176.046,184.384,184.879,188.998,193.093,193.093,193.275,193.275,193.275,193.075,191.341,197.31,197.861,197.493,202.417,202.361,205.434,207.943,206.697,210.142,207.04,207.678,213.845,214.758,276.053,217.945,258.24,273.877,291.069,291.069,291.069,330.349,331.008,223.881,223.881,225.885,226.348,226.348,226.348,227.899,229.874,232.947,232.947,308.969,309.344,256.813,267.204,258.988,263.662,321.992,288.83,274.939,248.968,244.889,266.984,275.731,267.827,264.858,303.629,314.21,259.143,277.309,291.091,286.892,272.675,275.909,275.884,275.884,275.205,293.407,193.275,193.075,207.681
real_0043,73.87,104.7,201.4,65.52,96.05,72.21,73.26,61.36,71.87,62.16,79.39,81.32,127.2,108.7,81.81,66,74.18,76.06,58.29,51.36,40.01,47.13,57.81,71.69,196,145.3,90.24,76.99,55.79,43.8,43.97,38.62,43.69,42.39,55.35,64.85,74.43,76.56,96.11,71.79,58.69,52.72,46.61,38.98,50.87,62.73,63.89,81.1,149,118.1,176.3,87.39,43.56,36.2,35.79,30.09,27.11,38.92,47.81,101.5,83.51,171.5,316.1,98.22,74.85,132,55.92,39.92,34.17,37.89,45,72.26,56.61,118.9,56.62,66.37,52.74,47.83,46.43,44.18,39.25,54.03,46.32,58.2,63.96,57.72,91.48,48.09,54.05,61.51,43.35,32.43,22.17,26.63,43.84,47.07,56.14,175.4,142.7,149.3,117.6,69.33,50.03,37.5,55.1,53.95,111.5,153.1,206.9,93.66,75.8,60.77,63.57,38.17,29.75,31.13,39.25,40.95,42.02,47.87,87.93,76.46,79.61,61.92,49.43,46.19,49.82,35.68,35.58,47.2,47.91,91.16,57.41,179.6,69.97,103.4,64.8,56.5,48.17,43.96,39.98,40.22,43.21,51.51,76.87,50.94,173.4,83.78,44.67,59.67,55.99,44.89,33.1,37.29,43.43,72.4,63.89,122.2,125.7,59.42,50.98,43.85,41.12,40.46,41.24,36.77,37.26,51.45,97.15,63.09,95.1,61.42,79.64,62.13,56.29,40.22,38.81,42.25,77.41,51.83,78.38,191.3,93.82,142.1,53.87,54.91,45.03,47.92,54.2,44.08,89.06,96.16,97.79,380.6,123.9,93.01,88.51,71.88,54.67,45,27.17,35.97,44.61,49.3,79.55,88.91,112.8,81.02,84.04,50.36,43.7,46.03,33.09,44.62,52.98,49,68.12,100.3,84.56,53.37,52.68,63.92,56.29,42.32,45.59,46.07,47.08,74.31,92,232.8,106.5,68.51,80.52,53.93,50.83,41.18,43.22,33.01,42.91,45.67,75,67.58,111.8,74.13,46.37,36.83,44.34,40.01,25.12,35.06,37.32,41.72,290.442,311.155,313.136,308.564,163.447,169.134,171.143,165.968,167.227,179.468,169.485,174.83,175.988,184.346,184.908,189.308,194.131,194.131,194.235,194.235,194.235,193.607,191.275,197.841,198.008,197.695,202.128,201.974,205.236,207.656,206.794,210.816,207.079,207.378,214.917,214.414,279.215,218.231,258.969,277.273,291.623,291.623,291.623,334.332,335.757,223.964,223.964,225.487,226.001,226.001,226.001,227.577,229.726,232.857,232.857,310.023,311.103,257.086,267.933,258.774,264.809,327.267,288.538,274.686,250.771,244.762,272.607,275.489,268.283,270.07,303.33,316.991,258.755,278.5,295.541,291.508,272.451,277.015,277.073,277.073,275.966,294.892,194.235,193.607,207.388
real_0044,66.2,113.7,219.7,54.37,90.88,62.39,63.61,49.89,61.82,51.64,73.21,75.65,138.1,118.2,76.8,56.95,67.02,70.98,48.46,41.21,30.26,37.02,48.19,75.48,230,167.9,88.47,72,46.97,34.47,34.88,30.11,35.58,33.5,50.04,69.33,71.36,74.79,98.91,68,51.92,44.65,38.27,30.79,42.91,57.47,59.69,81.8,172.3,134.4,196.6,87.49,35.8,27.94,29.1,25.62,25.66,35.7,43.1,114.4,92.08,205.4,393,103,69.24,149.2,48.57,32.29,26.45,30.09,37.36,85.2,55.89,137.2,51.45,62.24,46.2,40.36,38.83,37.13,31.84,47.34,39.78,55.28,63.6,56.84,98.4,42.57,48.38,56.22,36.8,25.78,16.54,20.14,38.44,48.72,59.04,202.7,170.1,175.6,134.2,66.62,44,32.5,49.91,51.03,124.5,185.6,242.4,98.26,73.34,54.49,59.01,31.52,24.9,27.74,35.51,34.64,35.75,42.28,106.9,84.3,82.33,58.91,44.09,39.91,43.71,29.31,29.33,41.07,44.19,105.8,55.93,215.4,69.48,116,62.99,51.49,42,37.38,33.55,33.46,36.85,46.96,86.62,46.75,203.4,85.85,38.9,57.02,52.86,39.07,26.63,30.83,37.74,75.14,68.04,143.2,148.3,56.15,46.06,37.75,35.1,34.44,35.29,30.5,30.92,54.26,114.5,61.92,104.7,59.69,81.41,61.34,52.44,34.52,32.84,36.31,85.6,48.32,88.1,231.9,102.3,167.6,49.1,49.2,38.88,41.71,48.81,38.22,97.05,102.3,116,458.6,145.9,94.61,90.62,68.77,48.87,38.36,20.87,29.4,38.42,43.92,84.03,98.27,127,85.01,88.34,45.67,37.77,40.02,26.9,39.41,50.91,44.95,69.97,113,88.4,49.02,48.45,62.13,52.08,36.38,39.63,42.06,42.2,75.92,102.6,278.6,122.3,66.38,79.67,49.64,44.75,35,36.97,26.51,36.76,40.86,78.31,67.55,128.3,77.73,41.66,30.77,38.51,34.47,19.52,29.27,31.62,36.23,290.446,310.836,312.864,307.793,163.356,168.727,170.691,165.941,167.174,179.706,169.431,173.708,175.956,184.251,184.797,188.969,193.222,193.222,193.379,193.379,193.379,192.921,191.271,197.506,197.915,197.574,202.092,201.932,205.269,207.651,206.815,210.827,207.074,207.333,214.893,214.256,278.252,217.982,258.841,276.604,291.659,291.659,291.659,334.288,335.491,223.564,223.564,225.506,225.968,225.968,225.968,227.545,229.683,232.794,232.794,310.035,310.757,257.025,267.688,258.741,264.491,325.934,288.523,274.684,249.657,244.713,271.235,275.505,267.884,268.926,303.332,316.254,258.724,278.639,294.855,290.344,272.572,276.576,276.591,276.591,275.627,294.357,193.379,192.921,207.355
real_0045,91.24,221.7,351.2,145,444.6,258.3,442.7,222.6,410.3,142.9,250,206.3,313.4,176.7,175.8,154.4,376.9,331.8,192.9,171.7,63.8,160.6,245.5,215.5,603.1,272.5,206,282,139.9,98.41,153.6,190.2,246,155.3,283,187.6,216.8,179.5,252.1,232.2,257.2,239.2,177.2,133.1,223,331.6,172.1,316.5,453.9,235.6,379.3,271.3,72.86,75.75,96.02,235,136.2,222.4,223,381.2,194.8,347.4,667.4,166.9,305,505.7,144,71.59,79.42,74.29,113.5,374,113.5,265,123.1,279.1,220.1,197.4,160.2,112.1,103.5,283.5,70.73,202.8,128,118.2,286.3,131,279.7,387,80.09,88.86,45.78,54.7,325.2,154.8,110.4,438,379.6,609.1,425.5,200.9,74.36,97.06,387.2,223.1,453.8,417.8,332.3,130.5,178.6,141.4,195.5,65.96,82.76,73.67,230.6,166.6,98.35,189.3,283.7,142.6,173.5,270.3,133.2,169.6,223.2,66.43,158.8,258.7,169.6,287.7,87.84,323.5,135.9,365.9,271.3,315.4,109.3,205.1,90.38,76.7,111.5,174.6,259.3,54.39,323.2,284.6,143.2,496.3,248.4,125.4,62.2,160.9,163.9,342.6,137.5,335.9,366.5,191.4,138,179.5,102.4,208.4,187.3,131.7,79,172.6,321.2,167,309.1,252.6,420.1,330.4,260.7,94.51,104.5,174,413.5,96.62,183.3,546.2,236.3,368.2,133.2,237.9,122.3,177.1,295.3,105.9,356.9,283.4,195.9,584.3,291.1,315.6,290.5,309.3,126.3,99.76,35.89,124.1,102.6,182.5,328.8,211.7,405.9,233.5,325.2,95.56,137.3,131.3,100.4,306,259.8,82.64,147.9,254.8,180.9,146.4,231.7,331.8,233.4,113.1,208.2,263.2,117.4,308.3,206.6,495.1,266.4,172.9,359.1,148.8,239.6,103.6,155.3,45.38,133.4,117.5,344.3,200.1,441.5,190.4,127.5,103.1,200.6,161.5,35.34,119.4,87.11,129.5,290.841,310.082,312.639,307.135,163.847,168.57,170.611,166.416,167.645,180.268,169.938,174.683,176.043,184.655,185.694,189.25,193.811,193.811,193.982,193.982,193.982,193.68,191.354,197.403,197.892,197.549,202.517,202.381,205.524,208.057,206.565,209.715,206.882,207.806,213.411,214.955,276.852,218.178,258.316,274.781,291.174,291.174,291.174,329.736,330.32,224.111,224.111,226.109,226.454,226.454,226.454,228.003,229.848,232.977,232.977,309.125,309.353,256.788,267.428,259.035,263.908,322.069,288.929,275.056,250.295,245.034,268.506,275.829,268.177,266.243,303.739,314.321,259.173,277.456,292.401,288.514,272.907,276.362,276.319,276.319,275.506,293.588,193.982,193.68,207.769
real_0046,78.41,138.3,235,67.73,100.2,72.69,74.2,60.27,70.63,60.67,82,82.59,144.5,133.5,85.18,67.28,77.49,79.23,58.19,50.4,39.02,45.46,55.46,91.45,240.2,184.2,99.49,80.52,57.75,44.35,42.96,37.57,43.57,41.86,59.05,84.85,77.27,81.2,103.6,75.56,61.51,53.82,46.78,37.88,50.04,63.37,65.61,89.86,178.9,154.5,203.9,94.22,46.59,36.08,36.37,33.24,33.27,39.45,51.2,122.8,102.9,221.5,397.9,109.5,78.59,161.6,58.19,40.37,34.51,38.12,45.31,105.2,67.8,152.4,60.45,70.07,54.32,48.54,46.45,43.62,38.55,52.73,46.26,61.76,71.35,67.89,106.2,51.57,55.74,61.02,43.75,31.9,22.35,26.17,44.62,58.86,69.21,217.5,176.8,174.6,138.5,76.71,52.45,38.54,55.9,59.25,131.8,187.2,257.7,103.5,80.86,63.48,65.57,38.98,32.96,37.17,40.26,41.64,42.95,48.81,123.5,94.95,87.43,66.21,52.52,47.79,50.54,35.8,35.75,47.38,50.72,119.1,64.1,235.1,76.58,126,70.36,58.99,49.12,43.59,40.25,39.9,42.8,51.43,98.49,53.64,217.4,90.57,47.96,64.91,59.56,45.73,32.72,37.13,43.31,80.6,76.45,150.8,153.7,64.82,53.67,45.57,41.74,40.38,41.87,37.23,37.34,63.74,126.2,68.25,111.8,66.8,84.64,68.36,58.69,41.12,39.25,42.37,93.19,53.71,99.28,236.2,105,171.7,58.93,57.22,45.79,48.43,54.11,45,101.7,105.3,125.4,458,157.2,101.4,97.07,75.49,56.86,45.5,28.09,36.2,45.43,49.95,90.78,105.7,130.8,90.21,95.9,55.46,44.91,47.43,34.16,46.56,57.7,51.08,77.85,128.8,91.73,57.12,56.02,66.66,57.44,42.48,45.93,48.27,47.39,78.65,108.2,293.6,126.5,73.1,84.04,58.03,51.74,41.62,43.94,33.43,43.2,47.25,83.2,73.22,137.2,84.1,50.56,38.62,44.88,41.09,26.04,35.68,38.1,42.4,290.499,310.783,312.561,307.119,163.505,168.634,170.508,166.072,167.278,179.101,169.609,173.967,176.025,184.227,184.451,189.127,193.487,193.487,193.614,193.614,193.614,193.248,191.288,197.559,197.911,197.553,202.198,202.131,205.201,207.694,206.666,210.426,207.014,207.446,214.254,214.521,277.614,217.998,258.761,275.672,291.288,291.288,291.288,332.984,334.086,223.872,223.872,225.532,226.094,226.094,226.094,227.655,229.817,232.902,232.902,309.626,310.495,256.961,267.538,258.843,264.207,325.465,288.613,274.734,249.438,244.749,269.911,275.513,267.931,267.553,303.397,315.663,258.915,277.897,293.494,289.18,272.311,276.276,276.323,276.323,275.491,294.191,193.614,193.248,207.468
real_0047,82.03,154.7,244.9,66.83,106.5,72.94,77.79,60.11,74.95,61.36,87.03,86.11,158,146.6,86.87,67.42,82.15,84.6,58.19,50.34,39.16,45.37,55.94,104.8,266.1,203.5,104.9,83.55,57.37,43.85,43.22,37.89,43.83,41.81,64.62,99,80.63,84.76,108.9,77.32,62.95,54.33,46.65,38.47,50.35,67.83,68.96,97.69,197.5,173.6,216.7,97.85,46.49,36.59,37.29,34.24,34.07,39.91,55.6,138.9,115.1,246.5,431.2,112.1,79.93,182.7,58.57,41.14,34.73,38.37,45.45,128.9,75.35,167.3,61.65,73.32,55,48.34,46.35,44.25,38.71,53.4,46.88,66.97,78.51,75.79,115.4,52.4,57.54,63.39,44.19,32.71,22.79,26.74,47.59,68.14,77.42,237,194.2,192.9,150.7,78.63,53.46,39.68,57.85,64.37,146.6,206.7,280.8,109.3,83.33,63.83,67.34,39.48,34.61,38.56,41.22,42.02,43.68,50.66,146.9,105.1,92.21,68.91,53.03,48.08,50.95,36.68,36.45,48.75,55.23,137.3,69.72,257.3,79.66,137.9,75.43,61.57,49.63,44.4,40.62,40.17,43.27,53.94,114.5,55.76,234.7,94.9,48.07,71.14,65.26,46.58,33.58,37.79,44.56,89.26,86.67,169.7,168.5,66.41,54.52,45.9,42.6,41.09,42.52,37.73,37.75,73.83,145.5,72.23,122.8,72.04,90.98,77.01,61.8,42.15,40.04,43.08,107.8,55.84,113.1,262.5,111.8,188.3,59.47,57.73,46.61,49.1,55.55,46.33,113.4,112.5,141.8,487.1,174.7,106.8,101.8,78.82,57.87,46.56,28.95,36.8,46.07,51.57,102.1,117.9,142.7,95.21,104.6,56.27,46.13,48.29,35.04,49.92,64.1,53.13,83.46,146,95.72,58.02,59.12,72.8,59.24,43.3,46.55,53.02,49.24,85.8,119.5,322.2,137.5,75.61,87.54,58.95,52.49,42.4,44.49,33.92,43.88,49.6,93.78,78.23,154.2,88.56,51.31,39.22,45.83,42.19,26.87,36.52,38.66,42.99,290.529,310.639,312.311,306.584,163.541,168.458,170.287,166.126,167.306,178.959,169.671,173.654,176.046,184.188,184.305,189.033,193.236,193.236,193.383,193.383,193.383,193.107,191.301,197.484,197.884,197.52,202.234,202.208,205.197,207.722,206.633,210.313,207.009,207.484,214.072,214.586,276.899,217.944,258.618,275.002,291.184,291.184,291.184,332.393,333.391,223.866,223.866,225.556,226.143,226.143,226.143,227.701,229.861,232.928,232.928,309.324,310.159,256.921,267.402,258.881,264.016,324.312,288.65,274.756,249.004,244.757,268.721,275.499,267.814,266.558,303.43,315.105,258.994,277.589,292.538,288.158,272.276,276.01,276.055,276.055,275.329,293.877,193.383,193.107,207.509
real_0048,83.35,213.8,343.9,136.6,436.3,249.7,434.5,214.8,404.5,135.7,242.4,199.1,307.8,169.5,168,147.2,368.4,325.4,187,165.6,58.29,155.3,240.1,209.8,601.2,266.3,199.1,276.8,133.9,87.98,147.2,185.3,242.8,150.8,278.4,183.2,212.2,175.1,247.8,226.7,249.5,231.7,171.5,128.3,218.9,328.3,168,312.3,451.2,230,375.9,266.3,66.81,70.71,93.7,233.6,132.2,220.5,220.2,379.9,190.7,345.1,666.4,162.3,299.7,499.6,134,67.34,75.43,73.5,114.5,373.7,110.8,262.4,119.2,276,215.9,192,156.9,109.8,100.6,282,67.85,199.8,125.4,115,284.9,127.2,275.9,382.9,76.59,83.44,42.09,52.32,328.3,154.7,108.5,436.8,381,607.6,422.4,196,71.63,97.67,387.2,221.9,453.2,417.7,330.3,127.4,175.3,137.2,191.9,62.46,81.29,71.84,230.1,165.3,96.51,188.1,283.3,141.4,172,268.6,129.3,165.8,221.2,65.7,158.9,257.7,168.8,287.8,85.7,323.4,133.5,365.2,269.2,312,106.4,206.9,88.46,74.28,109.7,174.8,259.2,51.85,324.4,283.7,139.1,494.8,247.4,123.7,60.72,160.1,163.5,343.9,137,336,366.6,188.1,135.3,175.5,101,208,186.1,130.6,76.14,172.8,323.3,165.4,309.2,249.9,418.6,326.4,259,91.55,103,-9999,-9999,-9999,-9999,-9999,-9999,-9999,-9999,-9999,-9999,-9999,-9999,-9999,-9999,-9999,-9999,-9999,-9999,-9999,-9999,-9999,-9999,-9999,-9999,-9999,-9999,-9999,-9999,-9999,-9999,-9999,-9999,-9999,-9999,-9999,-9999,-9999,-9999,-9999,-9999,-9999,-9999,-9999,-9999,-9999,-9999,-9999,-9999,-9999,-9999,-9999,-9999,-9999,-9999,-9999,-9999,-9999,-9999,-9999,-9999,-9999,-9999,-9999,-9999,-9999,-9999,-9999,-9999,-9999,-9999,-9999,-9999,-9999,-9999,-9999,290.818,309.868,312.208,306.125,163.766,168.114,170.101,166.396,167.584,180.132,169.911,173.812,176.037,184.511,185.404,189.069,193.208,193.208,193.424,193.424,193.424,193.287,191.35,197.119,197.783,197.428,202.476,202.374,205.476,208.021,206.522,209.634,206.856,207.759,213.239,214.871,275.262,217.944,257.971,273.164,291.026,291.026,291.026,328.379,328.809,223.861,223.861,226.021,226.429,226.429,226.429,227.986,229.859,232.96,232.96,308.709,308.584,256.689,267.127,259,263.535,319.477,288.895,275.022,249.271,244.962,266.221,275.783,267.887,264.366,303.716,313.217,259.173,277.171,290.609,286.484,272.832,275.839,275.766,275.766,275.142,293.092,193.424,193.287,207.736
real_0049,83.59,214.6,346,136.3,434.6,248.3,433.1,215.5,405.7,135.3,243.5,200,308.3,170.4,169.8,147,366.2,322.7,187,166.1,57.9,155.6,240.7,210.6,601.7,267.4,200.6,278.1,132.3,80.22,145.1,185.8,242.9,150.3,278.7,183.4,212.9,175.2,248.5,226.4,246.6,229.2,170.7,128.3,219,328.2,167.7,312.8,452.1,230.7,377,266.8,64.28,69.39,92.41,233.4,132.1,219.5,219.7,380.3,191.1,345.3,668,162.8,298.6,492.5,125.5,67.06,74.87,70.93,113.6,373.7,109.9,263,118.8,274.7,214.2,188.5,156,108.6,100,281.8,66.79,199.7,124.9,114.7,285.3,125.9,273.4,379.3,75.33,83.89,41.12,51.15,327.2,153.7,107.5,437.2,380.6,607.3,420.5,192.7,70.26,95.78,386.7,220.6,453.6,417.1,330.4,126.4,175.4,134.2,186.9,59.77,80.16,70.63,229.2,164,95.43,187.4,283.3,140.3,171.8,267.8,126.6,162.2,219.7,64.46,157.6,256.3,168,287.1,84.64,323.4,133,363.9,267,308.3,104.8,205.7,87.34,73.48,108.8,173.5,258.6,50.91,324.1,282.8,136.3,491,245.8,122.5,59.29,159.3,162.2,343.4,135.5,336.1,366,186.2,132.9,171,99.22,207,184.7,129.2,75.27,171.6,322.5,165,308.7,247.6,413.2,322.5,258.3,90.6,101.9,171.5,415.1,93.28,181.9,549.5,234.9,367.8,123.8,230.5,120.3,175.3,294.1,101.7,358.2,282.6,195.2,587.1,290.4,314.9,285.5,297.4,117.9,96.47,35.4,123.4,100.9,182.2,330.9,211.3,407.4,231.3,317.3,89.51,135,129,97.65,305.3,259.6,80.28,146.1,254.1,180.7,142,227.9,326.2,231.6,110.6,207.1,262,115.2,309.2,205.2,496.9,265.8,169.3,351.9,144.2,238.7,100.5,153.7,41.74,131.5,115.2,347.5,199.2,442.3,186.7,122.5,97.39,198.4,159.5,31.69,117.3,85.25,128.1,290.824,309.944,312.423,306.627,163.771,168.288,170.309,166.378,167.591,180.298,169.886,174.104,176.018,184.577,185.673,189.121,193.388,193.388,193.593,193.593,193.593,193.38,191.344,197.17,197.812,197.46,202.469,202.333,205.498,208.032,206.536,209.666,206.844,207.761,213.331,214.844,275.957,218.001,258.129,273.901,291.107,291.107,291.107,328.997,329.497,223.869,223.869,226.07,226.416,226.416,226.416,227.971,229.815,232.938,232.938,309.034,308.953,256.712,267.238,258.994,263.676,320.607,288.897,275.034,249.704,244.983,267.223,275.808,267.983,265.205,303.721,313.664,259.136,277.413,291.517,287.461,272.914,276.065,275.989,275.989,275.281,293.301,193.593,193.38,207.732
real_0050,71.8,140.5,236.6,55.34,99.24,64.64,69.81,52.01,68.94,54.42,81.1,80,151.9,137.3,78.83,58.72,75.01,78.02,50.54,43.27,32.47,38.93,50.75,95.98,258.3,192.5,96.38,76.05,48.06,35.9,36.89,31.95,37.44,35.34,58.59,90.14,74.88,78.02,103.4,70.07,55.01,46.9,39.9,32.94,44.95,64.38,63.65,91.25,191.9,161.3,210.4,90,37.09,29.9,31.01,27.92,27.42,34.62,49.55,131.9,106,236.4,430.1,102.6,71.76,174.8,49.98,34.2,27.99,31.68,38.95,118.8,66.63,159,53.47,66.32,48.33,41.63,40.19,39.04,33.44,49.24,41.85,63.17,72.7,67.57,109.2,44.06,51.74,59.61,38.63,27.57,17.61,21.49,43.3,62.21,70.38,230.1,186.9,190.4,143.3,68.43,45.72,34.43,52.82,58.18,140.8,202.3,271.8,101.4,75.31,55.47,61.44,33.14,26.89,30.06,37.8,35.95,37.67,45.04,138.3,96.94,86.71,61.38,45.69,41.37,45.39,31.21,31.06,44.37,50.48,130,62.09,249.7,72.61,129,68.9,55.83,43.51,39.23,35,34.94,38.38,50.46,107.6,49.68,228.5,88.38,39.88,65.55,59.79,40.94,28.45,32.34,39.95,85.38,78.74,163.5,161.5,57.7,47.55,39.07,36.79,36.21,37.02,32.03,32.24,68.46,138.6,65.74,116.4,65.9,86.53,72.09,56.07,36.41,34.57,37.9,103.8,50.73,106.1,258.9,105.1,181.8,50,50.34,40.54,43.17,51.49,40.41,110.7,108.3,134.8,490.3,164.8,99.43,93.64,73.13,50.57,40.3,22.67,30.8,40.08,46.55,96.2,110.7,137.6,87.82,98.76,47.26,39.88,41.85,28.64,45.24,59.24,47.63,77.03,136.7,89.96,50.51,53.47,70.33,54.67,38.08,41.28,48.74,44.68,82.66,113.4,315.9,130.8,68.34,82.66,51.07,46.34,36.75,38.68,28.13,38.3,45.3,90.19,71.77,147.3,80.16,43.09,32.32,40.34,36.46,21.18,30.84,33.15,37.78,290.501,310.748,312.724,307.399,163.434,168.639,170.563,166.02,167.238,179.629,169.519,173.641,175.979,184.27,184.74,188.959,193.167,193.167,193.327,193.327,193.327,192.944,191.281,197.504,197.909,197.561,202.159,202.032,205.284,207.704,206.767,210.656,207.054,207.404,214.648,214.374,277.776,217.965,258.769,276.169,291.562,291.562,291.562,333.578,334.824,223.653,223.653,225.591,226.046,226.046,226.046,227.616,229.729,232.83,232.83,309.937,310.604,257.001,267.598,258.803,264.349,325.402,288.586,274.733,249.419,244.75,270.422,275.543,267.841,268.226,303.391,315.877,258.818,278.372,294.228,289.702,272.534,276.401,276.418,276.418,275.524,294.182,193.327,192.944,207.428
real_0051,91.19,222.4,287.8,69.37,173,89.59,150.6,75.7,145.3,79.03,125.5,108.5,222.1,190.5,84.94,64.74,133.4,139.3,62.02,49.85,37.05,45.85,63.5,165.5,383.5,263.4,132.8,106.1,55.38,39.77,43.74,42.35,45.28,49.99,110.4,167.2,100.8,97.87,129.7,83.83,87.1,72.35,46.88,36.45,52.01,109,83.45,153.8,282.2,241.5,268.5,121.1,41.6,32.39,33.42,38.37,31.2,49.1,87.94,219,161,328.8,530.5,97.29,98.23,272,51.06,34.78,29.31,32.92,39.4,244.7,98.99,216.1,57.8,103.1,73.69,51.63,46,43.82,34.86,50.93,41.81,96.96,115.7,116.7,159.3,55.8,85.68,109.5,41.4,29.22,20.13,23.58,82.89,110.5,104.1,328.9,238.4,296.8,196.7,83.69,43.62,34.94,91.25,88.9,225.2,262.9,344.3,110.7,83.43,59.34,71.12,32.8,28.9,32.41,43.54,37.37,47.96,70.52,243.6,137.9,100.4,96.61,49.59,48.12,51.89,32.34,34.11,69.81,77.23,208.3,90.73,330.8,80.54,187,113.5,98.41,48.04,47.12,35.59,34.79,43.38,61.43,184.4,58.2,284.8,115.2,49.2,142.1,110.3,58.64,29.57,45.66,47.17,144.7,118,245.8,212.8,72.36,48.62,47.51,37.42,35.63,39.2,43.23,35.23,122,217.2,85.76,167.2,106.9,145.2,138.1,95.97,38.9,35.12,41.05,180.9,57.24,173.2,371.6,120.8,240.8,46.8,56.95,39.97,41.48,71.19,48.35,161.4,143.1,179.6,544.8,215.8,136.9,124.1,99.16,49.07,38.83,22.91,30.63,38.14,65.62,165.1,154,197,100.1,143.2,45.84,38.48,40.74,29.93,87.72,100.8,48.2,98.63,221.4,94.71,60.63,87.31,112.1,75.74,37.41,48.09,83.31,50.11,126.1,157.5,429.6,164,75.28,115.9,55.84,57.59,35.62,38.48,27.92,43.12,56.77,155.1,96.71,239.7,92.52,50.1,32.18,48.24,43.4,22.24,33.34,32.53,37.62,290.692,310.681,312.776,307.619,163.7,168.8,170.746,166.251,167.482,179.926,169.774,174.487,176.029,184.496,185.192,189.214,193.766,193.766,193.9,193.9,193.9,193.45,191.325,197.613,197.98,197.627,202.385,202.266,205.461,207.91,206.805,210.451,207.103,207.641,214.331,214.727,278.035,218.156,258.669,275.971,291.36,291.36,291.36,332.504,333.554,224.014,224.014,225.917,226.282,226.282,226.282,227.834,229.813,232.923,232.923,309.707,310.455,257.005,267.609,258.972,264.266,325.278,288.793,274.918,250.083,244.917,270.225,275.721,268.144,267.812,303.587,315.844,259.045,277.99,293.81,289.733,272.716,276.563,276.579,276.579,275.661,294.249,193.9,193.45,207.636
real_0052,92.1,224.2,349.1,143.3,433.8,254.6,433.8,215,397,142.6,240.9,199.9,309.7,179.7,172.2,151.5,368.3,331.4,187.3,167,63.45,151.6,233.2,214.1,593.2,275.3,205.4,278.3,137.9,95.98,149.5,179.6,237.1,150.2,271.3,188.9,208.8,175.7,246.8,227.3,253.4,235.9,172.3,126.8,212,319.9,167.7,308.4,448.2,238,377.6,269.1,74.62,73.36,91.29,225.5,127.6,209.2,215,370.4,195.1,348.5,666.4,168.5,297.3,501.7,141.5,69.51,72.92,64.8,108.2,365.1,113.7,262,119.1,270.2,215,192.6,152.7,108.9,95.8,266.9,71.01,196.8,127.9,119.7,280.2,128.8,272.2,377.7,79.78,83.21,39.8,51.68,307.4,154.4,110,429.5,372.1,596.6,419.1,201.7,73.48,90.71,368.5,216,438.4,411.3,334.7,130.3,176.5,139.1,191.9,65.22,78.4,70.03,218,158.2,95.92,181,279.8,141.9,168.7,265.5,129.1,167,215.2,63.24,150.7,247.5,165.9,277.7,88.68,325.3,131.8,356.7,266.8,311.1,106.8,193.4,88.3,73.36,106.4,165.9,255.1,55.05,319.7,274.7,140.1,482.9,246.4,123.6,57.95,152.2,154.6,328.5,135.9,332.9,360.9,187.3,135.6,178.6,92.67,193.4,179,128.4,75.81,167.1,311,160.9,302.5,247.5,409.5,327.7,255.1,88.58,101.3,163.1,397.6,93.43,182.6,536.3,230.8,366.3,126.7,234.9,116.7,168.7,279.7,102.2,341.2,274.6,196.2,585.7,290.4,312.3,287,301.4,125.8,90.41,34.79,114.7,97.52,174.1,319.3,208.3,398.4,230.7,319.1,96.38,130.3,125.5,96.6,291.7,250.3,80.5,143.5,253.4,175.7,141.7,225.6,324.9,225.2,104.9,199.8,249.8,111.8,295.5,204.8,493.3,264.7,169.4,349.5,149.3,230.8,98.24,148.9,44.36,125.9,110.7,331.1,194.4,433.3,187.6,126.3,99.32,189.4,155,33.97,112.4,83.72,121.1,290.845,310.294,312.773,307.496,163.857,168.713,170.758,166.411,167.651,180.341,169.928,174.905,176.039,184.688,185.819,189.363,194.05,194.05,194.208,194.208,194.208,193.806,191.351,197.502,197.93,197.593,202.516,202.368,205.552,208.069,206.631,209.88,206.933,207.812,213.661,214.948,277.413,218.249,258.442,275.214,291.241,291.241,291.241,330.292,330.983,224.167,224.167,226.139,226.453,226.453,226.453,228.002,229.831,232.967,232.967,309.352,309.68,256.812,267.513,259.031,264.022,323.421,288.932,275.061,250.614,245.057,269.218,275.839,268.265,266.798,303.743,314.869,259.158,277.63,292.939,289.127,272.949,276.572,276.538,276.538,275.644,293.925,194.208,193.806,207.773
real_0053,79.32,211.1,343.4,132.8,433.9,246.4,432.4,212.5,404.1,131.6,241.1,197,305.5,167.1,166.6,144.1,366.3,322.3,185,163.7,54.6,153.3,239.2,208.4,601.2,264.6,197.6,276,130.6,80.27,143.6,183.9,242.1,148.2,277.6,181.4,210.8,172.7,246.7,225,246.6,228.7,169.5,126.3,217.6,327.7,165.6,311.4,451.6,228.4,375.7,264.9,62,67.58,90.5,233,130.6,219.3,218.5,380.3,189.1,344.2,668.7,159.5,297.9,496.2,126.5,65.22,72.73,70.04,112.1,374.5,107.6,262.2,116.5,274.7,213.8,188.8,154.3,106.7,98.36,282.1,64.47,198.9,123.1,112.7,285.1,124.3,274.1,381.4,73.19,82.37,38.3,48.72,323.9,153.2,105.8,437.3,380.7,609.3,420.7,191.8,68.1,94.15,388.1,219.8,454.4,416.6,329.6,123.5,174,133.6,188,58.76,78.36,68.58,230,163.9,93.66,186.9,283.4,138.8,170.7,268.1,125.3,162.3,220,62.73,157.8,255.7,167.8,287.1,82.48,323.8,131.2,364.3,267.5,309.8,102.6,205.4,85.46,71.87,107.8,172.8,258.2,48.51,324.4,282.9,135.5,495,245,120.5,57.95,158.5,161.8,344.4,133.8,336.3,365.6,185.4,132.5,171.5,97.19,207.3,184.2,128.3,73.78,171.4,323.1,163.4,308.5,247.8,416.6,323.4,257.7,88.17,100.7,170.9,416.3,91.16,181.4,551.5,233.7,367.1,123.2,232,118.8,174.8,294.4,99.52,359.6,282.2,194.7,588.5,289.2,314.5,285.8,300.7,117,94.2,33.39,122,100.2,182.2,332,210.7,408.1,230.5,319,88.84,133.9,127.9,95.98,-9999,-9999,-9999,-9999,-9999,-9999,-9999,-9999,-9999,-9999,-9999,-9999,-9999,-9999,-9999,-9999,-9999,-9999,-9999,-9999,-9999,-9999,-9999,-9999,-9999,-9999,-9999,-9999,-9999,-9999,-9999,-9999,-9999,-9999,-9999,-9999,-9999,-9999,-9999,290.816,309.862,312.359,306.532,163.723,168.179,170.205,166.348,167.562,180.326,169.842,173.864,175.998,184.554,185.756,189.028,193.171,193.171,193.399,193.399,193.399,193.2,191.332,197.045,197.774,197.417,202.436,202.284,205.477,208.016,206.497,209.605,206.794,207.732,213.268,214.765,275.621,217.935,258.028,273.589,291.092,291.092,291.092,328.669,329.125,223.726,223.726,226.05,226.383,226.383,226.383,227.935,229.777,232.906,232.906,309.12,308.83,256.667,267.166,258.964,263.591,319.896,288.876,275.021,249.534,244.951,266.803,275.805,267.902,264.876,303.709,313.385,259.093,277.454,291.283,287.161,272.936,275.973,275.885,275.885,275.199,293.175,193.399,193.2,207.704
real_0054,87.6,169.4,250.9,70.43,115.5,77.44,86.94,65.33,85.64,66.93,95.11,91.28,165,155.8,89.19,70.79,91.03,92.02,62.49,54.63,43.69,49.77,60.7,117,274.6,212.3,110.7,87.75,59.84,47.21,47.31,41.73,47.05,45.76,72.8,111.1,83.9,86.79,110,78.7,66.89,58.14,50.02,42.33,53.92,75.43,72.48,103.8,203.6,185,220.8,99.1,48.62,39.96,39.15,36.18,34.89,42.54,61.48,145.2,120.3,255.1,432.1,108.3,82.79,195.3,60.84,44.25,37.67,41.02,47.94,147.1,82.02,175.4,63.49,77.1,58.09,50.79,48.99,47.31,41.8,56.4,49.68,73.56,84.64,82.74,119.6,54.13,61.51,68.17,46.85,35.74,25.45,29.27,53.66,76.33,83.37,247.7,195.1,195.7,150.1,78.79,55.57,42.21,62.03,69.6,152.8,207,288.3,109.1,84.07,64.98,69.4,42.01,36.91,41.36,42.95,43.75,46.11,54.14,160.9,109.8,92.63,70.75,54.39,49.93,53.13,39.46,38.87,52.91,60.54,147.7,73.54,267.6,80.86,141.7,79.94,66.24,51.78,47.17,42.86,42.53,45.87,57.52,125,58.28,240.5,95.16,49.27,78.5,71.1,48.92,36.35,40.38,47.35,95.03,90.67,175.8,169.2,67,55.61,47.72,44.64,43.5,44.53,39.9,39.83,82.15,155.1,74.45,126.5,76.85,94.11,85.43,65.53,44.56,42.28,45.22,118.3,57.83,121.4,268.1,109.7,189.5,59.67,58.84,48.74,51,59.03,49.01,119.7,113.8,145.9,484.3,178.6,108.8,102,82.33,59.53,49.08,31.34,38.93,47.83,54.73,107.9,120.8,144.4,93.92,109.4,56.86,48.43,50.24,37.36,56.09,70.62,54.96,86.36,156.6,94.23,59.25,63.72,79.86,62.14,45.65,48.83,59.22,52.03,89.62,122.5,332.8,137.4,76.53,89.51,59.53,54.73,44.68,46.58,36.25,46.04,53.85,100.9,79.97,160.9,87.23,52.2,40.94,48.32,44.51,29.17,38.52,40.42,44.91,290.564,310.731,312.448,306.871,163.617,168.624,170.472,166.178,167.369,179.046,169.732,174.027,176.065,184.258,184.441,189.138,193.514,193.514,193.643,193.643,193.643,193.333,191.314,197.595,197.939,197.577,202.289,202.262,205.246,207.766,206.662,210.324,207.037,207.54,214.109,214.696,277.319,218.04,258.691,275.404,291.207,291.207,291.207,332.529,333.546,224.006,224.006,225.628,226.197,226.197,226.197,227.75,229.889,232.962,232.962,309.341,310.309,256.972,267.504,258.925,264.123,324.989,288.694,274.796,249.369,244.813,269.389,275.52,267.969,267.144,303.467,315.406,259.044,277.618,292.993,288.748,272.335,276.187,276.244,276.244,275.468,294.065,193.643,193.333,207.561
real_0055,91,225.2,294.3,70.79,199,99.97,183.3,82.59,165.4,82.25,131.1,117.5,242.8,192.6,88.65,66.57,152.7,161.9,67.75,51.5,35.14,45.98,67.47,170.7,425.6,271.5,140.2,120.8,58.46,38.24,47.51,45.51,50.68,54.28,123.3,172.9,111.7,108.8,144.7,95.15,101.2,83.19,50.03,36.42,56.73,122.7,92.39,175.4,314.5,249.7,286.3,138.4,42.63,31.01,32.29,47.74,33.26,60.99,99.18,249.5,174,345.7,564.9,107.9,116,302.7,54.99,35.26,27.88,37.96,38.11,267.7,104.8,227.8,57.92,115.9,85.85,59.66,51.52,46.29,33.92,53.6,41.68,106.1,121.8,122.8,175.2,61.39,102.3,137.5,43.04,28.79,20.79,22.67,99.02,118.4,108,344.8,264.7,343,231.2,98.65,43.52,35.18,109.1,98.9,255.6,296.2,355.8,120.2,92.61,64.44,80.56,33.15,29.49,33.82,50.01,39.63,52.73,82.04,257.8,146.4,111,116.7,54.59,54.99,60.8,32.69,40.22,83,84.74,222.2,96.21,336.1,86.21,209.8,132.6,121.1,51.92,52.77,36.22,33.96,44.45,67.71,197.2,59.65,294.2,133.9,55.97,174.7,132.3,69.33,29.24,53.49,52.2,166.3,129,269.2,240.3,85.14,53.7,57.5,43.15,38.96,44.04,50.9,37.26,130.5,234,96.23,189.1,124.2,178.3,167.3,113.2,40.23,37,44.47,202.2,61.98,181,408.2,141.1,269.8,49.15,69.76,43.37,43.17,85,51.71,183.5,165.4,193.9,571.5,235.6,159.1,145.4,116.7,53.52,40.67,22.94,38.4,39.1,75.83,192.9,171.1,229.2,119.7,165.6,49.07,39.57,42.16,32.05,106.3,116.3,51.87,107.8,234.8,106.9,68.54,103.8,135.7,89.94,38.75,55.23,94.4,55.99,149.2,176.5,452.5,186.2,84.45,140.5,65.07,69.92,36.26,40.65,28.05,47.78,61.11,180.7,113.5,273.3,107.3,58.31,33.21,57.43,49.56,22.96,34.79,33.23,40.23,290.704,310.308,312.172,306.206,163.702,168.274,170.134,166.311,167.481,179.527,169.846,173.593,176.061,184.342,184.702,188.994,193.09,193.09,193.266,193.266,193.266,193.077,191.345,197.375,197.885,197.518,202.408,202.376,205.406,207.914,206.711,210.197,207.069,207.664,213.889,214.778,276.148,217.96,258.29,274.034,291.084,291.084,291.084,330.739,331.434,223.917,223.917,225.834,226.339,226.339,226.339,227.887,229.9,232.964,232.964,308.939,309.466,256.849,267.241,258.991,263.72,322.308,288.816,274.916,248.873,244.876,267.147,275.696,267.816,265.109,303.608,314.368,259.158,277.279,291.221,286.971,272.598,275.884,275.881,275.881,275.221,293.466,193.266,193.077,207.672
real_0056,85.13,214.9,344.1,137.9,436,249.9,434.3,215.6,404.7,137.2,242.9,200,308.8,170.5,168.8,148.2,367.8,325.3,187.7,166.4,59.97,156.1,240.4,210.3,601.1,267.1,199.9,277.3,134.6,87.64,147.4,185.9,243,151.7,278.6,184,212.8,176.2,248.2,227,249,231.5,171.8,129,219.3,328.4,168.9,312.6,451,230.7,376.1,266.8,67.98,71.71,95.27,233.7,132.9,220.8,220.7,379.8,191.5,345.6,665.5,163.8,299.8,498.1,133.5,68.6,77.03,76.08,115.6,373.3,112.1,262.7,120.4,276.1,216.1,191.9,157.8,111.1,101.7,281.8,69.15,200.2,126.3,116,284.9,128.2,275.5,381.9,78,84.53,42.2,53.54,328.4,155.3,109.7,436.5,381.2,606.3,422.3,196.7,72.93,98.83,387,222.6,452.6,418.1,330.7,129.1,175.9,138,191.9,62.31,82.55,73.45,230,165.6,97.79,188.5,283.3,142.7,172.6,268.5,130.1,166.1,221.3,67.03,159.8,258.3,169.2,288,87.12,323.3,134.6,365.1,269.2,311.4,107.8,207.2,89.68,75.42,110.5,175.5,259.7,53.3,324.5,283.9,139.7,492.8,248.3,124.5,61.85,160.9,164.2,343.6,138.4,336,367,188.7,135.8,175.7,102.3,208.2,186.6,131.5,77.1,173.4,323.4,166.5,309.6,249.9,417.5,326.1,259.5,92.95,103.9,172.9,416,95.83,183.2,548.4,236.6,369.4,128.7,234.8,122.4,176.9,295.5,104.3,359,283.4,196.4,586.7,-9999,-9999,-9999,-9999,-9999,-9999,-9999,-9999,-9999,-9999,-9999,-9999,-9999,-9999,-9999,-9999,-9999,-9999,-9999,-9999,-9999,-9999,-9999,-9999,-9999,-9999,-9999,-9999,-9999,-9999,-9999,-9999,-9999,-9999,-9999,-9999,-9999,-9999,-9999,-9999,-9999,-9999,-9999,-9999,-9999,-9999,-9999,-9999,-9999,-9999,-9999,-9999,-9999,-9999,-9999,-9999,-9999,-9999,290.817,309.881,312.141,305.973,163.782,168.093,170.063,166.415,167.591,180.032,169.94,173.788,176.055,184.489,185.259,189.086,193.221,193.221,193.431,193.431,193.431,193.315,191.359,197.144,197.787,197.433,202.494,202.413,205.473,208.023,206.531,209.641,206.879,207.77,213.222,214.912,275.116,217.951,257.95,272.997,290.994,290.994,290.994,328.264,328.681,223.911,223.911,226.004,226.449,226.449,226.449,228.005,229.893,232.981,232.981,308.548,308.489,256.701,267.113,259.017,263.513,319.304,288.904,275.022,249.173,244.969,265.991,275.772,267.883,264.161,303.718,313.152,259.209,277.051,290.325,286.21,272.783,275.786,275.721,275.721,275.121,293.062,193.431,193.315,207.749
real_0057,86.52,218.4,347.8,139.6,436.8,252.4,436.1,216.2,403.2,138.1,243.6,200.5,308.4,174.3,171.6,149.4,370.2,326.8,187.3,166.9,59.63,154.4,239,212.5,598.8,270.9,202.8,278.7,135.3,88.88,147.3,183.8,241.5,150.6,276.9,185.7,211.6,175.2,248.2,227.8,252,233.2,172.6,128.2,216.8,326.1,168,311.9,451.4,233.9,377.7,268.3,68.84,71.93,92,231,131,216,218.3,376.6,192.9,346.8,668.7,164.5,299.2,500.7,133.7,67.89,75.66,69.82,109.5,371.1,110.8,263,119,274.2,215.9,191.8,154.8,108.1,98.53,277.1,67.98,199.2,126.1,116.4,283.7,127.4,274.9,381.2,77.33,85.71,42.33,50.75,318,153.7,108,434.6,377,605.3,421.4,196.8,70.87,92.49,380.9,219,448.5,415,332.5,127.3,176.1,137.3,190.2,61.94,78.88,70.1,225.9,162.4,94.99,185.2,282.1,140.3,170.6,268,128,164.9,219.4,62.29,155,253.1,167.4,283.4,85.7,324.4,132.3,361.8,268.1,311.3,106,199.8,87.26,73.56,107.9,170.2,257,51.97,322.1,280,138.8,490.4,246.4,122.3,58.53,157.3,159,338,134.7,335.1,364.4,187.4,134.7,174.9,96.47,202.6,183,128.7,75.66,169.8,317.9,162.9,306.2,248.7,414.4,325.7,258.1,89.41,101.3,168.5,408.5,92.77,182,545,233,367,125.3,232.7,118.6,173,289,101.8,352,279.2,195.4,587.1,289.9,313.7,287.4,302,121.6,94.83,33.07,119,99.16,178.9,326,209.8,404.3,231,320.1,91.41,133.2,127.3,96.82,300.4,256,79.73,144.4,253.5,178.4,142.3,227.6,327.2,230,108.1,204.5,258.1,113.2,304.2,204.1,496.3,265.1,169.4,353.5,145,235.4,99.56,151.6,42.25,128.9,113.3,341,196.9,439.3,187.2,124.5,98.68,195.8,157.6,32.17,115.7,84.07,125.2,290.834,310.142,312.688,307.314,163.8,168.547,170.622,166.379,167.617,180.403,169.884,174.621,176.015,184.651,185.887,189.249,193.776,193.776,193.95,193.95,193.95,193.602,191.339,197.33,197.869,197.528,202.479,202.312,205.517,208.049,206.543,209.702,206.836,207.779,213.449,214.86,276.914,218.146,258.301,274.868,291.203,291.203,291.203,329.756,330.326,223.996,223.996,226.118,226.416,226.416,226.416,227.968,229.792,232.934,232.934,309.368,309.458,256.759,267.422,259.001,263.906,322.386,288.908,275.048,250.379,245.014,268.659,275.837,268.159,266.379,303.728,314.374,259.115,277.62,292.622,288.731,272.973,276.419,276.363,276.363,275.513,293.696,193.95,193.602,207.741
real_0058,90.51,219.6,285.6,67.29,169.4,86.99,146.2,72.7,140.8,76.37,122.1,107.2,222.7,189.2,84.36,63.42,130,137.3,59.97,47.89,35.49,43.74,61.18,162.8,386,264.4,131.4,104.9,54.28,38.32,42.19,40.5,44.85,48.18,107.9,165,100.1,98.51,130.7,84.15,85.83,70.74,45.32,35.23,50.79,106.3,83.29,153,284.4,241.4,269.7,121.8,41.26,31.48,32.7,38.43,31.99,52,86.74,221.1,162.8,331.6,535.5,101.2,97.79,272.1,50.74,34.23,28.67,32.38,38.88,242.9,98.69,215.2,57.85,102.1,72.3,50.44,45.1,43.21,34.01,50.13,41.41,95.64,115.3,116.2,159.3,55.78,84.14,107.4,40.84,28.59,19.55,23.02,81.29,109.4,104.2,327.5,243.2,298.6,201.2,85.36,43.92,35.07,90.16,88.68,225.7,268.8,347.5,114.2,84.93,59.6,71.18,32.78,29.11,33.04,44.18,37.47,48.1,70.3,243.8,139.6,102.4,96.75,50.01,47.68,51.33,32.11,34.85,68.89,76.75,208.8,91.75,330.8,81.17,188.3,113.2,97.21,47.87,46.51,35.43,34.45,42.97,61.28,184.2,58.48,285.9,116.6,49.31,139.8,110,58.08,29.11,44.7,47.15,144.4,120.7,247.9,217.1,73.32,49.24,47.36,40.05,38.38,39.45,43.02,35.15,121.6,218.4,86.99,169.2,106.8,145.9,137.6,95.75,38.76,35.09,40.89,180.6,57.86,173.3,374.6,125.2,245.6,47.97,56.88,40.29,41.79,70.72,48.47,162.6,145.6,184,553.6,220.5,138.7,126.7,99.76,49.71,39.23,23.29,35.07,38.59,65.28,167.1,158.2,200.4,104.4,144.7,47.19,38.84,41.42,30.33,86.95,100.9,49.37,100,221.8,97.97,61.42,87.18,111.1,75.55,37.49,47.82,82.48,50.79,127.4,161.2,431.5,168.4,76.91,116.5,56.95,57.43,35.81,38.63,28.17,43.26,56.84,156.4,99.16,241.5,95.97,50.84,32.65,48.26,43.63,22.67,34.2,33,38.28,290.679,310.506,312.485,306.865,163.676,168.516,170.406,166.258,167.459,179.704,169.786,173.941,176.041,184.396,184.894,189.078,193.346,193.346,193.502,193.502,193.502,193.207,191.329,197.472,197.924,197.558,202.376,202.299,205.419,207.893,206.749,210.327,207.077,207.628,214.112,214.722,277.079,218.021,258.513,275.043,291.233,291.233,291.233,331.822,332.684,223.926,223.926,225.851,226.286,226.286,226.286,227.837,229.849,232.934,232.934,309.376,310.043,256.927,267.416,258.968,263.986,323.939,288.784,274.9,249.356,244.879,268.733,275.693,267.946,266.522,303.579,315.12,259.081,277.687,292.631,288.403,272.635,276.189,276.196,276.196,275.417,293.847,193.502,193.207,207.634
real_0059,95.26,233.6,305.6,87.24,231.9,121.4,221.4,101.7,190.2,92.85,140.4,132.3,256.2,195.6,100.9,79.05,177.8,181.7,84.54,63.03,41.24,55.31,78.31,179.7,449.6,270.6,153.9,141.7,69.8,45.6,57.08,57.7,62.42,65.52,140,179.3,126.6,118.3,158.1,109.3,119.8,97.02,60.07,41.7,65.9,133.7,99.96,198.6,333.4,250.2,297.8,157.3,48.91,34.44,35.27,57.31,33.66,67.48,109.2,263.2,175.5,342.7,573,111.5,132.7,317,62.02,38.99,30.51,33.82,40.6,283.1,109.4,236.4,61.48,129.4,102.7,71.51,60.59,50.74,35.94,62.01,44.23,115.5,122,124.5,188.9,70.88,119.1,160,47.93,31.94,21.94,25.05,116.5,123.3,108.4,353.9,270.6,378.2,248.9,109.5,44.94,36.93,130.6,106.8,278.4,304.8,347.1,117.7,100.5,70.9,87.89,34.85,30.57,34.88,57.2,43.37,56.22,91.97,257.7,142.3,114.2,136.4,61.11,63.13,69.56,33.85,41.08,95.67,88.98,223.4,93.92,332.4,91.7,226.9,147,136.9,55.79,62.4,38.7,35.14,44.23,71.49,200.6,59.44,292.8,147.9,64.41,197.3,147,78.85,31.03,61.9,55.66,179.5,124,276.6,251.5,96.08,57.92,66.3,41.8,38.16,50.2,57.5,39.38,132.5,235.5,101.7,201.3,139.2,198.9,186.2,122.3,42.76,39.53,48.49,208.6,64.82,179.5,422.6,146.2,278.8,52.1,80.41,45.67,44.71,91.25,52.67,186.8,175.5,184.7,557.4,235.2,174,157.5,126.4,57.68,40.96,23.06,32.31,40.02,81.13,203.2,167,246,125.7,177,50.95,40.77,42.83,33.96,119.5,121.7,51.95,110.5,236.6,108.7,75.62,114.6,148.3,96.29,39.93,59.55,97.64,58.07,162.8,175.8,454.1,191.8,89.92,159.3,71.06,79.78,36.74,42.51,28.02,50.1,59.22,188.5,120.4,294.5,112.2,63.93,34.92,63.11,53.44,22.86,35.25,33.3,41.34,290.754,310.637,312.73,307.579,163.801,168.825,170.777,166.339,167.574,179.941,169.876,174.788,176.055,184.564,185.253,189.336,194.009,194.009,194.135,194.135,194.135,193.669,191.344,197.649,197.991,197.632,202.463,202.357,205.499,207.977,206.784,210.339,207.1,207.729,214.211,214.872,278.003,218.232,258.663,275.775,291.26,291.26,291.26,331.981,332.891,224.173,224.173,225.988,226.368,226.368,226.368,227.917,229.861,232.969,232.969,309.472,310.272,256.976,267.592,259.032,264.21,325.156,288.866,274.978,250.311,244.974,269.984,275.768,268.234,267.409,303.653,315.7,259.134,277.744,293.44,289.522,272.732,276.582,276.603,276.603,275.692,294.223,194.135,193.669,207.713
real_0060,74.64,127.4,229.7,62.72,97.93,69.34,70.47,56.31,67.76,57.72,79.01,81.27,144.3,127.8,83.69,63.89,73.82,77.48,54.72,47.2,35.97,42.43,53.27,84.8,239.1,179.7,96.16,78.84,54.08,40.79,40.5,35.03,41.04,38.81,56.03,78.41,76.56,80.86,104,74.32,58.45,50.59,43.82,35.77,47.75,62.16,64.84,87.87,178.5,147.2,203.1,93.52,42.86,33.79,34.36,30.97,31.06,37.2,48.82,122,100.8,217.2,400.1,110.5,76.44,159.7,55.6,38.28,32.01,35.71,42.93,97.02,63.8,147.3,58.18,68.15,51.84,45.84,43.93,42.02,36.58,51.59,44.71,60.19,69.4,64.37,104.9,49.08,53.66,60.47,41.91,30.42,20.25,24.26,42.85,55.41,66.09,211.9,178.7,178.6,141.3,74.8,50.59,36.66,54.23,57.17,131.1,191.4,253.6,105,80.02,61.05,64.69,37.16,30.88,34.63,39.89,39.67,40.86,47.12,117.6,92.66,87.83,65.01,50.16,45.4,48.68,34.11,33.84,45.78,49.34,114.6,62.61,227.4,75.91,123.9,69.31,57.18,47.33,42.21,38.41,38.1,41.31,51.21,94.93,52.27,213.2,91.35,45.28,62.65,58.34,44.16,31.21,35.32,42.12,79.69,75.58,150,155.4,63.16,52.07,43.26,40.23,38.91,40.09,35.27,35.47,60.66,123.2,67.82,111.5,65.6,85.93,67.73,57.79,39.65,37.67,40.79,92.15,53.18,95.55,237.4,108.4,173.8,56.44,55.25,44.37,46.95,53.4,43.57,102.7,107.1,124.4,463.1,156.1,101.2,96.91,74.94,55.2,44.02,26.2,34.38,43.84,48.72,90.27,105.6,132.1,91.62,95.3,52.84,43.45,45.65,32.05,44.78,56.4,50.33,76.18,122.8,93.81,55.28,54.22,67.15,57.11,41.34,44.53,47.08,46.84,80.05,109.2,288.9,129,72.9,84.72,56.32,50.34,40.09,42.14,31.46,41.7,45.76,83.45,73.58,135.6,84.5,48.29,36.36,43.51,39.46,24.1,33.92,36.39,40.79,290.474,310.726,312.538,307.013,163.447,168.552,170.424,166.03,167.232,179.149,169.554,173.663,176.006,184.204,184.417,189.014,193.236,193.236,193.386,193.386,193.386,193.046,191.279,197.497,197.887,197.531,202.159,202.08,205.193,207.671,206.676,210.49,207.012,207.402,214.364,214.429,277.401,217.941,258.735,275.649,291.367,291.367,291.367,333.051,334.195,223.746,223.746,225.501,226.051,226.051,226.051,227.617,229.786,232.869,232.869,309.706,310.448,256.946,267.503,258.809,264.193,325.105,288.58,274.709,249.217,244.721,269.719,275.498,267.818,267.476,303.369,315.544,258.866,278.017,293.494,289.021,272.349,276.209,276.245,276.245,275.427,294.067,193.386,193.046,207.431
real_0061,96.1,232.1,299.9,79.33,202.9,106.1,187.2,89.65,169.4,88.11,136.3,122,242.7,196.6,93.6,72.41,156,163.6,73.42,56.92,40.39,51.26,71.3,175.1,420.2,271.4,145,123.9,63.54,43.44,50.73,50.16,53.64,58.3,126.6,175.9,114.8,109.6,144.7,97.06,103.8,85.44,53.5,39.77,59.22,121.8,93.62,177.1,309.9,250.4,285.2,140.1,46.66,34.6,35.89,46.52,33.54,58.66,100.1,244.3,172.1,340.8,555.3,106.8,116.4,298.6,57.74,38.1,31.17,34.62,40.8,266.7,107.1,229.1,61.15,118.1,88.86,61.44,53.49,48.36,36.48,55.39,43.83,107.2,121.7,124,175.2,64.28,102.9,137.4,45.72,31.42,22.37,25.29,99.88,118.4,108.3,344.8,257.4,338.1,224.7,98.07,45.66,37.39,110.5,98.95,252.5,286.5,349.9,117.7,92.87,66.07,80.22,34.83,31.5,35.67,51.07,40.75,53.45,82.41,254.1,144.1,108.6,116.9,56.17,55.77,60.48,34.36,38.6,82.62,83.69,219.1,95.73,333.8,87.43,208.2,131.6,119.2,53,54.72,37.95,36,44.45,66.91,195.2,60.81,290.9,132.3,57.75,170.9,131.4,71.06,31.63,54.94,52.73,164,124.7,264.1,234.4,85.41,54.29,57.34,42.9,40.23,44.92,51.24,38.31,129.1,229.1,95.73,185.7,123.7,173.3,163.6,110.4,42.26,38.35,45.5,197.2,62.59,179.3,400.1,135.9,262.8,50.38,68.33,43.86,43.9,81.86,51.96,176,161,185.7,554.7,229.5,156.8,142.4,113.6,54.32,42.02,24.32,33.23,39.84,74.67,186.8,163.9,222.6,114.8,161.5,49.92,40.45,42.76,33.06,104.6,113.3,51.6,106.3,232.8,103.2,69.21,102.3,130.8,87.31,39.89,54.92,92.08,55.66,145,170.3,445.7,180.7,83.69,137.8,64.75,69.26,37.32,41.45,29.43,47.52,60.21,174.1,110.6,268.7,104.1,58.34,34.49,56.04,49.42,24.05,35.77,33.9,40.03,290.726,310.584,312.577,307.148,163.769,168.685,170.6,166.324,167.538,179.733,169.868,174.432,176.064,184.476,185.014,189.239,193.752,193.752,193.882,193.882,193.882,193.508,191.344,197.587,197.967,197.603,202.446,202.371,205.469,207.944,206.769,210.311,207.102,207.701,214.116,214.852,277.544,218.146,258.599,275.363,291.204,291.204,291.204,331.804,332.681,224.113,224.113,225.929,226.354,226.354,226.354,227.901,229.886,232.975,232.975,309.312,310.11,256.955,267.502,259.02,264.077,324.629,288.843,274.949,249.828,244.938,269.284,275.731,268.119,266.876,303.628,315.387,259.144,277.606,292.917,288.885,272.663,276.368,276.386,276.386,275.556,294.048,193.882,193.508,207.695
real_0062,90.4,225.6,293.9,70.82,192.4,97.26,175.2,81.06,160.4,81.4,130.2,115.1,237,192.5,87.17,65.68,147.4,156,65.96,50.63,35.16,45.64,65.71,170.3,414.4,268.7,138.6,116.5,57.19,38.26,45.47,44.38,48.48,52.66,120.3,172.3,108.7,105,139.9,91.3,97.08,79.6,48.36,35.59,54.36,117.8,89.18,170.1,305.5,247.8,281.2,133.5,41.63,30.43,31.79,45.37,32.32,58.22,95.64,240.7,169.9,340.3,554.8,102.9,109.9,293.4,52.61,34.01,27.41,31.56,37.35,262.6,102.9,225.1,57.21,112.7,82.58,56.36,48.99,44.57,33.23,51.59,40.67,103.2,119.7,121.2,171,59.34,97.17,129.9,41.7,28.05,19.74,22.28,94.19,116,106.2,341.7,255.7,331.1,220,92.94,42.25,34.05,104,95.2,247.6,284.8,351.2,115.4,88.84,61.76,76.49,31.74,28.1,32.04,46.99,37.86,50.48,78.31,254.1,143,106.6,111,52.08,51.71,56.78,31.43,37.47,78.26,81.44,218.3,93.71,334.8,83.76,203.3,126.6,113.7,49.63,50.31,34.91,33.27,42.62,64.44,193.4,58.33,291.2,127.9,53.2,165.2,125.9,65.96,28.33,50.71,49.59,160.3,124.1,262.6,231.1,80.56,50.91,53.17,40.96,37.37,41.64,47.63,35.59,127.6,228.6,92.42,182.3,118.8,168.3,158.2,106.8,38.88,35.31,42.29,195.3,59.67,178.7,398.4,133.1,260.1,46.96,64.18,40.88,41.23,79.14,49.38,175.4,157.9,187.5,560.7,228.3,152,138,110,50.76,38.97,22.16,36.14,37.32,71.75,184.3,164.2,219.2,111.9,157.9,46.7,37.85,40.29,30.12,100.2,110.8,49.36,104.1,231.6,101.6,65.48,98.12,127.2,84.18,37.26,51.78,89.99,52.99,141.7,169.5,446.7,178.2,80.33,132.7,61.13,65,34.78,38.81,26.86,45.01,58.4,172.4,107.6,264.3,101.3,54.67,31.66,52.99,46.45,21.69,33.17,31.78,38.06,290.704,310.474,312.513,306.936,163.698,168.523,170.434,166.28,167.486,179.829,169.804,174.032,176.036,184.438,185.014,189.096,193.402,193.402,193.556,193.556,193.556,193.247,191.333,197.463,197.926,197.559,202.398,202.311,205.449,207.921,206.755,210.308,207.076,207.654,214.101,214.743,277.113,218.036,258.494,275.043,291.227,291.227,291.227,331.62,332.444,223.942,223.942,225.898,226.309,226.309,226.309,227.86,229.843,232.934,232.934,309.385,309.999,256.91,267.415,258.978,263.97,323.873,288.809,274.925,249.474,244.898,268.738,275.721,267.979,266.469,303.604,315.098,259.092,277.694,292.619,288.447,272.698,276.231,276.229,276.229,275.437,293.838,193.556,193.247,207.654
real_0063,91.91,224.7,338.8,135.4,408.1,238.4,405.7,193.3,364.9,136.6,220.2,185.8,302.5,181.7,161.4,141.2,347.9,318.3,170.5,150.8,60.51,133.4,207.6,207.9,577.2,276.5,199.9,264.2,131.3,91.29,139,157,213.7,138.9,248.3,187.6,194.4,168,236,212.7,240.9,223.5,154.9,110,188.5,293.4,157,291.3,436.7,240.1,369.6,258.8,75.97,68.39,79.73,203.7,110.7,185.4,198.9,352.4,194.1,349.2,660.6,166.5,278.7,489.1,135.4,65.29,65.03,58.6,95.69,348.7,113.9,254.6,109.1,249,199.7,176,137.6,100.1,80.84,234.8,69.1,183.5,126.4,120.5,265.7,121.6,253.6,350.6,74.52,74.24,35.51,46.67,277.8,153.1,109.8,414,358.2,567.4,402,196.6,70.2,80.69,331.8,200.7,410,401.6,337.9,131.8,168.6,132.8,182.7,61.48,68.73,63.5,191.1,139.5,91.26,165.6,272.9,141.8,160.1,250.7,122,157,193.9,58.2,132.3,226.7,155.9,262.4,90.57,325.4,124.7,337,253.7,291.5,99.99,173.1,81.41,63.97,95.67,151.8,247.2,56.73,312.8,253.8,132.2,445.9,235.5,116.8,51.92,137.3,137.9,303.3,135.2,326.2,350.1,177.8,127.6,168.2,84.35,163.8,160.1,121.3,69.28,159.6,295.5,151.7,289.1,235,387.5,313.3,237.3,77.64,93.23,143.1,370.3,88.87,180.8,518.4,221.9,361.3,119.7,220.7,105,147.4,251.4,95.08,314.9,260.8,197.7,-9999,-9999,-9999,-9999,-9999,-9999,-9999,-9999,-9999,-9999,-9999,-9999,-9999,-9999,-9999,-9999,-9999,-9999,-9999,-9999,-9999,-9999,-9999,-9999,-9999,-9999,-9999,-9999,-9999,-9999,-9999,-9999,-9999,-9999,-9999,-9999,-9999,-9999,-9999,-9999,-9999,-9999,-9999,-9999,-9999,-9999,-9999,-9999,-9999,-9999,-9999,-9999,-9999,-9999,-9999,-9999,-9999,-9999,-9999,290.831,310.282,312.573,306.912,163.845,168.523,170.52,166.419,167.634,180.194,169.952,174.517,176.059,184.612,185.489,189.327,193.829,193.829,193.988,193.988,193.988,193.682,191.363,197.438,197.918,197.566,202.527,202.423,205.559,208.06,206.699,209.999,207.023,207.802,213.712,214.964,276.874,218.151,258.393,274.562,291.161,291.161,291.161,330.07,330.733,224.143,224.143,226.088,226.46,226.46,226.46,228.015,229.881,232.991,232.991,309.044,309.397,256.824,267.376,259.047,263.866,322.991,288.925,275.044,250.015,245.034,268.178,275.812,268.145,265.906,303.729,314.554,259.202,277.443,292.124,288.196,272.873,276.336,276.291,276.291,275.467,293.747,193.988,193.682,207.777
real_0064,85.4,201.2,268.1,62.14,137.5,73.66,108.2,61.13,108.2,64.81,106,95.04,199.6,176.2,80.58,60.5,105.1,110.8,53.28,44.32,33.44,40.33,52.96,145.2,346,247.1,119.3,90.06,50.47,37.21,37.65,34.97,40.14,40.85,88.2,145.6,88.35,89.44,119.6,76.23,71.14,58.78,41.97,33.2,46.06,85.29,74.28,129.9,255.6,223.4,250.7,108.3,40.11,30.52,32.13,32.46,30.85,44.17,72.21,192.8,147.3,308.8,504.7,101.2,82.35,239.7,49.22,33.37,28.36,32.31,38.94,208.4,90.22,200.1,56.14,86.59,59.59,44.12,41.16,39.77,33.28,47.9,40.75,82.59,101.8,102,141.2,51.09,67.29,80.41,39.06,27.47,18.48,22.31,62.98,94.74,95.61,299.6,227,259.2,179.2,76.84,44.56,34.71,72.36,78.02,197,248.8,332.5,110.2,80.63,56.98,64.79,32.42,28.5,32.28,41.65,36.54,43.6,59.25,217.3,127.6,95.7,80.12,47.76,43.26,46.03,31.26,36.31,54.86,66.4,189.3,82.92,312.4,76.13,169.6,94.25,75.12,44.63,40.93,34.78,34.31,39.95,54.51,162.8,54.8,270.7,103.9,44.48,105.7,88.32,47.72,28.11,36.98,42.56,122.2,109.6,224.2,199.6,65.35,47.36,41.65,37.05,35.48,37.09,36.37,33.38,105,196.6,78.32,151.8,89.92,117.7,108.4,76.79,37.32,33.88,38.38,153.2,53.83,155.7,338.8,116.2,226.5,49.62,50.62,39.13,41.92,57.26,44.64,142.2,130.1,174.1,537.2,206.9,122.1,113,85.54,49.15,39.04,23.17,30.82,39.42,55.35,142.2,145.3,178,96.65,126.6,48.25,39.05,41.68,29.47,66.92,84.49,48.19,93.19,200.6,94.21,56.28,71.37,88.51,62.15,36.51,42.3,67.7,46.75,108.3,146.5,401.7,155.5,72.42,97.99,52.66,48.88,35.58,38.07,28.06,39.8,50.98,131.3,87.97,211.3,90.51,46.17,32.7,42.39,40.11,22.17,31.73,33.33,37.87,290.628,310.522,312.449,306.781,163.603,168.452,170.327,166.196,167.393,179.569,169.718,173.699,176.025,184.328,184.751,189.004,193.176,193.176,193.339,193.339,193.339,193.05,191.314,197.43,197.896,197.53,202.313,202.236,205.36,207.837,206.725,210.351,207.051,207.562,214.148,214.619,276.952,217.965,258.527,274.989,291.257,291.257,291.257,332.128,333.084,223.819,223.819,225.766,226.221,226.221,226.221,227.777,229.824,232.906,232.906,309.474,310.106,256.928,267.398,258.923,263.993,323.904,288.731,274.853,249.147,244.828,268.656,275.647,267.85,266.509,303.527,315.093,259.021,277.777,292.648,288.304,272.569,276.116,276.126,276.126,275.361,293.821,193.339,193.05,207.576
real_0065,86.24,216.9,345.5,138.9,435.1,250.4,434.6,215.6,402.6,137.8,242.3,199.9,308.4,172.4,169.9,148.5,367.4,325.2,186.9,166.2,60.11,154.5,238.5,211.2,598.9,269.6,201.3,277.7,134.8,86.53,146.8,184.1,241.3,150.9,276.6,185,211.6,175.5,247.8,226.7,249,230.8,171.9,128.1,216.9,325.8,168.2,311.4,450.1,232.2,376.5,267.3,68.15,71.53,92.74,231.5,131.3,217.1,218.8,376.9,192.1,346.2,667,164.8,298.6,497.1,132.1,68.41,76.23,72.48,113.8,370.6,111.8,262.4,119.4,274,215.1,191,155.7,109.4,99.36,277.7,68.87,198.8,126.2,116.3,283.5,127.5,273.8,379.5,78.02,83.52,38.89,52.28,323.4,154.3,109,434.5,378.2,603.8,420.8,195.9,72.23,95.39,381.7,220.2,448.9,415.9,331.4,128.7,175.8,137.1,189.5,60.96,80.72,71.9,226.6,163.2,96.42,186,281.9,141.5,171.2,267.5,128.3,164.4,219.8,65.37,156.2,254.9,167.7,284.6,86.85,323.4,133.2,362.3,267.8,310.4,107.3,202.6,88.52,74.14,108.7,172.2,258,52.97,322.8,280.6,138.7,489.6,247.5,123.1,60.41,158.2,160.8,339.4,136.7,335,365.3,187.4,134.6,174.6,99.97,204,184.1,129.8,76.16,170.9,319.9,164.4,307.1,248.5,413.8,325.4,258.6,91.19,102.4,169.8,410.8,94.29,182.4,545.3,234.8,368.2,126.9,232.8,120.5,174.2,290.9,103,354,280.6,195.5,587.1,290.8,313.9,287.5,300.9,121.7,96.9,35.66,122.7,100.9,180.5,328.2,210.9,404.7,232.4,319.7,92.39,133.7,129.2,98.72,302.4,258.1,81.54,146.2,254,179.8,143.3,228.5,327.7,231.2,109.6,206,259.3,115.5,305.6,206.1,495.3,266.5,170.4,352.6,145.2,236.4,100.8,153.4,43.43,130.7,115.2,343.2,198.7,440.1,188.1,124.9,99.98,197.2,159.3,33.56,117,86.17,127.4,290.827,310.018,312.386,306.512,163.798,168.293,170.299,166.403,167.604,180.213,169.919,174.138,176.041,184.566,185.512,189.192,193.482,193.482,193.672,193.672,193.672,193.464,191.352,197.223,197.824,197.472,202.492,202.377,205.504,208.037,206.552,209.696,206.875,207.778,213.357,214.901,275.921,218.019,258.132,273.827,291.084,291.084,291.084,328.967,329.467,223.948,223.948,226.061,226.44,226.44,226.44,227.998,229.854,232.966,232.966,308.881,308.909,256.729,267.238,259.012,263.672,320.94,288.91,275.037,249.645,244.993,267.125,275.809,267.998,265.107,303.726,313.71,259.173,277.319,291.356,287.312,272.874,276.048,275.981,275.981,275.284,293.351,193.672,193.464,207.75
real_0066,79.77,212.1,344.7,134.3,438.5,250.3,436.7,213.9,405.4,132.6,242.9,198.1,306,168,167.8,145.8,371.8,326.5,185.6,164.7,54.71,154,240.7,209.4,601.6,265.3,198.5,276.8,132.4,89.93,147.3,184.8,243.1,148.8,279.1,181.8,211.4,172.7,247.3,226.9,252.5,233.6,171.7,127,218.7,328.9,165.9,312.5,452.4,229.3,376.1,266,64.25,69.17,90.61,232.8,131.3,219.8,219.1,380.7,189.5,344.2,669.5,159.1,300.3,504.3,136.5,65.38,72.71,69.1,112.1,374.8,107.1,262.7,116.7,276.5,216.5,192.8,154.8,106.3,98.38,283.1,64.16,199.7,123,112.7,285.4,125.1,277.8,386.7,73.05,83.34,38.03,48.79,324.2,152.5,105.2,437.7,380,611.9,423.2,194.7,67.84,92.92,388.9,219.8,455.1,416.2,329.7,122.8,174.5,135.9,191.9,61.18,77.71,67.93,230.7,164.7,93.15,187.1,283.4,138,170.4,269.3,127.3,165.6,221.5,62.3,156.9,255.8,167.9,287,81.72,323.8,131,365.2,269.6,314.1,102.8,204.9,85.08,71.79,107.8,172,257.8,47.86,323.8,283.6,137.8,500.6,245.2,120.3,56.98,158.5,161.5,344.3,132.7,336.1,365,187.1,134.4,175.4,96.69,207.7,184.7,128.1,74.08,170.9,322.3,162.7,308.2,250,421.9,327.9,258.4,87.92,100.5,170.7,415.7,90.55,181.1,551.3,232.9,366.2,127.1,236,119,174.9,294.7,99.44,359.3,281.9,194.1,588.1,288.5,314.4,287.6,307.5,120.6,93.35,32.8,121,99.5,181.7,330.9,210.1,407.8,230.3,323.7,91.07,134.3,127.3,95.57,-9999,-9999,-9999,-9999,-9999,-9999,-9999,-9999,-9999,-9999,-9999,-9999,-9999,-9999,-9999,-9999,-9999,-9999,-9999,-9999,-9999,-9999,-9999,-9999,-9999,-9999,-9999,-9999,-9999,-9999,-9999,-9999,-9999,-9999,-9999,-9999,-9999,-9999,-9999,290.819,309.917,312.543,307.061,163.729,168.337,170.412,166.338,167.571,180.447,169.824,174.182,175.984,184.603,185.999,189.042,193.331,193.331,193.55,193.55,193.55,193.284,191.328,197.104,197.804,197.454,202.427,202.246,205.479,208.024,206.478,209.579,206.761,207.736,213.288,214.744,276.316,218.002,258.147,274.323,291.16,291.16,291.16,329.213,329.723,223.749,223.749,226.091,226.371,226.371,226.371,227.916,229.741,232.889,232.889,309.442,309.187,256.679,267.289,258.957,263.735,320.841,288.877,275.029,250.019,244.969,267.832,275.819,268.011,265.738,303.709,313.809,259.062,277.619,292.135,288.13,272.994,276.207,276.127,276.127,275.353,293.343,193.55,193.284,207.698
real_0067,79.6,216.5,319.6,110.3,353.1,190.7,348.3,147.7,306,115.7,182.8,156.9,286.7,175.5,138.3,116.1,298.2,278,132.5,115.7,44.13,99.98,162.3,192.4,556.5,271.7,186.1,238.1,108.6,69.82,109.8,119.4,168,113.4,211.3,179.7,172.5,154.3,218.3,184.9,207.5,186.4,117,76.35,146.8,248.1,132.2,262.9,420.7,236.7,357.5,238.2,62.8,47.16,55.72,162.7,80.47,148.5,169.7,330.5,187.4,348.6,657.2,156,244,449,110.9,48.93,48.2,49.55,75.03,326.2,106.9,244.8,88.52,213.3,167.2,138.9,105.2,76.16,54.49,182.6,55.76,159.9,118.3,116.4,246.3,103.5,214.9,294.1,56.61,51.25,26.82,33.53,240.5,144.6,104.4,396.5,341,526.6,365.8,169.6,52.66,58.81,278.5,170.6,374.4,-9999,-9999,-9999,-9999,-9999,-9999,-9999,-9999,-9999,-9999,-9999,-9999,-9999,-9999,-9999,-9999,-9999,-9999,-9999,-9999,-9999,-9999,-9999,-9999,-9999,-9999,-9999,-9999,-9999,-9999,-9999,-9999,-9999,-9999,-9999,-9999,-9999,-9999,-9999,-9999,-9999,-9999,-9999,-9999,-9999,-9999,-9999,-9999,-9999,-9999,-9999,-9999,-9999,-9999,-9999,-9999,-9999,-9999,-9999,-9999,-9999,-9999,-9999,-9999,-9999,-9999,-9999,-9999,-9999,-9999,-9999,-9999,-9999,-9999,-9999,-9999,-9999,-9999,-9999,-9999,-9999,-9999,-9999,-9999,-9999,-9999,-9999,-9999,-9999,-9999,-9999,-9999,-9999,-9999,-9999,-9999,-9999,-9999,-9999,-9999,-9999,-9999,-9999,-9999,-9999,-9999,-9999,-9999,-9999,-9999,-9999,-9999,-9999,-9999,-9999,-9999,-9999,-9999,-9999,-9999,-9999,-9999,-9999,-9999,-9999,-9999,-9999,-9999,-9999,-9999,-9999,-9999,-9999,-9999,-9999,-9999,-9999,-9999,-9999,-9999,-9999,-9999,-9999,-9999,-9999,290.786,310.115,312.297,306.344,163.72,168.175,170.133,166.345,167.542,180.179,169.858,173.773,176.023,184.489,185.355,189.098,193.238,193.238,193.433,193.433,193.433,193.22,191.345,197.184,197.845,197.483,202.448,202.343,205.521,208.008,206.711,210.09,207.018,207.723,213.829,214.778,275.937,217.944,258.157,273.587,291.079,291.079,291.079,329.449,330.042,223.843,223.843,226.004,226.383,226.383,226.383,227.944,229.829,232.929,232.929,309,309.021,256.727,267.131,258.976,263.582,321.397,288.868,274.994,249.264,244.945,266.726,275.781,267.886,264.664,303.682,313.874,259.126,277.423,291.065,286.931,272.857,276.003,275.925,275.925,275.19,293.383,193.433,193.22,207.709
real_0068,87.34,219.5,345.7,138.5,428.5,248.9,427.2,210.1,394.3,137.9,237.1,196.3,306.6,175.5,168.7,147.3,362.8,326.3,182.7,163.4,59.82,148.6,230.8,211.1,592.6,272,202,276,133.8,85.43,143.8,176.8,235.3,147.2,269.3,186,206.6,173.1,244.9,224.4,247.7,230.6,167.7,123.7,209.7,318.4,165.3,306.4,447.2,234.9,375.9,266.9,69.81,69.82,88.69,224.5,125.3,207.8,213.4,369.9,192.7,347,666.4,166.3,294,495.4,130.4,67.33,73.64,62.61,105.9,364.8,111.4,260.7,116.9,268.1,211.8,187.4,149.8,106.4,93.68,266.6,68.63,195.1,125.8,117.2,279.7,126.2,268.8,373.6,76.54,81.3,41.49,49.21,307.1,153.5,108.2,429.2,372.9,596.1,416.9,197.3,70.07,88.7,368.4,214.8,438.7,411.1,333.1,127.8,174.7,135.1,187,61.72,76.26,68.24,217.1,156.9,94.19,180,279.1,140.3,167.7,264.4,125.6,162.9,212.5,60.87,149.8,246.4,164.8,277.5,86.58,324.7,130.2,355.9,264.6,306.8,103.4,194,86.28,71.17,104.8,165.4,254.6,52.87,320,274,136.5,479.8,244.3,120.9,57.05,152.4,153.6,329.2,134.6,332.9,360.9,184.7,132.9,173.2,91.25,193.6,177.6,126.9,73.63,166.4,312,159.8,302.5,245.1,406.3,323.1,252.6,86.71,99.69,161.8,399.1,91.66,181.5,538.2,230.2,366.3,121.9,230.5,114.2,167.5,279.6,99.91,342.3,274.3,195.4,587.1,289.9,312.1,284.9,296,120.1,89.69,33.32,114.1,96.35,174,320.7,207.9,399.3,230,315.2,92.26,128.2,124.2,94.81,291.7,250.5,79.15,142.5,252.6,175.7,139.5,223.5,321.2,223.6,103.3,199.3,249.5,110.7,296.3,204,494.1,264.5,167.6,346,145.7,229.3,96.31,148.1,41.88,124.6,109.6,333.2,194.1,434.1,185.9,123.7,95.05,187.5,153.9,32.25,111.3,82.61,120.5,290.834,310.196,312.658,307.175,163.811,168.537,170.579,166.386,167.617,180.354,169.896,174.549,176.024,184.644,185.794,189.282,193.778,193.778,193.949,193.949,193.949,193.613,191.346,197.349,197.88,197.535,202.488,202.339,205.534,208.054,206.605,209.833,206.904,207.781,213.583,214.879,276.891,218.144,258.339,274.723,291.196,291.196,291.196,329.854,330.494,224.015,224.015,226.119,226.429,226.429,226.429,227.979,229.811,232.945,232.945,309.299,309.433,256.763,267.392,259.007,263.869,322.635,288.911,275.046,250.24,245.025,268.436,275.831,268.144,266.175,303.728,314.46,259.136,277.596,292.439,288.518,272.951,276.385,276.329,276.329,275.488,293.724,193.949,193.613,207.749
real_0069,80.78,221.5,306.8,91.89,293.8,150.5,296.8,117.1,227.8,93.82,145.4,133.2,271,182.1,116.3,94.49,243.1,229.7,103.7,75.67,35.69,65.63,105.4,180.7,508.9,267,168.8,191.2,83.61,51.42,80.48,79.13,100.8,83.15,168.3,177.9,149,136.5,192.6,147.8,164.4,138.5,88.38,48.33,96.1,182.1,107.6,232.2,389.5,241.4,331.1,202.3,51.55,36.46,37.27,99.1,46.75,97.04,131.7,296.3,181.2,346.1,622.9,128.2,186.4,380.5,81.92,37.3,27.06,34.89,44.21,299,104,240.6,65.5,164.4,130.2,102.8,80.1,55.61,36.35,104.7,43.38,132.8,114.8,117.8,217.6,84.92,169.2,227.5,48.2,30.69,20.73,27.17,171.9,133.1,104.4,372.5,302.2,469.3,320.7,143.5,45.82,39.64,195.8,131.6,329.3,357,341.3,117.9,126.1,88.07,119.5,36.26,30.06,32.43,82.7,59.96,62.78,112,263.9,137,130.5,189.2,78.92,96.58,115,31.39,61.63,138.3,108,229.5,86.29,329.1,96.82,267.8,189.6,198.4,67.17,92.96,43.09,29.93,48.9,92.97,216.8,52,297.3,182.5,84.45,294.6,181.5,88.59,26.01,82.79,70.83,214.9,121.9,302.5,299.9,128.6,76.28,106.2,50.93,58.38,76.89,75.91,41.23,139.3,251.2,115.9,239.7,180.2,277.3,248.3,171.8,43.18,48.14,66.28,261.8,65.62,176.9,471.6,179.6,322,69.13,141.4,55.46,57.89,139.7,57.48,225.5,214.8,190.1,580.4,257.1,225.6,202.3,180.2,75.35,40.29,17.64,45.74,45.88,104.8,242.7,182.4,316.7,166.7,228.7,61.38,50.53,50,41.85,170.7,154.6,51.81,115.4,241.3,128.8,94.95,154.7,217.9,137.7,42.01,89.34,130.4,62.57,206.2,190.3,478.1,225.3,112.8,225.4,92.12,114.9,38.2,58.16,24.24,64.63,64.38,229.9,143.2,354,139.6,84.44,48.61,103.4,70.82,17.39,41.24,38.85,52.79,290.764,310.394,312.714,307.562,163.711,168.607,170.606,166.291,167.536,180.327,169.793,174.471,175.998,184.575,185.649,189.167,193.661,193.661,193.822,193.822,193.822,193.39,191.326,197.389,197.917,197.563,202.409,202.249,205.514,207.988,206.736,210.24,207.008,207.694,214.151,214.706,277.567,218.127,258.483,275.378,291.258,291.258,291.258,331.051,331.788,223.907,223.907,226.026,226.326,226.326,226.326,227.879,229.759,232.891,232.891,309.694,310.041,256.809,267.424,258.951,263.983,323.934,288.844,274.982,250.235,244.955,269.338,275.789,268.125,266.802,303.658,315.186,259.043,277.886,293.126,289.191,272.908,276.526,276.484,276.484,275.548,293.958,193.822,193.39,207.671
real_0070,91.97,229.5,308.9,96.24,279.9,146.6,279.3,119.5,222.3,99.45,146.1,138.6,274.9,190.3,116.2,93.76,224.7,217.6,105.4,73.65,41.93,63.87,95.92,181.6,495.2,272,166.9,177.4,83.55,53.16,77.84,73.58,87.42,80.1,160.3,180.5,146.6,135.5,183.9,136.7,152,127.5,82.26,49.76,86.66,165.2,107.9,226.9,374.1,247.5,321.8,190.3,55.7,38.93,39.45,85.12,44.77,88.1,126.8,290.2,183.1,348.2,606.5,128.2,172.4,361.7,79.78,44,31.07,40.62,44.47,294.2,110.1,240.2,67.38,154.1,123.9,96.51,80.22,58.61,37.81,88.42,47.09,128.8,120.2,122.9,211.4,85.33,156.2,208.2,53.85,34.51,21.41,25.19,154.3,131.3,109.6,365.4,296.8,445.1,301.1,137.9,50.08,43.3,173.8,125.7,316.2,344.2,345.5,125,120,85.66,111.7,39.85,33.69,38.47,72.9,55.43,64.05,108.2,262.7,143.2,129.2,173.8,77.17,88.19,102,36.48,58.08,126.5,103.7,228.1,93.28,329.1,100.3,260.3,180.7,182.9,68.71,84.14,44.73,34.86,49.58,87.37,212.4,59.05,296.4,175.4,82.9,264.2,175.3,92.46,31.38,76.98,67.26,202.1,127.7,297.5,288.6,121.5,72.87,96.29,52.64,50.02,69.65,73.18,44.36,139.8,249,116.6,231.7,170.7,254.3,233.6,160,48.25,47.13,61.97,242.3,69.71,179.2,459.3,174.2,312.4,66.47,123.1,57.14,54.4,122.5,59.78,214.8,206.8,191.3,574.2,254.4,210.9,192.2,165.5,74.38,44.67,24.13,46.45,46.59,98.97,233.1,182.1,294.4,157.9,214.6,62.3,50.91,51.36,42.08,154.2,144.8,56.47,118.5,241.7,126.6,92.91,146,199.3,128.3,45.28,79.34,119.2,65.06,196.7,191.2,468.9,219.3,109,205.2,89.99,109.8,40.99,54.55,29.12,63.28,65.93,218,143.4,340.5,136.6,82.96,47.26,93.87,68.21,23.5,42.54,39.95,51.57,290.771,310.373,312.366,306.674,163.803,168.469,170.383,166.385,167.581,179.786,169.93,174.256,176.076,184.471,184.988,189.217,193.619,193.619,193.767,193.767,193.767,193.477,191.36,197.464,197.927,197.558,202.49,202.434,205.49,207.99,206.726,210.143,207.074,207.75,213.846,214.91,276.826,218.086,258.419,274.55,291.072,291.072,291.072,330.636,331.338,224.102,224.102,225.966,226.411,226.411,226.411,227.958,229.918,232.996,232.996,308.958,309.561,256.863,267.328,259.039,263.811,323.306,288.886,274.983,249.569,244.964,268.057,275.748,268.056,265.703,303.674,314.697,259.208,277.303,291.845,287.851,272.689,276.166,276.159,276.159,275.404,293.718,193.767,193.477,207.742
real_0071,94.82,198.2,265.6,75.06,133.7,82.9,105.1,71.64,105.9,73.68,108.8,98.6,185.1,173.7,90.17,72.77,106.1,106.3,65.22,57.18,46.21,52.75,63.74,140.8,308.1,234.2,121.2,93.5,61.4,49.3,49.14,44.5,48.91,49.5,87.16,136.9,89.57,90.22,115.3,79.84,73.65,63.83,52.11,44.05,55.59,86.17,76.66,119.7,227.8,210.5,236.2,105,49.91,41.32,39.71,35.44,34.23,45.37,71.79,167.2,135.2,282.6,458.4,102.5,85.6,221.4,60.05,44.21,38.36,41.65,48.52,186,92.42,193.4,64.06,85.14,62.61,52.06,50.06,48.14,42.57,56.7,49.62,82.44,96.81,96.91,131.5,56.28,68.05,76.56,47.34,36.33,26.17,30.55,62.82,90.63,93.66,277.2,205.7,221.6,158.4,78.57,53.98,41.73,69.83,77.92,173.9,220.4,310.1,108.9,83.7,64.28,69.38,41.47,36.95,41.5,42.75,43.82,48.36,59.44,193.2,119.9,93.55,76.02,54.23,50.19,53.1,39.46,39.31,57.46,67.41,171.7,80.52,293.1,80,155.7,89.03,73.4,51.88,47.78,42.86,42.54,46.82,59.13,147.6,59.66,255.3,98.14,49.88,94.81,81.95,51,36.58,42.09,48.35,109.3,100.2,198.1,179.9,67.41,54.08,47.68,43.96,43.06,43.99,41.13,40.07,97.43,177.4,77.55,138.1,85.58,103.8,99.35,72.59,44.43,41.95,45.21,138,57.91,141.1,297.4,108.3,202.7,57.19,57.52,47.36,49.72,60.63,50.23,130.3,118.9,157.4,495.3,190.3,114.2,105.4,84.95,57.49,47.61,31.03,38.48,46.67,57.56,123.4,130.1,156.1,91.74,117.6,54.88,47.16,49.25,36.96,64.69,80.24,53.73,90.8,182.2,91.41,59.77,69.89,86.78,63.95,44.49,48.42,67.39,51.74,97.69,131.8,365.5,142.1,75.28,92.67,57.56,54.29,43.5,45.59,35.76,45.99,55.85,115.6,83.04,183.9,86.79,51.24,40.27,48.41,45.19,29.12,38.09,39.93,44.14,290.63,310.838,312.676,307.426,163.717,168.876,170.759,166.243,167.461,179.359,169.8,174.587,176.076,184.399,184.765,189.32,193.946,193.946,194.055,194.055,194.055,193.627,191.329,197.731,198.004,197.647,202.366,202.311,205.346,207.846,206.739,210.406,207.097,207.62,214.249,214.813,278.056,218.179,258.783,275.976,291.267,291.267,291.267,332.782,333.856,224.156,224.156,225.744,226.266,226.266,226.266,227.817,229.894,232.984,232.984,309.462,310.519,257.042,267.649,258.982,264.313,325.928,288.763,274.866,249.994,244.889,270.324,275.624,268.178,267.915,303.534,315.933,259.086,277.737,293.709,289.649,272.468,276.492,276.552,276.552,275.673,294.368,194.055,193.627,207.626
real_0072,98.16,228.5,350.5,148.4,434.9,257.7,435.8,219,396.7,147.7,242.2,202.7,312.7,183.7,175,155.2,368.7,333.8,191.3,169.9,68.88,153.4,233.2,216.2,592.3,279.1,208.1,279.4,142.2,101.8,153.4,180.8,237.4,153,271,191.8,210,178.6,248,228.7,254.9,237.8,175.3,129.5,212.4,318.8,170.3,308.4,447.5,241.1,378,270.9,79.88,77.41,93.89,225.4,129.3,208.8,215.9,369.3,197.8,349.9,664.4,173.1,298.1,501.5,147.7,73.5,76.24,68.58,110.1,363.1,117.8,262.1,121.9,270,216.1,194.6,155.4,112.3,97.93,264.2,74.91,196.9,130.7,122.6,279.1,131.9,272,375.9,84.84,86.15,42.92,54.8,305.3,156.2,113.3,427.5,371.2,592,419.7,205.4,78.49,93.46,365,217.2,434.8,411.7,336.2,135.5,178.1,142.1,194.2,68.85,81.53,73.7,216.7,158.8,98.85,181.2,279.4,145,170.1,265,132.4,169.1,216.2,67.42,151.3,247.9,166.5,276.9,92.74,324.8,134.2,356,267.4,311.2,111.6,193.8,91.81,76.05,107.9,166.7,255.2,59.16,318.8,273.9,142.9,478.3,249,127.5,61.25,152.4,155.4,325.6,139.5,331.9,361.2,189.6,138,181.4,96.3,191.1,180.1,130.6,78.42,168.1,309.7,162.8,302,248.2,407.8,329.6,257.2,89.44,104,163.7,394.5,96.84,184,531.8,232.7,367.8,130.6,236.3,120,169.6,278.5,105.8,338.4,274.6,197.9,585.1,292.3,311.9,288.5,302.4,130.7,93.71,38.74,116.5,99.51,174.1,317.7,209.8,396.3,233,320.3,101.2,132.1,128.3,99.29,286.9,250.1,84.16,146,254.1,176.4,143.9,227.1,325.2,226.9,107,200.4,248.3,114.7,293.2,207.5,490.7,267,172,348.4,153.2,231.4,101,150.6,48.14,127.4,113,327.7,196.1,431.2,190.2,129.7,102.6,190.7,157.2,35.16,113.9,86.5,122.5,290.849,310.302,312.621,306.998,163.914,168.639,170.634,166.465,167.681,180.126,170.012,174.764,176.088,184.653,185.466,189.439,194.038,194.038,194.186,194.186,194.186,193.858,191.376,197.536,197.942,197.596,202.568,202.476,205.558,208.079,206.665,209.912,207.003,207.847,213.629,215.075,277.034,218.238,258.428,274.756,291.166,291.166,291.166,330.08,330.749,224.274,224.274,226.099,226.507,226.507,226.507,228.058,229.927,233.033,233.033,308.939,309.41,256.839,267.444,259.078,263.924,323.204,288.957,275.066,250.215,245.072,268.471,275.815,268.232,266.163,303.754,314.652,259.255,277.369,292.266,288.399,272.838,276.394,276.366,276.366,275.551,293.818,194.186,193.858,207.816
real_0073,84.52,222.8,298.5,77.65,239.6,119.2,233.5,97.25,193.9,85.18,134.1,127.6,258.2,186.9,95.17,72.63,183.9,187.8,81.99,57.76,32.94,48.59,75.22,174.1,466.1,266.8,149.4,144.4,64.65,38.62,56.19,53.7,61.52,62.17,140.4,175,126.1,118,161.4,110.5,122.9,99.98,59.19,36.94,64.88,139,98.22,204.1,346.5,246.1,302.1,160.6,42.58,28.05,29.47,60.6,33.79,71.62,110.6,275.1,176.2,346.2,588.9,111,138.7,331.6,60.39,34.36,24.04,33.41,39.41,287.6,104.9,235.2,55.98,131.6,104.4,74.09,61.37,47.86,34.02,62.23,39.46,116,119.7,120.5,193.5,68.46,126.1,173.5,43.65,27.09,19.76,27.47,123.3,123.9,105.6,356.9,282.3,400,264.3,113.6,40.13,35.08,138.3,108.8,292.1,320.8,349.5,116.8,101.4,69.37,91.07,31.08,25.5,29.71,58.82,42.46,54.77,94.8,261.7,141.6,116.5,144,60.5,65.82,75.43,29.83,42.93,100.5,90.54,226.2,90.96,333.3,89.84,235.8,154.6,149.6,54.79,62.59,35.08,29.83,41.26,72.96,204.2,55.11,295.9,155,64.3,218.9,154.8,79.05,25.96,62.11,54.95,188.1,125.5,286,263.6,99.15,57.78,71.47,43.9,38.41,52.6,58.72,36.7,134.3,243.4,102.9,210.4,145.6,217.5,201.4,132.3,38.78,36.52,47.29,219.4,62.87,179.6,440.6,154.1,291,50.09,89.98,45.11,43.36,98.96,50.78,199.9,185.4,191.2,575,242,183.1,165.9,136.2,57.81,37.15,20.02,35.76,37.74,84.37,217,174.7,263.1,134.6,188,49.22,39.02,41.24,31.79,128,128.4,50.34,111.4,239.1,114,76.58,122.2,165.1,104.9,37.41,62.05,103,57.89,174.8,183,464.9,200.6,91.7,172.9,73.53,86.56,33.34,40.92,23.87,50.31,58.45,202.1,126.6,310.8,117.7,65.66,33.33,69.75,54.34,19.06,33.12,31.34,40.61,290.731,310.287,312.387,306.659,163.687,168.348,170.276,166.294,167.496,180.018,169.809,173.803,176.024,184.442,185.111,189.024,193.197,193.197,193.376,193.376,193.376,193.111,191.333,197.329,197.877,197.51,202.401,202.308,205.459,207.948,206.726,210.215,207.041,207.668,213.991,214.715,276.564,217.972,258.34,274.434,291.17,291.17,291.17,330.774,331.483,223.85,223.85,225.921,226.326,226.326,226.326,227.879,229.824,232.918,232.918,309.278,309.649,256.833,267.284,258.971,263.783,322.778,288.824,274.943,249.261,244.894,267.801,275.748,267.891,265.581,303.628,314.578,259.094,277.603,291.888,287.694,272.757,276.096,276.064,276.064,275.309,293.586,193.376,193.111,207.666
real_0074,91.97,221.2,349.5,144.9,441.8,256.4,439.8,222,408.6,143.6,248.4,205.6,313.5,176.3,174.7,154.1,373.3,329.9,192.6,171.2,65.04,160.2,244.3,214.7,602.2,272.1,205.1,281.1,139.8,95.04,151.9,189.4,245.1,155.6,281.6,187.5,216.4,179.9,251.5,231.1,253.9,236.5,175.9,132.9,222.3,330.4,172.4,315.4,452.3,235.1,378.2,270.5,73.15,75.34,97.87,234.9,135.9,222.1,222.9,380.1,194.8,347.1,665,168.1,303.5,501.4,140.5,72.6,80.2,77.31,117.8,372.6,115,264.1,123.7,278,218.8,195.6,160.7,113.6,104.1,282.2,72.15,201.9,128.6,118.7,285.4,131.5,277.6,383.7,81.59,88.02,47.12,56.02,328.7,155.5,111.7,436.8,380.1,605.8,424.1,200.7,76.27,99.42,385.8,223.7,452.1,418.2,332,132.7,178.3,141.3,194.3,65.26,84.46,75.78,229.8,166.5,99.79,189.4,283.2,144.2,173.9,269.3,133.6,168.8,222.5,68.09,159.3,259.2,169.7,287.7,89.66,322.8,136.8,365.4,270.3,313.3,110.9,206.5,91.93,77.59,111.9,175.9,259.7,56.1,323.2,284.3,143.1,491.9,249.4,126.6,63.91,162.3,164.8,342.1,139.7,335.5,367.1,191.4,137.9,178.5,104.4,208.3,187.8,132.7,79.54,173.4,321.7,168.1,309.5,251.7,417.5,328.2,260.8,95.93,105.5,174.3,413.7,98.33,183.9,545,237.7,369.3,132.7,236.4,123,177.5,295.2,107.3,356.8,283.9,196.6,583.8,291.9,315.4,290.3,307.2,125.8,102.2,37.62,127,104,183.1,329.7,212.7,405.4,234.8,323.7,96.25,137.5,133,102.1,306.2,260.7,84.75,149.3,255.2,182,146.8,232,330.4,233.8,114.1,209.1,262.8,119.7,308.1,208.5,493.7,267.9,173.8,356.3,149,239.8,104.4,156.7,47.12,134.9,118.9,344.5,201.6,441.3,191.4,128.4,103.3,200.8,162.9,37.14,120.1,89.09,131.1,290.834,310.017,312.374,306.464,163.852,168.356,170.347,166.444,167.64,180.054,169.986,174.3,176.076,184.568,185.351,189.231,193.611,193.611,193.787,193.787,193.787,193.594,191.369,197.33,197.862,197.51,202.535,202.448,205.51,208.048,206.576,209.718,206.923,207.811,213.338,215.006,276.06,218.077,258.187,273.933,291.069,291.069,291.069,329.111,329.638,224.091,224.091,226.053,226.48,226.48,226.48,228.035,229.914,233.011,233.011,308.703,308.909,256.771,267.286,259.054,263.719,321.043,288.933,275.046,249.695,245.021,267.256,275.801,268.061,265.197,303.737,313.816,259.239,277.176,291.325,287.338,272.814,276.067,276.019,276.019,275.332,293.361,193.787,193.594,207.784
real_0075,81.98,212.9,343.6,135.4,436,249.1,434.3,214.1,404.4,134.3,242,198.4,307.1,168.6,167.5,146.2,368.4,324.9,186.3,165,57.14,154.6,239.8,209.3,601.1,265.8,198.5,276.5,133.2,86.79,146.2,185,242.5,150,278.2,182.6,211.6,174.3,247.3,226.3,249.3,231.2,171.1,127.6,218.5,328.2,167.2,312,451.3,229.4,375.7,265.8,65.52,69.74,92.29,233.3,131.7,220.2,219.7,380,190.1,344.7,667.2,161.3,299.4,499.7,133,66.4,74.49,72.66,113.7,374,109.7,262.3,118.3,275.8,215.6,191.5,156,108.8,99.69,282.2,66.71,199.6,124.6,114.2,285,126.3,275.7,383.2,75.25,83.56,40.92,51.62,328.1,154.2,107.5,437,380.8,608.5,422.2,195,70.67,96.35,387.5,221.3,453.7,417.3,330,126,174.9,136.4,191,61.47,80.08,70.88,230.2,164.9,95.56,187.7,283.4,140.5,171.4,268.6,128.4,165,221,64.54,158.3,257.1,168.5,287.6,84.63,323.5,132.7,365,269,311.9,105.2,206.6,87.43,73.51,109.2,174,258.9,50.7,324.4,283.5,138.3,495.6,246.7,122.6,59.71,159.7,163,344.1,135.9,336,366.2,187.4,134.6,174.9,99.7,207.7,185.6,129.9,75.41,172.4,323.2,164.7,308.9,249.6,418.8,326.1,258.6,90.44,102.3,171.9,416.2,93.23,182.2,550,235,368.1,127.1,234.5,120.6,175.8,295.2,101.9,359.4,282.7,195.4,587.6,-9999,-9999,-9999,-9999,-9999,-9999,-9999,-9999,-9999,-9999,-9999,-9999,-9999,-9999,-9999,-9999,-9999,-9999,-9999,-9999,-9999,-9999,-9999,-9999,-9999,-9999,-9999,-9999,-9999,-9999,-9999,-9999,-9999,-9999,-9999,-9999,-9999,-9999,-9999,-9999,-9999,-9999,-9999,-9999,-9999,-9999,-9999,-9999,-9999,-9999,-9999,-9999,-9999,-9999,-9999,-9999,-9999,-9999,290.816,309.863,312.261,306.254,163.75,168.136,170.137,166.377,167.574,180.199,169.887,173.829,176.024,184.525,185.514,189.058,193.202,193.202,193.421,193.421,193.421,193.265,191.344,197.096,197.778,197.425,202.461,202.343,205.473,208.018,206.514,209.627,206.836,207.749,213.254,214.834,275.394,217.941,257.989,273.301,291.049,291.049,291.049,328.479,328.918,223.817,223.817,226.028,226.414,226.414,226.414,227.968,229.829,232.941,232.941,308.838,308.662,256.683,267.139,258.988,263.551,319.625,288.887,275.02,249.354,244.958,266.408,275.789,267.89,264.533,303.712,313.279,259.146,277.267,290.834,286.708,272.868,275.884,275.804,275.804,275.16,293.123,193.421,193.265,207.724
real_0076,86.05,217.4,343.5,138.3,433.6,251.8,432.8,211.4,396.5,137.9,237.8,196.6,306.7,173.6,167.4,147.4,368.3,330.9,184.3,163.5,59.67,149.8,233,210.2,594.7,270.1,200.2,275.1,134.8,97.5,149.9,178.7,237.1,148.7,271.4,184.7,207.6,173.5,245.2,225.2,253.2,237,170.4,124.9,212,321.3,166.2,307.6,447.8,233.3,374.9,266.1,72.09,72.23,90.06,226.5,127,211.6,215.5,372.2,192,346.4,665.9,164.6,296.7,504.4,145.3,68.05,74.45,69.98,108.7,366.5,111.5,260.3,117.4,271.2,215.1,192.9,152.5,107.4,95.21,270.7,69.12,196.3,125.6,116.6,280.2,127.3,274.2,381.4,77.63,84.52,42.31,50.36,312.1,154,108.7,430.5,374.7,599.7,420.5,201,70.94,91.35,373.1,217.1,441.9,413.3,332.3,128.3,174.4,138,193.6,65.81,77.36,69.36,220.9,160,95.42,182.4,279.6,140.9,168.8,266,129.8,168,217.1,62.07,152.3,250,166.1,280.4,86.8,323.9,130.9,359.2,268.2,312.8,105.7,196.6,87.3,71.98,106.4,168.3,255.9,53.09,320.8,277.1,140.1,489.3,246.4,122.2,58.22,154.8,156.7,333,135.8,333.5,362.8,187.4,136.1,179.2,94.46,197.5,180.8,128.7,74.94,168.4,315,161.3,304.2,248.6,416.4,331.4,255.6,88.59,101.2,164.5,403.8,92.92,181.8,540.7,232.1,367.3,128.7,237.5,116.3,170.3,284.2,101.8,347,276.7,195.9,-9999,-9999,-9999,-9999,-9999,-9999,-9999,-9999,-9999,-9999,-9999,-9999,-9999,-9999,-9999,-9999,-9999,-9999,-9999,-9999,-9999,-9999,-9999,-9999,-9999,-9999,-9999,-9999,-9999,-9999,-9999,-9999,-9999,-9999,-9999,-9999,-9999,-9999,-9999,-9999,-9999,-9999,-9999,-9999,-9999,-9999,-9999,-9999,-9999,-9999,-9999,-9999,-9999,-9999,-9999,-9999,-9999,-9999,-9999,290.826,310.053,312.424,306.602,163.795,168.319,170.333,166.395,167.603,180.237,169.912,174.178,176.036,184.576,185.546,189.196,193.51,193.51,193.699,193.699,193.699,193.476,191.351,197.24,197.831,197.479,202.489,202.369,205.507,208.039,206.564,209.731,206.883,207.776,213.411,214.891,276.084,218.029,258.157,273.941,291.104,291.104,291.104,329.103,329.622,223.956,223.956,226.071,226.436,226.436,226.436,227.989,229.846,232.959,232.959,308.951,308.994,256.726,267.252,259.007,263.689,321.306,288.907,275.034,249.715,244.994,267.291,275.805,268.017,265.252,303.723,313.86,259.165,277.369,291.512,287.486,272.886,276.107,276.038,276.038,275.314,293.402,193.699,193.476,207.748
real_0077,76.13,177,251.7,54.4,114.4,63.85,83.9,52.12,84.56,54.82,91.86,83.86,176.3,160.1,75.64,56.03,87.1,90.96,48.11,40.65,30.01,36.74,48.1,125.4,307.4,224.8,106.1,78.76,45.7,33.6,34.1,30.28,35.79,34.87,72.08,123.4,78.08,80.09,108.9,68.7,59.31,49.28,38.12,30.32,42.64,72.96,66.03,109.3,227.7,199.5,231.3,95.62,35.39,27.19,28.8,28.93,26.39,37.38,59.4,164.9,128.4,281,476.8,97.1,71.42,211.3,45.9,30.64,25.33,29.35,36.36,173.2,79.79,186.3,51.69,73.33,49.81,39.58,38.07,36.24,30.76,45.78,38.65,71.65,87.29,85.42,124.8,44.43,55.71,64.65,35.96,24.88,20.06,19.97,50.52,80.56,84.29,271.7,208.6,226.4,158.8,67.87,41.86,31.51,58.52,67.2,171,228,311,102,74.46,52.7,59.29,29.95,24.86,27.98,37.53,33.84,38.06,49.34,187.5,112.8,88.42,66.28,43.81,39.42,42.84,28.58,30.25,46.01,57.43,166.9,71.04,290.9,70.67,150.4,78.41,61.49,41.01,36.64,32.26,32.13,36.65,49.76,140,49.56,254.5,92.39,38.66,83.01,71.18,39.86,25.65,31.28,38.35,103.8,94.78,198.7,181.1,57.28,44.05,37.26,34.34,33.25,34.44,31,30.15,88.89,173.9,68.95,134.3,75.79,97.64,88.35,61.88,34.14,31.55,35.51,130.6,48.97,135.6,305.6,106,205.7,46.57,46.96,36.72,39.87,50.52,39.91,126.3,116.3,158.9,522.7,188.8,107,99.77,75.1,46.55,36.61,20.7,30.43,37.09,47.94,119.4,129.3,157.4,87.88,110.9,44.8,36.62,39.16,26.51,53.04,70.68,45.1,84.25,175.6,88.43,49.82,59.11,76.5,54.07,34.31,38.62,56.89,42.51,93.17,129.8,369.9,141.1,66.45,85.43,48.01,43.62,33.35,35.66,25.62,36.33,45.96,111,76.58,182.4,82.27,41.13,29.8,38.36,35.5,19.41,30.54,30.81,35.48,290.574,310.631,312.701,307.356,163.499,168.582,170.509,166.09,167.309,179.859,169.586,173.655,175.98,184.336,184.97,188.942,193.12,193.12,193.288,193.288,193.288,192.914,191.293,197.433,197.903,197.547,202.224,202.089,205.359,207.783,206.779,210.554,207.059,207.473,214.465,214.444,277.591,217.964,258.673,275.84,291.491,291.491,291.491,333.078,334.265,223.649,223.649,225.719,226.118,226.118,226.118,227.686,229.729,232.838,232.838,309.933,310.492,256.979,267.537,258.85,264.239,324.879,288.656,274.801,249.391,244.792,269.925,275.619,267.856,267.733,303.466,315.676,258.879,278.288,293.859,289.406,272.669,276.354,276.359,276.359,275.492,294.059,193.288,192.914,207.488
real_0078,82.93,157.8,243.9,70.89,106.9,75.88,81.04,65.07,78.49,65.15,89.98,86,150.3,145.1,85.47,69.85,84.73,83.95,61.66,54.21,42.75,49.76,59.39,107,249.5,194.3,104.4,81.93,59.67,47.17,45.94,40.99,46.54,44.96,66.63,100.1,78.86,80.69,103,74.85,63.63,56.57,49.53,40.88,52.84,68.23,67.39,94.91,185.1,168.9,207.2,92.81,47.69,38.37,37.38,32.65,30.58,41.24,55.91,128.4,106.9,232.7,401.5,101.1,78.2,172.2,58.45,41.8,36.33,40.03,46.99,126.6,74.59,163,60.76,72.31,55.81,50.2,48.57,45.38,40.65,54.6,47.78,66.84,76.47,74.18,110,51.91,57.76,62.91,45.19,33.82,24.35,28.32,48.34,67.41,75.3,232.3,175.6,175,132.5,73.53,52.14,39.35,57.77,63.17,137.5,184.5,267,98.49,78.67,62.97,65.04,39.76,32.98,38,41.4,42.44,44,50.55,140.3,98.59,85.49,65.66,52.52,48.62,51.59,37.24,37.16,49.26,54.1,131.9,65.5,251.8,75.26,129.4,71.75,60.12,49.73,44.78,41.41,41.33,44.27,52.63,109.6,54.33,226.6,87.53,47.47,69.93,62.85,46.63,34.16,38.69,44.65,85.59,78.43,157.1,151.9,62.72,52.83,46,42.4,41.35,42.62,38.24,38.69,72.07,137.1,67.66,113.7,68.36,83.55,71.43,59.3,41.78,40.22,43.51,101.8,53.49,108.5,243,97.25,169.8,56.69,56.53,46,48.72,54.4,45.79,105.3,103,128.7,454.4,158.6,99.17,93.18,74.51,56.1,45.91,28.88,37.24,45.8,50.65,94.26,106.2,129.8,84.13,96.91,53.79,45.14,47.78,35,48.96,61.8,50.6,79.15,141.6,86,55.85,57.37,68.88,57.06,42.89,46.53,51.75,47.99,79.33,108,308.3,121.6,70.14,81.76,56.03,51.66,42.02,44.39,34.31,43.99,48.83,86.99,71.38,143.3,78.86,49.28,39,45.24,41.64,26.9,36.54,38.68,42.98,290.548,310.997,312.88,307.959,163.591,168.985,170.917,166.115,167.354,179.415,169.652,174.709,176.03,184.381,184.833,189.319,194.038,194.038,194.139,194.139,194.139,193.613,191.298,197.774,197.996,197.656,202.256,202.15,205.284,207.757,206.738,210.539,207.064,207.508,214.466,214.623,278.6,218.185,258.891,276.569,291.418,291.418,291.418,333.518,334.719,224.058,224.058,225.641,226.142,226.142,226.142,227.702,229.809,232.92,232.92,309.823,310.854,257.064,267.774,258.887,264.541,326.653,288.663,274.789,250.347,244.827,271.407,275.57,268.217,268.893,303.443,316.423,258.929,278.109,294.611,290.544,272.446,276.726,276.783,276.783,275.795,294.632,194.139,193.613,207.516
real_0079,87.66,218.2,348.2,141.5,441.9,255.3,440,219.4,407.9,139.8,246.9,203.2,311,173.6,172.5,151.4,374.3,329.8,190.3,169,61.21,158.3,243.3,213.1,602.3,269.9,203,279.8,137.3,95.88,151.4,188.1,244.5,153.3,281.1,185.6,214.8,177.5,250.1,230,255,237,175,131,221.1,330.3,170.3,314.7,452.8,233.2,377.8,269.2,70.49,73.99,94.69,234.1,134.4,221.5,221.6,380.5,193,346.2,667.1,164.7,303,504.4,141.7,69.63,77.46,73.04,112.9,373.6,112,263.7,121.3,277.9,218.8,195.6,158.6,110.7,102,282.8,69.28,201.3,126.6,116.5,285.5,129.4,278.6,386.2,78.46,87.98,43.98,53.65,328.4,154.3,109.1,437.3,379.9,608.8,424.5,199.2,73.1,97.25,386.9,222.3,453.5,417.5,331.2,128.9,177,139.7,194.4,64.9,81.48,72.51,230.2,166,97.26,188.5,283.3,141.7,172.6,269.7,131.7,168.4,222.5,66.06,158.2,258,169,287.5,86.55,323.2,134.6,365.6,270.6,314.6,107.9,206.1,89.32,75.41,110.4,174.2,258.9,52.98,323.3,284.2,141.7,496.6,247.8,124.1,60.68,160.9,163.3,342.9,136.8,335.7,366.3,190.1,137,178.3,101.3,207.9,186.7,131,77.6,172.4,321.8,165.9,308.8,251.7,420.4,329.7,260,92.88,103.6,172.9,414.3,95.28,182.6,547.3,235.7,368.1,131.7,237.2,122.4,176.5,295.1,104.4,357.6,283,195.6,585.3,290.5,315,289.7,308.9,124.8,98.7,35.47,124.2,102.2,182.4,329.8,211.5,406.2,233,324.9,94.91,136.3,130.6,99.48,306.1,260,81.87,147.2,254.4,180.9,145.6,231.7,331.7,232.8,112.3,208,263.1,116.8,308.6,206.2,495.5,266.2,171.9,359,148.4,239.4,102.4,155,44.03,132.8,116.7,345.6,199.7,442,189.8,126.5,102.5,200.3,161,33.94,118.7,86.64,129.3,290.831,309.999,312.498,306.809,163.81,168.405,170.434,166.399,167.619,180.251,169.918,174.364,176.035,184.606,185.63,189.169,193.58,193.58,193.768,193.768,193.768,193.53,191.35,197.284,197.848,197.501,202.496,202.364,205.509,208.042,206.547,209.681,206.864,207.783,213.355,214.908,276.337,218.075,258.21,274.274,291.129,291.129,291.129,329.308,329.843,223.991,223.991,226.087,226.438,226.438,226.438,227.991,229.842,232.963,232.963,309.021,309.106,256.746,267.32,259.016,263.77,321.257,288.913,275.044,249.942,245.004,267.752,275.819,268.073,265.634,303.729,313.941,259.162,277.394,291.864,287.889,272.895,276.186,276.126,276.126,275.381,293.404,193.768,193.53,207.751
real_0080,80.05,214.4,335.5,127.2,408.5,233.4,406.6,190.7,370.7,128,219.4,182.2,297.5,172,157.5,135.8,347.9,313.4,167,148.8,52.11,132.9,211.8,203.8,583.1,269.8,194.8,264.7,125.6,78.53,133.1,159,218.9,136.3,252.1,181.5,194.6,164.6,235.3,212.2,238.5,219.5,153.3,109.4,192.3,300,154.7,293.6,439.6,233,370.3,257.8,65.83,61.07,77.69,209.6,111.4,191,200.8,358.7,189.7,346.8,667.1,161.3,280.8,488.9,123.1,59.81,64.67,54.38,95.31,354.9,107.7,254.9,106.6,253.2,200.3,174.1,136.7,96.76,80.47,246.2,63.64,185.3,121.6,114.6,270,118,256.4,356.2,69.09,72.1,35.41,42.58,287.7,150.7,104.9,419.5,364.4,579.5,405,189.1,63.36,79.62,345.9,202.9,421.5,404.4,334.6,124.2,167.8,128.6,179.7,57.55,67.11,59.99,200.3,143.9,88.02,168.7,274.3,137.2,160.4,254.9,117.7,153.6,198,53.35,136.8,231.3,157.5,266.6,84.05,325.4,122.4,342.7,255.4,293.7,95.13,178.8,77.99,61.85,95.47,154.5,248.9,49.81,316,259.9,128.4,459.9,235,113.5,49.52,141.7,141.4,314.3,131.1,329.1,353.5,176.5,125.9,164.9,81.53,175.4,164.2,120.4,66.34,159.6,302.8,151.5,293.4,236.3,394.9,314.3,239,77.1,92.07,147,382.6,84.64,179.1,530.4,222.3,362.3,114.9,220.5,102.9,152.4,260.8,91.31,326.3,264.7,196.2,-9999,-9999,-9999,-9999,-9999,-9999,-9999,-9999,-9999,-9999,-9999,-9999,-9999,-9999,-9999,-9999,-9999,-9999,-9999,-9999,-9999,-9999,-9999,-9999,-9999,-9999,-9999,-9999,-9999,-9999,-9999,-9999,-9999,-9999,-9999,-9999,-9999,-9999,-9999,-9999,-9999,-9999,-9999,-9999,-9999,-9999,-9999,-9999,-9999,-9999,-9999,-9999,-9999,-9999,-9999,-9999,-9999,-9999,-9999,290.812,310.123,312.539,306.929,163.733,168.327,170.369,166.339,167.565,180.41,169.833,174.094,175.996,184.586,185.846,189.148,193.413,193.413,193.611,193.611,193.611,193.327,191.333,197.159,197.829,197.471,202.436,202.278,205.517,208.029,206.598,209.844,206.879,207.735,213.589,214.756,276.444,217.998,258.244,274.204,291.167,291.167,291.167,329.582,330.205,223.814,223.814,226.089,226.38,226.38,226.38,227.934,229.765,232.901,232.901,309.385,309.284,256.716,267.259,258.967,263.725,321.956,288.877,275.022,249.844,244.982,267.676,275.826,268.003,265.552,303.704,314.153,259.079,277.658,292,287.967,272.973,276.241,276.152,276.152,275.344,293.541,193.611,193.327,207.707
real_0081,91.44,222.3,351.2,144.2,440.6,255.9,439.8,221.1,407.4,142.6,247.9,204.9,312.3,177.3,175.3,153.5,372.6,328.9,191.5,170.7,63.57,158.6,242.8,215.2,600.8,273.6,206.3,281.6,138.8,91.44,150.3,187.9,244.1,153.9,280.3,188.1,215.2,178.7,251,230.5,253.5,235.1,175.9,131.8,220.3,328.6,171.1,314.7,452.4,236.1,379.3,270.9,71.41,74.44,94.96,233.1,134.3,219.1,221.1,378.5,195,347.8,668,167.7,302.2,500,136.7,71.12,78.91,73.62,112.3,371.7,113.5,264.5,122.2,276.4,217.8,194.2,158.4,111.2,101.9,279.6,70.63,201.2,128.1,118.6,285.1,130,276.3,382,80.23,87.44,45.33,53.6,321,154.7,110.4,436.2,378,605.5,422.9,198.6,73.95,95.74,382.9,221.3,450.3,416.3,332.9,130.6,178.2,139.6,191.5,63.79,81.87,73.07,227.6,164.4,97.59,187.3,282.8,142.4,172.7,268.9,130.6,166.7,221.3,65.54,157.1,256,168.7,285.2,88.06,324,135.1,363.2,269.1,312.4,109,202.9,89.9,76.17,110.3,172.6,258.4,54.48,322.5,281.8,141,490.9,248.1,125,61.69,158.4,161.6,339.4,137,335.4,365.5,189.4,136.2,176.9,100.2,205,185.1,130.6,78.16,171.2,319.2,165.7,307.5,250.1,414.3,326.9,259.9,93.08,103.6,171.4,410,95.73,183.1,544.3,235.3,367.9,128.1,234.4,120.9,175.1,291.5,104.8,353.4,281.4,195.7,-9999,-9999,-9999,-9999,-9999,-9999,-9999,-9999,-9999,-9999,-9999,-9999,-9999,-9999,-9999,-9999,-9999,-9999,-9999,-9999,-9999,-9999,-9999,-9999,-9999,-9999,-9999,-9999,-9999,-9999,-9999,-9999,-9999,-9999,-9999,-9999,-9999,-9999,-9999,-9999,-9999,-9999,-9999,-9999,-9999,-9999,-9999,-9999,-9999,-9999,-9999,-9999,-9999,-9999,-9999,-9999,-9999,-9999,-9999,290.842,310.173,312.685,307.254,163.849,168.609,170.657,166.414,167.646,180.293,169.936,174.756,176.042,184.665,185.741,189.31,193.912,193.912,194.074,194.074,194.074,193.729,191.352,197.429,197.901,197.561,202.516,202.373,205.528,208.062,206.573,209.745,206.886,207.807,213.472,214.952,276.991,218.196,258.348,274.928,291.196,291.196,291.196,329.864,330.461,224.122,224.122,226.118,226.454,226.454,226.454,228.005,229.844,232.972,232.972,309.2,309.454,256.796,267.457,259.034,263.947,322.589,288.929,275.058,250.401,245.037,268.741,275.833,268.206,266.427,303.739,314.463,259.168,277.519,292.582,288.713,272.922,276.424,276.387,276.387,275.554,293.726,194.074,193.729,207.768
real_0082,72.3,99.91,206.4,60.98,95.74,69,68.61,55.34,66.76,57.4,75.75,81.15,137.4,110.6,83.37,62.76,70.55,76.08,53.83,46.38,35.38,41.6,53.26,68.27,216.7,156.7,91.01,78.48,52.62,39.61,40.11,34.36,39.86,38.01,51.84,62.3,76.02,80.74,103,74.06,56.77,49.24,42.78,35.48,47.45,60.9,64.75,83.61,164.3,122.2,190.2,93.14,41.27,33.28,33.71,29.68,29.78,36.44,46.16,112.1,91.85,187.1,358.8,111,76.42,142.1,55.15,38.24,31.28,34.95,42.3,71.91,56.12,124.4,56.9,67.04,51.4,45,43.31,42.25,36.26,52.11,44.84,57.22,65.15,58.33,97.77,47.84,53.32,61.56,41.88,30.22,19.48,23.79,41.59,46.32,57.27,181.5,166.1,173.5,138,73.63,50.23,36.43,53.7,53.84,121.5,181.2,223.2,106.5,79.94,60.32,65.38,36.81,30.02,33.45,38.41,39.16,40.24,46.77,93.34,82.02,86.59,64.19,49.03,44.38,48.27,33.92,33.38,45.37,47.24,95.3,60.73,186.2,74.84,113.5,68.22,56.64,47.23,42.31,38.2,38,41.34,51.68,80.22,51.58,183.2,92.19,44.35,59.23,57.4,43.98,31.28,34.97,42.21,75.25,71.24,136.6,145.5,62.32,51.77,42.55,39.84,39.08,39.71,34.85,35,50.98,104.2,67.05,104.9,63.79,86.92,65.16,57.86,39.54,37.46,40.5,81.77,53.29,82.27,217,110.2,164.8,55.6,54.87,44.45,46.78,54.21,43.13,96.33,106.5,111.3,423.7,141.5,100.6,96.62,75.31,55.07,43.97,25.74,33.94,43.34,48.69,85.81,99.59,126.9,91.8,90.71,51.38,43.18,44.99,31.44,43.19,53.19,50.17,72.17,103.3,95.39,54.75,53.39,66.22,58.02,41.73,44.58,45.03,47.03,80.08,104,250.1,125.6,73.55,86.13,55.94,50.38,40.17,42.01,31.1,41.33,44.7,79.79,73.38,123,83.94,47.1,35.56,43.38,39.13,23.55,33.2,35.85,40.33,290.42,310.791,312.609,307.174,163.374,168.594,170.487,165.958,167.167,179.106,169.473,173.611,175.989,184.166,184.389,189.031,193.211,193.211,193.366,193.366,193.366,193.005,191.266,197.519,197.886,197.541,202.095,201.999,205.156,207.615,206.684,210.596,207.004,207.334,214.557,214.329,277.613,217.938,258.799,276.006,291.479,291.479,291.479,333.501,334.706,223.675,223.675,225.397,225.981,225.981,225.981,227.552,229.751,232.842,232.842,309.822,310.562,256.949,267.558,258.754,264.294,325.481,288.517,274.656,249.285,244.681,270.225,275.451,267.803,267.967,303.31,315.744,258.784,278.238,293.956,289.401,272.304,276.293,276.328,276.328,275.468,294.157,193.366,193.005,207.366
real_0083,87.07,216.2,344.8,138.8,433.7,248.5,432.2,216.5,404.8,138.5,243.1,200.9,310,171.7,169.8,148.7,364.7,323,188.5,167.3,61.62,157,240.4,211,601.1,268.1,201.1,277.9,134.5,82.89,147,186.4,243,152.4,278.4,184.8,213.6,177.5,248.8,226.8,245.9,229.2,171.3,129.8,219.6,327.9,169.8,312.7,450.8,231.5,376.5,267.1,67.9,72.27,96.26,234,133.3,220.7,221.2,379.5,192.4,346.2,664.7,165.7,298.7,491,127.8,69.79,78.03,77.14,116.5,372.8,113.6,263.1,121.6,275.1,214.9,189.5,158.7,112.7,102.6,281.3,70.42,200.3,127.5,117,285.2,128.6,273.2,377.9,79.36,85.51,45.09,54.62,328.1,156.1,111.1,436.5,381.7,603.7,420.7,195.5,74.29,99.78,385.9,223.1,452,418.6,331.1,131.1,176.5,136.9,189,63.04,85.12,75.06,229.4,165.4,98.95,188.9,283.3,144,173.5,267.8,129.7,164.6,220.6,68.71,159.4,258.6,169.4,288.2,88.73,323.3,135.7,364.5,267.9,308.2,109,207.2,91.02,76.41,111.2,176.2,260.2,54.96,324.8,283.6,138.9,487.6,248.6,125.2,63.19,161.5,164.9,343.2,140,336.2,367.6,188.4,135.2,173.4,103.6,208.2,186.8,132.1,77.82,174,323.7,167.8,309.9,248.6,412.8,323.6,259.8,94.41,104.8,173.8,415.8,97.32,183.9,547.5,237.7,370.2,127,232.2,122.5,177.2,295.3,105.4,358.7,284,197.1,586.3,-9999,-9999,-9999,-9999,-9999,-9999,-9999,-9999,-9999,-9999,-9999,-9999,-9999,-9999,-9999,-9999,-9999,-9999,-9999,-9999,-9999,-9999,-9999,-9999,-9999,-9999,-9999,-9999,-9999,-9999,-9999,-9999,-9999,-9999,-9999,-9999,-9999,-9999,-9999,-9999,-9999,-9999,-9999,-9999,-9999,-9999,-9999,-9999,-9999,-9999,-9999,-9999,-9999,-9999,-9999,-9999,-9999,-9999,290.821,309.901,312.074,305.816,163.802,168.076,170.024,166.437,167.603,179.919,169.976,173.766,176.078,184.464,185.116,189.113,193.247,193.247,193.452,193.452,193.452,193.349,191.371,197.172,197.796,197.44,202.512,202.458,205.473,208.026,206.549,209.668,206.913,207.784,213.221,214.959,274.989,217.963,257.939,272.824,290.957,290.957,290.957,328.162,328.575,223.965,223.965,225.989,226.473,226.473,226.473,228.029,229.935,233.009,233.009,308.377,308.399,256.714,267.102,259.039,263.494,319.159,288.914,275.022,249.071,244.976,265.752,275.762,267.882,263.941,303.722,313.105,259.25,276.922,290.021,285.913,272.738,275.731,275.674,275.674,275.104,293.048,193.452,193.349,207.767
real_0084,92.78,222.8,350.1,144.6,437,254.1,436.3,220.4,405.3,143.5,246.2,204.6,312.4,178.2,175.1,153.3,368.8,326.8,191,170.3,65.08,158,241.2,215.1,599.5,274.2,206.1,281,138.7,87.41,149.2,186.7,242.9,154,278.5,188.4,214.6,179.1,250.6,229.5,250.5,232.7,174.2,131.3,219,326.8,171.4,313.5,451,236.4,378.7,270.5,72.06,73.81,95.26,232.5,133.4,217.6,220.6,376.7,195.4,348.1,666.2,169.5,300.2,494.3,132,71.86,79.71,74.94,112.3,370.1,115,263.8,122.7,274.5,215.9,191.5,157.9,112.1,101.7,277.1,72.03,200.2,128.9,119.4,284,130.3,273.4,377.3,81.51,86.82,46.38,55.04,322.9,155.1,111.4,434.5,377.5,601.1,420.9,197.9,74.53,95.72,379.8,221.2,447.5,416.1,333.2,132.6,178.1,138.6,189,64.71,83.49,74.22,225.8,163.4,98.68,186.6,281.8,143.7,172.6,267.4,130.4,164.7,219.4,66.36,156.8,255.2,168.4,284.2,89.78,323.5,135.6,361.6,267.5,309,109.9,201.3,91.05,76.41,110.2,172.7,258.2,56.28,322.1,280.5,140.2,484.2,248.3,125.9,62.55,159.2,161.1,337.5,138.6,334.8,365.6,188.9,135.6,174.4,100,203.6,184.5,131.1,78.4,171.2,318.4,166.3,307.1,248.4,409.6,324.4,259,93.94,104.2,170.7,408.4,97.05,183.6,541.9,236,368.7,128.1,231.4,120.8,174.7,289.8,105.8,351.5,280.9,196.3,584.7,292,314.5,287.8,297.5,122.8,99.56,37.23,122.8,101.7,180.3,326.1,211.3,403.3,233.3,317.8,93.82,135,130.7,100.8,301.3,257.1,83.62,147.6,254.6,179.9,143.7,227.6,325.1,231.3,111.3,205.8,258.2,117.3,304,207.4,493.4,267.4,171.8,349.2,146.1,236.9,102.8,154.1,45.98,131.3,116.6,340,199.6,438.3,189.3,126.5,99.65,196.7,160.5,36.28,117.7,87.31,127.9,290.841,310.153,312.518,306.806,163.862,168.488,170.5,166.439,167.651,180.158,169.974,174.526,176.067,184.618,185.504,189.32,193.809,193.809,193.972,193.972,193.972,193.696,191.363,197.394,197.886,197.54,202.537,202.431,205.53,208.061,206.593,209.762,206.926,207.817,213.438,215.001,276.517,218.146,258.288,274.41,291.127,291.127,291.127,329.517,330.089,224.127,224.127,226.086,226.477,226.477,226.477,228.032,229.894,233.002,233.002,308.897,309.178,256.799,267.368,259.054,263.827,322.114,288.938,275.054,250.002,245.034,267.95,275.817,268.134,265.764,303.741,314.178,259.218,277.338,291.919,287.981,272.852,276.24,276.196,276.196,275.438,293.601,193.972,193.696,207.786
real_0085,76.69,150.6,240.5,63.12,101.1,68.97,73.74,57.13,71.1,57.81,83.61,81.37,150.9,141.7,81.48,63.6,78.34,79.58,54.96,47.33,36.17,42.84,53,101.6,256.4,195.5,100.3,78.09,53.85,40.94,40,35.15,40.81,39.21,61.25,95.73,75.96,78.95,103.1,72.16,59.06,51.29,44.15,35.42,47.52,63.96,64.41,93.01,190.2,167.7,210.2,92.18,42.75,33.22,33.99,30.87,30.84,37.08,51.98,131.4,107.9,238.1,421,103.8,74.65,173.8,54.02,37.07,31.37,35.21,42.32,124,70.95,162.6,57.27,69.2,51.67,45.64,43.72,40.97,36.01,50.37,43.78,63.39,74.2,71.39,110.2,48.45,54.1,59.52,41.08,29.54,20.1,24,44.37,64.39,73.11,233.2,183.7,184.4,140.2,72.3,48.7,35.93,55,60.16,140.2,195.7,273.1,100.8,77.53,59.62,62.52,35.87,30.17,33.81,40.9,38.78,40.48,47.3,141.1,98.97,86.31,63.96,49.38,44.9,47.91,33.43,33.46,45.59,51.27,132.5,64.25,253.7,74.14,131.3,70.06,57.18,46.14,41.05,37.6,37.41,40.5,49.91,109.2,51.67,229.7,88.6,44.28,67.01,60.51,43.16,30.34,34.78,41.14,85.1,79.53,162.6,159,61.08,50.24,42.45,39.09,37.9,39.25,34.73,34.98,69.99,139.1,66.81,116.2,67.03,84.49,70.44,57.16,38.6,36.76,40.03,101.7,51.46,108.7,254.1,102.1,178.6,54.48,53.65,42.55,45.49,51.58,42.62,106.7,105.7,133.7,476.7,165,100.2,94.92,73.11,53.19,42.42,25.4,33.49,42.62,47.83,95.73,110.2,135.3,86.97,97.93,51.58,41.99,44.55,31.59,45.71,59.57,48.58,78.66,141.6,88.75,53.69,54.78,67.26,54.79,39.69,43.34,48.92,45.35,80.18,111.6,315.8,127.8,69.48,81.81,53.99,48.61,38.81,41.05,30.81,40.72,45.91,87.87,71.99,147.5,81.29,46.95,35.59,42.17,38.65,23.67,33.28,35.68,40.05,290.522,310.793,312.7,307.404,163.502,168.695,170.597,166.07,167.291,179.434,169.591,174.004,176.005,184.292,184.677,189.108,193.482,193.482,193.613,193.613,193.613,193.208,191.289,197.558,197.922,197.569,202.206,202.104,205.266,207.727,206.725,210.51,207.042,207.454,214.386,214.489,277.874,218.016,258.772,275.978,291.396,291.396,291.396,333.229,334.414,223.823,223.823,225.603,226.094,226.094,226.094,227.661,229.776,232.875,232.875,309.83,310.607,256.992,267.595,258.844,264.303,325.645,288.625,274.757,249.615,244.771,270.356,275.553,267.963,268.001,303.418,315.871,258.887,278.109,293.956,289.635,272.464,276.408,276.437,276.437,275.56,294.274,193.613,193.208,207.469
real_0086,87.91,211.1,276,65.38,150.9,79.5,124,66.85,122.8,70.69,114.1,100.1,208.1,182.4,81.88,62.04,115.8,121.6,56.4,46.39,35.13,42.52,56.69,154.2,359.7,253.4,124.8,95.59,52.2,38.49,39.67,37.88,41.82,44.38,97.15,155.2,92.87,92.01,122.5,78.45,76.87,63.74,43.73,34.54,48.07,93.66,77.3,139.1,265.1,231.2,257.1,112.5,40.72,31.4,32.6,34.69,31.31,47.12,78.17,202.1,152.4,316.2,512.5,98,87.39,251.5,49.5,33.84,28.7,32.53,39.23,223.6,93.86,206.8,56.8,92.82,64.87,46.45,42.75,41.17,33.98,48.7,41.08,88.14,107.3,108.2,147.8,52.84,73.75,90.66,39.85,28.19,19.44,22.87,70.31,101.1,99.08,311.8,229.7,272.3,183.6,78.28,43.99,34.79,79.3,81.96,207.3,252.1,336.7,109.3,80.93,57.41,66.32,32.44,28.65,32.21,41.87,36.67,45.21,63.42,228.4,131.3,96.74,85.89,48.11,44.58,47.33,31.48,32.85,59.83,70.25,197.1,85.9,320.4,77.31,175.7,101.1,83.01,45.58,42.93,35.05,34.51,40.89,56.64,171.5,56.02,275.9,107.3,45.99,118.8,96.38,51.6,28.73,40.01,44.09,130.4,112.3,232.2,203.1,67.22,47.31,42.86,36.74,35.35,37.6,38.62,33.86,111.9,204.5,80.73,157.1,95.92,127,118.7,83.84,37.56,34.13,39.05,163.5,54.78,162.8,350.5,116.1,230.5,48.07,51.68,38.96,41.42,61.43,45.8,148.5,133.9,175.2,537.2,209.3,126.9,116.1,89.78,48.54,38.76,22.99,30.73,38.68,58.69,150.5,147.7,183.9,96.38,131.9,46.84,38.61,41.11,29.55,74.36,90.45,47.77,94.77,209.5,93.07,57.64,76.99,95.91,66.34,36.71,43.91,73.36,47.63,114.3,149.9,412.6,157.3,72.73,103.5,53.12,51.2,35.45,37.91,27.98,40.69,52.98,139.8,90.64,221.9,90.07,47.04,32.45,43.76,40.71,22.06,31.6,32.97,37.62,290.656,310.62,312.641,307.248,163.648,168.64,170.553,166.216,167.433,179.768,169.741,174.11,176.024,184.414,184.986,189.123,193.495,193.495,193.639,193.639,193.639,193.266,191.319,197.52,197.939,197.578,202.345,202.244,205.413,207.869,206.77,210.414,207.079,207.597,214.262,214.666,277.587,218.054,258.619,275.554,291.311,291.311,291.311,332.418,333.451,223.914,223.914,225.841,226.246,226.246,226.246,227.799,229.815,232.911,232.911,309.643,310.332,256.972,267.516,258.944,264.143,324.779,288.759,274.882,249.638,244.871,269.576,275.682,268.009,267.279,303.554,315.534,259.025,277.916,293.342,289.141,272.651,276.36,276.369,276.369,275.527,294.077,193.639,193.266,207.601
real_0087,81.48,214.8,334.6,128.3,409.6,234.8,408.4,191.8,370.6,129.5,219.2,182.6,298.4,172.3,157.4,136.7,348.8,315.3,168.4,149.3,53.81,133.6,211.9,203.6,583.4,270.6,194.8,264.8,126.9,82.84,135.6,159.6,219.3,137.6,252.3,182,194.8,165.8,235.8,212.8,239.8,221.4,155,110.4,192.8,300.3,155.8,293.6,439.5,233.2,370.5,258.2,68.28,62.65,79.01,210.4,112.3,192.1,201.8,358.9,190.6,347.7,-9999,-9999,-9999,-9999,-9999,-9999,-9999,-9999,-9999,-9999,-9999,-9999,-9999,-9999,-9999,-9999,-9999,-9999,-9999,-9999,-9999,-9999,-9999,-9999,-9999,-9999,-9999,-9999,-9999,-9999,-9999,-9999,-9999,-9999,-9999,-9999,-9999,-9999,-9999,-9999,-9999,-9999,-9999,-9999,-9999,-9999,-9999,-9999,-9999,-9999,-9999,-9999,-9999,-9999,-9999,-9999,-9999,-9999,-9999,-9999,-9999,-9999,-9999,-9999,-9999,-9999,-9999,-9999,-9999,-9999,-9999,-9999,-9999,-9999,-9999,-9999,-9999,-9999,-9999,-9999,-9999,-9999,-9999,-9999,-9999,-9999,-9999,-9999,-9999,-9999,-9999,-9999,-9999,-9999,-9999,-9999,-9999,-9999,-9999,-9999,-9999,-9999,-9999,-9999,-9999,-9999,-9999,-9999,-9999,-9999,-9999,-9999,-9999,-9999,-9999,-9999,-9999,-9999,-9999,-9999,-9999,-9999,-9999,-9999,-9999,-9999,-9999,-9999,-9999,-9999,-9999,-9999,-9999,-9999,-9999,-9999,-9999,-9999,-9999,-9999,-9999,-9999,-9999,-9999,-9999,-9999,-9999,-9999,-9999,-9999,-9999,-9999,-9999,-9999,-9999,-9999,-9999,-9999,-9999,-9999,-9999,-9999,-9999,-9999,-9999,-9999,-9999,-9999,-9999,-9999,-9999,-9999,-9999,-9999,-9999,-9999,-9999,-9999,-9999,-9999,-9999,-9999,-9999,-9999,-9999,-9999,-9999,-9999,-9999,-9999,290.762,310.357,312.63,306.934,163.758,168.487,170.501,166.326,167.544,180.251,169.85,174.481,176.035,184.567,185.565,189.363,193.806,193.806,193.991,193.991,193.991,193.698,191.336,197.381,197.876,197.536,202.44,202.308,205.478,207.988,206.588,209.913,206.897,207.72,213.755,214.835,276.918,218.082,258.406,274.595,291.215,291.215,291.215,330.017,330.678,224.046,224.046,226.029,226.377,226.377,226.377,227.942,229.834,232.955,232.955,309.195,309.438,256.774,267.375,258.961,263.892,322.915,288.844,274.978,250.019,244.971,268.492,275.725,268.111,266.154,303.654,314.584,259.093,277.608,292.283,288.302,272.903,276.365,276.315,276.315,275.452,293.77,193.991,193.698,207.695
real_0088,81.21,220.8,305.9,91.64,293.4,150.5,296.9,117.1,227,93.79,144.2,132.9,271.9,181.8,116.1,94.5,242.6,230.2,104.3,75.4,36.12,65.22,104.7,179.9,510.3,268.1,168.3,191,84.03,51.76,81.4,78.68,100.5,83.24,167.8,177.5,148.9,137.4,193,148,164.2,139,88.89,48.82,95.93,181.4,107.9,231.8,390.2,241.7,331.5,202.5,52.41,37.06,37.9,99,47.17,97.2,132.2,297.3,182.3,347.8,624.1,130.3,187.3,381.5,83.19,38.26,27.63,36.47,48.32,298.9,104.8,240.1,66.09,164.4,130.2,103.4,81.33,56.51,37.24,104.4,44.14,132.6,115.3,118.1,217.7,85.58,169.6,228.2,49.32,31.22,17.09,26.36,172,133.5,105.3,371.9,304.2,469.2,322.9,145.3,46.95,40.79,196.3,132.5,329.3,359.6,342.9,120.7,126.8,88.81,120.5,37.2,31.43,34.08,83.59,60.75,63.8,112.7,264.1,138.6,131.8,189.6,80.32,97.7,116.5,32.43,62.38,139.2,108.5,230,87.51,328.8,97.7,268.9,190.5,199.7,68.75,93.28,44.06,30.43,49.58,93.73,217.1,53.09,297.8,183.5,85.47,295.4,183.3,89.88,27.44,89.86,71.49,215.1,123.8,303.4,302.3,129.9,77.64,107.5,53,59.63,77.67,76.94,42.09,140.1,252.5,117.2,241,180.9,278.6,249.9,173.6,44.47,48.66,66.76,262.3,66.74,177.3,472.4,182.4,324.7,70.42,143.1,57.04,58.83,140.4,58.64,226.7,216.3,192.6,583.8,259.9,226.9,204.3,182.1,77.24,41.51,18.53,47.07,47.13,105.7,244.6,185.2,318.5,169.5,230.4,63.14,51.87,51.5,42.95,171.4,155.9,53.41,116.7,241.9,130.9,96.23,156.2,219.8,139.8,43.07,90.31,131,64.13,207.1,193.1,478.7,228,114.4,226.6,94.03,116.9,39.2,59.17,25.36,66.35,65.57,231.1,145.1,355.2,141.9,86.17,50.02,105.4,72.19,18.53,42.39,40.16,53.97,290.76,310.267,312.466,306.859,163.711,168.376,170.328,166.313,167.529,180.159,169.825,174.061,176.018,184.503,185.322,189.114,193.403,193.403,193.574,193.574,193.574,193.269,191.335,197.307,197.879,197.517,202.423,202.306,205.496,207.979,206.719,210.171,207.018,207.698,213.98,214.739,276.767,218.011,258.352,274.526,291.147,291.147,291.147,330.478,331.17,223.881,223.881,225.984,226.346,226.346,226.346,227.902,229.809,232.917,232.917,309.316,309.589,256.775,267.261,258.961,263.749,322.892,288.848,274.973,249.599,244.933,268.014,275.769,267.979,265.674,303.657,314.592,259.093,277.592,292.044,287.988,272.832,276.211,276.156,276.156,275.356,293.652,193.574,193.269,207.684
real_0089,90.39,227.4,294.8,71.59,188.8,96.55,170.7,81.59,159.7,82.82,132.6,113.9,230.8,193.4,85.99,65.97,145.3,151.9,65.95,51.73,36.7,47.41,67.02,172,401.1,265,137.6,113.3,56.72,39.33,45.71,45.1,47.09,53.04,119.4,173.2,106.2,100.9,134.8,87.58,94.23,77.76,48.58,36.41,54.32,117,86.87,165.3,295.1,245.8,275.2,127.5,40.73,31.31,32.21,39.22,28.54,52.76,93.53,231.1,164.5,333,541.9,95.13,105,285.1,51.09,33.69,28.16,31.64,38.09,258.7,100.9,222.8,56.28,110.2,80.3,55.06,48.17,44.3,34.11,51.55,40.81,102.4,118.6,120.3,166.7,57.21,94.15,124.4,41.23,28.43,19.55,23.08,91.51,115.4,104.8,339.9,244,317.9,206.1,86.39,41.33,33.28,100.4,92.68,239.6,270.1,345.5,108.5,84.38,59.62,73.36,31.33,27.09,30.41,43.73,37.02,48.78,75.35,251.1,138.9,101.5,104.9,49.79,49.93,54.57,31.15,33.72,75.39,79.95,215.1,90.94,334.1,81,195.9,121.6,108.6,48.07,49.33,34.57,33.81,42.6,62.8,190.8,57.2,288.3,121.4,50.66,159.2,120.1,63.08,28.52,49.44,48.25,155.7,118.5,254.8,219.4,75.42,48.39,50.46,36.45,34.49,39.81,45.7,34.9,126,223.2,87.92,174.4,114,159.1,150.6,102,37.98,34.78,41.66,190.5,57.49,177.1,386.8,122.7,247.6,44.35,60.49,39.34,40.23,75.79,47.96,168.9,149.4,179.6,545.9,218,143.8,129.2,104.2,48.21,37.09,22.35,32.72,36.39,68.99,175.1,155.2,207.1,101.5,150,43.56,36.68,38.86,28.83,96.04,106.4,46.59,99.99,228.4,94.58,61.78,93.41,121.5,80.27,36.29,49.74,88.04,50.29,134.4,160.4,439.7,167.1,75.53,125.3,56.89,61.35,33.86,37.39,26.33,43.26,56.82,164.9,100,253.7,93.18,50.83,30.47,50.11,44.22,20.84,31.64,30.76,36.45,290.715,310.804,313.012,308.363,163.718,169.022,171.046,166.249,167.51,180.148,169.759,174.982,176.009,184.589,185.556,189.292,194.093,194.093,194.223,194.223,194.223,193.633,191.323,197.729,198.022,197.684,202.386,202.224,205.501,207.939,206.844,210.548,207.114,207.659,214.552,214.721,278.777,218.294,258.733,276.669,291.466,291.466,291.466,332.802,333.9,224.076,224.076,225.973,226.281,226.281,226.281,227.831,229.767,232.9,232.9,309.955,310.731,257.052,267.786,258.973,264.534,326.029,288.804,274.943,250.843,244.947,271.415,275.759,268.321,268.826,303.608,316.423,259.01,278.213,294.659,290.78,272.828,276.918,276.939,276.939,275.897,294.527,194.223,193.633,207.639
real_0090,88.08,227.3,301.9,82.94,234.8,119.2,224.1,97.65,188.9,87.13,134.4,129.2,256.7,189.9,98.02,75.6,179.2,181.9,81.43,58.68,35.59,50.7,74.89,175.9,459,267.1,151.7,143.3,66.48,40.97,53.91,55.55,61.5,63.05,139.5,176.6,126.5,117.7,160.1,110.2,121.1,96.37,57.3,37.4,63.93,134,97.43,202.9,341.3,247,300.5,160.1,44.89,29.65,31.53,58.53,31.81,67.02,108.5,269.1,174.6,343.1,581.8,110.7,133.9,320.5,58.52,34.78,26,34.82,36.66,284.4,106,235.2,57.92,130.4,103.4,70.55,58.52,47.59,31.82,61.86,40.74,115.1,119.6,121.5,191.8,69.77,121,162.8,44.45,28.07,19.1,21.47,119.5,123.1,105.8,355.3,276.1,393.2,257.2,110.3,40.78,35.19,134.8,106.8,286.6,312.7,346.4,115.3,100.9,69.16,87.64,31.35,26.45,30.75,57.1,41.66,54.27,92.57,258.7,140.1,114.6,141.6,59.96,62.55,69.55,30.16,43.15,97.68,88.63,222.6,90.84,332.2,90.14,232.3,149.9,139.5,53.16,62.02,35.83,31.43,41.07,70.88,201.5,56.05,293.5,151.9,63.78,203.8,148.5,77.25,27.04,60.41,53.59,182.5,122.6,281.5,258.1,97.38,56.44,66,42.5,38.53,51.36,56.86,36.73,132,237.5,101.6,206.3,142.5,207.1,190.7,123.5,39.24,36.76,46.59,211.5,62.82,178.5,433,149.4,285.1,49.86,81.97,42.93,42.01,92.13,49.86,190.1,180.5,185.9,564.5,237.4,178.9,161.7,128.8,55.61,37.36,20.95,35.91,37.49,81.68,209.5,169.1,256,129.6,181.4,48.57,37.85,40.26,31.88,122.8,123,49.59,110.2,237.1,110.6,75.69,116.7,151.9,96.61,36.7,58.41,97.35,56.18,168.7,178,459.5,195.9,90.11,165.7,70.54,80.24,33.48,40.48,24.66,48.69,56.38,193.9,123.2,304.7,114.5,63.32,32.44,62.9,52.03,19.85,32.55,31.09,39.8,290.746,310.519,312.675,307.417,163.733,168.671,170.637,166.301,167.534,180.11,169.822,174.458,176.024,184.536,185.334,189.212,193.72,193.72,193.861,193.861,193.861,193.437,191.333,197.499,197.942,197.583,202.424,202.3,205.498,207.966,206.773,210.317,207.07,207.693,214.178,214.764,277.656,218.134,258.568,275.455,291.254,291.254,291.254,331.611,332.327,224.005,224.005,225.987,226.334,226.334,226.334,227.885,229.814,232.926,232.926,309.56,310.153,256.918,267.493,258.993,264.081,324.475,288.841,274.966,250.039,244.946,269.458,275.771,268.12,266.963,303.642,315.402,259.084,277.817,293.15,289.142,272.796,276.469,276.459,276.459,275.57,294.053,193.861,193.437,207.679
real_0091,85.4,222.6,292.1,68.15,186.3,92.56,167.4,76.27,151.6,75.47,124.5,111.9,234.5,189.1,83.52,62.12,140.8,150.6,61.15,46.08,31.08,41.37,59.4,167.6,415,264.9,135.9,112.5,53.55,34.62,39.56,41.6,44.69,48.72,116.8,170.2,106.1,102,138.2,88.84,93.16,73.73,43.47,30.94,49.36,108.1,85.47,169.9,306.1,245.5,279.9,131.8,38.25,26.5,28.46,42.59,29.05,53.76,91.32,240.4,167.3,338.4,556.3,99.65,103.5,286.5,47.36,29.35,24.13,32.79,33.97,259.9,99.84,224.1,53.69,110.9,80.63,51.2,44.34,40.21,29.8,47.34,37.13,100.2,116.4,118.8,170.2,57.21,91.93,125.1,38.28,24.34,20.48,19.98,89.52,113.6,102.9,341.8,254.1,334.6,217.7,88.29,37.88,32.16,101.9,91.23,248.2,283.5,348.9,110.3,85.92,58.26,71.3,27.87,23.95,27.6,43.66,34.92,47.2,75.97,252.4,139.5,104,110.1,49.03,47.03,50.62,27.5,36.77,73.98,76.2,215.9,90.07,334.4,80.62,202.7,122.6,106,44.86,46.59,31.58,30.06,36.75,59.1,190.4,54.63,290,126.7,50.23,156.8,122.6,62.37,24.78,46.58,45.07,158.6,120.4,262.5,230,77.57,47.06,47.15,36.34,33.65,38.14,43.67,32.1,124.3,225.6,89.19,181.2,115.4,164,150.1,98.03,34.56,31.56,38.25,188.2,56.17,177.3,400.8,129.6,258.9,43.41,57.15,35.76,37.17,70.38,44.31,167.7,156,184.7,560,224.9,149.9,135.4,103.6,46.05,34.52,19.83,32.44,34.05,67.19,182.6,161.4,219.5,108.5,153.9,43.1,33.52,36.42,26.85,94.66,105.2,45.42,102.4,230.6,98.54,62.72,93.02,115.9,75.65,33.03,46.06,82.33,48.95,139.1,166.5,447.8,175.4,76.6,129.4,57.04,59,30.95,34.89,23.43,40.36,52.79,167.9,104.7,265.6,98.34,50.12,28.12,46.11,42.1,18.36,29.66,28.71,34.61,290.702,310.526,312.682,307.394,163.654,168.602,170.564,166.236,167.465,180.113,169.741,174.136,176.004,184.479,185.299,189.106,193.459,193.459,193.614,193.614,193.614,193.212,191.321,197.436,197.92,197.558,202.358,202.226,205.466,207.918,206.779,210.391,207.065,207.625,214.271,214.645,277.581,218.044,258.564,275.484,291.316,291.316,291.316,332.071,333.011,223.842,223.842,225.921,226.267,226.267,226.267,227.824,229.772,232.884,232.884,309.743,310.266,256.934,267.485,258.947,264.094,324.42,288.787,274.921,249.781,244.893,269.459,275.74,268.022,267.064,303.595,315.441,259.015,278.006,293.29,289.137,272.802,276.415,276.4,276.4,275.529,294.027,193.614,193.212,207.619
real_0092,76.64,214.9,318.7,107.2,352.5,189.5,348.4,144.3,303.2,112.8,181,154.7,284.4,174.1,136,113.5,298.5,278.4,129.9,112.9,41.21,97.04,159.4,191.2,554.3,269.7,184,236,106.2,68.98,108.9,116.8,164.8,110.9,209.2,178.5,170.7,151.7,216.3,183.1,207.2,187.2,117.1,73.76,144.1,245.8,129.6,261.5,419.3,235.7,355.8,235.9,60.15,47.54,53.48,160.1,77.87,145.9,167.1,329.1,185.5,347.3,656.4,151.6,242.1,449.4,110.9,47.53,44.94,45.77,71.58,325,104.5,244.4,85.6,211.6,166.2,139.2,102.9,73.28,51.3,179.5,52.88,158.3,116.8,115.1,245.1,100.8,214.8,296.8,54.01,49.73,24.59,31.62,237.8,143.2,102.2,395.9,338.7,526.6,363.7,168.4,50.49,55.68,275.7,167.3,373.7,385.7,338.8,122.5,151.9,111.2,156.9,47.04,44.92,43.22,144.4,101.5,75.26,138.6,265.9,135,144.9,223.8,98.6,129.8,151.9,39.31,102.1,188.7,134.3,240.7,84.04,327.2,108.4,306.5,224.4,250.1,75.18,136.3,57.71,40.62,71.13,125.6,234.4,49.64,305.2,222.9,107.5,386.2,204.1,96.42,36.52,118.4,106.5,268,127.3,318.3,330.7,154.8,102.8,142.6,62.6,117.3,125.2,101.1,52.2,146.5,277,134.6,269.9,210.2,343.8,292.6,196.5,58.29,70.91,105.3,328.7,73.54,175.6,504.3,204.8,348.2,95.02,197.7,76.22,103.9,204.1,73.17,277.8,242.5,195.9,595.6,279.9,276.6,248.8,244.8,94.29,56.02,22.34,74.09,67.1,135,283.5,196.5,363.7,202.3,276.7,82.01,79.25,79.65,65.79,229.8,200,62.42,126.4,245.3,148.9,113.3,187.4,268.5,165.7,62.12,143.2,184.6,81.08,246.3,197.7,488.6,248.5,138.5,289.6,122.3,161.4,58.28,99.47,30.05,91.35,81.68,281.3,166.6,392,159.9,102,66.12,131.3,107.2,21.19,68.89,58.88,81.35,290.785,310.142,312.486,306.828,163.692,168.288,170.284,166.311,167.529,180.361,169.801,173.911,175.991,184.539,185.679,189.078,193.27,193.27,193.469,193.469,193.469,193.188,191.331,197.161,197.856,197.495,202.415,202.266,205.531,208.005,206.715,210.136,206.99,207.703,213.956,214.701,276.433,217.967,258.247,274.174,291.164,291.164,291.164,329.882,330.531,223.757,223.757,226.035,226.346,226.346,226.346,227.907,229.761,232.889,232.889,309.411,309.356,256.724,267.202,258.947,263.681,322.076,288.851,274.994,249.61,244.943,267.537,275.801,267.941,265.356,303.677,314.222,259.06,277.716,291.873,287.777,272.937,276.196,276.109,276.109,275.291,293.532,193.469,193.188,207.686
real_0093,84.71,215,345.1,137.5,435.7,249.5,434,215.9,405.2,136.6,243.3,200.2,308.8,170.7,169.4,147.9,367.4,324.3,187.6,166.4,59.19,155.9,240.6,210.6,601.4,267.5,200.4,277.7,133.9,84.47,146.2,185.8,242.9,151.2,278.8,183.8,212.9,175.9,248.4,227,248.1,230.7,171.4,128.9,219.2,328.3,168.5,312.7,451.5,230.8,376.5,266.8,66.59,70.89,94.01,233.5,132.6,220.3,220.4,380,191.4,345.4,666.5,163.4,299.5,496.2,130.1,68.03,75.9,72.9,114.8,373.4,111.3,262.8,119.8,275.6,215.3,190.6,157,110.2,100.8,281.7,68.22,200,125.7,115.4,285.1,127.3,274.6,380.9,77.01,84.74,42.46,52.61,327.8,154.7,108.9,436.7,380.9,606.7,421.6,195.1,72.03,97.36,386.8,221.7,453,417.7,330.5,128.1,175.7,136.6,189.8,61.41,81.64,72.29,229.5,165,96.81,188,283.2,141.7,172.2,268.2,128.6,164.5,220.6,66.27,159.1,257.5,168.6,287.5,86.16,323.3,133.9,364.6,268.3,310.1,106.5,206.3,88.67,74.44,109.8,174.6,259.2,52.35,324.2,283.4,138.3,492,247.2,123.4,60.64,160.2,163.3,343.4,137.2,336,366.7,187.7,134.6,173.9,101.1,207.6,185.7,130.5,76.35,172.6,322.9,165.9,309.2,249,415.6,324.6,259,92,103.1,172.3,415.5,94.81,182.6,548.7,236,368.7,126.7,232.9,121.6,176.1,294.9,103.2,358.6,283,195.8,586.8,-9999,-9999,-9999,-9999,-9999,-9999,-9999,-9999,-9999,-9999,-9999,-9999,-9999,-9999,-9999,-9999,-9999,-9999,-9999,-9999,-9999,-9999,-9999,-9999,-9999,-9999,-9999,-9999,-9999,-9999,-9999,-9999,-9999,-9999,-9999,-9999,-9999,-9999,-9999,-9999,-9999,-9999,-9999,-9999,-9999,-9999,-9999,-9999,-9999,-9999,-9999,-9999,-9999,-9999,-9999,-9999,-9999,-9999,290.822,309.909,312.271,306.254,163.779,168.183,170.175,166.399,167.592,180.153,169.918,173.936,176.039,184.529,185.427,189.105,193.301,193.301,193.51,193.51,193.51,193.348,191.352,197.161,197.8,197.444,202.484,202.379,205.485,208.028,206.534,209.656,206.864,207.768,213.278,214.887,275.493,217.975,258.034,273.404,291.046,291.046,291.046,328.599,329.054,223.898,223.898,226.032,226.436,226.436,226.436,227.993,229.861,232.964,232.964,308.756,308.693,256.707,267.169,259.007,263.585,319.926,288.901,275.027,249.401,244.974,266.544,275.787,267.929,264.629,303.719,313.383,259.176,277.213,290.868,286.774,272.848,275.911,275.842,275.842,275.193,293.171,193.51,193.348,207.743
real_0094,73.87,80.96,175.5,64.31,96.21,70.94,69.7,57.01,67.36,58.52,75.01,81.6,133.1,100.5,85.2,64.7,70.62,76.7,55.27,47.61,36.28,42.65,53.89,60.01,197.9,139.2,89.86,80.19,54.93,41.25,41.22,35.31,41.06,39.23,50.9,55.71,76.22,82.04,103.9,75.64,58.44,50.7,44.06,36.2,48.13,60.69,65.39,82.46,152.4,105.2,174.3,95.83,43.84,34.72,35.12,30.89,30.68,37.73,46.48,107.9,88.64,159.2,308,115,78.33,128.1,57.35,39.71,32.8,36.42,43.74,62.18,54.54,104.1,58.52,68.32,52.77,46.6,44.55,43.18,37.17,52.64,45.66,55.81,64.16,57.99,94.37,50.02,54.19,61.99,42.96,31.12,20.55,24.65,41.93,43.16,52.13,146,154.2,170.2,138.3,76.21,52.02,37.39,54.73,53.25,116.8,173.1,189.1,109.5,82.61,62.84,66.79,38.34,31.45,35.06,39.13,40.53,41.66,47.72,80.25,74.94,86.8,65.73,50.71,45.9,49.37,34.78,34.17,46.09,47.42,83.31,61.46,143.7,75.9,108.4,69.55,58.37,48.85,43.48,39.5,39.1,42.36,52.11,72.29,52.55,149,94.57,46.7,58.34,58.08,45.33,32.19,36.11,43.15,73.18,71.83,129.5,138.3,64.71,53.57,44.18,41.19,39.95,40.85,35.98,36.14,46.72,89.76,67.66,102.4,65.08,87.69,65.8,58.83,40.58,38.57,41.34,73.18,53.85,75.83,196.7,112.4,158.2,58.45,56.98,45.88,48.24,54.98,44.5,88.96,106.5,106.7,360.7,136.4,102.2,99.01,76.46,56.82,45.24,26.89,35.06,44.73,49.58,85.24,99.48,124.1,93.8,89.05,53.56,44.28,46.32,32.55,43.7,52.15,51.06,71.51,93.03,96.75,56.7,54.29,65.49,58.94,42.65,45.46,44.87,47.57,79.82,101.4,209.4,124.6,75.51,87.36,58.17,51.81,41.3,43.16,32.21,42.46,45.24,79.05,74.54,117.1,86.23,49.04,37.14,44.42,40.17,24.51,34.31,36.95,41.39,290.387,310.772,312.516,307.018,163.354,168.549,170.42,165.938,167.14,178.859,169.463,173.592,175.996,184.11,184.232,189.065,193.218,193.218,193.368,193.368,193.368,193.023,191.261,197.499,197.863,197.519,202.067,201.988,205.078,207.575,206.619,210.515,206.962,207.309,214.451,214.318,277.444,217.914,258.786,275.788,291.389,291.389,291.389,333.314,334.501,223.688,223.688,225.317,225.96,225.96,225.96,227.53,229.762,232.852,232.852,309.731,310.499,256.911,267.511,258.734,264.228,325.342,288.491,274.626,249.191,244.644,269.946,275.411,267.78,267.639,303.277,315.598,258.778,278.094,293.649,289.114,272.189,276.206,276.247,276.247,275.417,294.092,193.368,193.023,207.344
real_0095,82.34,221.1,291.4,64.69,196,95.08,181.7,78.33,163.6,77.02,128.9,112.3,235.6,187.8,81.55,60.29,149.4,158.2,62.77,46.43,29.69,41.32,63.32,169.2,419.3,263.3,135.5,115.4,52.15,32.77,42.16,41.7,44.52,49.99,121.3,171.2,107,101.3,138.4,88.45,96.57,78.33,45.16,31.16,51.61,120,86.75,172.5,309.3,244.8,280.3,131.5,35.41,24.95,26.65,41.01,27.58,55.76,95.02,244.3,166.7,338.1,559.2,94.93,108.8,297.4,47.63,28.87,22.42,30.42,32.15,267.6,99.25,226.5,51.1,111.9,82.2,54.67,46.33,40.75,28.83,48.75,36.07,103.3,117.4,118.5,171.7,55.05,98.63,135.6,37.25,23.65,19.65,18.65,95.88,116.2,102.7,345.4,255.1,340.5,220.1,88.92,36.04,30.07,105.7,93.44,253.6,285.2,348.5,107.5,84.7,57.27,74.08,26.76,21.87,25.19,43.16,34.23,46.9,77.76,255.7,138.8,103.3,111.7,47.82,49.05,55.23,26.87,36.18,79.03,80,219.1,88.92,335.6,79.47,204.4,127.5,116.8,45.47,48.01,30.39,28.64,38.72,62.37,194.4,53.26,291.1,127.5,49.48,173.7,127.5,63.99,23.79,48.99,46.42,164.5,119.9,264.8,230.5,77.41,46.42,51.18,35.9,32.65,38.48,45.24,31.62,127.2,229.7,88.93,183,119.4,173.5,162.3,107,33.92,31.1,39.04,199.1,55.5,178.4,405.4,128.9,259.2,40.62,63.21,36.39,36.82,79.36,45.17,178,158,184.5,561.3,223.8,151.7,136.1,109.5,45.9,33.4,17.97,30.28,32.77,70.98,187.6,161.2,222.3,107.8,158.5,40.44,32.91,35.12,25.66,102.4,111,44.39,101.4,231.9,97.82,61.83,98.13,130.9,83.93,32.56,49.4,90.42,49.33,144.2,166.9,451.4,174.9,75.92,135.3,57.29,63.77,29.89,34.32,21.99,41.61,55.1,176.6,105.1,269.6,96.95,50.73,26.78,51.16,43.38,19.07,27.41,27.23,33.99,290.704,310.54,312.83,307.803,163.634,168.701,170.701,166.213,167.457,180.314,169.702,174.238,175.982,184.518,185.574,189.072,193.476,193.476,193.638,193.638,193.638,193.182,191.316,197.442,197.942,197.588,202.338,202.173,205.494,207.924,206.821,210.491,207.077,207.614,214.444,214.592,277.936,218.093,258.574,275.953,291.424,291.424,291.424,332.311,333.361,223.781,223.781,225.946,226.246,226.246,226.246,227.802,229.724,232.854,232.854,309.968,310.435,256.948,267.562,258.927,264.207,324.606,288.778,274.924,250.079,244.898,270.124,275.755,268.073,267.717,303.594,315.727,258.966,278.223,293.903,289.781,272.888,276.594,276.579,276.579,275.629,294.122,193.638,193.182,207.603
real_0096,89.91,223.7,335.2,127.2,385.6,222.2,383.6,178,341.6,129,205.4,176.3,298.6,181.6,155,131.8,326.4,303.3,156.8,137.6,55.18,120,189.2,204.1,567.8,276.1,195.3,254.7,123.9,81.24,126.6,141.2,195.6,128.9,233.3,186.6,186.4,163.7,229.9,202.8,226.7,206.8,141,97.33,170.7,273.7,148,281.7,432.8,240.5,365.6,252.1,70.69,60.55,71.32,186.6,98.45,168.2,186.3,345,192.2,349.4,657.4,162,264,471.9,124.1,59.12,57.77,52.4,86.27,339.6,111.7,251.9,101.9,233.2,185.7,162.3,124.3,90.41,70.02,211.2,64.43,174.7,124.6,119.9,259.8,114.3,236.4,327,68.91,66.07,31.49,41.35,257.5,150.8,108.5,406,352,548.3,385.8,185.8,65.19,72.09,306.9,188.1,396.7,396.7,339.9,129,163.2,123.9,170.3,56.08,60.28,56.14,171.9,125.4,85.43,155.4,271.9,140.6,156.4,239,110.8,144,176.4,52.12,118.8,210,147.6,255,89.08,326.9,119.5,325,240.7,274.6,91.41,157.5,73.31,56.55,86.72,141,242.1,55.1,310.5,241.4,122.1,419,223.6,111.2,46.33,126.3,124.6,288.8,133.2,323.3,343.4,167.7,116.6,156,75.98,143.6,145,113.9,63.41,155.5,288.1,145.4,281.6,224.9,366.6,301.2,221.3,69.64,84.6,127.7,351.5,84.12,179.6,512.5,216,357.3,108.2,205.1,94.87,130.9,230.6,87.48,299.9,254,197.5,589.7,283.8,289.4,266.1,266.9,108.4,71.44,29.42,89.03,80.19,150,296.1,202.5,374.7,215,290.8,87.29,101,100.5,80.41,246.4,218.6,73,135,248.4,159.7,124.6,200.9,286.5,190.7,79.38,165.2,207.8,95.2,263.2,202.2,488.4,256.4,152.3,308.4,134.2,191.2,75.91,120.7,38.91,104.4,92.97,296.8,178.8,405.5,171.9,114.6,81.21,153.3,127.5,26.73,87.14,70.56,97.1,290.822,310.336,312.694,307.219,163.814,168.59,170.604,166.386,167.615,180.298,169.905,174.581,176.036,184.632,185.659,189.306,193.84,193.84,194.001,194.001,194.001,193.639,191.354,197.448,197.944,197.594,202.502,202.369,205.575,208.056,206.754,210.157,207.056,207.783,213.967,214.893,277.211,218.164,258.452,274.938,291.223,291.223,291.223,330.474,331.174,224.097,224.097,226.106,226.429,226.429,226.429,227.982,229.833,232.956,232.956,309.317,309.656,256.833,267.419,259.024,263.946,323.476,288.911,275.037,250.208,245.029,268.706,275.822,268.17,266.32,303.719,314.814,259.149,277.633,292.608,288.692,272.925,276.462,276.411,276.411,275.522,293.872,194.001,193.639,207.756
real_0097,85.08,216.1,339.4,134.6,421.8,244,422.4,204.5,384.9,134.7,228.8,190.2,303.4,172.9,163.3,143.1,356.7,324.1,178.7,158.3,58.51,142.7,222.8,206.8,589.6,271.3,197.8,271.2,131.8,88.53,143.3,170.4,230.1,144.4,262.1,184.5,201.5,170.8,241.3,219.9,245.3,227.3,165,119.9,203.6,311.4,162.3,300.9,444.5,233.4,373.7,263.6,70.29,68.63,86.88,220.3,121.2,202.7,209.7,366.7,192.1,348.1,666.9,166.4,290.3,495.8,136.2,66.56,72.54,68.32,104,360.9,112,258.1,114.5,263.8,209.4,186.2,147.6,105.5,90.72,259.1,68.87,-9999,-9999,-9999,-9999,-9999,-9999,-9999,-9999,-9999,-9999,-9999,-9999,-9999,-9999,-9999,-9999,-9999,-9999,-9999,-9999,-9999,-9999,-9999,-9999,-9999,-9999,-9999,-9999,-9999,-9999,-9999,-9999,-9999,-9999,-9999,-9999,-9999,-9999,-9999,-9999,-9999,-9999,-9999,-9999,-9999,-9999,-9999,-9999,-9999,-9999,-9999,-9999,-9999,-9999,-9999,-9999,-9999,-9999,-9999,-9999,-9999,-9999,-9999,-9999,-9999,-9999,-9999,-9999,-9999,-9999,-9999,-9999,-9999,-9999,-9999,-9999,-9999,-9999,-9999,-9999,-9999,-9999,-9999,-9999,-9999,-9999,-9999,-9999,-9999,-9999,-9999,-9999,-9999,-9999,-9999,-9999,-9999,-9999,-9999,-9999,-9999,-9999,-9999,-9999,-9999,-9999,-9999,-9999,-9999,-9999,-9999,-9999,-9999,-9999,-9999,-9999,-9999,-9999,-9999,-9999,-9999,-9999,-9999,-9999,-9999,-9999,-9999,-9999,-9999,-9999,-9999,-9999,-9999,-9999,-9999,-9999,-9999,-9999,-9999,-9999,-9999,-9999,-9999,-9999,-9999,-9999,-9999,-9999,-9999,-9999,-9999,-9999,-9999,-9999,-9999,-9999,-9999,-9999,-9999,-9999,-9999,-9999,-9999,-9999,-9999,-9999,-9999,-9999,-9999,290.749,310.22,312.436,306.436,163.759,168.331,170.314,166.341,167.536,180.099,169.878,174.19,176.058,184.519,185.36,189.279,193.594,193.594,193.784,193.784,193.784,193.579,191.348,197.325,197.849,197.509,202.452,202.35,205.457,207.974,206.555,209.814,206.889,207.721,213.567,214.881,276.172,218.051,258.249,273.869,291.13,291.13,291.13,329.336,329.919,224.062,224.062,226.004,226.401,226.401,226.401,227.967,229.883,232.988,232.988,308.854,309.041,256.728,267.269,258.965,263.72,321.754,288.839,274.961,249.6,244.961,267.368,275.693,268.031,265.216,303.644,314.041,259.135,277.334,291.371,287.324,272.824,276.12,276.064,276.064,275.321,293.509,193.784,193.579,207.704
real_0098,88.76,217.7,284.5,64.72,168.3,84.86,144.6,70.09,138.7,74.06,120.1,106.2,224.4,188.3,83.07,61.46,128.3,136.8,57.76,45.74,33.28,41.62,59.21,161.6,390.9,265.5,130.2,104.1,52.53,36.37,40.47,38.91,43.63,46.49,106.7,164.4,99.71,98.95,132,84.08,84.99,69.46,43.6,33.48,49.6,105.4,83.11,153.6,288.4,241.9,271.4,122.5,39.8,29.99,31.58,40.24,31.33,51.57,86.52,225,164.5,335,542.5,103,97.32,273.7,49.4,32.88,27.23,32.13,37.7,243.8,97.94,215.3,56.8,101.8,71.5,49.33,43.76,42.11,32.76,49.13,40.47,95.22,115.6,116,160.4,55,83.63,107.5,39.65,27.29,18.81,22.23,80.82,109.5,104.2,328.6,247.6,303.7,205.6,85.83,43.01,34.2,89.97,88.63,228.6,274.7,350.8,115.7,85.28,58.94,71.17,31.79,28.13,32.24,43.84,37.03,47.63,70.29,245.8,140.9,103.8,97.54,49.44,46.91,50.74,31.2,37.33,68.43,76.56,210.4,92.16,332.1,80.94,190.3,113.7,97.1,46.99,45.45,34.65,33.43,42.06,61.09,185.2,57.95,287.8,118.2,48.64,140.3,110.6,57.45,27.99,43.99,46.61,145.9,122.9,251.4,221.1,73.56,48.96,46.74,40,37.58,38.92,42.75,34.48,122,220.9,87.48,171.5,107.1,148.3,138.4,95.83,37.82,34.28,39.99,182.1,57.69,174.5,380.2,128.2,250,47.51,56.58,39.52,41.24,70.71,47.79,165,148.4,187.9,562.3,224,140.3,128.6,100.3,49.14,38.47,23.48,35.08,38.16,65.36,170.2,161.7,204.7,107.1,146.3,46.92,38.21,40.76,29.6,87,101.5,49.25,100.9,223.1,99.93,61.23,87.3,111.3,75.27,36.49,47.32,82.32,50.59,129.5,164.3,435.5,171.7,77.2,117.8,56.95,56.91,35.04,38.22,27.41,42.77,56.43,158.9,100.8,244.9,97.85,50.6,31.87,47.86,43.15,21.91,33.35,32.59,37.87,290.673,310.395,312.327,306.491,163.651,168.35,170.219,166.253,167.439,179.611,169.779,173.607,176.039,184.347,184.771,188.977,193.09,193.09,193.267,193.267,193.267,193.031,191.327,197.39,197.889,197.521,202.363,202.303,205.392,207.881,206.721,210.276,207.061,207.614,214.024,214.692,276.511,217.957,258.391,274.503,291.186,291.186,291.186,331.371,332.154,223.848,223.848,225.808,226.282,226.282,226.282,227.834,229.854,232.929,232.929,309.232,309.789,256.886,267.312,258.957,263.85,323.034,288.777,274.888,248.984,244.854,267.849,275.681,267.821,265.78,303.572,314.715,259.087,277.563,291.946,287.627,272.615,275.994,275.992,275.992,275.281,293.617,193.267,193.031,207.626
real_0099,76,102.3,207.8,65.69,97.95,72.3,71.41,58.31,68.71,59.94,77.49,83.17,138.3,112,86.74,66.19,72.76,78.55,56.78,49.06,37.88,44.04,55.17,69.54,216.8,158.7,93.75,81.65,56.39,42.71,42.67,36.64,42.53,40.45,53.59,63.65,78.07,83.61,105.2,77.2,60.03,52.14,45.37,37.58,49.46,62.26,66.73,85.32,164.4,124.4,190.9,96.32,45.21,35.96,36,32.4,31.86,38.8,48.11,113.5,94.53,187.9,355.2,116,79.95,143.1,58.82,41.11,34.12,37.66,45.04,72.78,58.48,125.5,60.24,69.64,54.08,47.79,45.77,44.35,38.38,53.74,46.83,58.42,66.74,60.83,99.43,51.42,55.48,63.02,44.14,32.29,21.7,25.86,43.25,47.54,58.94,180.9,168,173.1,141.2,78.05,53.54,38.76,56.18,56.04,122.4,181.7,223.5,110.2,83.57,63.91,68.01,39.56,33.14,36.92,39.79,41.66,42.71,48.9,93.69,84.35,88.92,67.31,52.12,47.12,50.54,36.04,35.42,47.27,48.96,95.78,63.47,185.5,77.86,115.8,70.85,59.38,49.88,44.48,40.49,40.05,43.28,53.19,81.12,54.04,183.2,95.15,47.9,61.03,59.27,46.31,33.32,37.16,44.16,75.91,73.84,137.2,147.5,66.14,54.84,45.43,42.29,41.02,41.98,36.99,37.19,52.12,104.5,69.61,106.7,66.48,88.74,67.5,60.05,41.82,39.7,42.53,82.03,55.35,83.27,215.3,113.6,166.1,59.74,58.12,47.08,49.45,56.06,45.65,96.71,108.2,112.9,419,144.2,103.6,100.1,77.92,58.25,46.64,28.19,36.32,45.91,50.82,87.44,101.9,128.1,95.38,92.78,55.24,45.72,47.68,33.99,45.32,54.84,52.45,74.44,104.8,98.32,58.05,55.69,67.47,60.11,43.89,46.73,46.69,48.84,81.05,106,248.3,128.2,76.79,88.41,59.53,53,42.56,44.35,33.44,43.49,46.63,80.89,76.08,124.1,87.79,50.59,38.47,45.7,41.42,25.8,35.41,38.03,42.51,290.424,310.726,312.409,306.801,163.407,168.501,170.35,165.994,167.186,178.803,169.529,173.566,176.013,184.114,184.197,189.047,193.196,193.196,193.346,193.346,193.346,193.037,191.27,197.494,197.864,197.516,202.113,202.06,205.097,207.613,206.611,210.442,206.972,207.357,214.319,214.403,277.171,217.914,258.731,275.483,291.314,291.314,291.314,332.911,334.009,223.744,223.744,225.373,226.014,226.014,226.014,227.578,229.799,232.878,232.878,309.586,310.368,256.909,267.46,258.781,264.141,324.946,288.537,274.66,249.068,244.673,269.427,275.436,267.768,267.2,303.319,315.38,258.85,277.897,293.197,288.692,272.169,276.108,276.15,276.15,275.366,293.993,193.346,193.037,207.393
base,138.8,246.3,304,115.6,190,127.9,163.7,114.7,164.9,117.4,151,138.6,224.7,210.8,124.9,108.4,156.1,151.9,101.6,91.89,80.99,86.48,102.1,177.8,343.1,268.5,157.4,133.2,92.95,79.85,82.8,76.33,80.63,83.83,125.6,171,120.9,119.8,141.9,109.1,109.9,96.92,80.87,73.45,86.07,129.2,106,152.5,254.5,241.2,262.1,134.7,77.06,69.58,66.42,62.08,56.73,74.37,104,195.3,162.6,305.6,470.9,125.5,122.2,262.7,87.79,72.75,64.63,67.15,72.74,225.6,120.6,216.9,88.92,113.5,91.26,79.15,74.82,75.54,66.52,81.79,72.9,113.5,123.3,124.8,155.4,79.76,100.5,111.1,71.11,60.7,48.99,53.48,98.54,118.1,120.5,300.7,222.2,247.1,184.5,105.7,77.98,66.48,101.7,104.9,198.5,238.9,325.7,133.3,105.7,87.73,94.51,65.05,54.07,52.66,63.34,64.67,71.12,83.89,218.6,144.4,112.7,101.2,75.08,73.29,77.59,61.95,61.54,91.41,94.17,194.4,104,308.3,101.6,176.9,120.7,109.6,74.77,71.9,64.18,63.49,70.98,84.43,175.9,81.43,268.1,118.8,72.63,132.9,112.8,76.35,58.91,66.78,72.96,132,122.8,217.6,198,90.35,75.04,71.9,65.15,64.51,64.87,66.25,61.15,122.6,199,99.5,159.5,114.2,135.3,140.3,103,66.56,62.67,66.45,170.3,78.77,163.1,311.4,129.2,221.6,76.54,81.35,69.03,69.47,93.67,72.27,156.3,138.9,173.7,489.6,210.3,139.2,129.8,115.1,78.59,69.54,53.08,58.86,65.63,82.94,146.2,147,173.5,110.9,146.3,73.93,68.21,69.38,58.02,103.7,108.1,73.07,110.7,203.2,106.6,81.07,99.62,124.9,92.81,65.57,71.77,96.15,72.01,120.7,151.2,378.6,162.7,96.91,118.7,78.63,78.55,64.3,66.47,56.06,68.58,80.91,141.7,103.6,205.7,104.7,73.23,59.62,72.6,67.29,49.58,57.02,58,63.07,290.733,310.984,312.48,307.136,164.124,169.11,170.913,166.566,167.749,178.566,170.226,175.176,176.301,184.439,184.572,189.6,194.357,194.357,194.461,194.461,194.461,194.121,191.471,198.052,198.202,197.848,202.641,202.741,205.393,207.977,206.68,210.11,207.16,207.909,213.854,215.546,277.906,218.496,258.875,275.839,290.92,290.92,290.92,332.286,333.197,224.746,224.746,225.824,226.562,226.562,226.562,228.083,230.232,233.294,233.294,308.745,310.277,257.146,267.768,259.228,264.319,326.076,288.97,274.975,250.249,245.063,270.038,275.442,268.536,267.527,303.661,315.7,259.517,276.986,292.915,289.211,272.289,276.454,276.623,276.623,275.862,294.328,194.461,194.121,207.916
