real_name,cn2_m,canmx_m,slsubbsn_m,ov_n_m,surlag,esco,epco,sol_awc_m,sol_k_m,sol_bd_m,ffcb,alpha_bf,gw_delay,gw_revap,gwqmn,rchrg_dp,revapmn,lat_ttime,gw_spyld_m,alpha_bf_d,deepst_m,shallst_m,ch_k2_m,ch_n2_m,alpha_bnk,sftmp,smfmx,smfmn,timp,hru_slp_m,hk_mult,sy,ss,vka_mult
real_0000,0.5579083118503835,2.3915025803718915,0.6432423911511358,1.8740218069557646,11.459916157977336,0.3069517322562408,0.25108705660994085,0.9069810147786809,0.30715204824406706,0.8367941656960693,0.6567415960484652,0.022364571928768395,17.49110912361045,0.010421385264704885,24.14890554427366,0.04489089548871392,1075.9737610738484,5.781276345122083,1.0382294829944,0.016396833652532434,0.9280917221539634,2.0711303907036327,0.08842313108067323,1.702390251644578,0.7495567669941475,-3.9561072258429606,2.3584009780670865,1.2327008602525957,0.2657254931942938,0.5065344145249677,0.41589054648235885,0.3205031403190806,6.959957743666028e-05,8.57989234876466
real_0001,0.8247313824245062,1.14615464698226,0.5420582078701406,0.8573451990060467,1.049536473627299,0.4310862317094714,0.3930055607993672,0.6503691420193516,3.949314118838063,0.8086831047554347,0.0296645196027904,0.037224475411734174,4.786261416457081,0.021882779663986933,0.00022699137909116277,0.08885590099344373,1262.367643226819,7.20014724539502,0.4352469574292799,0.033186320986213144,0.2492052289441367,0.1673088719136026,0.4012296983791379,1.401244611110441,0.5722795939962554,-4.837709398529281,8.824031253312228,0.9195375392982902,0.40117916749083277,0.77220724517428,2.4352237647262815,0.1906415708688425,2.7827465775090227e-06,3.708649583455751
real_0002,1.1187058002443744,0.2731827332488621,1.4150552062103712,0.5779069248833438,46.64084609841283,0.06392320018201338,0.5605554394285444,0.9285976503677686,0.7718266425879352,1.1520015224791684,0.3131140643046826,0.005379022851153187,0.5021385666215796,0.0410077393338224,8.878096451313073,0.11966678916796308,1039.6085869586768,4.681800957215513,0.8776192683387138,0.001895576289309321,0.5177443802744707,0.1060444881337578,0.13164927631761278,1.295608689705419,0.05089231255114807,2.547620424521929,7.305427217604662,2.5380845214899024,0.8165763889688958,1.7658350686976216,2.4014415667871445,0.36064525878139786,2.372841041855369e-07,1.9897514439332729
real_0003,1.187071090124143,3.310910979857095,1.4370547259797444,0.9284739695085489,6.89564991758876,0.34713903829245346,0.03791085410506393,1.9719328294431877,0.887393696519263,0.9895393649148198,0.5366119132483014,0.22986630638972344,92.64056573249908,0.03451488722581449,2.8050906090729666,0.1814877851823804,276.5642328837019,1.592546176814049,0.751308785026198,0.009437763364078694,0.12073619833568891,3.088236932321552,1.4962950539200026,1.8002747748117363,0.7506597224246656,-1.137109516222679,1.2358612534190059,5.769402313154843,0.020237774077703035,1.928795888132015,0.11866543744933275,0.02429997408224837,1.3826979658423795e-05,0.21681594385934494
real_0004,0.7288219787403603,0.9405668375876814,0.7245368342141353,1.4240954126216951,40.90805683007656,0.38321159984882197,0.7107968963808504,1.1378314886397727,0.41748258276865624,1.0863176116446105,0.5186631379946851,0.9797697674983005,3.958963671655167,0.020044039700579788,0.0007879274061965928,0.03915846430873591,1113.8524005334198,1.131080722870781,2.7851493429045364,0.0008298573500513893,0.14476340709225316,0.3860880502430581,0.04944002311077807,1.8879834268118654,0.7442154818919118,-4.721679763097248,2.210143851836108,0.35259860089881884,0.3496786078893952,0.5174472450600428,2.4849586073928402,0.012927954475332584,0.0005278823132234521,0.9116152833643933
real_0005,0.7329944053310582,0.4724132564495526,0.7295222374009919,2.3422694102769257,29.363548583938087,0.7961489230263968,0.8860214921788061,0.8681218758096885,0.7086442295089393,1.0217874674090786,0.859781584981757,0.33524374217024405,60.22140524800501,0.017983189943281182,2659.7732314938103,0.1462646645052671,340.95739636914334,3.14188933336123,1.2915976757552396,0.11131271289459728,1.9391194306482993,0.32908317965333017,2.400030805126557,1.6959237311465178,0.7183065686332489,-0.4964146338368449,9.614788890247375,0.8299929926533995,0.20442894063811487,1.8780575786312947,0.17183420555137915,0.04503500392708462,1.282348090632985e-06,2.2728752002985564
real_0006,1.5952429404353734,0.20818400851225066,0.737404072324935,2.7201911704233668,5.472214853505931,0.4426425332646089,0.2588746396225729,1.5870245728293815,0.2923154939556987,1.0284841038959431,0.1554308142592316,0.017637373180268635,9.04024402678637,0.025198911593689508,0.16677445796413928,0.17255903127753,1237.6905494891892,7.62977168090703,1.7810930555815947,0.019173603576414018,0.8287377643242002,3.829874541073995,4.537921765474791,0.7117897103035892,0.6212679502233621,-3.2578820519249847,8.36452611274715,0.4067058291090609,0.06735313918604349,0.5412564323556687,0.1212640567277778,0.32728183439875796,5.594213704255489e-06,2.416234348251125
real_0007,1.1921722131510397,3.8925646756454966,1.8041480276967568,1.4483570344888839,0.728515102826284,0.3100309237893861,0.38541991132498604,1.3598720884078725,0.9922839044077874,0.8615567644918779,0.20674836808681438,0.4154849456430789,0.6772314015098667,0.018544675636417377,1036.2128223468073,0.13649913582518056,225.91645238255367,2.354920285604869,0.5853681744528113,0.000789953764073243,0.3185086888436957,0.3027815383293909,0.1357006934528108,0.9871760354024084,0.10262066934784815,3.2028774386594243,3.104577468504774,6.834648507563764,0.35310374576302916,0.7093720798792383,1.5012809031752565,0.07495360333466466,0.0006087558718150289,3.6702746649027667
real_0008,1.2459769816835982,0.3629975755805857,0.8483449188898016,0.7242387703232159,3.9465471056804557,0.7020189619493041,0.41763250978562455,1.9230610005839044,0.5056979378397501,1.0048869242401917,0.9264734897422089,0.22258522118833707,23.57082979510315,0.030694815898928796,0.00030079967299583693,0.19454944565538385,540.1032232468955,5.602033438058075,4.038688277734103,0.0005436029132731386,2.569743171991949,1.5474470005940895,0.10431560352648749,1.6133530741240394,0.7539591413611731,-3.823959482394528,7.710030595733884,7.818279732415928,0.35606241278206474,1.647796643499753,2.6924290773248774,0.07634500484657909,6.4100376020961826e-06,3.0609144913233806
real_0009,0.6283974540117948,0.22405162501050263,0.9952051479258901,1.7979910229088725,0.7104232772331273,0.20288544094981786,0.6262404884822472,0.7058678644070596,0.2647919447457351,1.0585424866467383,0.19275892815945386,0.9292112519063788,0.2672158846830542,0.025511092001718704,0.15948140484337614,0.028192364171320036,613.9580958010486,1.8907086957966002,0.9611724478450445,0.0699657555504562,3.1961176615411935,0.18342204831616762,2.1094361339053314,0.8445757873860098,0.6614697863246206,-1.8559519081374858,6.178506366318734,7.117771505093215,0.02214156361785706,0.5353140853716996,2.5373500316117448,0.03297528799028895,1.2265237036613197e-07,0.19576892646226093
real_0010,1.5686186408456597,0.2885892774042944,1.4291957577319567,0.6416213780381387,28.995433477568746,0.3145143273811865,0.11681313358437831,1.8725620606334512,2.317743005404782,1.1384733189783236,0.7112323314000482,0.4753655969016,0.3520593506910029,0.047731065335005464,0.00032024652988679866,0.04020905271020525,203.05669946728523,6.475984894330241,0.2071979227448152,0.0015225359816632956,0.10723777756649132,0.10823961719255518,1.453153545527329,0.8142610224149284,0.5113157265700811,-2.8316278339841925,9.401937785490555,5.8667397026129375,0.66010060276149,1.0804209097472937,1.094082643845415,0.18745734405037856,2.930309790652792e-07,2.542481256436842
real_0011,1.0474922169492054,0.20278458591617382,0.8679865002857357,1.5539717010742489,23.63342215816959,0.28270477770318125,0.8803149262692008,0.6275248777856199,3.290353097092126,1.189805751397865,0.8547527189469616,0.31762873815015613,0.9268750533712373,0.02486272895789281,0.17579237438002607,0.09074021347167632,736.9440710561526,8.582438433566702,1.070541478781454,0.007781916786978163,0.12746118273473325,0.8042587369318699,0.012414832970327526,0.5776726048643797,0.8429170961635971,4.1688462825413595,4.893434693045965,6.7986950703282485,0.0689669621901544,1.7610579132052786,6.309401121280064,0.06000868337075288,4.723579917380568e-06,5.745761385648226
real_0012,0.5395538759199697,0.7436815652903568,1.0737534292747415,0.5307409965181507,5.1320028547915255,0.6849761261298154,0.5169374190163448,1.5293973847778233,1.2424124354408832,0.9552990371738864,0.2023964084544258,0.5908317555296585,4.025077581459358,0.012814212862382915,1.5515283448435062e-05,0.019220663166805763,271.23743482901364,9.456029636217188,0.7691939936813006,0.0041885765540577245,0.378306908399018,0.2871081946284283,3.394509603715057,1.4797044974043214,0.30339624156795725,2.4367596043731075,2.8187227233918475,3.459228513771505,0.21814734888502516,1.6312954798167192,0.7294251821611182,0.0411154975578821,3.8265645939953845e-06,9.049422227357072
real_0013,0.6768535158774605,0.9032451547405567,1.7716370026880919,1.701272897953678,0.645503667966829,0.5497708563398347,0.6892479106236827,0.5801368778555187,1.1175495540741793,0.9070630489612356,0.9554191565702013,0.05212412373654166,151.00945217227516,0.02645053441372115,2.2708066314024937,0.0657834242569834,411.07781850557456,9.232728166842156,1.6058302685920356,0.0465415439037202,0.15736100291797855,2.274060463350933,1.147417648678309,0.7650728006217318,0.8632984663104906,1.0188118881939099,2.8566719018185616,3.688133643815151,0.48203998809366677,0.6773139781243308,0.39127028808298026,0.01212653640136255,0.0002178836311246823,0.11200020521445671
real_0014,0.9908093200358973,0.627493175117666,0.7282665646852607,0.6962909279375942,2.2427228442223157,0.88955090448286,0.8546448463718498,1.963283022705445,0.27476849110883145,0.9849089065716582,0.7789482653501804,0.001340767756325225,19.48333604079316,0.04292000847947625,3457.2027159908102,0.018259179392880485,259.52528412052396,4.126324283036481,2.888855964287509,0.010820937051700069,2.9012164874969586,0.6318922878428926,0.051459583208690665,2.7677335267323735,0.20547341137696445,-4.982271942265526,2.1865790295513134,7.720058126802929,0.08825014472718633,0.6067606712064151,4.029561632830884,0.022321739303610175,3.9441473656783635e-07,0.15865853027236068
real_0015,1.198181326651645,2.041272166772428,1.6157704729204314,0.5243709852935969,4.404085929089996,0.6776025290014794,0.3135615088722079,0.7244563992747366,1.349212381354177,1.0394032581491313,0.10771309604714911,0.003582890780017456,0.3597513820134874,0.015079200642997238,4.13837694141665e-06,0.1381459677444313,253.6380880187305,5.759909289451674,0.9545345937652816,0.3506192637032694,1.965865711827414,1.542687610038195,0.032135264392715475,1.4949948054610933,0.8200214552899514,-2.215818846827955,5.689451589453411,1.586620020868133,0.44988849559839555,0.9020912106288235,0.2857304545039139,0.01811803070651241,5.952680290115904e-06,0.10567233078902391
real_0016,0.6188677424843834,0.25126907282288874,1.36563343996227,0.939731587912482,31.47040123404052,0.6919788824740988,0.199029267329697,1.0429013462559786,3.1897589710810426,0.8888756267394036,0.6520892981779486,0.5168887902140868,57.6348797917841,0.029729594777157562,1.744663210529073e-06,0.06299731599034027,314.18896731562256,3.6448733490811143,1.3007498144049496,0.0005330838634396652,3.2425832381634625,1.8608395747607518,0.20031120971223934,1.6851826784215662,0.5667332167698653,1.7507905487052344,5.974092216699352,4.893511661972595,0.6346554935670029,1.230354886811659,7.505991392804629,0.0452124341188392,2.5543265525624786e-06,0.23678189707268515
real_0017,1.579068733190372,0.308536257880736,0.8937822306681157,1.462619934954471,2.4059550267592447,0.9374291339632691,0.9661763285916524,1.44445306717604,0.8714078728591865,0.9177579845564587,0.6223832060193254,0.015636838070523934,79.49408322889738,0.012545338025186824,0.24157919823385368,0.1610393908766231,1476.0585003612994,0.6655604421320163,0.20220480563633433,0.2392063052053666,3.4340535376248518,0.42396392083842965,0.9260386299813795,0.6105927752690774,0.7098066557439281,2.314413918934367,6.651337802023889,5.356512082731811,0.7700562668477586,1.184646331627023,9.703527790783573,0.019345358195281968,2.1499325274474174e-07,3.0382003514443494
real_0018,1.2037596495121867,1.7619530172155118,1.867557824039954,1.763494560842529,8.002021485755183,0.44430605586539984,0.8180852621542313,1.0028902866501535,0.3482556695575506,0.8728627902700816,0.6479710803389899,0.1602469752561651,13.754295777505941,0.011991126899421103,2.0947014149394548e-05,0.18963392770892476,436.290512891799,5.516041195739715,3.2466503390566106,0.0014652289905200942,0.8079334825514599,1.2953669224558861,2.434052442628023,1.5136921314997482,0.331350611257335,-2.1257348360737653,3.8939269722895293,7.99784730476889,0.38172407430758354,0.5869068641700601,4.209164072851306,0.034597413791919676,1.790503532561315e-06,1.5683121290187876
real_0019,0.8058450924454739,4.243419480392048,0.6270746699232176,0.5127553492000865,3.9136614131484886,0.5008333570651397,0.058849793361534605,1.9902513394922678,0.603247630601524,1.03563471155821,0.17970668934228812,0.35628181979004714,134.51593449017213,0.02106100253505478,0.0001311387293574289,0.08555462302486876,444.51105657786434,5.661696231824715,2.4054463168618634,0.4104647241233054,0.23427239913707046,0.9154038876300942,1.3100279488858917,0.8726332823849616,0.014273642556059252,1.11149743859246,1.8099564406707325,6.363214096161931,0.37549852142401846,0.8642792778493756,0.16280254700747704,0.02561624204489275,5.768659901015279e-05,0.7202139247600391
real_0020,0.6067573816744471,0.8579531808897767,0.5938089219917949,0.590561811530628,35.721278787609876,0.3928197190755103,0.7315523559075804,1.123372846972529,1.33238932921342,1.0174814321586332,0.32456908175022364,0.24064784714237064,36.759434840603475,0.04344256439789471,0.0001473395122448566,0.18821181682211405,802.3637366646843,4.111814895883276,2.7770006433740244,0.02504761066554641,0.3586611933905168,0.3424304613915333,0.04976308517176949,0.6263563101337621,0.4885664938665002,4.571229787888289,2.7782555396525446,3.3085411857500118,0.6325880047919966,1.5389059126223863,3.980877439168327,0.11053517053643466,0.0005041004760247724,3.661088403963452
real_0021,1.069852997187357,0.5792525278962664,0.6013382705238992,0.6520711224634649,2.4401941883873937,0.25543159186781184,0.4208752094873143,1.140551736367598,1.5244477909628922,0.8577555106057009,0.47020600536826035,0.004900568617703123,0.24609973827520498,0.026186392325613338,2011.56564243523,0.09980643512050286,575.5845571860033,9.341019209651499,0.8912225793448276,0.027244386366423335,0.22929116080653553,0.45517125585090656,1.855829624233152,1.379982969582392,0.3947882515543562,1.1483321926613836,5.302029892738147,0.017793125935979162,0.813608273836207,0.7922375194023346,0.6281056057320813,0.010185366553754613,0.00016852516199926862,9.24113485866306
real_0022,0.5731422312202448,1.1809973009169088,0.5892866116248698,2.785741377053452,18.279363513071896,0.735630129533091,0.6330728515481645,1.6528009762935336,0.44093743982480255,0.9370031711643466,0.8380971385796939,0.001523226959400982,17.03728317572505,0.04412255668042907,1386.9822018171312,0.07965528214865542,534.4632187514487,6.620185195636424,3.5360549805491694,0.006268414483677562,0.3725888324842147,2.56362438355306,0.011756571201445165,0.5598881141894598,0.4471803907655323,3.356988706661795,1.0000853450724136,0.15765391134947787,0.03300585579112541,1.1782543224706465,1.686909366162899,0.2528957494334027,1.374149891385924e-07,0.22681677688065718
real_0023,0.5243838070979631,0.9352601329117393,1.0424213938900087,0.686257784567231,8.933562619164666,0.8343104302533004,0.7679424427740382,0.6700789239219095,0.5531454700868161,0.874935174844815,0.46263527126872717,0.005253740894984845,4.961451363897225,0.028682086366985517,2354.9196067870553,0.10726619510303273,301.3432934989705,3.6741618247136714,0.27021251433561627,0.0006996372488521131,3.9505548574187324,1.653789855815413,0.06639757777602737,2.438256436775889,0.4453861908538594,0.7834588787288412,2.5211312686284773,4.319868391614859,0.322847935057372,0.9726996603877904,0.22697202811818917,0.08223324874310609,0.00013459077063600705,3.0170965538854833
real_0024,1.417956445058299,1.3150010898110382,0.7549678781771783,1.8511669119353331,1.2692688543711235,0.6170572438656039,0.5927036152825415,1.318277857952922,3.4983871671367193,0.852249233357657,0.7251914275493714,0.0060448799910545244,1.6006009695628178,0.03709506968753791,3.797854627415613,0.09462141633603585,1273.5898092933496,8.953552415271997,1.6177979698919955,0.012953037746528104,0.23787591630705485,0.6093513732728988,0.586384987521728,1.2095428719035535,0.08602493975588243,0.3359205711262083,8.317364141206827,2.982527382885769,0.23392626248691703,0.5838050622024041,0.14111722541373944,0.12347751123929511,1.5317750567753674e-06,2.8303894613381746
real_0025,1.1109229387002664,1.511799566871132,0.5461752828047082,2.7127435341171986,9.913259118113531,0.9633102057585862,0.0886723199110344,1.4737721159208197,1.2861263861123622,1.0067919278323842,0.08748343282103947,0.4348974045886829,17.28744076562172,0.011505570387936004,0.024018639119280472,0.051961589316351225,214.92994948613472,7.415961948716366,0.2725909542734771,0.32225256922279755,0.12620221276806107,4.517263379427105,0.9766695800166947,0.9962470208243649,0.5714386250673817,4.99775142176976,3.455103337986702,7.653106119817595,0.9457653074352186,1.42042627977486,0.23422678640021533,0.10885763955014142,0.00021651253801448128,1.1963839028203407
real_0026,1.2044284220238428,1.4468375903456718,0.9900521521380488,2.327168458097401,4.9512616160467555,0.4984354329053195,0.14333216595333365,0.9329163247258957,1.75314919213735,1.1589701144221547,0.5675070091260006,0.020011802878198964,21.344382043046412,0.01160346635804659,0.00013652896351697664,0.059808804920546604,1071.2744654202934,1.3651887967970908,1.3450448916608058,0.0012701615225828421,0.2679182235052045,0.3460124634542508,0.2322525474154311,1.1162308850401934,0.5245048725810992,1.5058954789914916,7.47576646394693,4.734027372756234,0.7820052508700616,1.6425511236106691,0.9636725019707657,0.2120093802029422,5.656848882566961e-06,0.7736618361604015
real_0027,0.7014259362550028,0.440223472252976,0.8215315643010012,1.1394088619443825,3.2669791736732905,0.1971938815165584,0.6874873164202673,1.3388673416631793,0.6751511819470127,1.0956823289910933,0.7371684557201225,0.002072100314131648,0.27834456258354584,0.010991557829023564,1.554180722152824,0.14190400598869762,334.6934929209336,4.1841362705502805,1.197074529090593,0.0007685885961178892,2.015839692761734,0.14010465297518407,0.7128334471436979,2.1952501288414226,0.49435898414469215,4.3882713586262,5.922097467398995,3.5719241435683715,0.46284628549864526,1.5235167257792244,2.106193657214943,0.2614016118559521,0.0001406846787301593,0.5069832669413485
real_0028,0.6678197168617815,0.9446869735918214,0.7877228747825613,0.5106619462219053,13.223855008718434,0.6584849698121498,0.1060114036727135,1.672630740176271,3.415963463171717,1.0382301124065914,0.15026350966578414,0.0023267728260836914,138.9086075604747,0.028327514654181145,11.647092025219692,0.02846543075108405,219.91411783591082,1.284154345067031,0.4965431006978481,0.0023181969591072513,1.5598439013114427,0.31075545224571854,0.28657661076264146,0.8216487189252042,0.9089300282639786,-2.2519909750950946,8.38957394964423,4.498995823113846,0.5663574357190688,1.2792278308178997,0.43950767003253266,0.2901220069787995,7.198185211283385e-07,0.19040689169475136
real_0029,0.8511277186291161,0.7439257842598029,1.0639052077201239,0.8281114126058383,18.176235825369872,0.8153666603977948,0.5798313980600476,1.9464534173738786,0.2641428505231037,1.1231985440846208,0.5132780272985283,0.5296803387682019,72.33772175249665,0.041123336182440004,0.0012949687986719154,0.17418330481661462,348.95764936739806,8.383046534203151,4.64715578053982,0.0005027216267450737,1.3849761740343496,1.6894323957589539,0.020785279473915487,0.7348724769249596,0.8853199026022586,-2.42800609286568,1.512510111509662,6.383200977513991,0.14927857301265482,0.5762269101812947,0.25044500610559745,0.1600500091205285,0.00043683962932697395,1.0809323903439823
real_0030,1.3702327737427618,0.21158889938751094,0.9726328549412945,2.889541710312753,5.2538056009842515,0.7530989109566532,0.7068561204873387,1.2918739776574146,2.182388709397274,0.8015605432873792,0.6511236378601261,0.030221686432651343,28.882451807714784,0.03530714455430834,0.0015022150325566144,0.14065882871925736,1304.4761608423437,4.5881631333646204,0.36264465814123875,0.027524842745464486,2.2350840276016166,0.5447824802591191,0.19696734443587538,1.7317386808698627,0.37603953289068537,3.726530936853436,9.805560577250665,2.588450422760704,0.6868840481947643,1.6032359026299345,0.3393683966652959,0.010618115712132992,0.00010428004747251066,7.880515325961034
real_0031,1.042698443351153,0.2666460771835586,0.902276369669125,1.2388813728005075,1.9403111737252214,0.9202087543804621,0.8157667864876015,0.8068879454944052,0.6426213667678703,1.0451492612593245,0.7306409823233561,0.9590842748249694,1.3880219971471113,0.01951334704860032,815.0002411265021,0.1481600245784539,1006.029120368005,3.612204548888665,2.3915805533554626,0.004431855882569486,1.485228077186106,0.16801919905482254,0.12653243441704198,0.9581269844273356,0.8792644050002297,-1.333317774660825,5.090395690013786,5.294602749364089,0.7028492715090071,0.8440341583245771,7.584253099524829,0.22789237522909098,4.3462763614987546e-07,2.648807273927008
real_0032,1.0795670726579092,4.553108395488598,0.9625683585737571,1.1759085097136424,37.27186035516546,0.5767904606512108,0.5398202035207103,0.8691276145706257,0.509004689405909,0.839081167295341,0.25972113983858874,0.011091906426252051,0.49094671913584326,0.010371635119674958,3040.5114640113634,0.18513566954649374,1202.4765420670176,8.19548671802366,0.34151637503047916,0.0032011821006333583,0.5377152791174569,4.63068262199904,1.105904889166676,1.581980450299306,0.5772393370519397,-2.9213419843517348,2.6736547806195947,1.7931142501854624,0.4557732350843489,0.8346035440075039,8.338396233958834,0.016995254848077006,4.18126435438084e-06,0.10385977542984948
real_0033,1.2637262570950696,2.372143696567552,1.6954802529608675,1.235997525585501,3.8113930742101263,0.704358602572918,0.5894523197350411,0.6634079325414567,0.6820717309761659,0.8227086823110825,0.8121903981739218,0.028997934182611255,24.025854483193775,0.03722241310440817,32.93578538005947,0.020969910769926187,205.7646866501354,2.173445288624469,4.852644696204027,0.008703517113221959,4.138557544483468,1.7776017785729852,0.7592777184644098,0.528220149987797,0.5014976415593341,-4.923972211323146,8.712842634035045,0.46228849631258084,0.5033049392182355,1.5621319013571344,1.460105984275095,0.012491526501063513,2.356517775837064e-06,0.21099398465003705
real_0034,1.0144273509090316,0.4139671581399755,1.9368943552560165,2.266620990087375,46.71815982707256,0.8389314700608024,0.07696979208848403,0.6786181886079059,3.2068900918982757,0.9733502234426729,0.03964624921990019,0.11046727744357608,10.174519566667387,0.024163799851061346,466.26603716335666,0.12389511902244255,320.8077887411422,9.795046578288671,0.7855361615123102,0.0011897935226749866,0.1111097508250167,3.553945477471621,0.03156940259968093,1.073462155831853,0.7135029816211428,3.5623782069606786,6.437547682301997,6.546820661840354,0.5588071860926788,1.2068885280603212,0.25679941289335073,0.01176142227995639,0.00024722801963940945,0.7492282759036579
real_0035,1.0354889329072738,0.8054500846426248,1.5577895408315077,2.8123529854112643,22.26976397285303,0.9865207553444896,0.9548971798839938,1.5611663756614205,2.2381592154529906,1.085848838539813,0.7751328413016193,0.015970019727329785,2.099833577280243,0.010087630410120826,0.0004887504836424425,0.19121978365485842,938.3821206755254,2.3297238415124455,0.7354026732734223,0.0048470995665330354,1.3724208164955392,2.3013611624313577,0.024882357856487465,0.5575179194945481,0.6345413935229902,4.010438369415386,1.833665493134159,1.3850255221927557,0.35981977171736906,0.5359849203250693,6.98239268933753,0.13846718883948644,1.3156976287777996e-05,0.8842705533899381
real_0036,0.6547539885521101,0.3684103210662087,1.0124704652290473,2.767370072548931,7.6579522667520985,0.594217783650523,0.43018605298376483,0.8964798648516221,1.4434927804948914,0.9292464012622762,0.9024281845786735,0.0030240915998413294,0.8143796659307807,0.010748444962987954,1.4309675322048447e-05,0.06325387680996934,403.00161960024695,1.6664079440719461,1.0284712551815969,0.0053125328288408415,0.6256512009954907,1.990274057702021,3.644957254805399,1.1910084944742447,0.12177673090612567,-4.941406667581609,8.255796959029183,2.4977184473006173,0.8655883463474597,0.7384019546063196,0.5158077651323065,0.015099331996288124,6.166435200627041e-07,0.22043433194662626
real_0037,0.814812707517692,1.6844456058080057,1.2554257456488933,0.7893051048065705,0.8994664789918646,0.7603183180874511,0.7140421846978252,1.5836184314669082,0.2689412076481167,0.9242106112631808,0.38699727909375264,0.002212901241583675,0.6441509922894506,0.010306559174465761,2.4565791247025456e-05,0.007833901081121974,643.8573179932484,5.406421712528237,2.0327641328690436,0.05490219465096896,0.10226781742234463,0.21125491055097895,3.071901598739467,1.968400980999554,0.0028630380073747094,3.2726629836428938,5.606681849046802,7.214924473914512,0.29787515411947074,1.8318699043672126,0.1745035176857614,0.01683093055970894,2.580444622144477e-06,1.0153949839023038
real_0038,0.5467965794800292,1.2553143192116611,1.0609693087570435,0.732027294125399,1.029304952850867,0.7647088040121797,0.6806717653282479,0.6388532109296183,0.4505366301125453,1.0150270781282233,0.35351107908494683,0.0027135918997066542,127.8017998942301,0.043807969099939,27.763030455481683,0.19346757906359663,1127.0017076057093,6.678910397820439,1.2558944488643657,0.003702656353823917,0.8177400212800471,0.3362764048828227,0.3032359297440313,0.6796959065289786,0.44912533602766386,-4.699469351255878,5.891382279302003,4.557634325393107,0.8287229066152298,1.3396564086942788,0.19953628970716195,0.02510911454583314,0.00038605193049580513,0.46080274178068464
real_0039,0.8006716588039753,2.536218187142151,0.8403611467717664,1.3117929756796547,0.5567396175286852,0.07632324914811563,0.4545822460890295,0.9916216422205465,0.7661552349474251,0.9461084643677289,0.62437521858553,0.021655371383920704,24.99322006994322,0.01857496310409134,2.0897634506993525,0.13432438516089598,452.2701148274682,9.871287853607184,3.3975611413517095,0.00649551025730354,0.34003427520263374,0.5145488909876128,0.2826656592119507,1.388994358566713,0.8515895011168351,4.736754337163742,9.64511914842232,7.700860745894559,0.815611181827543,0.7270345757269568,0.1288492306568955,0.12697053416102563,1.826085105505101e-06,6.090508684582839
real_0040,0.5233758180895915,0.5725477885736558,1.1699726939834845,1.0766663489751362,1.4610060352132537,0.20705405677008512,0.018344366277652874,0.8494250113417486,2.200006512462301,0.8986142216703298,0.2921936202986099,0.05491410613665654,0.5732924778670965,0.01939583999424017,0.11225152731364185,0.0308322941120011,448.94692621005794,2.9974281817348243,0.5240700749142929,0.10128477346032981,0.6067237192746439,0.47458285428492114,2.0432107605917365,0.7154679852952697,0.05791741505194387,1.6008079845768428,1.7507043460653309,0.676828237867151,0.5582679185237442,0.8033944827780423,0.37302977337298315,0.12271002564933692,2.3819905547792756e-07,0.8170324342757076
real_0041,1.4352552100155322,0.2762227701105642,1.738857360792979,0.5034443634255047,24.109360012241766,0.8463465219369162,0.18116113178861093,0.5510489819463735,3.4623462757779255,0.8566091823851686,0.7903787269833458,0.36619826624081975,6.24692375028026,0.03792092913483927,9.450962280816867e-05,0.12948313755776059,1055.6819886253895,7.079517950807358,3.286975647996704,0.02941916204626711,0.644378498379492,0.40507679332050545,0.44012721674801875,1.1381752056274217,0.293797843152641,2.5194360763729335,5.368687089814777,4.967727014231548,0.7454836796386457,1.1595341947766304,1.965379383747292,0.13070379238296503,0.0002758786079225996,0.16155103485427347
real_0042,0.5351787176735291,2.8092343431220814,1.855390343442016,0.6348027076098719,41.49043752669924,0.2756318962158086,0.9687275231901656,1.1018309887775921,0.9367588670518547,0.8951025917577234,0.9938723538632804,0.05418301360326009,0.6122408444065075,0.010428981177489739,38.777265587517604,0.004425331391481023,360.4868076238051,2.2913713942940745,4.066839762589529,0.11020297472240795,0.7564767717627716,0.41928464151632144,0.3210834221221404,0.7485785022478558,0.13772827365838547,2.818976862140116,6.658262213963619,2.801449264936567,0.9271873393366753,1.2637852792144835,0.3765154264101903,0.029663185490609246,5.422083303803932e-06,0.24556242118651095
real_0043,0.5779347847286381,1.645051488344743,0.5050901342653404,2.0865344667165853,14.311353620260947,0.329232718293271,0.1876493754234351,0.8424573128427579,1.2548312450257653,1.1049046608016253,0.742214624725665,0.006237145655568453,0.5587739139220802,0.046209570009263796,0.0008843336936309782,0.12839792595713184,1414.7850819935463,1.0295589316147966,1.0027189147284696,0.2038782789750998,2.4841066338270283,2.5758449902784113,0.06201823975738735,0.9774120394440056,0.421962774202506,3.629380101580253,5.2461415966886324,6.951608978771727,0.408099455020777,1.233954205493163,5.1356182667392725,0.3017200391401691,4.481520206253999e-05,0.17480415323362997
real_0044,1.5829613884150993,0.5240593833766545,0.7799160221518068,1.1972438324938628,9.510783000893394,0.34652196218576314,0.5770144063966526,1.9154725180592735,1.0977100147217949,0.9921937224116892,0.24347314618623145,0.0014020330675953352,164.12939165462862,0.012761074699813255,1166.4425440176014,0.0008794334654125233,399.39071872846586,9.83494539600384,0.2455860625553391,0.0008484095009177079,0.7245278044293417,0.34955945259210036,5.540375126375031,0.5837120266439536,0.658582658907117,-3.549412172919474,9.889890860188613,2.7801687363636782,0.18366215195660845,1.4386351135314435,3.8853552203992616,0.04902511973811027,1.9106423844698314e-06,9.933303815515796
real_0045,0.7100692731306761,0.8465701837454044,1.4046405201127312,0.8219340772303366,11.56244978374024,0.07233262374149103,0.8431487781666301,0.6520217341981802,0.3743658091855339,1.1123307719018745,0.11764111416527973,0.01634724300056489,0.2862743583692909,0.019925337961572066,1.895986797904744e-06,0.07295682400896618,298.3415747735903,9.595035614184615,0.703240828590889,0.006376859234863203,0.21215193552814954,0.15072454109772798,0.5765180543396182,2.6881319172010447,0.5304719945252412,-1.5447368902036018,9.332740060252386,3.735966909644622,0.6488331368782149,1.3117280868049754,2.728948366118368,0.31498495628097695,0.00012679970283162084,0.12578661582662265
real_0046,0.6367678846055953,0.2839855388882216,0.758028825606936,0.6133436101178289,6.529776543642523,0.3752987427763986,0.7810265775279688,1.0794322299496486,2.6915128284369474,0.9623433710501532,0.9462173142065246,0.008078878300303,0.979714906367455,0.036338017400688594,0.028527022164750712,0.011949164806554835,282.71434335623593,5.386286958852598,2.198975343943518,0.10246570086304407,1.181438914683945,0.20691905440633832,0.6038015748312595,2.2486797834383037,0.11859259926090698,4.303395999475455,1.219513339536736,2.38492712551261,0.5880596011755583,0.5515683265152062,0.2554679856178673,0.08859280578575375,1.2518012165766e-07,3.1095808207012885
real_0047,0.6462204960008365,3.031317768300232,1.601754607796171,0.5147998277494968,1.0442878044736894,0.13833265827454128,0.408445807649063,0.5045624782304476,0.6972346394108028,0.8152360415433411,0.7088599140998001,0.4904504005519512,4.34352836482582,0.03574956920974195,2.9336412361367246,0.10175132720568952,267.1469790900151,6.24426149868798,3.509204210835183,0.0011386677185931287,0.1421959336111946,2.3051821846466765,0.04546130714912779,0.5557895348168329,0.6976198814728898,-0.398219159898499,1.8891142237676601,6.859953212810078,0.05825565555264459,1.815988851305516,3.256731713820334,0.010878253254473736,2.2690043923671193e-05,7.302091281901358
real_0048,0.6652054524680088,0.28995155198536987,0.5539900418405818,1.2896587751046646,13.544686274678575,0.17814822699609711,0.26986683366227004,0.6853530463046715,1.700591444646885,1.0643701162340549,0.8709364628113871,0.0010027747153566293,0.47892589983976486,0.017933933103740158,0.6976068197220477,0.13791842417905037,469.7797241825779,9.036054412105766,0.6985130261608641,0.020073116756108948,3.1085740371955994,2.1500637385522188,0.10607499404255315,1.4308441922336543,0.43244937894909175,-1.9830665789898356,7.757185515447841,3.8405618689777543,0.6657006443090943,0.538327862008225,1.6260414834822674,0.029192632265184645,3.6926586624497626e-06,0.12688316068769387
real_0049,0.9104026408272201,1.1915856753969196,0.5300506548148026,1.2024244205688808,20.40734955667984,0.5913654544347235,0.6866847344297274,1.8056436161626606,3.7796344418962713,1.0063197226689655,0.7054567499314928,0.001155173816491103,0.251620253535399,0.015320235289098138,6.788366226656925,0.07232820237754344,278.0362226666885,9.545757097520964,0.575285987590292,0.05733238855344427,0.15317838958691937,3.3681541885100863,0.028977009040796354,2.414358181284152,0.8295737827629002,4.858263075006944,6.99844105096263,7.275784371483231,0.3182423842680392,1.1567622379829228,4.062132833660598,0.026054305270251807,0.00036281481313675735,6.964458347412513
real_0050,1.019068606043563,0.2078552793346507,0.5622985386894385,0.6771621626306126,3.446413566185386,0.0456135249187892,0.6992257394915354,0.6283540111613192,1.4329659336416656,0.8713029597449626,0.45757558570127776,0.004659042788108538,0.5182098342517548,0.01984259204390048,6.191127538900706e-05,0.02910807724541515,864.7966788907581,7.552127256804311,0.5075487369799843,0.23011640296628952,0.21531842943221724,2.400555365517888,3.4878349457683555,0.6369704489295757,0.5349912101564023,1.7611041991341603,3.292268965902306,6.8778416037105705,0.8594811678173314,1.3656480686386456,0.5293959239439304,0.12752179639751587,6.637394727476187e-05,5.070262570660322
real_0051,1.23932603046484,0.5346747497713721,1.1419843031801553,0.7637473980991197,5.855153166749818,0.4055629544882781,0.90544648549113,1.616555439412723,0.3191302910123056,0.8283602015070594,0.40942003376010927,0.012128675091339925,0.9658321426335184,0.0191306226210914,0.0016452495024392663,0.11297981289644943,555.8170207685138,7.844030699507848,0.3259897182005316,0.06278277658291313,0.8689989237430873,2.503337604325363,0.18112868451830963,0.5507406518326796,0.21180578537526057,0.5984379501299841,3.6159789348586617,4.1787061553181255,0.6242193088836633,0.9810237750221331,2.3576560218105334,0.08950599053564222,6.790763169677088e-06,0.1820942493553164
real_0052,1.273974641962722,0.3952849706260165,0.5191851271592346,1.3724490612439624,26.188955010905293,0.6770267066392514,0.1360041657049742,1.02675252867255,2.2310177590093097,1.1888104656693896,0.5766921276458096,0.006321292910001012,1.0831407401542004,0.010865808824954564,690.0837148844104,0.15366141261853483,283.12073662151863,3.0368414030354445,2.7534447466858256,0.0020945286418986983,0.282773110887788,0.39039633618708275,0.15947343885966833,2.4660588575538207,0.4284332447283681,0.07377802904905995,8.864376339209198,3.1727203073393984,0.015086290934660952,1.742500821747152,1.7628572348367544,0.20233422651309296,5.927651780356171e-07,0.9874024158898815
real_0053,0.5369568235041356,0.27187884258468514,0.583457307828016,1.1185208346829132,26.53625506417486,0.43460474090798,0.016749889561450546,0.7580405058714825,0.2843577329893565,0.9141200175374554,0.013485812619716165,0.004163153005071746,2.4388512855232114,0.044751242444796585,3.9959163053434494,0.12058902239333474,1067.0984653841886,7.692394387787593,0.6577584156314489,0.0009373912165591191,0.527423684627363,0.16577296684326362,6.2173196959227015,0.5982696202861157,0.793031374877044,-3.870368168215879,7.262590329716277,2.9998961052869815,0.9197472746586948,1.4538201433359332,8.275653639207295,0.030960640226866773,3.263888611886793e-05,0.13439426922951192
real_0054,0.9705818848086568,3.385548124372472,0.5645123193276391,2.117118198447836,4.472884178332848,0.08240856614911618,0.28552548058831867,1.824832827552498,0.7019007351845472,0.9963225461971423,0.6746524767243282,0.1169093828563523,0.3372781834428692,0.033844122528652536,2.7933461025297426e-06,0.061562316741165704,265.7137329331259,5.095121862954257,2.6239881308099884,0.22749034849209623,4.854440677178999,0.11905003389805707,0.04280690583918099,2.3366259038604555,0.5691648894830789,-3.460129549537083,7.551825005567669,0.44042837170179694,0.05086527387632406,1.6928332646126556,0.26286437621290704,0.011023176307451296,3.803893365218462e-05,8.69623662113003
real_0055,1.436901909281711,0.34666456403471146,0.5154636091176917,2.782374794066421,5.716505152095366,0.2887809277227596,0.4758328783914312,0.6026045203683951,2.0397300962847607,1.1927825636737885,0.4770110056387142,0.03563034451922241,7.707553557378953,0.01528190310341087,0.6398081494990016,0.18933227079877857,316.7864701541411,8.703774244200579,0.47343459784487946,0.07373058816307806,4.183999897358805,2.8190490938855035,0.5047212597108047,0.8935604426911399,0.8866327229146734,3.9835400282224267,9.97580571149769,1.428400496650084,0.1427885946228357,0.7879738948932149,3.6168201135302978,0.010377439364537697,0.0005845078348573898,0.37378475843647135
real_0056,0.5106442211401125,4.494520218298475,1.8426363849532514,1.0690988750666381,1.6352288016434877,0.18600824391981144,0.6060018130014208,0.9650759679611771,0.29183629689401563,1.0207943661351488,0.7643000791564964,0.04479367995692613,12.282647556656434,0.03751186476007994,0.0011111237269230139,0.0027812593519650104,236.4012078168487,4.26600543824285,1.7675500798909487,0.41412171329678044,0.173228104133969,0.6541265584408508,0.05067671453726219,1.6007340485314097,0.3620368756057504,-2.7512164297358814,3.531592169226098,6.985766465746789,0.27685776390305966,1.4371813099919493,3.4581738568387155,0.257123735272002,3.465773522803244e-05,0.6003625918283334
real_0057,1.501409288064811,0.36405399990014076,1.2877873301758755,0.6742967480458031,13.795579995139942,0.06776980062302777,0.5145523427745133,0.5313383487851506,2.2999632138506705,0.8446201002020789,0.7620357219183503,0.16578673354555998,20.400033192520596,0.03778905846457247,19.634262254039683,0.17358808062902795,943.3274795807787,4.439414203223924,0.9349404682041319,0.002256518722143082,1.7097862329323494,0.8776374239002185,3.5901984034500196,0.6389221541406328,0.47514368395304224,2.5630715955817216,1.5533158604781907,5.937200276917625,0.48466496591874675,1.6880947865743205,0.18962250290572777,0.03035649004728141,1.6538560800287478e-06,1.5412668384750017
real_0058,1.330054572457857,1.9329090056152523,1.4955739313083625,1.1126720895628464,0.9088757253170454,0.7761462854326223,0.5678336097646066,0.8037735315419994,1.135144916805412,1.1470760724463318,0.34770344436550504,0.0230913964478261,88.26289052263675,0.02323580761568701,0.000643804703111763,0.13987717063623437,703.1468241383737,7.42301196574486,0.35490366106610993,0.028119990879688455,2.054751214022152,1.3865959500195753,0.8452831613780224,1.7447627063860223,0.9485702448008304,3.3867009375501027,3.9312225892116457,6.424321150596184,0.8393086092982368,0.5006192103410041,0.27785095935756526,0.010978289113244097,0.00037061858270345636,4.3605409764290375
real_0059,1.313092918622632,1.3721264192053664,0.9231332155671588,1.8406780054605525,0.8189230736968346,0.8025674556545294,0.8775167794291303,1.1248747010859785,0.330635795963345,0.8321057893641669,0.6605592726582051,0.017708927564623028,5.353095314998785,0.016070138384910726,0.00011677480577128393,0.05804346678832171,888.3813702684428,4.324965884957706,0.8267992062427977,0.006750476600390175,3.979102839136202,0.17343616833812558,0.006728389875747698,1.0558558106379146,0.3520436627832916,-4.549697332463076,9.28620696266918,2.086740482042932,0.3309585690490206,1.9387560486308588,1.2935094830937595,0.18167304907798637,2.943140412613287e-06,0.7363009761953719
real_0060,0.8203330807806621,0.9922249671235165,1.0356449007098307,1.0235763907120345,22.91068057719888,0.6555638453057175,0.18512097676683348,1.0823656435665714,3.352352707761416,1.068034784751851,0.07997529489551293,0.0018369502002634102,0.7951711574777419,0.033205625370360446,1675.7060219828631,0.022191919401102062,428.31642660741574,5.1894975367295135,1.9675847239602426,0.00910500803286404,2.1637393944389807,0.12281450005301645,0.07096697652894131,2.236895052943003,0.9968473102411012,-2.4013978896149974,1.2070434338853568,0.23953816242883724,0.34117249456173004,0.5719726946023371,2.2255539326837126,0.3386893074764912,2.0617495051044292e-07,0.5488098550530521
real_0061,1.0532309724685256,0.6518683231636586,0.7090238725037437,2.1744241059903437,42.35771837037219,0.5882215178081383,0.9730558386656218,0.7970823752350723,0.5960231529762137,1.060995059302658,0.9853496255048118,0.19933375711200707,41.05314539023448,0.01057432529637745,0.36623113388759654,0.006986603705255338,209.36961806508833,4.017052454380789,0.8711435891460731,0.002456139272141021,0.1313978976011646,0.1529864847091189,0.08456886596473502,1.5542874564688847,0.06624787610888176,4.1047693288743154,1.6074479957083734,7.314092029014021,0.39373774956422103,1.056833152417826,0.3299332829243507,0.14961804983842492,3.611675248490812e-06,0.8629213849588953
real_0062,1.0126629044320803,1.2950619036053685,1.4928577159165946,1.1300055331012633,36.56034666072132,0.8527139566496084,0.07140796697228412,0.5372668290321743,1.501200415060906,1.007218640333821,0.1462164988829497,0.4087346853990641,25.12815185056476,0.027567473714153985,0.07642074003120523,0.04847717669459739,397.38681938070533,0.8277033547471193,0.630441021020545,0.0358870324707066,1.6732595200854699,0.2365151941742692,0.042130127539385456,1.9220337859162375,0.9459816195311023,0.05857052350114689,2.53907594839968,2.840509181692447,0.608582871506691,1.2897538542178688,1.2107626821107933,0.09135598925189674,5.743333517011369e-05,2.2373678697072545
real_0063,0.7631570282606019,4.224116018965324,0.5812512579380643,0.9910912947074165,38.23857474853937,0.9465286529747434,0.3976247796219546,1.9350530028363306,2.2930214286317083,1.1542198065165676,0.3275403738988884,0.01693539527204,0.9905629381014094,0.019336488144773324,0.0006116136363470308,0.14091036953681632,279.9078167407626,4.920849159056562,1.1406982065931124,0.048591609570965,0.14717483257535807,3.339808741822458,1.2821114248928709,0.7085199433579127,0.6197874862574325,0.2485194192962572,9.411900538972493,4.168040192789363,0.28208713170699845,0.9311138519678783,0.6699011406934875,0.04819077906428675,1.7491032209922232e-06,4.946103054704114
real_0064,1.5505863596823677,0.2828233073916569,0.6280828958427749,0.9259914781267041,8.30224614502944,0.42375583419147506,0.5304195103785639,0.5825962884782679,0.3027526893890462,1.0338071373274176,0.7076364547052545,0.08984728804881943,3.400568017304486,0.016679155013444958,111.87635787759757,0.02382554496138853,246.34749690861332,0.021176970746648635,4.923272768207157,0.0029232463199805165,3.5179702112683233,3.877738824836162,0.00936184559400689,2.1318072047079886,0.5182373547341577,-1.4612589713865902,7.370105114470865,7.842975590718011,0.024500066451042905,0.8364496121907358,1.9358524361238472,0.0924396809275828,3.084965635045648e-07,0.14335624143345335
real_0065,1.3605656714450736,0.31681853892129613,0.618776420642709,2.122807606460964,0.5942764149481632,0.9962137635778877,0.32504575799884244,1.1709816992273105,0.396002088555948,1.0499822770279508,0.006710329773987744,0.009565654737592823,15.85304059681687,0.01229515002535045,2.752600270897029e-06,0.03370132304028226,954.0293302419228,8.1413431135547,3.146117852831765,0.011452291325980744,0.578482889064333,0.9568281287693157,1.121822367263083,1.9027984575498171,0.7814970289337863,3.7975253446605155,4.908456469972801,7.477122575502286,0.36712932144512855,0.5579271606639702,1.6950693611029777,0.09706512604375916,3.79272214160797e-07,1.4488325594237779
real_0066,0.738568052732315,0.5502167833843497,0.5362759965127798,0.8764535853348617,11.809745807038622,0.5868638591184755,0.5377371331527904,1.3333794911584056,2.1421075908940552,0.8036330954345918,0.44393240525073635,0.5048145695633781,0.8110936342934048,0.023526840544154916,173.6581272254923,0.025371639548587704,344.16646967429807,2.699734238248964,0.9711854448831123,0.0008943895515701916,0.1120677966938125,1.7405165585553146,0.008610010503437104,1.3371711210016823,0.6314468627367545,-2.3626127634624297,5.0253210643089306,4.009799029268051,0.053074049184970475,1.4818195985222236,2.7763627898461336,0.0777789510624557,0.00018899465517693771,0.5307195393736034
real_0067,1.1292406846431382,1.0572553275966472,0.857186414382134,1.1697860664679558,3.349183252334449,0.10643347983518965,0.28166463189951907,1.0002595006833177,3.5778780879507894,1.1661967235286967,0.7843995898613163,0.003117122494841257,0.20543855077754417,0.012435177248868152,1090.5885397463023,0.19492305139416966,335.4047314308662,0.06079047237380461,1.106559951326591,0.15039349626425721,1.4077327939610873,3.0004386026036958,0.012628684842995824,1.0451758458719989,0.6469432803812488,3.069720904991218,5.561850455607684,4.4051942986737656,0.868372994144088,0.8177459440694086,9.602684750718055,0.12186254355905803,1.0763662588064025e-07,7.384395911306006
real_0068,1.1558739760333356,1.1097861820728019,1.7045707507107655,0.937066337656575,0.7348060912576341,0.7342128705857741,0.5911226517108019,0.5283907009978603,0.832926292780992,1.132003300848959,0.5448065471658607,0.0033766159214072052,0.6645520640206894,0.014525848537788223,786.1771867714352,0.15247924709656485,535.8754159929819,6.589959965815863,2.347896768703716,0.007537553644287419,4.915701162698265,4.665083619231323,0.1686064313031698,1.227775909191619,0.1917364728805658,0.36739143212713543,5.3302194207836875,1.9211062391201161,0.9310372317944615,1.5414376691891312,2.2024777186433457,0.01152925535864783,5.831630011575663e-06,0.48782672970223545
real_0069,1.0912077644155445,0.6658857500214754,1.7954627411377488,0.5430026313645822,3.0770681464207237,0.5938101877428305,0.6440647129083228,1.1504458610868413,1.3226303880189945,0.9011328147680909,0.49297779660294133,0.7227764024130039,0.6896641994081529,0.025120062441041747,773.1368438888466,0.18882069989824157,1024.8624065856256,8.517726696478661,2.2169357181033145,0.008111128692669382,0.1873828918326296,1.6006377495155326,0.06464519845709737,1.9273086385549665,0.14692445586028732,-1.8934620329624603,4.587498651022681,3.924013646266482,0.42256279354883186,0.9570059276993857,0.6660217580187218,0.060329596209503907,4.8873145507626935e-05,0.24818494720331807
real_0070,0.6622900510945906,1.3040528780104503,0.7252761948423911,1.0650334376877582,1.1169585768775367,0.912409257669641,0.14263462893744258,0.9409431861897721,1.0497054549958131,1.1627100770143188,0.005184265649807333,0.7456524543446692,123.58258590556981,0.04381973532583741,0.021495971807039434,0.17999649785125604,639.022493355435,9.003789825543745,0.5790241536636819,0.0007117074927780201,0.454809058845426,4.370178468388533,0.10903299895131659,0.6609891968243086,0.7476115453966846,3.1849453416615887,9.488005793287765,2.4847585913454973,0.871952975051512,1.7120534907701148,4.906000449034083,0.029574963824890665,0.00033988758406179365,2.478276451747684
real_0071,0.689819177238379,1.1236364062172945,0.819574389454665,0.7483367030199733,1.0576198537719568,0.24350429462003162,0.6082052104902478,0.5072581071941012,0.3368370103045054,0.8271106423508247,0.3078005561992308,0.6860475311951313,1.6946015095259683,0.01309170411889692,0.26772671264022163,0.187902939773096,815.6842614227062,8.554367011263462,3.75659418708184,0.001415483411994219,0.7995090726202277,2.5304806202804078,0.09201154363511144,2.1014783794109304,0.24487425608439958,-2.3248775838051383,8.559958013062095,7.778566229185084,0.09356076245341745,0.7160626639663745,0.20226721818945334,0.08594691509746454,6.432689551401813e-07,0.5775865957069283
real_0072,0.6732984017708882,0.3560405325903522,0.5398495613497362,1.3771085781388428,14.602580714747598,0.7105046814476711,0.7873970260566755,1.7582619598188525,1.5898047256864445,0.9432323269376085,0.38254631308145104,0.01510651891070282,0.3784237093649079,0.038237748900190625,0.12883448417269255,0.10103690998017777,218.73624877830127,4.614680331195775,3.3078912901654993,0.3985939861908906,0.41080773878721993,2.0871383437878506,6.478678511182501,1.9158961010585802,0.6854466406619344,-0.8896049268060828,8.908628182952471,2.752806075812617,0.6458631546546263,1.4832606080417816,1.263262296070758,0.15323057212249416,4.742870067342052e-05,0.33184811927521773
real_0073,1.3878285872671863,3.2553066458278916,1.7498884074498757,2.2073735638157186,0.6867949296324967,0.5085693558527312,0.45769942512400347,1.0558717709521357,0.4279970531480468,1.1015178141867188,0.8001018881780061,0.2067948962901472,50.71028394387923,0.02305665943084272,61.41495361302278,0.19888469644111045,288.3866567443539,2.2499720007678423,0.3570704537883156,0.07604454996693213,0.9008509310417733,0.25939890870798665,0.04091517017974117,1.5912510456483555,0.36988070282507635,-3.041258745502406,5.005583475754832,2.2342770785867447,0.10199594812020739,0.5977769035575479,4.925811561471032,0.016165078083753975,2.4766341506364853e-06,8.381978894947787
real_0074,0.9359275329199435,0.9635151375225534,1.6314948758200967,0.7803444100580406,6.570796537290905,0.8248953661585621,0.7195688246765733,1.0588547045779804,0.34467239034387703,0.8662775326741557,0.8418268673196261,0.03430954351136607,0.4216837236661311,0.027443387795049116,29.047444065317165,0.1006556850639746,1001.2380268255514,0.7403296440119231,1.025808638357945,0.15793690636997745,3.825581671653999,0.31432666327454506,2.2891909904534877,2.7776396375943038,0.06501438023863186,-3.791260214233771,6.136114906974918,2.2919972174049557,0.21300453885150444,1.1122654299941506,2.9914360807811526,0.026909532791105223,0.00044725718344079104,0.26864319373311474
real_0075,0.9600509969639953,2.686368401047334,1.2163639480076653,1.0421595308346276,4.167490587002587,0.1440316877071249,0.09122957960195027,0.9389039963673153,0.7148486650688805,0.892576693868893,0.7572353389211073,0.0028449187241795506,7.535274259318897,0.014135192298014639,0.0032117968117184926,0.035758426100511394,1027.1927356798878,3.4619990371154907,1.9869849234840304,0.01044583919940571,0.27655779224592314,0.21962846999271438,0.01813431888859814,1.438168099515796,0.6250904098024452,-2.007601680396318,4.7745410490149425,4.525743459995096,0.1706221332836616,1.0775125918405057,0.14726653536899156,0.32978282664708275,5.065402068895717e-07,0.27847006285496734
real_0076,0.9310337694073223,0.29324580023246305,1.4472733540305238,2.060477266784364,35.01632924774668,0.7077566943486809,0.3659399688447435,1.9126495032474589,2.1572906130672087,1.013022088180696,0.5265907815894197,0.27257116461209857,0.3052933311712104,0.025796638788653833,0.0057929978645907,0.1519802659365878,782.1518298215833,8.413347937761976,2.049366759957765,0.015117875607595147,0.2853850854383828,0.22587886574156338,0.04050486606878556,0.8878514864459036,0.3113321045985383,-0.21297554145077413,7.405959620046301,1.2291081501689598,0.7396158188441361,1.793890189455735,1.0992198225511265,0.057247428523597085,4.545481101006447e-06,1.0457877363409347
real_0077,1.0415240023592003,1.4057499059725176,0.8848531236554851,0.5409358675275232,5.6296190358467655,0.4910050120957747,0.387331002118877,1.719143507320718,0.6729088456474145,0.94494832985374,0.1825771060139219,0.020111658501430398,3.2565402407286506,0.019881785765524726,0.00016808249255075163,0.010252060787709755,326.3672654128074,5.108571858365019,0.9965578883818129,0.0012140195163205763,0.3229158392820456,1.9129229460518005,0.5627814681218478,1.6475750293437654,0.23114973808405548,-0.7827414725009039,6.459238906344112,5.7261058755398855,0.5777242327100066,1.0361227997926261,1.1985559682656841,0.11914943266131546,3.980565649348732e-06,0.9240184680750774
real_0078,0.9630412819450124,0.4268052111380877,1.179202493861237,1.7901936205133595,21.377685137118878,0.23089962251422697,0.5111497658668421,1.011785241760211,1.362943322424266,0.9260245472203853,0.07678816817883051,0.18857142636462007,109.53760265305976,0.01423973623003878,0.09796206124020514,0.014828045772817672,218.1667567224511,5.649345467357847,0.5998560687362817,0.13920462299312059,0.7434079710187648,1.3693528980140366,0.07902877605526216,0.786762770273814,0.2069442889020413,-0.9236432938008381,9.959421663842281,6.6454620559069,0.20166514269268032,1.7549313583647403,0.12607064327384887,0.022116063216939003,4.469742413753918e-06,1.2675254535500946
real_0079,1.0975726786514157,1.0642412394140919,0.7135173908441369,1.712289747932787,2.8575512099774154,0.13945498892614375,0.6116739622022072,1.3158068955009417,2.6226018593554925,0.8999427181462699,0.8736393164390703,0.0012308153287385478,2.2960039576802505,0.013703055410213393,1.908529156313642e-05,0.10341309617093515,964.3986431435674,5.296245938929406,0.3924509255290349,0.0005173452145996719,2.3025475717979504,1.1872177806816202,0.4118056840557065,0.5307270722636589,0.9179439886854036,-0.29505486853386476,2.840494066820809,1.250231981567395,0.5700639158394418,1.8672376939596742,1.879371835196676,0.03328452100985552,1.0188192150350922e-06,0.4001528775999737
real_0080,0.7950850301226516,0.6044814870343417,1.3999944677143494,1.3854744774844994,10.277780962303037,0.3995468141586389,0.7362337236401925,1.9245840175920288,3.375608652792566,0.9678658392967718,0.20400541454735158,0.0038885935764090213,9.865887753601536,0.049892941320640795,2085.5594782580392,0.07098401499396129,442.7125373623946,5.270592504819191,0.38742317367551193,0.010102335189561369,1.823694646138334,0.19422101103096306,0.048287214927660735,0.7707554126565193,0.5227211302215518,4.795655226961122,7.843712912261297,1.602986593659127,0.9138641111755106,0.6294360629848998,6.093982312305848,0.012637103474906517,2.7459907364993304e-05,0.1446515665888035
real_0081,0.9194352681192196,1.6289987974830833,1.664949866951519,1.0081750793432394,37.06314036072422,0.013019684602022831,0.09445251870449281,1.4821345658585783,0.48390782583488173,1.0551043957730464,0.7721449099471918,0.05965801940088509,20.53741345950001,0.01655856634208147,0.000153538936702816,0.1591964000992306,626.0338405970358,8.275990252114365,0.3755878072697035,0.023295029062167596,1.4496391102146244,0.8422577536953618,0.24738845996372996,0.7271524620204091,0.5565194845041733,2.96270442724008,9.120105050195606,5.8256531657233355,0.4349828242794665,0.7481532082843051,6.380673668580802,0.12907507820415998,6.273281796432126e-05,0.13126733648658534
real_0082,1.2702459006468283,1.1041187172895632,0.7853150506477858,0.5372952411269748,23.069935983989527,0.3881571258793872,0.94425626446825,1.4164882740561107,1.1274114529896377,0.8286254305324372,0.5933589704365162,0.002969083232003863,0.6621649828882565,0.01512254044603355,3.0192183982795583e-05,0.1510383431802924,267.4527849091664,1.4448953008711225,0.6065136617695459,0.04030474553558218,0.11261433305269954,1.6354143405885517,0.05199769588083991,2.626278541398231,0.3813870108487121,-4.379201070687648,6.472509261501486,6.568938788743601,0.8995794181145478,1.6636903093680078,0.858496278158268,0.06510296374775056,1.715151439362054e-05,0.1290376904911194
real_0083,0.6790428662469412,3.7413815038528515,1.9290934461478622,1.6652581421627168,12.146179069988456,0.9350955870098681,0.938248782353691,1.7739254934925044,1.1890221840982327,0.9801544740633052,0.3889255978756336,0.19813375180827092,2.751057105133444,0.01096582800584272,4.15620191212633,0.020108188031752995,243.04484674059142,1.600913245708734,0.22863767176079475,0.0006911431270714959,0.3564145204665011,0.31646879043119575,0.1732338007022361,2.154269093786174,0.7244651060304074,-4.178715822968691,4.559815133487656,5.2700235109505025,0.9532328664561207,0.5247584045695938,4.35772860469135,0.026740896162842333,1.9681776223613638e-05,0.1329713810411812
real_0084,1.0011278578153933,1.0027829207471646,0.7982934942485079,1.0145517955326848,0.5808255312335714,0.4110000606638739,0.6541290902229224,1.1846139667175366,2.1071876803696488,1.0346071262732819,0.1248208829471109,0.005906654963304104,8.655077358936065,0.04719084140651982,1.2578840094823305,0.12738309407466006,499.278964327232,7.784990963518775,2.9897224562095763,0.25838706521787186,0.12973734123681444,0.7261769122809584,0.05566577152909668,0.7966927593820218,0.9403237387212575,-4.018128672287824,1.4058941211867295,0.6932651979264204,0.7001258275173488,1.9627647858321733,4.9670315365605315,0.017771884871503062,1.9809178479144072e-06,4.17356743426979
real_0085,1.009705392796598,0.793041602559748,1.3817251257733763,1.1023166068402361,0.8411940446121793,0.9823551087631638,0.4970295117672337,0.70164639555436,2.254776711906816,0.855990770596621,0.9807679036269543,0.0754375299685897,1.4806724753572185,0.011192414951224881,0.003795308472308994,0.061859509961555426,1090.8760632914366,0.4611520210075795,1.1665019212731524,0.001203308190071669,4.83474755705255,0.6807728402351403,0.023763017030953376,2.365359618493011,0.2569124946147754,-2.496900296437879,2.2823941433515404,2.557670284655896,0.043728252565808874,1.3974875673725886,3.076079533365581,0.1312991305865372,2.5661873834914493e-05,0.16699235032288798
real_0086,1.3442149990113588,0.8275087249415218,1.0978918915427487,1.0005797761443895,2.2012718209341493,0.017320618946053544,0.7437767029674675,1.0517782356526566,0.699552910432163,1.0939333152271515,0.2833336665713809,0.10019147010692007,62.562017943457484,0.018144247668969934,0.7949918629080824,0.10280447470123476,1400.6053141835425,5.424449645042575,0.6530618799826403,0.0011168166336549934,3.310113180476974,3.2367312814772484,0.012134761066427163,1.8480196722044941,0.029915386816030846,4.657505889673017,8.760764401605059,6.812427018821588,0.06177293488834334,1.0864739051755052,2.0048021264760663,0.30746060492700605,0.000191098027348948,2.582541067302218
real_0087,0.5027585641021562,0.7825573408825817,1.2441746775513796,0.7852665700716099,7.8824514122853415,0.45271251391214123,0.11346915793858094,0.8157346086665618,0.41252791122804855,0.8812508284204572,0.1631476906040492,0.0011352719537068884,3.750819305049473,0.03811139977914097,2263.956382549181,0.15837223770835077,1437.8877753909062,8.916390559437687,0.2155822086513532,0.06014922139785332,1.1640954525267826,0.285035897161802,0.10083861742196924,1.1089249363724654,0.2241990192857309,4.352125012389003,4.025194350467871,6.931860695227033,0.4199802002255118,1.199302462440193,0.8642539089546468,0.0960321236597577,1.0335391235640855e-07,0.16117123095793767
real_0088,0.5478081332545391,1.8498793850109931,0.507771751895456,0.6506029713381286,9.596534914774749,0.4539359725051706,0.6574189016143819,0.5989021926486814,1.4167976940747709,0.932200927320495,0.7684897094943874,0.008250381862631651,13.223381740346113,0.04791609683146081,0.002689450181165546,0.17164430012735857,511.6202067647002,4.075016726668729,0.5541126335954563,0.47896724608821273,4.472912295173659,1.3825546635096249,0.33851661992172916,1.5722942790768744,0.7418962953690297,-0.9181688033125885,3.471870927556064,3.5877547562473855,0.08997863526611333,0.5399768007544781,0.11217523042827873,0.14619221391384632,0.0001813481957511334,0.5352604527096048
real_0089,0.6827306316016639,0.45846501516920285,1.5437184672995499,1.7299714434805211,2.5110831519857326,0.10318762571626071,0.5431227043540864,1.5636530237537267,1.0452752662990341,0.8403682068795026,0.3212355718727771,0.02060771833410733,3.088335526480514,0.024997893361065303,99.13022417249009,0.12556971215347165,898.2845636325883,5.068947681456083,0.9667635634811159,0.13830007966593208,0.4761638783991854,4.870364988064663,0.008247095107078498,0.9236017454013186,0.027773115827332558,-4.33804910586454,1.4976720670705777,1.5325254104808925,0.27257692031411984,0.6624953066794702,1.988242662554063,0.07958728027047243,9.676639585299296e-05,0.5212902442859196
real_0090,0.5169206364987535,1.162895641451525,0.5652566259029516,2.988013587905356,24.287509385545334,0.41876314280407523,0.824591208131567,0.925771318371645,1.7676749596479162,0.9873319667305773,0.02603251421978544,0.9722637241400139,0.4700845675328832,0.01970511139823953,6.2480500303787005,0.1303627229014422,797.8342400978952,0.932219173568334,0.8170224553972609,0.0009875834476545903,0.5428867251981978,0.10166768391519539,0.027717468027712057,0.9729741748252585,0.527521905959034,-0.9736744924563006,8.869694677308374,7.591257826855275,0.36946269065127624,0.8727717731941564,5.695072965083775,0.3348822682231982,3.4898125416936883e-07,1.674396566676972
real_0091,1.0954973166250446,0.5187438589444395,1.165003466874447,2.145044011601248,23.822815040344263,0.40237648237089496,0.12474734347352713,1.8109938893431083,0.5806235662714838,1.0823552744773879,0.4752818913442505,0.0015490167493387348,3.0527097270795482,0.013174330885694552,3.41181953845133,0.1551750821730144,559.5506638421697,2.5851037302458706,1.2107900583487623,0.012615622837452045,0.2077504185676295,3.142263626080956,0.17844611001897978,1.2862502274466596,0.8805412213903904,2.605456719533529,8.040919238828987,7.061318034160578,0.47397587709941646,0.5335948753504941,8.409335471361558,0.05883113338037552,7.117605424935889e-07,1.3820237601521266
real_0092,1.278836794579353,3.622590854350848,0.5546721452247743,2.080771973498288,3.5299769730127584,0.07740505610220379,0.0747883103774774,0.791710058806364,0.9718088433091042,1.0412842885411762,0.2755538141099137,0.020429570313508366,4.589589210036164,0.012493949253924283,8.1923156974309,0.018425465435727546,884.1428738322812,1.0727898887098106,0.2995227079381768,0.004605113166463956,2.0956445981426794,0.9458740197903837,0.07953354985326322,1.04833433706414,0.9507077172786468,2.262475746622342,4.1893504975738765,0.16530798899934757,0.9248990620743557,0.6859748804666477,2.9353784734725883,0.010790491189735905,4.053758250411624e-05,0.4167325927292839
real_0093,1.2432024744687324,0.47607651767155257,0.765462294455543,1.6237235154201257,4.770823466366722,0.9231533489556965,0.9189717445496728,0.7804707862047542,1.4741596022795644,1.1708472741376648,0.5654215230700439,0.019226822202847417,11.169637978764088,0.044249101385520996,349.3649657648603,0.1493458713161515,1047.9437963251273,6.490144683551216,0.45574985524174844,0.11926526801239218,1.8582397910125124,0.178664407754399,0.036109268756996236,2.3434826063168557,0.9554540218119227,-3.422718510585157,1.3625793791065448,4.260613097084968,0.5232061583459368,1.4064979238836923,0.701800584329548,0.015534086301051816,1.4098828243341949e-05,0.19658583168273472
real_0094,1.5099200079706818,2.1665498815006052,0.9438419597070942,0.5936990803112744,1.8405773118319038,0.3741670234097338,0.39989502696330875,1.0157867569724042,2.9473653577803387,1.1677605413162366,0.09800723248956988,0.06956253924514688,0.8357335305116749,0.021381941669917304,7.429156961725508e-06,0.16228050832284377,669.4225895467498,9.291804265486892,0.24757309969742705,0.002406896492006535,1.0818806624382207,0.428608709894426,0.03792245512483276,1.2985568993033676,0.10654849107043621,-4.703762596936248,1.0316786751566935,1.3551288324866024,0.18451523005545428,0.7574546057789259,1.034448094241713,0.12034075101440662,0.00028391265528135613,0.2896903620665672
real_0095,0.8047311910683076,2.0186657046407084,1.501155279555094,1.58015114872671,6.691927916649111,0.6399024417022641,0.6177691343925585,1.6622523977932682,0.6465534895236742,1.0222627563450108,0.8477965008903563,0.18170956782606953,1.9114408634532807,0.02078507801795695,247.97376231224627,0.13502248738108968,350.67253992180315,4.836038136669814,0.29787732083198054,0.3562914867374346,0.11968929251918756,0.3003244609491758,4.695540957833259,0.5517612103735958,0.8740746205848059,-2.303919976794738,7.57182583091538,6.036939975816048,0.5001793267630698,0.6955238542187268,0.34699024662523964,0.05818499431246202,1.8731571601869602e-06,0.4072942992482902
real_0096,1.084487870727443,1.5817766632645083,1.82608651207967,0.5704071927525293,1.1681008518576128,0.0518575558895626,0.22772016881396479,0.9217063211553694,0.7690414601748605,0.9795654473540398,0.003408237780709162,0.010301936453496611,0.3868065715914646,0.016234413541232173,0.4295621105641148,0.08804210303751325,223.58697778841434,1.160672199383725,2.240039335540435,0.00793478901704009,0.3420776191007879,0.15214622798527544,0.11564945832171473,0.8852733504582818,0.558180343952979,1.0686674783291883,7.936349407693449,0.3795273464456952,0.9239264726842341,1.3927789106292177,0.3419384418236759,0.018039380112549457,1.762180348539028e-05,3.5155066050732695
real_0097,0.7351293761322265,4.149191850540709,1.9023333000520404,2.422366411409466,29.65754295091813,0.09513882967226758,0.8113430055495789,1.679683547892262,1.935216645753859,1.0522929464473283,0.04319923779902574,0.011231283426498208,43.69145314352816,0.030255418328532496,1.1994672714129102,0.011446655572558381,291.2743498998349,4.501279450848166,2.7078672739013583,0.43609461131830735,0.27455223335900547,0.23154590163577343,1.3446534800426035,0.9682893500460754,0.4774153618201602,-2.023973021371561,8.786877531468381,4.477549987249823,0.9671448743634589,0.8417099566748903,1.636914113618202,0.14689746734674894,0.0001673220455051473,0.13586258813599145
real_0098,0.6418293227549627,1.981717613232497,1.384597597772583,0.7696142684620231,1.4094295402014003,0.23746859122643116,0.1392788296896772,1.3250833242147195,1.0186942530950729,0.9654583939774558,0.932315203026577,0.0034723305522985034,8.842208895808389,0.029842892978898,5.559476781002789e-06,0.14903584994116212,1280.6801844686947,9.087854201171218,0.26554651764435067,0.0005993308044674658,0.25779964686845497,1.9603559450813692,0.0352618380747066,2.388209559841777,0.8271211989501328,-0.9903878170301441,9.76020297043355,7.690671394617015,0.5511697670112752,0.7585861084905815,0.4946984974556831,0.011219482898677609,9.0057025663633e-07,0.3057181842675028
real_0099,1.2663937661564133,4.988663463381645,1.5331939423980216,0.9545327839220885,15.889353518853948,0.11501188523868686,0.7165732246140387,1.3534604331307125,0.8033262857705866,0.9096708302404806,0.676020258674683,0.0021651718976108247,19.18935582058594,0.023920916338035073,2.6706165928426555e-05,0.1763465103093664,677.9244438851324,1.2111366483274155,0.2191487403387864,0.07295943949966205,4.09721693057935,1.1302458415152428,8.137130116572,2.1211813528218717,0.09827657400298821,-3.1260273286262663,5.73353397314165,0.7044535003291423,0.6826860818024607,0.6559727189736946,1.159575754490197,0.017404517851269875,2.894247433092662e-05,5.427400289827111
real_0100,0.6372003278058715,0.7193614903858827,0.6868627233573268,1.57906016647925,10.439481649118251,0.48680876538271933,0.9574614798145641,1.7374926110458728,0.5418809384741781,0.8007144638136566,0.5393176922969469,0.0010735044852425608,0.21852501744002478,0.028107017593906273,0.003312118226780912,0.03449283218426792,1421.2637354624887,8.61573573424045,0.5088535519441593,0.012475894869828757,4.5826803048602835,2.3655425989891934,0.22585816041424112,0.7560863186488269,0.45630838176437927,4.910573248371261,2.0095544741410287,1.902055554486336,0.502870093723631,1.8445724462922182,2.668394964833275,0.09389337877596139,1.3673410711816115e-06,0.10789258705441963
real_0101,0.9779151645316105,3.017634264305907,1.847168072896813,1.674733099162235,0.5233844396999413,0.573500554030905,0.15110278673050573,0.8905394539514871,0.30870985740474766,0.8326744754988331,0.07575793774477291,0.07907150861707757,3.5141811868583495,0.029185940324486005,0.13608207494750835,0.06512865629400481,581.1298943807866,6.95118484457402,0.8963400760915756,0.04336911390193754,2.6736451485303006,0.3409861938064333,2.786215877887672,0.5070411053068289,0.1140408859662855,-1.1441630542041787,3.0421206233922007,3.1326329312640104,0.7703332972526435,1.546656474095551,1.1143081196277662,0.028256458652625428,2.0747115123732053e-05,5.877667640629705
real_0102,1.2106753075021524,0.8790012156177036,0.5350541637847992,0.6840127302630458,1.5305021070931066,0.7770708146269915,0.789234289697903,1.7049498946258168,0.31701295845717453,0.9019468975120695,0.24586422051963072,0.7540250554188617,136.0839002184806,0.012355262699076124,0.5244727176081077,0.19742519289682656,835.2152640157873,3.4149945870144247,0.8069213292217569,0.0017039106039457008,0.5513912705507406,0.17496339106855124,0.2547916940801178,0.5647914918394058,0.7637119250176274,0.2922004901688986,2.4243244539705673,1.7090617131612131,0.8568797727935522,0.549059041266883,5.170924179794621,0.057824701986894385,6.016060854707542e-07,0.3550438846021191
real_0103,0.7806008374727034,4.677548637266362,1.413108952091763,0.5363179660373942,0.9691381512429199,0.7283636742179491,0.2964691179799872,0.781930504483477,1.1420870258068765,0.858275609071662,0.9639758778578248,0.006727095109467774,108.68745980040133,0.03395277124135364,51.5888287266711,0.12326886826547317,292.746994279902,1.7953075304478867,0.3231330434563982,0.12536590470353892,0.8606094420125685,0.13502560528227195,0.21858546992494132,2.5480278387707873,0.0442171730956431,-4.416929434119107,8.5210771112714,0.4877501481472232,0.21007647040497043,1.3679978520931124,0.15918197970521045,0.23371464220117333,0.0005124376224905289,2.265589868287412
real_0104,1.3814659189686482,4.11105587495555,1.1115846200484139,0.6295726177562256,0.8959006407089463,0.517957314221135,0.8136540596163856,0.5259147960621647,0.6573074285024612,1.1878695081734814,0.2649601601503891,0.010470945226492995,0.20865637071743084,0.035528872004041805,0.5736118680566431,0.046221279452615116,387.83964198661755,4.550384522085766,3.0909836486625353,0.002963225136282171,0.20460001606570175,3.5975309601974366,6.301547088441761,0.7783871331941425,0.2214221387079553,1.9900786592886055,7.42428111430755,5.09095113537419,0.8851072303938169,0.6203906128585758,0.13786147902654558,0.0356989902035738,8.926837155578398e-05,0.6748808364628517
real_0105,1.046478309727838,0.5394959640955109,1.6485849249169175,1.9970846080743425,0.5444133128857879,0.7314862938889358,0.8630238073946718,0.5115782038380167,0.36804708482450094,1.166489457327001,0.83553147821503,0.0817997807188217,15.21604075658153,0.027986774170423525,0.22715368308349093,0.16632028518942185,1218.339197361773,8.529684270285601,0.9243417086701792,0.04794304036526377,0.9730477389815638,1.9757405317416352,0.12898225951939934,1.8901371576806913,0.29408879459382115,3.9599535089473967,8.287650228218224,0.4301255600554593,0.32868353429626107,0.5912143799199725,1.1834429919568104,0.19718827539164935,0.0006368097044525555,0.49759979559434603
real_0106,0.9150652910671274,1.0129848551539402,1.5763334927224315,2.7453472401199486,7.4690152578946725,0.35496704130442785,0.9537789742580212,1.4273212170975629,1.4229847444187127,0.9569377212715601,0.8892051135310514,0.12364233459481087,59.28383697242267,0.02552841476563039,1.2066664944444122e-05,0.11358571305948167,368.4569419626794,7.10555022238868,2.9769012464412334,0.004677169215604485,1.1912978936240988,0.8569206865951529,0.04388402173842797,2.2902810728897114,0.33928545946158223,-1.6762046372557844,3.1799149962942233,6.543442273872919,0.1220657395727987,0.9035414764440287,0.31503302492435725,0.0686235796115851,1.7005014954357238e-07,0.35716309866017154
real_0107,1.499789512776056,0.6073169700840788,1.8316023079885644,0.8407771161377867,18.543797854851082,0.5211893910801093,0.8832825741289669,0.8094554077544209,0.8531080285267953,1.169630062113365,0.6904941351745615,0.013968670427842675,82.09886271836147,0.02216077879671942,285.5956979681931,0.05568125983006697,225.08133610184726,8.881658724457363,4.1527206242114865,0.04736661196242075,3.485420646952473,0.13259297372084894,2.064380994230685,2.543247919113498,0.06178002934831984,-0.1464109833340812,9.158328523973715,5.190716968976893,0.20247821756898718,1.3991148105090427,4.144956657003466,0.1963836621765177,0.0003458433755454546,4.639202162727365
real_0108,0.5280438428432076,0.48733588812445455,1.5747935343896775,1.4696965610801371,2.180409467840573,0.3615916012866636,0.28775076132210675,1.7510415755631317,1.0731880218281022,1.0081432092223936,0.3488514250474939,0.010113984249259893,157.4989281270717,0.04327079621879661,0.04925933668787642,0.15038091436302015,465.45978697520746,3.107628204568058,0.8299047866579194,0.05230842504233416,3.2538444659914725,0.10443191268697945,0.030407275268458663,1.3658214579526773,0.6645988229896331,-1.8190523153236482,6.022446001752909,6.630880425114329,0.49882902363599185,0.5274024766411756,9.512533999400846,0.1634368379817358,0.0008025768692334403,8.102376154049702
real_0109,1.6930708755194792,3.5930043545525634,0.9315829500077456,0.7542774410935611,7.446456561412708,0.4292815771076651,0.7841646494704803,1.3937940915771252,1.1998195411065242,1.026840914770492,0.4974605315245601,0.002045553350469978,4.266317786496869,0.021477122461090386,0.3987095659894223,0.03980597588862911,532.1683797117627,5.92862719205743,2.5732995273311032,0.0009544784595585854,0.2920036448574364,2.1352088507354323,0.4833624979515051,0.7046877753913163,0.27987255698560937,-0.18186195163888996,4.250323465510752,1.8812664509738237,0.6181912366322404,1.7075168920405355,3.8108343382002148,0.016481554869976815,6.171153655428774e-05,1.1851269168398497
real_0110,0.7733943389479073,3.9197184599013983,0.742995812029315,1.0480046535562029,4.275578019856134,0.36979969855607053,0.22433533868455396,0.8464551769416252,0.32140773941988815,0.9273800246956524,0.6681697168871099,0.37245103615934094,1.726767256886345,0.017550595255347568,0.2327403906773137,0.17213752638756974,346.3415430074392,3.3855629349094,0.366134782692784,0.002818126448974328,0.47070839714273643,2.119861346814667,5.4513134920128925,2.222178196679201,0.44011682875910924,1.4158005953832786,4.08722595242574,2.261391785901869,0.1063508582171705,1.5697366971100508,9.902833755365549,0.2955064373771094,1.8257674922431158e-07,1.135719973699476
real_0111,0.9965600430059153,1.3576254996708612,1.1605573633672213,0.9670556333819755,1.1554431321668028,0.930624429354241,0.8279082500111891,0.6893671526593713,2.5658980336085677,1.0188729613259686,0.6410496223752185,0.014573610202438804,86.2937436083741,0.040839325029845386,1915.5446107822183,0.11867925785646034,231.4313353120887,0.5264954125726896,0.23954094313821084,0.16591709471772353,1.9486328750084807,0.23582759488247534,7.918650859988006,0.6678602085416353,0.4548305628274776,-0.3745301856751766,6.904280452600766,7.219306077216839,0.6640185278681601,0.7415998346596302,0.13064132542167448,0.07338661842493796,1.4904890727477914e-07,9.784042751009318
real_0112,1.453286550643643,0.24701864721459313,1.2925956346463272,1.0731897504933625,1.1325322308643733,0.96052195822061,0.4048731520968735,1.0699630936971463,2.7961126988070104,0.8898656580173592,0.9753716608952476,0.0057682711455606635,5.512297219253871,0.026065480924668608,3.0347776170576894,0.13681243367200321,1333.069543723244,5.01089965879157,0.359925019402547,0.0010021599818945703,3.3795136088263416,0.12707489095877503,0.060932619004000786,1.8336559484569908,0.5608274846499713,-2.8905963545359397,1.437225566620738,4.455037652809467,0.8746374726202271,0.9228446851513558,6.905261179024213,0.10622459766874393,0.0001575652628729374,1.1764430306047708
real_0113,1.6778954272492599,0.5376503016513318,1.148568107130366,1.109839804580778,35.42828288668407,0.9340767896758445,0.7945478098030112,0.5684609778104748,2.447641281578869,0.8769693435721777,0.87673348619786,0.8756806712057904,84.71596626835752,0.015553394019735526,22.460506768426686,0.09537501454270862,635.0399568497945,4.9816288496248164,0.43998849916407073,0.07432575364324419,0.31017019483640146,2.6188395426204756,2.2524911062539603,0.634147675279035,0.37912761179603544,0.5251477515138925,2.037162027321052,7.671472677602132,0.5908738439577811,1.252503606349283,0.14336597261745315,0.043451420984594556,6.309461870250532e-06,3.263241706328702
real_0114,1.5835259887573065,1.032399521617499,1.2042040876089812,0.5496488402976991,13.337831298678173,0.5543309065038561,0.6034315148570356,1.3102612562704845,3.7419636298275294,1.1255704288172814,0.581973784405076,0.1875410526404984,0.3130329726021684,0.01746625426317146,0.00028897690786964,0.1826653261117491,391.24892054009916,2.9104633592148876,3.4848971690237467,0.008564272745544823,4.671383479498508,0.23352690476528412,4.342782188960538,2.253805080208335,0.11628670014041909,-1.7437941731757727,8.122687722423498,7.752485520281773,0.2424012483105826,0.644688421008103,1.1782884521615073,0.060901621063435,0.0001460078244168667,1.9736927257727412
real_0115,1.4132129962432378,1.2484945468359148,0.5124423899307482,1.8452934039052173,5.742122527698487,0.20068372446366414,0.19120702942202333,1.748574663781364,0.28190553102308286,1.065521043603761,0.2284356745837672,0.20379853246900148,33.47069294787449,0.0227178371344054,0.0006714097996132128,0.024224022990494493,296.29957116513026,1.41657295695854,0.9754492783077748,0.0031363868721116417,0.327261338527941,0.11839907370753518,0.007148016274176483,1.585460677808566,0.9629941813236131,2.5252709932535398,9.430168387246802,2.442385625586994,0.6782454403163588,0.87319324379984,0.47021032917359074,0.3093931267240228,0.00012289298162024238,0.4430300686935641
real_0116,1.3745501801747046,4.7149423383690365,1.4669696694287397,1.0352404672172395,27.725288835128637,0.800604748600632,0.27616233680707086,0.6615105661099767,0.6632179475745006,0.959132196431961,0.10013787790346511,0.1720125130279512,5.2360268791743145,0.020561952616467274,5.37534672890752e-05,0.12095838692123616,228.73691899258438,8.342594562138098,0.5175674206142128,0.0038248384321665245,0.21085122772790135,0.2661028556329554,0.07540919323051445,1.603298824397522,0.754864180847159,3.2428668444420676,6.111169298019103,4.386319720531155,0.44267333656462426,0.5589487522224497,3.5019137640543954,0.2372551747988991,2.4234730405341837e-06,0.19978256721502805
real_0117,0.8328941019328413,0.5042701210212553,0.6312788663886849,1.4726631354761603,10.22288314798574,0.014423766838897902,0.054296715254801724,1.2944034332658017,1.8735325577326838,1.1443710423480504,0.4599808843578507,0.05345367765543159,12.505153769907006,0.012107930234419468,15.962260318373518,0.16572942937489976,416.8389802968587,0.8002825314981971,0.8355676574234433,0.012069496578352807,0.1667324966114282,2.6567439163161253,1.2219161254688011,0.8600574493878276,0.3897037357114931,0.7048195432052626,1.9276910828215592,7.250946227474387,0.13572069522044397,0.5923861705884523,3.6361878765691626,0.14409501312142442,1.1644216947555406e-06,1.6020994410688765
real_0118,0.8399286818303041,2.0571160558157517,0.6756090657846069,0.6057693578526918,5.046529284678691,0.18711648805532338,0.3764737208105036,0.7345258048702856,0.7976200480376487,1.1524981238768905,0.598629756956555,0.09149855163741814,44.2075019135947,0.04583016097886755,4.960827400108569,0.0034651686044128356,713.1135763244218,1.0981037264673394,1.9222604607279494,0.001603615940953069,3.617699416553364,0.7327106624044639,4.476201276241505,0.9998793208027724,0.648626650822189,-2.4630633244997773,9.664819166025516,2.621144883722222,0.808815931395924,1.618900145452618,7.665511291643428,0.04955102087877825,3.530567175255158e-07,0.9485040573554077
real_0119,0.6516676220079208,3.4701317798891296,0.7097913493780005,2.9543124159052914,22.08286039378442,0.7498646941116448,0.046723389216469326,0.7178699392519472,1.5655022215279546,1.0478854674774936,0.4345860753488656,0.8704032851171416,9.323034775986878,0.024296961388520336,9.522981136717574e-06,0.14548146324034225,1324.7081074800583,9.19172273910348,1.130977088243127,0.4717423395815481,0.6401292527756284,0.26116259744686116,2.620747181463542,0.7185190102634863,0.5467857156772024,-0.8070576242385288,8.351553854670572,5.682797103065995,0.9564975617960544,1.1278900156706946,5.427462558024925,0.028842192545094004,0.00010598634851422903,0.2022100673222071
real_0120,0.6566758668651526,3.2330825992795185,0.5916915040182716,1.2043314543078492,14.456496239007375,0.15636798259983384,0.40706776644486214,0.767622067493587,1.8616552954906955,0.8634911273803594,0.9702019023985962,0.17971688303479225,16.608031847254598,0.048445256263981676,0.04483404845140316,0.057729282915797125,251.22989417830146,7.532435923876001,0.6400420100676436,0.19787966245689514,2.4590082864663003,0.257034384540555,0.05918328220576237,1.00675771700257,0.14981483037318735,1.0819096682391836,4.126816018482977,2.1396459794083618,0.886972346524826,1.1065543572553256,0.2866067994379616,0.21655394173462048,9.081686004090925e-06,5.997928198004576
real_0121,1.4814142737174172,4.375276178750984,1.6226569466237397,1.2825306322989347,5.189834858337226,0.8583974289652128,0.08712306881126232,0.5950953901954749,1.8494500186227192,0.8877793246448131,0.04999301051926912,0.0012674049343785383,4.300354648350519,0.03211620922928128,542.0054577579536,0.017963447109006003,1059.5224973286713,1.7725363247226058,0.5370252167305505,0.2167863632571355,0.28422128136677266,0.5294566808007122,3.032203880949849,1.957478966273887,0.2134185480222845,1.6759141724425008,8.981028729815833,3.6724635717906073,0.1803462974666143,0.7338372236426818,1.2413597629173296,0.17931995993209476,2.0904988252307435e-07,3.6204423169713524
real_0122,1.0715498273847102,2.719716205585237,0.5795479546679632,0.6891566539303103,3.0319458871420513,0.4762384892565977,0.300230125269904,1.1111282128348257,3.1323850493235694,0.9926486871781203,0.6969018494946321,0.05143328192399971,0.42568802376844445,0.02202353591888483,3.5828698092167838e-06,0.07815854393358497,295.2294372657509,0.36497759456295764,0.4619007369872425,0.009803811029626323,0.18486822423032173,1.5762910028719859,0.024284740103082535,0.5121626158112788,0.1419913396012508,-3.5740987981937202,5.640202959032929,1.9608889354807457,0.41711128550180804,0.9672383906300035,4.641046810279276,0.04670214991036645,1.4921277314321309e-05,0.5708336212406585
real_0123,0.5363845767324887,2.9394498235332174,1.482133285091637,1.4905331626769558,0.9568973807496385,0.18252515297443406,0.42593782978356126,1.0238277247909262,1.5676963780650461,1.0102322686450198,0.4671047171629009,0.9440941576809566,5.256777186459356,0.025069093501011507,0.00044918438615905237,0.17515384400106013,248.79571270435073,9.962047245027009,4.604652501894712,0.005294285937369426,4.019640705371567,0.1606808750878908,0.6168041616757713,0.7679605507837374,0.4303801217732163,-1.3187675200324476,8.0640785149079,6.403239765523913,0.5202445562018476,0.7460926863017215,0.5467608572611165,0.05148470818323229,5.111406280931731e-05,0.6679471432595102
real_0124,1.4417485449703145,2.1523292192536427,0.8537606519192054,1.7072251134694598,3.2838720472880434,0.8059879073980145,0.34924223652656633,1.8007666618046108,1.6768426194151724,0.9981389409743794,0.059206409320101704,0.7710077542835536,6.8330819497102,0.02371403673739262,0.0004876629439614462,0.07001310289210548,610.0219469270126,9.33545994052383,0.6842752909778339,0.0009594033277755051,3.3913987430914463,2.047183824378208,0.8207396358404396,1.4219158252920296,0.03956602567091368,1.8365624557667504,3.5465731217755065,3.4481406902203755,0.4965216515970338,0.5606037769751996,0.29337152536993355,0.16384306998743298,3.030862070647034e-05,0.3460993628417706
real_0125,0.8025693063343624,2.326372186482212,0.7882619378007379,2.364149872577218,2.074095786280613,0.7546198884172268,0.21598035220006684,1.4967784292832618,1.4657606095019768,0.8684777243939127,0.4259183410781341,0.06566381135181766,4.404828401496648,0.010658667256089199,0.05226138003789983,0.06100472895556191,1369.55221930516,2.436310055118509,0.7284895965743261,0.0009151907507884728,0.19907319863461417,4.60488321922686,0.040010825985126376,2.179697905563948,0.6364232051629074,4.080841328841062,4.733285471239395,0.04570778695098841,0.45805242449676514,0.9854127480026724,0.18198240180606598,0.021755608175868437,6.03843135446131e-06,0.13320454050565866
real_0126,1.0571222140893364,1.7413361048857399,0.7534789820491066,2.4128124736690593,6.2109930393635535,0.5616374024523253,0.6338670028909879,1.3270853039505188,0.2702936217798697,1.127900897058329,0.9156191584046548,0.12659535659855417,3.0161075226248877,0.027705936313951362,0.00011114074250852124,0.05227522469324051,502.2079861167169,9.494277213701283,2.083160840929062,0.02065721603315832,2.612056044881929,0.11168581725698043,0.005608397126609725,2.5199864259566964,0.80787996518741,3.4125489218021485,5.761366393347379,5.340768632020352,0.7926120079446772,0.7984527572949972,3.9811839487272143,0.06447981106406427,0.00023739854737446798,1.035503186845318
real_0127,1.3435362499434482,0.3399397845192163,0.7166283165259337,2.012206906664495,0.531140585722401,0.711036652371885,0.9964390723604053,0.597994391037294,1.2281360675068531,1.1144012203107618,0.5256801140170438,0.6784567601968859,6.978239696492199,0.013839094451851214,18.216122416867105,0.05658962248637113,348.5517953449503,4.801406222771289,1.1157860623351685,0.005094712609215998,0.1519945745471979,0.10383637473347168,0.07274009121814151,1.6204332867812765,0.2331370937100996,-3.0153140879837617,6.017143847232608,0.975194166210828,0.41147674614506885,1.8654306170602157,1.336836652450378,0.0502533487318655,8.819891152407356e-07,2.5134681802500016
real_0128,0.5673853321471237,3.3340707865353787,1.1200552705638365,0.951972536145867,0.627905176937825,0.7610414955795002,0.48022259345221924,0.9585773533830507,1.9051997069216433,0.8253986464660442,0.547318934550011,0.12074602761043329,7.135972025850869,0.014767802679878551,2.8147340013718925e-05,0.07943550831319585,678.5373053277515,2.7486393211396214,1.542119423740824,0.44226540539488157,0.17774177316391174,1.4772505973167522,0.7847885983527434,0.6640212863580294,0.7034471898472057,3.1239048324605942,8.59413313181397,3.936419349704781,0.3456535548263506,1.947037160429252,1.8919092740564547,0.02361505654867728,1.4149339144702216e-07,0.3695397058859427
real_0129,0.8721351154321824,0.5980821560037168,1.9654784718152598,1.0333534066896628,41.17569634610843,0.5659053856604133,0.29416748226177947,1.321900492780725,0.621951812244889,1.048386471218164,0.9763606841967498,0.026701711252177268,32.049599494726664,0.03143089323504608,1.5373627625464827e-05,0.10149864038562205,462.4762911047386,0.08546266425213347,0.6149255451485406,0.000563045213191523,2.080301321250539,0.5696642537680561,0.023526375254808708,1.0966160487742922,0.20274256097501728,-3.3989543597835734,9.005364807239001,2.274410444118927,0.7866688996309841,1.6830767109061247,0.23234796166674845,0.07662701103140983,2.5119898580332806e-07,3.548482293776948
real_0130,0.9501433032293329,1.7193252870367637,1.3551517143256269,0.8030774858300126,19.194211620798395,0.23845094658216082,0.2083697575109862,0.8541447103167686,2.352011126132727,0.852948701282507,0.7946162539240725,0.001992561469977709,1.0350475187579025,0.014875331744765293,0.10551973536752826,0.18422694422360564,586.1556830452269,4.364725802030339,2.467469915640055,0.001474961610697646,0.34436055186973563,1.2451049889350492,0.8634999580902727,2.3336896807415175,0.1582192706915371,4.6691611708323695,6.2808642802285775,3.607829747145974,0.3635383446576361,0.9126167480651974,0.3902734153325086,0.025517542944067606,8.57486395600265e-05,0.3652933860036393
real_0131,1.2846061320583082,1.263532068987277,1.3054940761938156,1.3471578117424574,2.3611326986894805,0.3719925150840299,0.20685340516495185,0.9445237750246124,0.32502382203660496,0.9813618896814338,0.14234983390554146,0.1408989792750173,25.783221987398985,0.016880560520668764,1.18925524577222e-05,0.0316941900681607,849.4910383336063,2.7055723311841633,3.0193046329511564,0.04520776097268488,1.0497024360476783,0.3891058954579871,0.6943497074701054,0.6271727864543325,0.39365699389653586,-3.260597269775235,3.9062655297224573,1.7541747082430281,0.8114850182713242,0.962571728706656,0.11362078920124469,0.14059593074174312,2.3670457195976728e-05,0.6087632079392242
real_0132,1.1139450269499915,1.7796117266894234,0.6792900787287864,1.1476234403754135,4.680233866568923,0.5250122774748031,0.8975773485029935,1.6488159805336144,1.2586100319198303,0.8429534928369604,0.9357123901262969,0.2683016576079044,2.918185724880309,0.04975196261246823,1.400549310403012e-06,0.01698415823483721,211.71925457232896,3.687949481673813,3.5870314410110127,0.2070600430028494,2.3918590841983,1.6632309708204636,9.640117989553955,0.7839898662770202,0.6417548541584328,-3.677559701362743,6.402056734148562,7.0928051147059685,0.17519380563688916,1.0967191835585137,0.39723979429874995,0.23042885074961875,9.653353230114225e-06,0.1712597080121485
real_0133,1.477812843269646,1.567811300139294,0.9506152028161776,1.3278607228444164,10.812530902350302,0.2806291512799017,0.5034840459323402,1.2747400133607092,2.0765158367534404,1.1131147975336553,0.8093079462934339,0.6381002026764512,8.260746829228777,0.029405989271324366,2.9764116377730075e-06,0.025946274814141808,606.1236259644611,3.187322113244329,1.0806539085416877,0.0013156724952388338,0.8076344626830148,0.21611002194016002,3.1665809777360483,1.0175264127396635,0.22796002528988993,-4.274954984289566,4.433062751123279,3.620540129532895,0.5170195692206068,1.859265895714263,0.7311500657587745,0.010124400096442167,5.17610422710189e-06,1.3031200199096815
real_0134,1.674273596875045,0.33414043525735065,0.9754216733554034,0.8704339396004586,28.786428854883397,0.49558039822968075,0.7332429923730062,1.477598294477174,1.0579586010099797,0.8102244987162323,0.03551005275500116,0.018206353210842817,2.860595620321865,0.049451934593323955,3.3445569343508258e-06,0.027950537867759008,631.1022779399673,6.987283894190118,2.8530234325461143,0.003982115577273632,0.1713368982986365,2.760547574173577,0.26226209235347386,0.5669670618832452,0.9393558071701231,3.5958120297811114,8.809297453868442,4.815700196011903,0.4706905911301532,0.6835298501480602,0.7413495582535173,0.2975881205555665,0.0003955032595138666,4.05073848048196
real_0135,0.7791402634637155,0.38195026583790836,1.7887097156024099,1.3405057722970117,1.2595826184941197,0.7742365246260032,0.4642805285142597,1.0372238332432067,1.3818985545258056,0.8777659765944272,0.7932461705149405,0.0580147049626397,50.09514995857329,0.013781836602970478,0.004395619281061922,0.06372873166787864,895.0052558149081,7.124355966704405,0.8854737830485672,0.008847275277309281,1.4970130779705149,2.787123875493061,9.950741804349107,1.244507910205022,0.834646256412291,-0.034264515784794725,4.566448494013976,4.840789089316413,0.08018426144643266,1.2226815888759115,0.10206137821838558,0.024952506596571646,8.262447815753841e-05,0.6911915221346753
real_0136,1.0046831942376,0.45482902809115816,0.52828847696907,2.025083767398623,29.104829208431255,0.11150474218549514,0.21250040877896462,0.5640084943479395,0.32864631386584375,1.177129933457875,0.11529702459681028,0.028334672299020845,2.7012306479926376,0.03608646618843933,2.2338355562156655e-06,0.007288371144885166,212.63415455969002,3.8000185221346285,3.0747352075353893,0.0070991075725189475,2.0217916400410245,3.98485099419937,0.05772486286236025,2.5551850934939724,0.31662000486382785,3.4892740916453704,2.2571994438398666,7.036842335062289,0.5290099580444012,1.0313241111251714,2.257703618361026,0.09836961341881054,1.8666232888889802e-06,0.47471118373844406
real_0137,0.6933521236349591,1.381113117255919,1.583091361773322,0.6022373400480675,1.6906632188919182,0.7467245038938902,0.0111469233078712,1.5514681354961817,0.6064611734898326,0.8906312774688053,0.6637497944009452,0.005415545418090193,0.3903700157369273,0.04753696003664178,9.521270096572025e-05,0.013712498386749698,242.34889348488718,0.4028456595711319,0.5642584110526242,0.3852692221467637,4.519186872338218,0.18248005338307569,0.026596693469979837,2.37702667498492,0.41752014356308714,0.11474303493434412,7.749944369642981,0.4695659305875371,0.5669453078035471,0.9792928989803045,2.3956661733589324,0.02528421643573847,2.8825243887988984e-07,1.9452626641952648
real_0138,1.5632130942736986,0.6702683514865454,1.54713576769685,1.8274088688458252,3.1150509550194982,0.6623674170075202,0.9891593225523106,1.1672413547923075,0.3243942264457345,0.8806513843401739,0.4226846300124952,0.01959934447367685,0.21157045366330385,0.03038816008006709,0.0009512589235277833,0.0833711577052717,289.9573779702735,2.1069281349194884,0.347454983678088,0.3454980258886524,1.553667868823456,1.792685408576263,0.6438282696606599,0.8688447663015776,0.5166895323879319,-0.8681926158563185,1.5311190005156774,6.73837791738043,0.12374465676248732,0.6355917337363333,0.5821961522626597,0.11130263941635049,2.757790560853986e-07,1.2059975572317094
real_0139,1.1770562041400112,4.576701767000811,0.7404225337267958,2.0402280535406074,43.9390266817565,0.21971394074206185,0.05225965820179917,1.5899117659026196,0.5025274853080856,0.9867696540124812,0.3933635994273964,0.5679331377826099,96.44004775968385,0.018059901718354986,0.14149012448108875,0.11769025519425214,210.56930021947977,5.445718498976739,0.3436244570430382,0.08895873447534768,0.24675672252048825,0.24516706438585492,0.01536939655170694,0.5919549643029681,0.6943933456525766,-0.5094039877818508,5.614553950520356,4.759720599219928,0.15240976680498877,1.2160306283457867,0.2714316473238247,0.0830899694358591,1.9793460345334154e-05,8.784730725429643
real_0140,1.5547219385625253,0.5548651911433452,0.9432341499146393,0.5801869504626419,6.1234013212465905,0.8975795274123921,0.3162244571982985,0.681260554121396,2.823950427851475,0.8794132441899084,0.6892881737146733,0.02479613563648286,18.560151194051777,0.042765665781180066,0.00017660312280804336,0.008029999395719616,269.95581243980735,7.661638397683706,2.419949426028825,0.48406418650577626,3.4428455511620313,1.166662323267838,0.026184360065542027,0.9050463812578815,0.07193389427726987,3.4573603458886506,7.647740173339129,7.515993539935765,0.23203092693232782,0.8070546114865215,2.1181871414532836,0.08434213440898829,6.341526893588758e-07,8.547153997149733
real_0141,0.8224057918413432,4.047746338921244,1.5941088301471067,1.0861183353171378,0.5371091121220501,0.055060843494964026,0.7850449669749249,0.9361651127689531,1.5761103192222705,1.1378896053854342,0.2676295506970364,0.16997227683171798,0.2943620289362171,0.011070506695437106,0.7338956697968458,0.09263160644391608,1409.2725611899643,7.573619332002504,1.448053654485917,0.002888109601359373,4.223473156349164,2.8469012712931505,0.01089521026772961,2.062949457527307,0.8830811437037773,3.8510476957862423,1.3008619377688615,7.18839437028188,0.3974165092845022,1.8085282442298563,3.417001134648381,0.013177743120596084,2.663369354289766e-05,0.10131084775949721
real_0142,0.7995236287096484,0.46157246944427965,1.021277164695444,1.1577390986253209,3.2392288662916866,0.06690548949321809,0.8165177813019857,1.2002260862121779,2.1266602446252674,0.8536274569057464,0.9602459415452641,0.0268494905748736,23.034347864283404,0.017086461815534325,0.04114041014533373,0.18377163004639474,459.4584637346977,8.74602923335976,0.8198101106838194,0.0018234988640586267,0.10491843735279685,0.812614987674717,0.013678469932862179,0.8190712496025297,0.783611172211391,0.8625065201954882,9.209561423829184,1.1351931643304587,0.7494568326773701,0.5705878540031762,0.44064925658058973,0.06924245482025512,0.00011273095372674824,5.695670713118553
real_0143,0.7438026171077217,3.5266628689242348,1.0472811905095605,1.5246125074235306,12.350584411568677,0.43815097079214843,0.8820762046233951,0.9825081889163421,0.3534228830326904,1.1506781769532295,0.7553917575364566,0.007682575316357606,24.203884997261536,0.03834564338028972,117.48753699205483,0.11027217242443699,226.96660810924772,2.4472693563946004,3.189165387649184,0.004290926034147387,0.2889147527832303,0.1360429314440947,0.2933572350629466,1.1894732927403986,0.34221810861296487,0.15390076775619832,5.14708902561133,2.1759954376170065,0.2599255467867756,1.1337653604912519,1.0040802511037692,0.3978477139438238,2.195512666107668e-07,2.4317763611473056
real_0144,0.7418925338467495,0.516939977226463,1.0024672816796696,1.083448441818572,0.9870150510002127,0.6520912153542211,0.271716175200111,1.3486477013925675,0.6885729134555995,1.15566024476982,0.5157588692919074,0.006557376828842554,1.5325926597411874,0.023407719960180897,7.035530706964106e-06,0.07418624340400277,976.1265687122803,8.458823472186502,2.183771983951513,0.043237384798370575,0.18087975865892908,0.20973742224693673,0.15272424312892316,2.2717708033838107,0.26277934237196576,-2.35678105152837,1.2749637173589112,4.110076423296974,0.35149927662316455,0.6733205551676327,7.813838813717251,0.015624318009753101,3.4176951566959817e-06,3.1999763463264905
real_0145,0.7782297612563529,2.425472603153473,1.223615468586646,1.0247572410483272,9.08304998073418,0.2221643958533879,0.596800318024686,0.550531660961124,1.0785203118139355,1.0977598188568056,0.521716685344185,0.032985274751350845,15.465128740397612,0.012208144541049955,0.007096285456289197,0.19232026872798377,1244.1625936391806,2.2156617662984597,0.37744980027729647,0.0022444854604098284,1.7555780078687464,3.4545346001892834,0.3595171044178518,1.3883088350315331,0.1764555743819224,-1.2152663199280465,7.08145611616871,7.6038877737914055,0.9888345875311128,0.9718857012980006,2.2731861133414304,0.02730674926798847,2.7282921119673142e-06,0.9140601741308264
real_0146,0.7169276006743444,0.26894675422293873,1.8219480182156127,2.5837580564777483,31.839067886092643,0.6864100416928631,0.5874207772603666,1.1021214417322582,0.7182392164029932,1.1309076101656184,0.9531643341364893,0.003841243588226112,0.2642090830451248,0.011381742692842783,3.3557387574719857,0.07636560188218039,600.699259533047,2.064478687833846,0.28554344123288183,0.03630226652584897,0.36736848093529983,0.26453029348606844,8.94053118019351,2.3110339171052923,0.1018387938487355,-1.637938010598294,7.4261238041986175,2.4136791220580887,0.7578534642193767,1.8992389657790538,1.6534154779352859,0.34063213282717564,0.0005666920462526232,0.6221349455944876
real_0147,0.5711433849989663,2.6369513171102716,0.6057828316486359,0.5661297862805145,36.42341616405553,0.4657299395631964,0.4674668394011675,1.0641919160571225,0.4620728384595076,1.1008468647996648,0.04540376344082918,0.0010924889073739732,2.887229002462267,0.04666150251121325,1.7099694136071867e-05,0.04149049147879403,603.8210978328916,0.6458252653342867,2.287119626053865,0.04245122860665783,0.9564193909169136,0.16426938494148993,0.38021168496651153,1.2641634831487094,0.03775822690247328,-2.047409668571931,5.223430142485495,3.6417471789394553,0.1771810706257545,0.9058150557215942,0.14533426263844898,0.14241803876776413,0.00031919762510471426,0.1211731972676553
real_0148,0.9220592089493567,3.659646589268406,0.5022438683611243,1.230014826463383,1.0852823358011405,0.5627963896280619,0.413691339674986,1.2269291663661417,1.63119125227612,0.8676834787062987,0.5526324654203725,0.0780526591344277,132.07772044541255,0.025762785226506824,0.0005154555125701889,0.13193225393079316,224.03295226394897,3.739604892505519,0.5503179706186754,0.0010315734016819091,2.4069197509253595,3.4109838845484344,8.697052569309191,0.731754771856114,0.7230985398032033,1.2109926762138645,5.294847531741865,0.608887775784389,0.8221338651484266,0.5940452643066934,0.1517777830659445,0.012770275945222342,8.460097546540106e-05,0.1563334160570303
real_0149,1.3659838049538817,0.7697831728056568,0.6143381938358968,1.4835861077501908,1.343715870499043,0.08790041893294494,0.5019364467310563,1.435967338239384,2.9977384441201638,0.8414028009845581,0.8849759523297653,0.03792250964279682,6.541391250524637,0.01771895637501009,0.005125609885591758,0.12703254052302002,1391.7723649733755,3.781031590888089,0.8844864133553326,0.014042732504110072,2.6485163540779153,0.6663710026703693,0.01903433605759758,2.483643638143921,0.6728244612993755,4.935177284805185,9.466186011675056,4.981829713141363,0.9504897498833602,1.3853230632041553,0.5530412453317668,0.06544978221929335,2.2419369418005916e-06,4.440657727934537
real_0150,0.9414816136968824,0.2642873521558351,0.7331047208647232,1.2143193607678946,1.665703405454108,0.9157520688149132,0.5449261181581719,0.786300310003795,1.3986935547696053,1.1244732450279544,0.3283435062921369,0.018099763460133127,30.185873643604456,0.017617652512910115,1.6763938776423606,0.13597055665366584,930.8491794468704,6.915334031748647,1.8439916463592483,0.17378284119346277,0.5319574311571335,2.967226006418286,0.88413825474522,2.459410202162487,0.26710509587954595,-3.0991627694918633,4.301910671798421,2.8194210904766757,0.605815056254609,1.272712290222551,5.877580521679427,0.03920337996362975,0.00027149137259310243,0.15202359873215435
real_0151,0.7093157109766717,4.353701858281391,1.7804248821040858,2.3769698125367578,14.680884362207983,0.03344868712966667,0.6963105315039196,0.6663037098627209,1.8232997464355736,0.8961293145777175,0.25266235648992424,0.004375318435826094,28.642569466126506,0.010613010490439273,1796.2043759343467,0.09371072131495643,792.4540995746854,6.501759274970488,3.827084988932323,0.0021992469338053366,0.10904119590205522,0.2459097566599117,7.192812065262905,1.3327787969979235,0.8469104606953023,2.0660353859703893,4.9778416005539725,1.071032400639675,0.8616487935475382,0.9161529823607562,0.2200875053183922,0.03178285523819885,1.782095515109821e-05,0.12217578194108274
real_0152,0.9381712801231561,3.1117349040981677,0.9068059312997832,2.900894812437993,2.9072428645498674,0.435792776904881,0.5489052956012898,1.234728611825399,0.44798952793454216,0.9167652824428268,0.6490084206033577,0.13218125968523292,1.7794047371578863,0.011424932026072017,0.0027390444348979353,0.009069556461763056,440.7060646493036,8.217323408616355,0.24578846314494832,0.002178476377944552,0.6381969426424181,4.466282499668366,8.802342519100142,0.5974335664642763,0.016244817695460934,4.333498542016212,2.761846387876231,4.799587533325365,0.5276572429587295,0.5530102091195908,9.354341882597241,0.10182000379976472,1.3997756591055164e-06,0.48382536346297245
real_0153,0.5383189732948006,1.813446574641474,0.814891844699751,1.354106392089531,27.769956379604167,0.1821211713970269,0.4912844634554971,0.5649882317441667,0.33254223930192217,1.0490719331439866,0.615925387704345,0.0011788699977368124,51.07105363414102,0.028784031587070713,0.04319133654822102,0.15721514644665727,1425.1224580983826,2.5224534693922394,4.4272546133885,0.016839731931752044,2.7181053208694776,0.3966314941564196,0.37198494398241966,2.529921581624634,0.012275269570264738,-2.9599110195038225,1.8674735399518212,7.891774276066912,0.36600449191834555,0.5082681568295325,0.7073327677598592,0.013979226879820405,5.31740635501081e-06,1.2204154248581056
real_0154,0.720354800796496,2.9703307333057545,1.5907977729696783,2.1851908631351282,0.8817014386414946,0.8817806815169488,0.8441857671329325,1.766685443985387,0.650529366406361,1.0999565537531037,0.197018779767232,0.06070280215347428,90.06332635789877,0.03299033524341076,1.1442012533993973,0.02162485567365355,216.1394628997367,7.956080675567684,1.1503108521103365,0.03983133880844879,0.1290565165473832,0.16297060940495894,1.648813485645412,1.6266549902165455,0.30930159792303574,-4.448298624878143,4.314787559405719,1.550170606720726,0.23644956704255501,1.9837070060076147,0.7538961469137037,0.1774965019541177,4.958332568463586e-06,0.639678263772735
real_0155,0.5636487255962626,1.693999791299143,1.016282100908326,1.5731439738872834,40.12955550910398,0.854977808502696,0.9615431312260908,0.7224044755721739,0.6317485219188256,0.954489549087892,0.8439151848683883,0.6191786599516551,2.2833214074118824,0.026297287207538853,3.801536051917954e-06,0.023244914491920097,458.3306419153159,1.7110965080075315,0.4687538634633024,0.013508922387720276,0.3533432516352681,0.3564427405796583,4.324939142885549,2.2984678654560984,0.8895248036794094,1.891669871029392,5.679845164879941,4.643862561060654,0.5629393364982233,1.3531954541614786,0.4855300097074072,0.3220339569760093,1.8272909049014992e-05,1.0503687290152972
real_0156,1.227689546414743,1.2258573023626937,1.5713393500061579,2.9604276554776328,0.8051103848907457,0.8758178985764962,0.06826232264005855,0.624599643796639,1.9817509667824318,0.9598505902842356,0.2966900559736852,0.16232161449899768,172.89545391809264,0.015538284527857183,8.110017009483612e-05,0.17853125740641393,1140.8650744261133,8.832683664307904,2.1494581458020634,0.015178083004843544,0.16009214650403153,4.738946962021938,9.353323486627009,1.454204755068542,0.43687553673413104,1.5268761289638775,3.1377851323407406,1.0358811049880905,0.9707885771557688,0.7498340813782796,2.8670234168660294,0.013410525789018872,0.0002320387445905429,0.7992146108057538
real_0157,0.6260093427852743,1.572122648451508,1.3466348766065428,1.398603835962866,8.776391249358975,0.8863132108751459,0.026430282137929716,0.8611149055730746,0.8087620883895559,1.0770912080186366,0.6393323573042301,0.0057972587644902355,8.42074690296971,0.011328556892814628,7.068029365235756,0.012660377569368714,380.96248785409085,0.6985661426619426,4.356382198439605,0.12807666806027673,0.1860686501113262,1.4503763975262016,0.7390969406710077,0.7606373486664486,0.21828437202603004,-2.961996282097903,5.4799209666658815,4.127229319179159,0.39100714491531013,0.6186246575728699,2.9061156960776846,0.09511918608831087,2.9727795288773298e-05,0.3280863072896292
real_0158,1.6388404533942256,0.3748870486009286,1.8132789079982705,0.7872726965128307,3.1973160811467825,0.13616872690371173,0.806388471135297,1.5575906760450198,0.8109882590882321,0.8472042601446191,0.15956682697166796,0.1352488791014861,14.774656792100146,0.01777961947516969,57.559366782170265,0.1544763043809867,255.17291929142834,6.538603638574896,1.7235538801436152,0.0005239575122289699,1.92463255063654,0.2013688658188111,0.14931138594782165,0.9208355396593716,0.28462436014521364,-4.193486103805248,9.904381067078731,3.7766533695574704,0.9914499971167797,0.5451801040041339,4.759231517694895,0.09857044633361442,8.718103254336528e-05,0.1302918953472425
real_0159,1.1389399336697978,2.311645826412221,1.0814043181241797,0.568478210503254,2.5920821000958867,0.4847539111341623,0.3215157748254763,1.0201313553986484,0.4043897873956627,0.9581632714999095,0.6360625545025497,0.003189772095860132,51.589923322047525,0.014037111274910481,262.2975262503024,0.19659577195970337,1047.0197042943557,4.760121805593503,0.2960669138318537,0.0013453830166573744,2.982210339611563,0.11317396741620693,3.146060168379849,1.781707582578614,0.8547146179657543,-4.311141718737728,1.083844581586914,7.2388309097562615,0.34408871211126624,1.148990916063641,0.15111930465361767,0.01629769416428479,0.00016126925544208514,0.3472339519798736
real_0160,0.7237922579741295,0.3074878678128121,1.1291794725879247,1.3051261912557448,11.445943335443214,0.7173956684647971,0.9323367645032008,1.4038688474127512,2.2662376988029433,0.9373947363918572,0.7180117000453472,0.06721199294982692,1.7575016483131098,0.020577024548929006,1.8164800201076123,0.0822121598157674,750.5543334914723,6.012918951418338,3.446240295810944,0.3744132456622756,0.6625706625285998,1.3979187096603614,0.5327257330142163,1.2591901653266826,0.5841104044664162,2.0561953835809588,7.87233067765566,1.5702622948492444,0.5139463936816084,1.3759103789378266,0.7219885079755213,0.11167317649728314,0.0005540587869549954,0.14087402489053755
real_0161,0.5337437422067066,4.260216708467188,0.6881707059213443,2.8272611550842384,2.225678806205745,0.5683577492159756,0.8258113339316201,1.174462995058792,0.2767783373255341,1.0009705863383735,0.9417676744721973,0.07646725411937824,21.22923970236945,0.015751056760397016,1.383430001451729e-05,0.058698354064918,363.5760251136066,2.393264760570211,2.7165920516790867,0.0008373567390696473,0.26150040714880585,1.8693076268615367,0.005729978728604734,0.8004279853443175,0.37004705621964656,-2.5549019819239485,2.9830816889603815,3.336109231459481,0.03992317781132916,1.673077407596431,0.15830680950943166,0.3865457880620429,3.709778173827567e-05,0.29214610464550894
real_0162,1.3237309222350784,0.4912595958899943,0.9675476195326066,1.055642703401972,0.7641783018830327,0.1334076822669219,0.10327811798018557,1.8711490032048779,1.3883856380002955,0.8649029719280684,0.4142911653842045,0.007575671917251241,6.036325708345554,0.03229974019914757,0.00033418458705370476,0.0754694087404247,432.31112202252535,2.4183049155206073,1.0414340846899417,0.06857393611817282,1.8796332872102304,0.12237782676261247,0.1709674119406762,0.523546374912659,0.8390376284983075,1.166935049965221,2.959113008611706,0.10803464106983104,0.5986497921884333,1.3439008600908522,1.298606465760796,0.046737389031770035,6.541758779513943e-05,9.42320233315389
real_0163,0.7193228766499756,0.4291618039622744,0.6114059790755171,0.8476135175697815,2.0020170487592615,0.9537109034567803,0.33604842429389686,1.2395523233608128,2.74784931227637,0.8392501318449893,0.6047004603931357,0.009016886116837264,1.1671764109102436,0.016357452808140976,0.0012522108365774487,0.04213315305016562,1382.0122927058196,4.622985428684824,0.9075373659693937,0.01327862435188645,0.6805173023935454,0.4825913213235255,7.150076126710523,0.5131551764521806,0.5073245376076626,-0.2768766955292348,5.395493830462279,6.5260678115024,0.49143310577580307,0.5014142846309764,0.19319902606217657,0.07322722146238574,0.0003152157638936589,1.1495097230800158
real_0164,0.7616928237328758,0.2170064467388879,1.3448103774547064,0.9975866741314108,19.03821017573629,0.6067414368529193,0.8026421931865433,0.5707250669169825,0.45937164205017145,0.9941627804146621,0.9391373196356967,0.0014182987712255373,5.5666345893750835,0.012076426864677083,327.808433614735,0.15711645324934384,1337.706540635388,2.360188714552553,1.4393369844103185,0.13575993677439172,1.2029760624616268,1.316218723010027,1.62759171691584,1.2670436939091887,0.6390633128569377,-1.9786539185866205,2.6001511060155957,5.4065665974373065,0.6031051580274883,1.42822791567008,1.5711954911185477,0.011814260558456082,3.727633570929126e-07,3.182996598552871
real_0165,0.9153152141360238,2.9627526795761985,1.2632564755102476,2.643069695918435,2.2886022536504704,0.7410691461395719,0.23263209564352821,1.6464315494970299,0.9598259563421349,0.8846771856111991,0.35688581766264166,0.010662784420377847,0.7347290751270765,0.033074620269183085,9.541349525057278e-06,0.1446430782037674,935.1103800190624,4.235374600648031,0.2638868357667195,0.38088332069551734,0.16814947003226347,3.6615355701590677,0.7947557738245015,1.7593120656972658,0.7382264345660141,4.593373895256869,8.744726304300883,1.2753824935596731,0.071475254885473,1.0155426373853411,0.22159797869250913,0.06848962486142063,3.2981591826466097e-06,1.7762424239020111
real_0166,1.5898202366249383,0.9092807545144175,1.7198963549935682,1.092371653653814,14.843566633776025,0.05590180080944546,0.5661490947405413,1.792259579440404,1.2663938812122235,1.0247845641393203,0.3345774820704796,0.9890483407388626,2.3760389936790585,0.02292916224930051,4.246005545322649,0.07589868995051673,817.6270248171692,6.600307933099212,2.6354771443466856,0.03249004276434975,0.9313785820128707,1.495045494164641,1.774446166388999,2.1721298057680363,0.6293143395168483,-1.4833543303017835,9.111073411689944,4.701901593456352,0.5948161356565438,0.8574928591701951,0.4227304788789524,0.024042632150159917,5.264041728022011e-07,0.6642204508237431
real_0167,0.9124237940850088,0.509879102765695,0.6951857071450409,1.1415635762195615,29.90694961680075,0.17351641574370197,0.09003272465987387,0.5602182007012145,2.456422475967374,0.9855295879221436,0.16153865991903632,0.23407349358355115,1.3719879412263638,0.022585327703824563,0.18715090041804294,0.11434224218423879,311.2468958335826,7.6458219632739475,1.1755561658145919,0.07950127515263272,0.7174391705826489,0.11698800143409374,0.034903547655734064,2.0822347589037045,0.756126567266804,2.735172017942925,1.2616535911946491,2.966632768385445,0.30878964714803253,0.8141447440456121,0.9822691261515354,0.013493941304674078,1.7305260420834417e-06,5.837164900130539
real_0168,1.6108154430878323,0.5848765175611884,1.3607637104131225,1.3356894670553612,9.266905554976338,0.9821735782128257,0.024054711748407332,0.6860574596855217,0.37633962285738015,1.060034463725942,0.8301371202321297,0.39566979585007084,12.139853115131917,0.01965177731574844,1488.873393859272,0.08012901456877555,265.07856394156823,5.56597447049949,0.27466189478815317,0.018377583591987403,0.3380602401706482,1.6319621542450473,0.12388933796075122,0.8774760192101685,0.059225484313400655,-1.8666392991181313,7.352453090445875,7.542092047595115,0.9638047584894978,0.6081762410825613,0.7501550044290617,0.3474173505651247,0.0003543565680178216,6.1982709676406955
real_0169,1.5346147312425213,0.29802032587054816,1.945140817112879,0.6588015042874041,15.910267875366095,0.5334772473725399,0.11050415195389623,0.5429952727285879,1.2983571311678321,0.899536770843109,0.3362857392370817,0.012792612826686823,4.6484291333230345,0.01897860897207221,0.031282451404776465,0.137564357179892,204.68396911558804,6.898636479635459,2.827813205557646,0.1470448299079094,0.7668002551806545,4.50290742845319,7.646874036645541,2.0945760291040556,0.07960263465243173,0.577516891868588,2.084370416744415,5.2244323527886785,0.8064024203411252,0.7685176097976383,5.091330633120099,0.013789107619048587,0.0007830534696653127,0.7522297262173249
real_0170,1.614812309720759,3.7908042849675927,1.2293195669565475,2.7416072446811715,39.353824180023665,0.7995003809992222,0.4671408671964909,0.5724647099910524,0.29494016199231055,1.1462250947430939,0.9056399798955576,0.14392764815570913,0.4351071588612832,0.01658197302479157,0.8889905817832113,0.047850185635509176,1233.798469245368,5.638145235816977,0.5343771677099665,0.002144602879688601,0.6983861813621529,0.6123232162470159,1.1861208066451334,1.7498381531157623,0.5330175217644384,-2.605461985946916,5.170694761898327,1.213285549449817,0.5803638525368291,1.854486555214827,4.721228735870234,0.02092431859418252,0.00020769788792418967,5.79250157803964
real_0171,1.0081671410717215,0.3729527759515781,1.1244355662381609,2.286422542856835,5.2870383453796475,0.529571900016326,0.037117948532756295,1.4859464028883087,0.5485774959664513,0.8218135270401236,0.5827324341696005,0.08335861347416239,129.30576240152283,0.01874758067271221,0.17124197535512573,0.1927167319372779,779.822053826532,6.925967479813303,0.6810482078720813,0.2672330633141753,0.3122973936255117,4.9260823032864804,0.16466901483429422,1.395951407175776,0.6509467220263949,-1.0360312132673544,3.2207858887414695,2.8533251977970413,0.7292760566520022,1.6589491048325378,0.36800108695642,0.07163825712990761,3.4956726111650187e-06,2.017798959347852
real_0172,1.2219572758428316,0.2864172075190525,0.6003931597516461,0.9594111909101596,2.29690242108489,0.4639175018303988,0.47340581770854173,1.6327264705403957,1.74672350348564,0.8314257828613849,0.47310889976399306,0.04608023736783191,54.071959694947374,0.03840447160974466,0.0004399167763969117,0.051093773532071535,234.67274460352726,5.906642350366244,0.5315180411814098,0.02194134611654939,0.7360556467838448,0.7081872287087341,0.4543452475925067,1.520107138998146,0.2082388658828925,2.743099379862998,3.252981109249727,4.487644654509094,0.7972626231977904,0.7113865529527083,0.9012597715988708,0.19166746159130074,6.70644651096411e-07,9.481869951990747
real_0173,0.7320876990138144,0.9743256238312462,1.6403117120274426,0.7996704433316616,45.96757180697773,0.9428929395764154,0.625468669324007,0.6140122806934561,0.3982460092421233,1.1986272455948028,0.8230354795741484,0.0018326692954233515,161.49808972533418,0.010900159505257755,2700.611978104586,0.1323363112395762,647.5029839815046,3.941222588047202,0.27743014552448775,0.009619087804043943,0.8408332122946289,0.9730016178409628,4.929152871417847,1.9930499105849315,0.6432708585455822,-0.5675294249125917,5.7032602319103765,1.9381388883768276,0.049523121333975434,0.6917962942533147,0.1014182336522332,0.01161330259510516,1.0048775073364211e-05,0.6582310196053326
real_0174,1.031313578282675,0.5630457686166408,0.9224068978486746,1.0509461589792497,10.591895299651663,0.14069848245497565,0.5698387780938101,1.8624599112608544,1.6250588312063212,0.9161447392657519,0.22763879901426867,0.2957356178612902,2.6122190760240716,0.04189358449595561,1.3034065407907562e-06,0.040499111765775885,293.65214841582906,6.644986714583809,2.451180605739865,0.0012890981123915,1.356216065757013,2.3297530812005705,1.955716387830329,0.624030140571968,0.2693854830005338,-0.7281135431042536,3.954659114125739,6.3010578496246605,0.012053804278226218,1.7814558959292752,0.22920718935387466,0.13000742500132206,0.0008221422527083785,0.45562568011131194
real_0175,1.5389925924051944,3.4079357602294245,0.6045073743475293,0.9844238212021744,8.984027548099037,0.3340093074389681,0.5734011834472295,0.5014928840983769,0.8689496247860854,1.107704583659248,0.848028869605558,0.042947073289051604,11.294873857564589,0.03881205753870675,2.0921890965214092e-06,0.09129626139022631,231.01318727299753,1.1457295436278798,0.8547495090121496,0.09241985921579,0.6767175797365943,4.210894536967875,0.20267754059847037,2.684532909435092,0.7659379837327538,3.7444204438788837,7.5296025371696365,0.7575192293091211,0.5409573395107625,0.9935494362126532,6.576630994905966,0.1327913399802797,1.3633869769166887e-05,4.378709916193389
real_0176,1.455890504756007,0.3532573970903258,1.102035650652984,1.097459640498889,45.008169422349894,0.7890968597145351,0.22207429626493702,0.811549673473586,2.496154157291012,0.8703311924398,0.4791439216756163,0.0015005749231543903,0.7441756968019391,0.016301574908848062,965.7469320099074,0.021527537553976975,1119.7716141439396,0.2823771597914046,0.6113762718202111,0.0006514912351583548,1.2043481657170345,0.7736718326791698,2.4942345780090847,0.533035898363812,0.0815656711079086,4.77714481025513,8.429681237874778,0.9072518303504983,0.7782600723868986,1.04138563354182,0.10976956096845,0.12566117913609093,3.320865582856562e-05,0.5905996274083869
real_0177,1.6823827732607366,0.281234379789803,0.6652257432764391,1.7581911906442076,0.9747844561446343,0.5760391978270316,0.5324005015268816,0.6068804886279885,1.0347006815579378,0.9902734177613192,0.2878476177591682,0.0021136981140050712,86.77453799109523,0.024584574827660424,0.0664697315623876,0.15640825371521305,325.67504288325995,9.2575331448967,3.0636421105770344,0.01171324919269772,0.3969952709815667,0.1876213556915648,0.09907557563845364,0.695278097943297,0.16155850622511966,-3.40006665923716,7.453516435661838,2.518212139120199,0.680017648748578,1.3198594512415374,1.9456496814013704,0.3170567806791717,3.04407104412564e-07,1.0621360242913904
real_0178,0.5185061775491385,0.34842188628797377,0.9025699531829299,1.6911118975200923,0.6765997354495656,0.5318695563099127,0.8590402059238751,0.6932978654170758,0.9493953610743261,1.075044405784943,0.016309029416312296,0.009170827192513798,2.4555869063590667,0.013747203603056162,8.50665883679049e-05,0.18049047835998183,995.5984196753873,1.8627294032908537,0.9311458124397312,0.031569818088806656,0.563622591796633,2.25424912031128,0.014671267737141568,1.97628026940712,0.5812516865747539,-0.3528453664916853,2.459236203739885,1.9816985305998747,0.8340599506588083,1.4541057939190376,0.10624067383105883,0.010006146766239498,0.00012043870989152508,2.1242298539515945
real_0179,1.528274395080091,0.3288425336333993,1.7769394302472608,2.4346376103911225,1.6095130555771076,0.19833063161954775,0.10230019882928132,1.6408324024582444,0.7833775544388579,0.8093799690102773,0.4021301552543551,0.01531881687768993,5.889873169228957,0.02393519106719232,2.3290614221845125,0.1024791068486633,401.35571499471075,6.876703229915677,1.3397254027733176,0.004750840646439931,0.44559244059898945,1.5237801453110469,0.006510775083544497,0.8128401058798123,0.540169675619163,-3.972346889923717,8.4567010975123,7.135232803535468,0.6760949399292063,0.7808139229615694,0.12177182684405338,0.13535574562318706,0.00029033889007029,7.798331050349777
real_0180,0.9683404690221143,0.3355205863832941,1.6873363581895464,2.630691111635983,19.63265232310496,0.4798893232667936,0.9450450621008006,0.7988639207879148,1.0254651159074095,0.9656892832559661,0.03057499257759333,0.002409057350271611,1.1523924737895963,0.016913462177783452,12.377762585626579,0.15769876369525102,385.67769000300115,7.863810394539748,1.4827257574291277,0.14310019188481693,3.2057575627666326,0.796134764012133,7.277626157163649,2.7295898044335614,0.8912241645098038,-2.5269967421624404,8.339919400144169,4.037221728204681,0.3860384789925516,0.5966400873054609,1.5966834889880892,0.0811102993748817,1.4284585576045324e-06,4.141256494328864
real_0181,0.7929671475593697,1.9545320984020116,0.655108204504666,2.1889395845939505,0.5186135005370828,0.5167443679001599,0.363804886983964,1.1473037425857258,0.29580714728143753,0.8864738272828229,0.9517831515526767,0.029370698883943516,1.045963281257382,0.02897100367053243,4.7577021024180994e-05,0.13627941884556868,248.60126054719618,3.9084951538704122,1.2803832950830378,0.019567650607737026,3.9055472552898833,1.5102655866636532,0.014427076551004532,2.9399668897974522,0.4847430047476534,0.7686159384948823,4.942660819376448,2.1044450624323403,0.7145065342840151,1.3895736202135878,1.7409796044230084,0.31293390601102633,1.6972885007313941e-06,3.5731410213343278
real_0182,0.7703936113098739,0.5307817945867045,1.132380766596114,2.591341330552612,8.564759192486322,0.4465622196174603,0.06948740739480676,0.6678807217380137,2.099878350186393,0.9688519905470548,0.6949198974738731,0.0071111299551769955,0.48760791062962566,0.03327578043764571,0.0002816140878936986,0.1940744017481331,1482.8541818997928,7.913547092582302,0.503439577953862,0.054288700245396046,0.3694559356480226,1.4170283912741335,1.4293867704773098,2.5692782788155832,0.7867639771179972,0.511973756210093,8.150458204012423,0.7224863946597131,0.3139961082416532,1.448723699866048,0.2036019687687402,0.03841917044672532,0.00029346562644717427,0.6996227393332447
real_0183,0.7553488010470689,1.2378615100711172,0.7061462893849602,0.7157754326660564,26.39407145580688,0.3175169661286536,0.6662754476583215,1.492504206318945,1.6554959312358761,1.018264824746188,0.3556369978077537,0.13346085855902848,9.973451314503768,0.0492136158286255,0.00038144521281009117,0.18706747995482997,222.84355411266367,4.951318298235983,4.8930094063748335,0.033422090188132,1.6084039350743966,4.838050676700002,0.017435793622908934,0.6831407768818248,0.8238751246418132,3.0992704272811835,5.961092631248845,1.8620581963629967,0.7284098142911087,0.6474402127834672,0.2408338726792465,0.3643764982235737,8.003899004129295e-05,0.1105806426773474
real_0184,0.8901372173994166,0.20536344065179035,0.6925205420383327,0.9202868885437983,8.5405620936564,0.30133403754205207,0.8199275343462042,1.7885838025335807,0.2738819868531976,1.0833014481397991,0.24814925926233863,0.013765958526502642,14.338868550044563,0.03612578589226732,0.019560408446701594,0.13328851651587226,492.4321501566333,6.74051633988423,2.930966858965753,0.3625207712876927,1.8833959485933438,1.3500397283005081,0.9585874359002529,1.9589059906008424,0.08553950790892849,1.2253684243592255,6.317011827247595,3.073386227076725,0.17996048736706244,1.1762892924425632,2.0418256775774766,0.1423581841087208,0.0001989188986782261,0.4694216516287637
real_0185,0.532486924683888,2.872926372987383,1.1016234751889933,2.703799739464938,6.050790768698565,0.9659361124563414,0.3838328988227961,0.7142878537782735,3.1562924533046326,0.8243439710073492,0.2404088442757804,0.012618201322717857,8.041010599109848,0.04019169402176856,0.018931724085144264,0.16483554686567212,338.65612144002137,5.556972309925813,4.579357556358962,0.0010214721474374373,2.3437027638295502,0.12930298899384504,0.00960598478363921,1.455411449548129,0.4153837189479447,-1.0098833780688694,6.121566987972983,1.723303835497611,0.6544677061886862,0.8990051625468984,0.13332868755567182,0.05512701747089292,1.6707902136539663e-07,0.6258058376877479
real_0186,0.5441839992690787,0.44774448203607126,1.9552948259933227,0.8394188780120775,24.516755666148473,0.8777346528538306,0.5751649525043956,1.5798969376603418,2.705834637824267,1.0926810717214999,0.8874925476270006,0.4701909680136206,56.9608821405485,0.010206073056941257,5.169525958416622e-06,0.12788552368568107,1126.1865809142566,3.8981118529848553,0.2347435863938436,0.021265750153868213,1.1332523871828841,0.2413998009196408,8.454312547169058,1.738355047106435,0.09298969712318031,-1.5062238285097305,9.689905682424179,3.966708308181249,0.9836911671928649,1.4041847473273674,3.540743169940297,0.012431432046018959,3.152284623554157e-05,0.4739920508848809
real_0187,0.5657933546928868,0.26289163611591665,0.5004829355304486,1.6060661460344705,1.9048245061415312,0.5567355168673387,0.13448103146544438,0.9109451230999681,0.5446723843297376,0.9087722868189586,0.2251067964152358,0.7659710053112566,1.6902852851141072,0.03409473252445711,14.542015939052634,0.036281527096808146,319.552166483955,7.284089495100279,0.22069679292526365,0.0015496169525502108,0.7907629057704757,1.564046214607111,1.2983184421685245,2.4977594151070246,0.0013171423246922083,-1.4049378160693116,9.301119882333328,3.7100385252430583,0.8936259239835639,0.8903926030652922,7.176372563728468,0.025749774865998047,4.6248027622817436e-07,0.43102661085908844
real_0188,0.6101105389364447,2.1120048461818555,1.2094947310359696,1.437818774504162,1.2320826292975675,0.9666479149500042,0.7912225967945211,0.7723114756835916,1.7330204708928771,1.134890065541309,0.7200048227948633,0.9018780246386231,1.8169996456476771,0.04185022637640188,6.964178093073923e-05,0.19848350219559963,693.7511774339722,7.36423668922917,3.79138169196586,0.009988984276220443,1.588354891863189,1.5216063358506977,0.06783434725485546,0.7446713971567648,0.8488995488835945,2.944057835896121,6.991804526908359,7.643054450894201,0.2304556528332163,1.052712351822179,0.11446637269446386,0.10820192927988548,0.00011604893993274864,0.43260354638839904
real_0189,0.6908791666898885,1.5937042233823497,0.8620639651878067,1.1529244851810463,0.8444597589836623,0.10195441311699642,0.24781599812808144,1.5280234031859594,1.2047995760164303,0.9442175234434997,0.17501381436694444,0.021275765010465502,0.5244109471716656,0.029357278946465705,64.02900478528649,0.026764354161238242,201.48683983057632,9.516256037828517,1.2708033087275086,0.06666359694018567,0.2358958863361708,0.6614483849211945,0.045100416796131054,0.8674971426994288,0.7945906270146895,-3.514306991337544,8.928834968192646,0.08437678901642395,0.10042124464651207,0.5165525112057556,1.08115548457977,0.1747083147834734,1.1697242689261291e-07,1.5518562401226337
real_0190,0.6596648923394948,1.5268554290094258,1.3517801139789831,0.7291160963346507,3.5772624608048793,0.6829135171023913,0.9212940548410055,1.7986867038604573,3.8254560114118443,0.9122134002693921,0.5688030401653607,0.09764347936647312,4.891874976323501,0.014092118364736367,3.0360715586670854e-06,0.10441817230191151,597.9933406594669,6.2084725665080365,0.28726937919884316,0.16867706534353283,0.48479647046054675,0.30724604684087625,0.020206511822904727,0.8520136272100813,0.21794802830089086,2.597770075335797,2.606581849812148,3.5625449477248408,0.16448067520836573,1.2141649458806116,3.1408270634046906,0.01485759248518806,4.195591809935446e-05,4.213488943619491
real_0191,0.672088097787692,1.490660688589722,1.3247938756305528,0.6459547783722535,0.5397211568716869,0.605161041797675,0.29297138785043125,1.0092670481390507,0.743618248163263,1.1959949900384395,0.6875459907902028,0.20713066504511507,0.2025818163815489,0.044392687081469255,1.6640491410182847e-05,0.04343014144812607,1038.6190065566516,7.482968861036979,0.4477303101170135,0.061870360414754515,0.36121865367586514,0.5836219916621431,0.021428712991388182,2.1470509432074323,0.8984212083722262,2.846079205173721,5.805441548258339,5.511178729922478,0.8238680258033441,1.941105242017961,0.16648294141002323,0.05703883937202814,2.2203504778964914e-07,0.24894624697689738
real_0192,0.6270574601965075,3.6728358099706107,0.7711568699400965,0.7769326233865573,0.9979396047935973,0.6971603199259802,0.3435283997028118,1.450636998118793,0.4075315214382654,0.8944287410857196,0.12901131177928044,0.008599183162322964,15.1109554303269,0.03638469928774865,0.00017595562978034722,0.07140719670902164,481.95856133532186,2.0569157167620524,1.5696793271415004,0.005576055151258532,0.2802735844643471,0.7142237531578819,0.04661992693219461,2.735466151214267,0.1336797485654635,-3.218429100723351,3.9908786966536316,1.1100957533424307,0.6631110299153404,1.8208074194231003,0.20677677281113685,0.0667106117004266,2.726591441619574e-07,4.7578520994279465
real_0193,1.121686912742026,0.41116189056222935,1.5133573719402396,0.8735167883575934,2.575750417533442,0.9396133975153674,0.08052082369464257,0.6595680266553131,0.5335126925331809,0.8382082300640575,0.629290371921332,0.002764638589296847,19.712810052952893,0.017430870007182953,447.06673854112637,0.04310304575114877,806.3395890203404,7.099197307149944,4.682847370632747,0.016618068994056018,0.19713740065457858,0.32635775632221564,0.010290330714861117,1.656439139030184,0.7000069899622188,4.079334751493441,9.745549274113333,2.8722191778955186,0.7233032215304755,1.0074944566075568,1.49189824936248,0.2133436402471413,1.1587670700371975e-06,0.4105786197723285
real_0194,1.1414229082567882,0.38384991323296475,1.280203701449675,0.7216491667393181,6.3847873115963285,0.8319265032036546,0.8639179575795999,0.8589460659459321,0.38471374305793665,1.144964053705009,0.965731988210049,0.0015824379405314601,15.573520817618055,0.020107918224822118,1.6787274909608764e-06,0.11490264669837542,233.574988785396,4.202232320933443,1.6415028855555782,0.013605744550524605,0.30472436507287715,1.9530489000553344,1.0108941880013111,1.161760431914871,0.9216169990317815,-3.49453320685616,5.644051683599707,4.58284661952784,0.1525848197151634,1.2866674000909064,0.6174008924210221,0.04392300493942289,2.5681046433421154e-07,5.953875990234397
real_0195,1.6657207430576395,2.0840079476651225,0.6344258172108136,1.5659429721099496,16.92234802005174,0.16694056986281514,0.43990165464351183,1.3782234390829327,1.5224037933711654,0.9103805312414825,0.4860473845506326,0.0069969621426095975,104.74922225931594,0.04559357959393046,0.0009321785406629914,0.07883998188768454,925.1295586718403,0.20051407543150548,1.8782922940264646,0.07995365112195951,1.393005149683894,1.0212959380134192,0.020454048332300235,2.184879744718675,0.047041839867034474,-2.1924616570308886,4.790796033807192,6.319340662232731,0.5481403271867227,1.1186020709984286,7.894593620429215,0.3551574201688111,1.4226114066819082e-07,6.908731919613093
real_0196,0.8530332270999263,3.2214774569849243,0.6449346476799047,1.8927819378878736,1.2825673982451946,0.2928326401320555,0.014687666523205564,0.9627830986136692,3.4727537870316554,0.9635916176996405,0.03336610443407745,0.0037224012627440346,1.015579623643694,0.034853735333068674,0.6599953980446679,0.03778293533326133,682.6895508935728,7.05775422174084,1.4211426588393687,0.001051760629752145,0.8546577853320191,3.1600239132541885,0.01791269773001424,0.8931276860116193,0.6531159059653774,4.129509766755898,4.17611921304618,6.768940634585072,0.8433669066658339,0.7744653496893193,0.4343351770881608,0.13450721886203484,7.091585851054976e-06,4.704274358508129
real_0197,0.894660458320673,0.4695075064036195,1.666632956401071,1.1800377128359978,28.52199990581972,0.7369023423682428,0.8365678003210382,0.8316086302083737,0.664036467059397,0.9193913445556016,0.9452119545170963,0.17576972256328954,72.49669239525626,0.026422692265511496,0.0002549734260268321,0.04585213335483146,1195.1741867037422,4.656783417511653,0.3900086991367318,0.007278023657382205,1.7337026200194097,0.30481385933363403,0.00681725523267724,0.7372937618246659,0.9268367861958183,3.9025861850430754,5.201631250678058,6.694231118515241,0.83968845189337,0.5498463851059532,2.162756509803159,0.02345987020328415,2.8474056337223466e-05,0.15782316633127208
real_0198,1.4494443955880947,4.533792421169295,0.868376830384993,0.7128664353836879,1.5796498185654495,0.16958173931510065,0.37192917278844717,0.5159587293050913,1.273490818590228,0.8028349126950043,0.6021212299500149,0.09419997100470227,27.199040165324792,0.03767808784108485,0.0004202347074650713,0.15541034609238502,498.14388479835117,2.9738384295120484,1.6418361176806626,0.000921713408179443,1.2398817758174812,3.4053758477530116,1.4165378572738738,2.9160680089116258,0.895597457478457,-2.162296591334545,3.1674458848724867,2.9158936840627243,0.22590706390308143,0.9769552133975359,0.15546745096765552,0.12438755997687244,6.346554133892126e-05,2.67037069463555
real_0199,0.8775498614176215,3.5426059454143446,1.6601101786823313,1.2988422267152606,0.5596624631020206,0.3774543174792395,0.48810007910703507,1.7313632565718835,1.1713166282859793,0.8061118037772897,0.10478986708625708,0.0021841760452178255,2.2332062594589264,0.017662331089814562,6.232742945442479e-06,0.1729536577546101,716.38831408661,0.1612169374539202,0.460819461002988,0.0006194408434987258,0.10035507863208043,0.20495405692670096,9.094768108352241,1.9089206456103363,0.1547496062416349,0.5465407538450684,4.504858157826901,3.385308877746247,0.3795309670617766,1.7583497851995886,0.5141511033153782,0.2062044848250787,4.329579285341051e-06,0.25860231428730296
real_0200,1.0379210753269832,3.881425463934087,1.1924859649552924,2.3544173199165623,2.151992520690122,0.973810194914705,0.04272205575430075,0.5855240004265977,0.816426503575998,0.9892069744807693,0.08433587247960284,0.06602596462337564,31.694506668600265,0.01972937251448088,3.217792821748481e-05,0.0224769040536506,461.7588860494431,0.5838018471914604,0.21346865046492808,0.000983523009538926,0.10452648857606531,2.3952326749738817,0.05648482811842373,0.6312213085665334,0.12314874234086289,0.0111665777367147,3.826269560906859,4.685779872710429,0.19932754194762053,0.9272168984404165,7.079061485427755,0.01951426660489811,1.3742310569091022e-06,3.8009751568913877
real_0201,1.5467478261481538,0.2321609016718187,1.3307353295979076,1.900660768705077,0.921570275049952,0.24937367310375563,0.24503016704362313,1.9025869552357244,0.28357114175317494,1.0899109220929601,0.9872024362661204,0.005552372567659259,24.43627562268958,0.04359556195408695,0.32768622223102695,0.08878140040593127,230.2907951035628,0.7274187184024333,0.458021175512781,0.0016497442703923922,0.39986134773041093,0.8826167795588357,8.235954792044062,1.2174289179950932,0.19443004337679543,-3.077753097618835,1.4719137117285235,3.246492112509278,0.5368487389180375,0.8522207160699956,1.5635572929070976,0.028373755277336418,3.3430344864558595e-06,1.000399993509808
real_0202,0.6539157690635711,0.42085415262927034,1.464820477985063,1.8333033598925903,16.562498661865,0.6145932802537423,0.7410683416763976,1.2125130467456942,2.0114117193506007,0.8407922913287681,0.37335574458712906,0.08803437843210106,4.89661058509957,0.0356205048129481,0.004952562331415621,0.12632073001461977,376.43458672698034,3.7791408090746517,3.215467983769245,0.4193300324105622,3.761094599512698,0.870895415282591,0.00808616544139587,1.06622931003191,0.1621275034728346,-4.575799903223488,1.8127795497044001,4.129982405532533,0.22567404097572172,0.579168639171024,0.13255845418217302,0.03744287401541344,1.8831305328259437e-07,6.639087498140431
real_0203,0.7142306429358574,3.4490201509093725,1.8582062070462633,2.5698963283109797,0.7522546258453467,0.6907407298347559,0.7128749335239828,0.5145850004403839,1.8377961240541587,1.1726819572793112,0.7873332095344424,0.06286938954658845,52.72664580328857,0.013057778558004766,0.04713131652691423,0.17946139254244478,738.8567358190058,0.8918913741023394,1.2669278299971065,0.0963198973001257,0.10351882119554834,0.10688385787325341,0.009661903169199095,0.5185565222177864,0.4065210348103851,-1.581757259902003,1.7795614517633678,1.3275961493367299,0.4143981266087265,1.0739242864334337,1.349881399781787,0.28008572018103206,9.93462923265232e-07,0.19898804917549845
real_0204,1.0675458421265016,2.3027347526392234,1.5500034161309573,1.0433583673871887,13.09541991405622,0.7237782677633918,0.131866132925587,0.56267989540301,2.5723037876008594,0.8175593410317505,0.2614470697677931,0.039290340856406945,22.36620039006645,0.02069098515047044,87.64669559316835,0.1775868288797988,411.6333275071208,5.952639179531877,1.758919655684991,0.28173015019849484,0.686866850398191,0.3680671307791898,0.3094114264914205,1.2554468073437743,0.13871358482506652,-1.096485860145957,6.860375004522978,5.910335881462085,0.9289098783267057,1.182843634143559,4.509738768667185,0.1676983453888542,6.262981161042189e-07,4.076330945677138
real_0205,0.6970944571785804,0.23396022061952348,1.3957059638195417,0.5428615035856433,21.21570100099841,0.1486537371185907,0.8689650091345412,1.8826789912615622,3.864517476479061,1.1188959783126402,0.7679376274485263,0.0033712695334392074,0.596115134721886,0.03495201144404699,1.0108789710859154e-05,0.11465167917553186,374.4079969312777,8.981090870312423,0.35017573164539434,0.006907431526232048,0.11797540572500848,0.2542320788792534,6.046690406533579,1.2402855568458018,0.5535937834776816,-3.443233764957856,3.7132289757746295,6.198262161990729,0.24535044159980518,1.696978396904729,5.847531981894874,0.054128763754462864,2.8892778473933475e-06,0.10917276197650311
real_0206,1.0886138190012198,1.2891692595482442,0.5137884211365876,0.8141622199087534,1.0962908022849012,0.10014601912941662,0.34476575154975647,1.1359553837351735,0.3173274014253101,1.1919677990852113,0.06648676939157244,0.11582580093533715,70.76872511231113,0.021794134295448794,19.864739356086805,0.13142134934868988,312.8025900854633,6.419595470700915,0.7405196956147352,0.001091104196781151,0.20556625481511623,2.727124778023874,3.8144104760435686,0.6138609042340791,0.6772242288718304,-1.2820061449660751,8.830017196001624,0.3876629403889271,0.8895356407353814,0.8854578542757511,0.10880889624549579,0.013006178146904437,0.00033175811527083165,8.297631168456904
real_0207,0.5262256686558032,0.7978825141551319,1.30011631807618,0.6248387687037257,33.95680225465362,0.21241940940853787,0.9484446752278545,0.7208891700571284,0.31448330833223015,0.8073813862795861,0.5710200211645182,0.005125663939206046,22.75425486118534,0.018387382727673155,79.42959958706987,0.14217174835028007,216.89589049810317,9.947656496535403,0.21725804748141844,0.0378278946048006,0.12506240952515907,0.5653618123676409,0.06954281662856195,2.157548779973,0.4965466866069798,1.9412365792139603,1.3307818324833414,5.99696335769119,0.7321449768165377,1.1645636836504576,0.1948534329605587,0.04175063039046729,1.1516558918442191e-05,0.119362576643627
real_0208,1.531314623565849,1.3492481168854302,1.027534354225148,2.239871841008485,4.203502305235265,0.31292706206675514,0.5626488460365803,0.622360997092939,0.7363544903858954,1.0702044983802188,0.065589835166183,0.1833365377771274,3.192934856585709,0.037636673748658284,0.015191976350438792,0.14690862614821762,591.7386498755708,3.5265624596782907,0.327234032792976,0.0871791617438758,0.19573514317475257,0.195631161266871,0.038735576996775975,0.6811175778877208,0.77895776099787,1.6267087174825603,5.864228707231909,2.000163925766136,0.69773213470173,1.2388697062280367,6.34289627271852,0.09997353688347649,1.7464821721330183e-07,0.10572533695694553
real_0209,0.9889038834911388,0.30307834468340494,0.8909089609198789,1.54126844417175,1.7940689130687686,0.2626170970458295,0.8568046444658126,0.5411593562746728,0.4804480225276733,1.1796384505681727,0.08276542108719526,0.6139601052552246,145.24294008818532,0.014417118736407003,0.0005673546127266937,0.07040271263976053,982.3145165672244,2.2773688309107745,0.7076778835149716,0.0021328315096549835,1.0239193807148588,2.2067108402505156,0.11962406208171131,2.2146728735222454,0.14490108056877501,1.9733117433424665,1.1823484159859037,5.894757605899067,0.707572631675976,0.5135964363240557,0.6738199692869553,0.17797233270085677,2.452963068821379e-05,0.8253248040970224
real_0210,1.2259172618701564,1.6598611888945651,1.1543349229575748,1.1652122944550336,10.532717069948005,0.7915534651562374,0.32945180328561274,0.5676427741378369,1.7774714545160675,1.1966968265759892,0.1411169623468117,0.0016842564567429216,4.508880156196136,0.03243821025906756,1.6537180605705766,0.062297709486926235,426.383782290055,9.899090497227682,3.108957037070488,0.03483074487226885,0.13954229735203208,4.978502642696616,0.01601380401665801,1.3530311429770219,0.8778634289600985,4.88834831650397,9.364922787619786,5.459148787005463,0.846618412859722,0.705191611792624,4.466990226554327,0.026198891795294933,1.051679873472154e-05,1.8993191154387117
real_0211,0.5451982951894144,2.4947727137937825,1.4544381463464853,0.6659356710367561,2.963110665684891,0.9273836844629008,0.7569725288210493,0.8862254514377427,0.2551680352966375,0.8629162145641216,0.5021345876954623,0.007769923994632038,25.467736543075635,0.0112403561740605,146.1774707293814,0.059463536027778256,369.80287940568644,4.525417262345907,0.8434508351303613,0.08239981780374671,0.6180544772162614,1.47482944653537,3.9042262318228476,0.5088278233905948,0.7274095938765698,-0.6861489290940419,1.1687374161485646,5.317502531127439,0.5307511661799487,0.5055510966452298,0.9341702304089414,0.10553666924503001,0.0003050353350414158,1.1070369280808119
real_0212,1.234201383067355,2.6712627138286713,1.5263195613593972,0.527209425316413,25.72168531015407,0.12999084263843919,0.37593422609452454,0.851614873825911,1.2121154307351316,0.9076748368903558,0.86255032709936,0.04668462749238161,8.117110626970383,0.04232082380152777,1296.6168102979573,0.06685425052454634,725.225243868467,4.442101565178975,0.9438701681625683,0.0008607672717071123,1.796767117631878,0.7015336970451844,5.3866150493957985,2.814838021233838,0.44239353964699846,1.8674770580960711,9.596905280115969,6.1885111244007405,0.7433218609705312,0.9090955769262098,2.4543033467321433,0.0776700362503998,0.0005604699521596856,1.7106437173006832
real_0213,1.6057791587373187,3.505044412392131,1.3926780294749024,1.1237622644390146,27.474185196379516,0.31530997024593765,0.32439777662686936,1.7010243638981757,3.6712681434474383,0.8233744290750843,0.25170682228556485,0.5567564239949755,16.096787081182427,0.020175263943826523,76.26029044381421,0.047163216624818205,220.94214336292674,3.041019079561123,0.7195910870120535,0.46551106417372345,0.2178982092042752,0.8600221462453334,0.12092434303412122,1.1321186155001817,0.758640757919275,1.3125781923780542,2.006432435509879,7.877724730196151,0.5760028470901093,0.7920555078059656,0.2109036886595892,0.2390775232489456,4.673894426832272e-05,0.4819781741886035
real_0214,0.5519572475308795,1.4777093053257604,1.9111600932822894,1.550088897696077,1.9792494188941114,0.687330024180021,0.8300333353582614,0.9596171913636431,3.348372051353401,0.8556392280431497,0.6175948245391939,0.0051844216000077,1.3356801987262639,0.012697239100507452,8.873120276497071e-06,0.06450683651065496,630.2538743003726,3.1228890279903854,0.5625711255541388,0.006620234487120135,0.13748400362878024,0.10905524825824132,0.09825742522277302,2.1088618660114538,0.0769126219592104,4.473193849570823,6.775822797948508,1.687634035646644,0.12787201653596822,0.633672709688528,0.1170281570108041,0.03996614906602028,0.00026122292852670857,0.34164752589222036
real_0215,0.5492544426542979,2.752555745474861,0.5061405715176536,2.974501253924868,27.08379826260316,0.5350415736366426,0.7284813476708043,0.8949526940129491,0.4197693311573535,0.9081249974928175,0.8660949641555564,0.034373290563460245,46.424297495072466,0.04657124054845649,0.0930455420056416,0.08493970776754832,416.38624344379315,8.228575158065116,1.7315047240776547,0.06419897937856618,2.1014423224072534,0.24955736328572395,1.9768060829525433,0.5102411909515058,0.5147780943976543,-4.761965371640721,6.735562853530881,7.431812030244501,0.9586816430789792,0.6762401905450102,0.23888411274658033,0.14805297465939635,1.61073247602588e-05,0.11381978520900993
real_0216,0.8264378721451815,4.411165090242947,0.7691619271195188,1.2580030375425235,1.1714408019737361,0.2953775645200472,0.1823329711944614,0.783839719873464,3.1158452264550185,0.9668323216352578,0.3669779202505559,0.5251772962989268,1.663530866034101,0.01425511985764067,191.54840659506414,0.19626236084786552,684.9451386886656,9.915401850779181,0.8673671521968672,0.0517499863867414,0.8815627868972947,0.7592368394305113,0.8673352523574223,1.683525350487802,0.6278276621789854,-3.5214910226459226,8.439367884208668,0.509445462048217,0.48626174635934377,1.592497565944189,8.593962600402728,0.35584554330305684,3.8426758980634787e-07,0.2088473055612059
real_0217,0.6880296163715433,1.0967871002713763,0.9575536409263472,0.5946511470421766,15.609336807959396,0.4576041550830583,0.556715741349017,0.608428064606201,0.5511035310238155,0.931093696052386,0.27206892027355667,0.8041654423365441,1.4628837131093404,0.016683698402565842,0.022094335513745046,0.019895327574780963,825.6958776168129,0.4979647165953944,2.0093018991311133,0.028371773669751816,0.2722299154521001,0.4886501702858768,0.05483287957291751,0.5376412173486549,0.8706426109057702,4.810307286976588,4.069757492556233,2.8962188583083788,0.9563596121688376,1.7009048349847817,0.35839061871032524,0.13949171464507182,0.0007553007178022726,7.779452941791703
real_0218,0.6294905135459493,0.4128878379734704,0.623574040602936,1.9573358539638248,13.895702874588203,0.7304777168976767,0.509873732521981,1.2590940875556478,0.40975826933512854,0.8869248640165346,0.22056550141197062,0.44563411959781696,1.2172338002825958,0.014723593975887307,1.6259388343607107e-06,0.13926460877270816,915.9571837879844,4.578578808717427,0.2686409331205081,0.0030398862959827425,0.7511069568808003,1.2145038208318517,0.06528026953917354,0.6938557613349157,0.9561790378526767,-3.9328449487617436,2.4980273702842553,4.622661547558092,0.8710625108780359,1.7743317416947333,0.6529136936122751,0.02032774402561196,7.453957966641027e-06,2.720292169806627
real_0219,1.2146284060745038,4.639298430281618,1.1156548321020174,2.5760928463002024,0.6650005830156713,0.14724204989157705,0.7513484113182337,0.6775562915914471,0.3068587343427856,1.1088096683258493,0.6274623278190864,0.02563551264304836,16.67087088128402,0.011657789509045237,0.004165173233679366,0.16982897237689917,756.2017252336576,3.498124314730948,1.4152902378733305,0.010889072663144768,0.14355829558180536,0.27691373035172123,0.0868387257319404,1.1548332523814588,0.6223546673265935,3.0362794191063784,7.054362547692504,6.39137371002069,0.1731268670785349,0.6164627046451265,2.7920331466928383,0.1126759307993748,2.8274598607493507e-06,2.989739495080612
real_0220,0.8811458888272349,1.4240971830874334,0.8317376866496076,0.6946883954484622,5.094807106735362,0.6352650187102878,0.23030335679371028,1.9835409744790082,1.4920396052648177,1.1328800084745774,0.057894125283782856,0.012359470410625786,5.980622514796064,0.010498330888204318,0.0014045429159471525,0.08989751047330645,353.49130894156286,8.79004555823618,2.905162319067001,0.0008691891715382797,0.15559256716932318,3.3217566997684473,0.9797775780589476,1.467409839836157,0.5210650602583698,4.834711307439184,5.049360166794276,0.33357240876806865,0.0745906064720553,1.4644252585343278,0.365100768227511,0.06350045153358438,3.9854274070737825e-06,1.1240695557968414
real_0221,0.7055788219718497,2.486863315971032,1.6465902064762394,0.9831083608062139,2.0461965286243244,0.6495789948201253,0.7743971400600654,0.7481540118979951,0.41514776675976767,0.9831122682276725,0.8143786566128454,0.10124679121875568,0.24454592892283677,0.042262715474273425,0.4120567579142309,0.14726894575263377,1441.398736569133,5.761742586240945,0.4150098527898818,0.0022868793816410884,0.25438326247951554,0.5375593178169484,0.010452482758234957,0.5913440117845284,0.8362585318917908,2.485361575648194,7.1370378360017925,1.1421368303509445,0.13206384413432767,0.9999338115676936,3.7514844534315754,0.03672006844198984,8.246232731834222e-06,3.3129779760507976
real_0222,0.614296310369963,2.179322645424139,1.039245744308898,0.6487367485348803,0.6593090230034676,0.19259789961003046,0.2667724916702924,1.4336353618473443,0.42880484527897544,1.1752702641270472,0.37770848145038755,0.0035592644337831924,35.13552030517105,0.017134277387968907,217.2193798414992,0.10217599902879942,389.32997092783245,6.377677333336237,2.083688279497525,0.0006120308125534116,0.4741014369657865,0.505003408173912,4.868479230944372,0.9562750436644767,0.5941513189252501,2.707185566919925,6.940156864551881,7.455698940355053,0.3483873984279581,1.4662307935478762,2.805902206609548,0.3238294379896171,0.000588936273119016,0.1868046699950804
real_0223,0.9044329756249928,0.7523084852852091,0.5688885064017033,0.7267964547216066,2.079774941464116,0.3584754287858002,0.06270361251942465,0.6011335845560777,1.5357772910093475,1.0921816437133705,0.9256423836163815,0.2798125019346089,2.2108748452708844,0.01301590741581886,2.2389055687797905e-05,0.18348148245406534,201.9473105642078,9.151999976171194,0.4472082779278715,0.26477510749076455,1.348521675671223,1.4251205957551536,0.1888793390879273,2.480932035236047,0.2755572156052522,2.361303689159172,3.5978075152181903,4.094344997438725,0.46692133796158397,0.8391315666335163,6.961000948251367,0.15490272891122503,0.00010074556354988418,4.911744075177769
real_0224,1.0504091691951885,0.4026240798364322,0.8555385890911593,0.8866178826436544,4.093388560546671,0.5817089407483398,0.40027084999720586,1.2522757235310102,0.4928903662523301,1.032873011723202,0.18189539664293067,0.4068285050981034,32.885238941114494,0.018843785465404068,23.17130181245403,0.09868078515534942,382.47392985640573,7.811539489741555,3.168018869717249,0.0445641344676956,0.9860228789042211,0.37504152444321764,0.43366469342972414,0.5757662552556678,0.2580618440341618,-4.381700411654436,1.0418888198954448,3.771276438421042,0.14799458966018073,0.8956553130307363,0.2656165368658398,0.010716936742136673,8.063749873900727e-07,0.20455072616117695
real_0225,1.6868190003467813,4.4592938820691375,0.625080076361698,2.7929194055668516,0.5692761970296903,0.6946082879785378,0.8768309286745684,0.5194675798121627,0.9520697018039698,0.8068742890949226,0.7288454168288867,0.45493454707541003,2.534386060303159,0.01927920752467467,3.6283636231718576e-06,0.15978034930924012,1094.4148751252515,8.847357154560608,0.49138934577180793,0.019862788460428597,0.7352707318782609,0.27907501039916255,0.4704994390201147,0.5535685904649972,0.9029359859327546,0.030572037673799457,6.782776597889805,6.623418519081773,0.8335047446663649,0.6597043945426977,6.729575630038563,0.07099665954648134,5.195334132237529e-07,0.7932369492777153
real_0226,0.8178051338807689,1.8061672995992535,1.7147391702556625,2.049484419776314,3.4119828825655527,0.9254898738446563,0.8337427999625656,0.8812939203278898,2.4204358085822806,1.0516098930512956,0.7024946465470796,0.25322398410227803,0.8971000802971608,0.03133512311919314,0.0016921202002854064,0.015831057978630016,1061.355365217251,7.230564812538413,1.2017925085672334,0.026231540155628924,0.1137154317128879,3.188751296891575,2.927034226219178,0.5265975464567483,0.004746060778188581,4.433322622093089,4.391826791022937,7.868469466415683,0.7632434643551759,1.0034321616421713,3.3813860363268913,0.15334495516715796,1.5428345310223844e-05,0.39748754376448103
real_0227,0.8416559509804444,1.9213562108112199,0.5244163174295163,1.868430143258527,38.92977301143727,0.8503104609959009,0.8413160979819202,0.7629036164260108,0.3547668230788079,1.1022896875797135,0.1212000588834859,0.07672063971808214,0.2993958228334462,0.021268187780654993,0.37637125835820007,0.014096370192209268,551.7618615795997,5.127933478949268,0.22419434576208577,0.19391532636225153,1.4996827711761755,0.47237720764298985,6.102163016845929,0.64130912268055,0.7376324834234965,4.19821702698086,8.538162016153798,5.817324510435375,0.2843120709218987,1.412820776542992,1.2739468848889899,0.379339691060802,3.125034278058006e-05,0.37073950748480705
real_0228,0.5540014905681496,0.31967326133264656,0.9161768072788333,2.6741018932634883,13.633641268674973,0.23181541338723363,0.7294287763146763,1.216099895650949,1.9491046338430675,1.0729010141809605,0.9365094204581104,0.030880710242818833,0.3982952398444734,0.01415738108360765,96.3123291652331,0.022950987793237263,332.28175078009684,2.813828351860595,1.3537932599318652,0.05266544658293167,2.8263111617202203,4.731767941896531,9.508410202071145,0.7427262335203422,0.4864009653797601,3.6774727949287147,1.957628006698084,1.467306867463613,0.5461113822358599,0.5748185896074723,0.17948148698054597,0.117730925645888,2.1430457240822746e-05,6.852681350311244
real_0229,0.8373903002120654,0.5705971396056473,0.5563876870560501,0.9104257657910442,0.8545543905242268,0.3000711245623653,0.703350160758852,0.6962366764005601,0.7862601938552972,0.8181970060742201,0.7324864415917807,0.004756154830076555,149.55339861733137,0.04892867522739504,0.007307607712328536,0.14992166853376118,657.5608867665499,1.8096679805577587,2.113221689463879,0.11352370350825224,0.1795152983921666,0.21754515100839175,1.405955813733512,2.590362185485353,0.6902658862065482,2.41177574063121,6.376625323516871,6.068010927832145,0.16355706077184487,0.8498461205834019,0.3615899547915063,0.015876983882580634,0.00030184394229917623,0.8429907077464885
real_0230,1.1622954175918623,0.2182692540778534,0.9981096493628836,2.1286784277111157,4.156193601568761,0.5370895676761691,0.16402474502880698,0.5542413865762074,1.4808595432065952,0.9610558937399514,0.025934313288032335,0.001778754148346263,0.25580862792667586,0.033619748732999936,3150.84672380888,0.008535018498677584,354.8164238753877,5.254375215634964,4.833564092707039,0.0970360790081473,2.2139289057024403,1.0560716916537136,0.02288954988980015,0.6015545384630876,0.9002141411456632,-0.07446671871467014,7.111129355074872,0.5165817539577168,0.6677856927579917,1.7348521800564787,0.17305653240965516,0.016740752456985447,0.0002538925261785821,5.22316552211412
real_0231,0.6130179748605041,2.5894580738057957,1.990026281540667,1.6862949242123102,32.66648645229473,0.14610756120094387,0.8665734895081795,0.509853857178899,0.4629788072099899,1.1640573748340481,0.4494926778469658,0.002539712784765528,11.37502138616862,0.04006542391102334,0.009695262737075406,0.1634776868238752,473.82145283815714,5.84086663506921,0.23081814570963496,0.0025910214867651167,1.0418988612790179,0.6005492015525782,0.02729469503719814,1.9499265374551955,0.40394103332750425,-0.0410318607672453,4.334920572704235,5.168470553641971,0.5789122361879013,0.6099800316846071,0.19780588341465266,0.2079916381185797,3.8581959106493053e-05,0.2734496567399929
real_0232,1.5669637232358589,1.5065487770061838,1.1377171857088486,1.6425688137528929,17.76294646634228,0.41421638466446675,0.19687923036485444,1.838620241080673,0.3780562038765818,1.0237161366330148,0.21791684960749294,0.023433134695901955,112.35606320803232,0.01223331271562428,0.02975136581636071,0.05026507529564131,438.7576848041032,8.68375182237641,1.2416356079045554,0.006885623587518152,0.2411564685856668,0.25048955743302553,0.5565548562303918,1.8770033428093025,0.1788218590550573,2.6374674750512126,8.108208653437107,1.0236861136249564,0.9086919982326834,1.2554493522458463,0.33397892770173354,0.27140230470649207,7.537250573601201e-05,1.4913415007182094
real_0233,0.8668370271323109,1.458046055112117,0.8896946477723627,0.734168824703344,1.4706840712438878,0.3593519460671379,0.2594894080590257,1.2098023865875704,0.30404745733373617,0.8595642008174519,0.2981400071209217,0.6012067752058744,49.17428991663739,0.016379932937385842,1.4379921187765677e-06,0.06609153860032312,1288.1385076820109,6.312457018988611,1.9935540107769056,0.014426010451331822,0.17659934112191414,0.14731415665782355,1.1653349329156482,0.7945541751623196,0.34586542974633044,-0.6517224150336727,6.207165350859022,5.070469218944935,0.7953774734382235,0.6149136695540097,3.593742358744236,0.11416872851172115,1.1342307993042769e-07,9.698653806348386
real_0234,0.507844096730947,0.24457890922623265,1.2696397689874492,0.5181330828598374,1.6705221036630775,0.4263136883007471,0.5538883922155476,1.3002964806852824,0.5591418168057647,0.8136176478394022,0.16502057453835273,0.2275572831851204,0.45915921659745745,0.029591409819875066,0.05954627453919015,0.16526000951884395,571.4530799650313,6.32028217518569,1.3170660326263588,0.32089812930506184,0.5945424319595056,0.7236645651550462,0.5730241874364689,1.1963067091894954,0.6567966964168873,-1.042076326640569,8.19868489831643,3.807565375173089,0.8767812681249887,1.3461208681626975,0.972254174546986,0.03206871752309024,2.319151130426933e-05,8.941885841736276
real_0235,0.6699748396926186,0.49555614260767866,0.799060002125746,1.992925462762361,2.913042003277958,0.7690114319633917,0.3726079447723782,0.7360708482956444,1.8023234809770843,0.8896291762805634,0.5511186426673068,0.30018320102213636,0.45413189119622593,0.010000836220358288,304.72822650086175,0.0930809510639888,869.0190015588405,2.8963068545945845,0.3978707866747732,0.3423713570038506,0.5767967260491943,2.8851061846559056,0.08158602132873938,0.5882556383348282,0.8100045171572001,2.6648188534778843,6.431750569122663,7.8353579400709945,0.5393154238467637,1.6228192621329995,0.7957582501216311,0.28544021970101136,1.223430391646238e-06,0.5415676599571471
real_0236,1.5575530616640403,0.32098972680607135,0.9135452295952027,2.0352588411979937,21.099988719943255,0.12799164010042624,0.33787047143013516,1.2187982515007745,0.7518501463170281,1.105918883717346,0.8900021841486246,0.0410389817894045,0.32830146467984556,0.013424572076760777,7.2023528725126535,0.08273484420536217,651.7994756515999,2.1482124231756865,0.23772352300192887,0.0029903133656052155,1.0208319222695557,4.892010964536516,0.03279030024555386,1.5293332949957854,0.9950992272744407,0.93384367797288,6.605078079872818,0.8760213974356075,0.643419570631917,0.5566383536839615,0.685083826587159,0.015407247984111801,9.049344037731434e-05,0.15460321095920304
real_0237,1.4104427807174376,3.204234089742042,1.9166478143158896,0.6617962149083799,1.371597924584003,0.1322767560855638,0.6058599393634481,1.9407662727766417,0.6177178719277994,1.158325578686029,0.28025122233892524,0.0013362341706012802,9.71527776984422,0.022327135993493553,9.877810601547903,0.08697965044941477,765.2335625528965,3.9897737430273397,0.5119801801534589,0.02537611708777946,0.4894503152484012,0.1264448228534833,0.0058395622480936285,0.5461083304356592,0.8241538166610108,2.771548832848892,9.912266572626756,3.1490985843782826,0.7167403584754524,0.7173215842074412,9.075088076191944,0.040059130152381855,1.8480474593352952e-05,1.5005842748692089
real_0238,0.7258064058950582,0.616995029309574,1.008477162040432,2.0216617379469883,11.047320770115796,0.7872074139236124,0.020795197189006145,0.5478019165634995,2.33851453996884,0.9402375445156358,0.4694974281771357,0.036170483726038344,29.75603785993,0.04396316272103976,0.08718687918306618,0.11833595807114172,564.7588697204657,0.05204389841464364,0.7547595668349458,0.004971999117298626,2.958873651247766,1.8471686620980285,0.7222394376057374,2.8119711644233205,0.22916474030363612,-0.11333275266085874,4.931148510035193,0.2676064721656419,0.2958650198503385,0.526430498769999,3.0119100525586924,0.1151303219682554,2.5559592874503937e-05,0.11309012681882351
real_0239,0.5017400166078202,0.8388191213231202,0.8720212156991698,1.390596643079142,6.480638921335669,0.6255876000489926,0.6610245615609579,0.648553294019118,0.4951945244263423,1.0811785171268964,0.5071076382833081,0.03839415774767399,55.69069195608494,0.015608742054769269,3.9879961323552834e-06,0.11130371680374247,208.46212924704096,1.8467602966431564,4.736942369731043,0.0005867747218793749,4.970967886630506,3.2823331668795563,0.013395456244921314,2.3689156399668754,0.9990256456824018,4.450411217483786,2.324334462522609,7.150170401854514,0.11617534960138763,1.2482392958755593,0.10458885591629027,0.01195602826679372,2.17735612047462e-05,1.4105195065690828
real_0240,0.6408330605580509,0.5658649397642246,0.521569007734144,0.59645112660325,5.954880481566466,0.6033506057641612,0.8508824887139304,0.9201267192357162,1.0292684598189605,0.8246299390912656,0.8999293549958781,0.015564674845141192,0.20717933487924958,0.016498144160795914,1.828071696906647,0.09755734952352636,333.1502509992862,4.791433348158561,2.5195281832822176,0.0006270778917720916,0.1359518105391717,1.7219429629793723,2.5655400346184183,0.980861514396449,0.9887981889995443,-2.0814279272355436,8.242730102107735,6.998611728126809,0.906195443023649,1.237309739039932,0.16852868981079447,0.13408178755484831,0.00013706032733745585,0.4402489919384632
real_0241,0.5314248067137707,2.2291567038365576,1.9868720494790892,0.5879424507581424,7.350576401921158,0.03614135265462123,0.4416835138243032,1.5072551013959918,2.002876092824518,0.8121535644071439,0.5966005007670757,0.003632651450565496,1.1789169621359086,0.047388547720139486,0.025703021380403215,0.10518437450819546,616.6863615313272,1.6394665344810855,0.49467536061772915,0.252704410321186,0.3939536840966202,2.6961654829282793,0.012047916482904342,0.9898303538939586,0.6708288277248498,-1.2437606535582302,7.089590446886392,4.572537876095432,0.10370936839410347,1.0451308110548168,7.397276758275558,0.07176964123452356,1.7281632826076116e-07,0.32858776546370905
real_0242,1.397521409089126,2.706439829248756,1.3350774548438495,0.671292499631575,8.16240610208502,0.2745435586674428,0.4731095972932114,0.5127903084155488,3.699686785069135,1.1821509361464118,0.8293368438326628,0.17387504397141984,0.6025134024453681,0.03343249214544503,0.603026476135064,0.04654581873950418,723.137433771439,6.703354525819232,0.30033290434116444,0.017195257166770596,0.6018077440879421,1.4530253889885438,0.012909317261926175,2.8240962204174367,0.615461055591146,-4.963332747013272,2.0743806777003333,7.939207906438979,0.7658983594219577,1.7183191287353057,6.4719917408900525,0.38428486602617845,1.5379198418593908e-07,0.29399095534396974
real_0243,0.5802659435610811,0.4646453066644335,1.0887431720448801,1.2114947542127086,47.53521656345539,0.43212532463359143,0.2470678004502245,0.6178794167644125,2.7205533858041635,1.1827616683404354,0.2139495588561153,0.0014466278585387302,1.0994301606145014,0.02072305297016972,0.03626518094440297,0.049099013489657534,1250.851363974056,1.9264288026596916,0.25952921308026133,0.0011079731849566578,0.1817941902310456,0.2754529570657314,0.07161902278459495,1.3024579894600221,0.9068022025144403,-1.1017012197645886,5.4342884448234035,1.6199966849376803,0.44113086719728156,0.8560675353006677,0.191353537126091,0.29779867652510944,0.00011104658176777768,5.619015669656545
real_0244,0.8131145122126192,1.665907883646483,1.104971862443003,0.9140395015140007,6.3665915583997625,0.09195836430035818,0.43415396479651336,0.9472755333136322,3.5162040347982524,1.1779398392980474,0.7513835040672933,0.02818409305913077,12.91864340906216,0.036942150672575176,679.0051995701473,0.04452646459232083,1256.4357384219152,6.166166096134901,0.328764665571722,0.035502056908574,0.7762188421036044,0.7063897955076528,0.3335474804091036,2.511731181445442,0.09007308439815913,-2.789116729847017,4.043140623640913,7.503017698659666,0.8373765289930074,1.4588754809499294,0.31827129756806427,0.08344540762119503,2.644909775191033e-07,0.165159138339198
real_0245,0.7116062895684608,1.023709103712789,1.3198016452452819,0.6324693187749159,0.6294001516561848,0.6390161741455047,0.9184795254602217,0.7312507472297953,2.6448797811890707,0.9685258403619814,0.6303274061230377,0.0068770018634200245,0.31621287722145064,0.018218508592848726,1.449759228230559,0.19580426327401868,1359.6762564396286,9.802817455934095,0.720236077941717,0.06475517714298175,0.16487001861853826,1.260473700562268,0.014231210773241085,1.2344368888342678,0.397050917303899,2.095922342010967,3.280144045262604,0.5778483390988151,0.5740931715756287,0.5302125520632843,1.6020910076158184,0.07600038896917825,2.6295227677727045e-05,1.7437794981697208
real_0246,1.4202949910577074,2.221452908747228,1.4186104909651265,1.33357863285752,12.582847813258711,0.3349517575562783,0.8325354280435989,1.4401259696039541,0.3900274835370476,1.0794140458025605,0.4452713520509446,0.08500778264336577,0.2314129344022393,0.029954967056833974,3.153913180964785,0.1865691869101849,1348.0537936505955,8.931327067567626,0.3306827146683463,0.04176820545383233,0.4359099674472294,3.784036079172714,8.079700119623226,1.2904487764712897,0.3008587630398411,0.21131873790447475,7.33004337799769,1.7829592554126465,0.41282646541242074,0.7006693067174333,3.2827926344514564,0.18102790112416495,1.2144471568829613e-07,0.14826102867366894
real_0247,0.5048976947120907,0.338626632671793,0.7484693554752884,1.9387243725042422,2.52945062533443,0.22945191179569113,0.5167461798460178,1.9069952385928592,0.4709062412261714,0.9255110631755329,0.7417603098949717,0.3891222834552535,2.0119432171641205,0.012916250450827896,2.382927599996867e-06,0.1057177522876892,392.1533110049428,0.616554298094908,0.2012180398259199,0.2717133258267062,2.0386446018795263,0.37841436239278436,1.6959321430587033,2.40958475304306,0.3573116290152664,-4.600666115117941,1.132168258331868,0.8408235539246663,0.5342842756788436,0.6693979174340079,1.2585090991766952,0.2599650863496064,3.631308786604697e-07,0.3373654571392321
real_0248,1.404148404794761,0.268317331552399,0.9402082794763904,1.7764989419588375,24.745519061225096,0.4947012502673618,0.37023631424072884,0.9334784901824144,2.9284009368581287,0.8692025721221956,0.3506429860061077,0.0017967039769647337,14.111740946901282,0.03940517646875798,8.145669968025479e-06,0.19187201905982773,204.9858916755725,7.195845071940347,0.2619959168743819,0.014774595965859935,0.8744784086904008,0.9443234324634869,0.38767287647542326,1.8105288776059325,0.1819043850727918,-1.8221475458038103,4.521803058509196,5.448822894836601,0.09696008073867948,0.7871017651259354,2.8486138836744646,0.12002938584507754,7.39990195217027e-07,0.35157234645820384
real_0249,0.9738875024559207,3.7545864246532115,0.7933832885092201,1.2940520068168186,1.8186414136734628,0.9501077064270699,0.9117246964699782,1.028186688293187,2.164845631667409,1.0775131687697486,0.869587164023664,0.027713779570034965,0.7720158613673506,0.013568744901392425,1325.3361182388871,0.1852697003370925,511.09978014134555,2.8510130345532083,4.533138164283904,0.003451429926346369,2.8010782358716924,1.1949851152289799,0.04187289025219911,0.5443372017169106,0.6544140512013531,-4.661365954673197,3.5092756338455153,1.0862017684392768,0.32997812513523656,0.6390970759574471,0.134473929510736,0.013724693503847554,8.403366310604441e-06,0.4613434612589173
real_0250,0.9825752086144863,0.4002794782087095,0.9866756055401569,0.773062176367817,2.7233943925720303,0.03431314387403802,0.6981872413406547,1.1273699631727163,0.38092279361489007,1.1172231826239227,0.896576085582995,0.0019018352249448695,2.1775736652797053,0.03741963254397224,3262.9195602055474,0.04422489102184863,337.61454769074544,5.303256221023531,0.22976430917388474,0.02145873130837007,2.2268064355326307,0.3319918259091436,2.917557823286565,1.6633277934368882,0.5982723752750834,4.2966799992185685,8.088775600445612,5.595117753912685,0.6391426473677309,1.302297321234725,0.21407611466012813,0.037467895227007726,1.0606573874294976e-06,0.16433464001235198
real_0251,1.1484140206767819,1.9943624773641273,0.7034137943126475,2.4540805751959507,2.7341332461194803,0.3431489986951336,0.33112161530613893,1.9945037767462526,2.5010139043669106,1.1912488918145856,0.1266838066116187,0.004415967101426425,0.334234512013579,0.028608745858277697,84.40680342331724,0.18106465434727623,637.3532734742261,3.3529929781442354,0.45242359411816196,0.07820439357605745,0.34911046303746324,0.15760690930629107,3.7045723693863906,2.5783820924973506,0.11059993286499367,2.697491546556866,1.7614848088594486,7.4119013139100245,0.3225768516946514,0.8784232100053763,5.9382983002754255,0.2538536552991048,1.7996352638661986e-07,1.9134668512988404
real_0252,0.6091786192156524,0.20102498258764742,1.3291570815649938,1.7397051384252111,3.618201523728306,0.8364524091227962,0.28512260744965023,0.5322213533751695,0.5285751912479869,1.1733071242024835,0.4912434591740745,0.5381965251334929,1.5515068801061778,0.024895595258265235,0.05425951638908776,0.1344007499391493,839.0895916646305,8.46723850975551,0.5464861308158048,0.03448240111659163,1.1529468417221789,0.756544325915798,0.08264417248491367,1.0022139081647476,0.8057430246441556,4.369130178635739,2.2253857799055945,6.156365251784467,0.9181471057491906,1.3182260185058732,4.30236900349375,0.03898282952013871,1.5714143294840696e-07,0.25597784446951904
real_0253,0.8678672428920573,2.9112683331763067,1.0917547212101635,0.6389260019348149,0.6124512234721269,0.6807155145365625,0.22831537481321826,0.8757855069139152,0.5032112632617445,1.1436868528375863,0.13128562050857745,0.38055623045902753,3.5350866496732243,0.039355966622879456,0.06205741167433222,0.16667439962414876,274.06346400409626,8.634531758124343,0.3219188816790145,0.05923471540596856,0.2948371192689343,0.5577735439293054,3.21447865671569,0.5813148481626811,0.982604677390705,4.058111702039003,2.9694005077631678,1.9978346454084974,0.7614271455001751,0.684948731802361,0.8472681193906633,0.09325789161582276,1.5590588567881317e-05,2.2177622850897354
real_0254,1.1583538521494499,0.831795440015499,1.9754047845750182,0.5567773888023648,3.472012266429513,0.655459431629898,0.4437336502691247,0.8289043700183842,0.38811910923929926,0.8856179590939564,0.8213695618368847,0.009942290827796338,10.263645908439221,0.04697996455105213,168.09440724961652,0.0951795090322013,1154.2442491878585,6.22239347135375,0.7647761194806231,0.000643010162408594,0.11619717244295454,0.10038488366671283,0.017015990092757723,2.304715449001456,0.5545451097461948,1.3255724314850728,6.003858306814134,3.502778837983844,0.16657027970515892,0.8673139399374695,0.1163663763054428,0.08049499507062902,0.0009566998054451302,2.627586425671365
real_0255,0.8547300557181947,0.689948052022038,1.9344748553609357,1.6559938925534958,4.601067900350867,0.16390336457188112,0.6748393216168346,0.6133103038763206,0.6850159885338687,0.9467516808872455,0.09427154136457835,0.012991201872043086,111.4697965990609,0.014708378635777683,1.2931201693210455,0.1424509723043754,275.8396412169573,3.1651309669007133,2.8017544717634384,0.01027829990826919,0.2733100795870799,0.19043245248080554,0.3124681654580694,0.7053911792250879,0.3755852465411206,0.8097941176992975,3.5766949968873365,6.8857360900359845,0.9607273041921243,1.5246219228836895,0.42570154981905184,0.01979428093146007,0.0006945124779055974,1.397573587270033
real_0256,0.7911359863508306,1.908808474629819,0.5257739289122279,0.7497089122614484,30.698646942770218,0.6739933544556952,0.9638032281155038,0.8708674290644246,0.25958804364183247,1.1427471857501084,0.8740078869817712,0.029523000048354918,2.623529881326107,0.04674032392049571,6.854584522561976e-06,0.017215850904583368,1085.7655625944244,8.329859241378918,1.9003228689249414,0.1649963054182643,1.3379506544985305,0.8263997742470129,0.009323737394086894,0.7011670291032495,0.9222517282804985,-4.092735236427043,6.836020370146257,6.728496090672988,0.5829692074504798,1.2090901344394593,5.38335165845962,0.06575497116539943,1.1279758404145011e-05,0.16956672995166105
real_0257,0.5417750929622073,2.4412907752337434,0.5954424651216667,0.576358949895198,7.81577234879965,0.856894458104602,0.35168333056035406,1.411868702574376,1.7189797283341757,1.0235356342422357,0.37955748742772416,0.06445732462475554,94.60961011431397,0.03424456950869189,2.061122985855861,0.07193162075664913,1319.2515686196152,1.524760627191879,0.31038783592939717,0.02032200222836579,3.784233922033367,2.677877578094214,3.3264531170633376,1.3740592304987733,0.17253983830605352,0.1333104129189273,7.7931738122164,3.7507434038696545,0.21551989200085764,0.515462023388665,2.302821476647021,0.0783795590468627,9.137412344695112e-06,0.4964482714439204
real_0258,0.9078012075247879,1.3425127352103141,1.8851810115632037,0.8442473551786562,8.822951451378916,0.6451801992664864,0.9799353986666253,1.1056918280292574,0.25362479417972605,0.8912213676064263,0.5859165537462435,0.4629277612769767,9.6235000697549,0.03250641871520703,109.4341645100558,0.10786370572280908,345.04149447851654,0.996376677308521,0.6245687770348478,0.008955718288160748,2.3104574560474105,0.9207595796888971,0.044336190514509745,0.8546363997842814,0.47095485017051697,-3.587994777040622,2.0464417748446433,0.5505415557298793,0.5845517900887361,0.8809429035875492,0.15577984168576958,0.18876462712208616,7.695829440495013e-07,0.2433320673192974
real_0259,0.6309226666181921,2.247447844333248,1.086462118803966,1.382846027183163,0.8172475746959211,0.8178245885567459,0.6289210758719651,1.0510638775026384,2.0670750266799898,0.8265851618286476,0.9317268675121118,0.005090434293240843,20.912559159908948,0.02438284563171761,66.59703037347442,0.035360021986354954,1229.434235855598,6.394756090756287,2.928031349505901,0.0006671524362145939,0.7111088292312325,1.0130800585913629,0.11312839337604748,1.3489271965272414,0.8121283829640673,4.53111243762384,8.651623545226146,0.8090880156031702,0.22857241723066232,0.5099142064229674,2.0257808772973247,0.07934077553380903,2.614529120290668e-06,0.32120163469892027
real_0260,0.585045476404063,1.1311126627444745,1.3127475044311547,0.8546561542619369,0.8021382373490464,0.8843618495289182,0.6729225158769762,0.8226586923926816,0.7612164109889162,0.8591594676179504,0.5167819196159364,0.10396799123734067,18.847943967301145,0.02443794146568337,0.011549839501993935,0.16247369415141683,521.6183082622613,4.899134967369084,1.0146113601067126,0.055745690841054074,0.43947842078526383,2.0236033907733635,0.0060789389414147256,1.3617766934484794,0.36613510686346534,-1.530540418296558,6.689625970294506,2.3264994258241347,0.7889389698817606,0.6909213560464567,0.6225837999634753,0.11742884073028646,0.00032518477314984705,2.0849516843009472
real_0261,1.1050767135345538,0.2150975351330452,0.9669536568967472,1.914703948661546,8.032908168204761,0.22085175339734164,0.35990937027833636,1.3451335100148578,0.30125864971409094,1.0463358142955848,0.05499940371939257,0.026116668094897804,139.08925934671177,0.01788405033479433,70.82736000528787,0.17361442422219858,962.0530833181989,1.2341277575962302,4.304982090335868,0.022102346066382478,0.19202882939264124,2.4556381378683136,0.42496062706339044,0.6739293091440537,0.1986388732790736,-2.696499202238064,9.84139681236528,3.6624235263966747,0.977792109357335,0.7216533541937206,7.307865979882988,0.031434324661078754,0.0008856345763349487,0.7642828268255816
real_0262,0.9551281435781416,1.8580631313467981,1.3693337708301532,1.0901014578773796,2.648361734090426,0.7057831008691715,0.21083398257561756,1.2050189000088056,1.0839384055848444,0.8198468855184485,0.8177350524362162,0.0033150051117241315,166.81908019065898,0.02285163201607729,197.8400364708188,0.08373779568905697,488.1773831433128,7.309395970150914,0.3341934089798659,0.0013891426612093387,0.307041181588521,2.899382551444762,1.895850376307846,0.9437854173546645,0.2482827006676304,4.219230817409844,2.5625715392225628,6.831335992848386,0.6103713090997942,0.5775714106792939,3.088510245100898,0.015792202858202178,3.1412796634523904e-07,0.41731956122856617
real_0263,0.5863211458826922,0.8555431099802586,1.9822565682851228,1.3671523712092821,1.0195665870962296,0.42129211090491414,0.9414882850407542,0.8782061713111968,2.778605479816485,1.0092312330577116,0.6926593029445394,0.2186847484038907,147.72371955984397,0.026637533366417276,0.017291550837689972,0.05906021802274236,1251.2382563718854,1.652369473966015,0.2928656694949651,0.0026743694723449702,1.4604800001871878,0.8910851934604572,0.022305181775516245,0.8625584331874598,0.1270109643744955,2.2263873204701436,5.948432700551345,3.8325495462446253,0.3166346087084574,1.165994290478211,0.21642615737369691,0.01604149461773752,1.2542524331707118e-06,0.3875365812722154
real_0264,1.5720556417022256,0.24404809657426924,0.7509909747623679,1.3619189488337415,17.67065535069098,0.6130477169917093,0.14590460695514518,1.180424949602272,0.278698107013578,0.8499925718345672,0.17656195610365946,0.04225329389397053,7.361511414837116,0.010541622284966266,3.2828127006503054e-06,0.016472209185074478,765.7167653464849,2.0873086153379985,0.4124447108375726,0.005682904641586676,3.566988654424782,0.4403394649578791,0.17794085880419752,1.0522627616149052,0.8677473174639638,-3.2350788603902636,2.1248013533374,0.20847547541370295,0.6495575827826676,0.5193654009199935,0.3079450124091677,0.01838624665220728,3.1157891442915897e-06,0.21484682414343736
real_0265,0.998162171153231,0.34276845254396515,0.827917502906329,0.8785676127217337,4.043412128042938,0.6294321921693262,0.7399282574427221,0.8885763828056995,0.6924054008231745,0.8611401981276892,0.18860659974977312,0.007210360524717224,5.448186103878545,0.04318604826819118,2.6795223671200503,0.05540960355784752,1474.5936796794908,0.8565396440775597,1.3276501480732326,0.023628970305134403,2.854050279762666,0.17830668123896132,0.03070750769804492,1.7771579332261505,0.0749248678252635,-4.474222941593768,1.322211613295125,5.416970732302699,0.7908337589041595,0.766404335803706,0.11924597599996616,0.017537168940749463,3.272794150887702e-07,1.7315272545920466
real_0266,0.9203933249694319,0.3436110522944613,0.5975201352279711,2.8573869174714868,2.832712028501673,0.5414181140714068,0.11907660692911994,1.6682372287134284,3.8888864765635818,1.1117342034320312,0.7616724366183745,0.5991966695093166,1.5109384954035878,0.016050556087147352,0.00905081857924449,0.12673393587045742,1377.4899441939817,6.29833400781524,0.8007207883455394,0.0007442117795978448,0.22420778715876685,0.6367416263614433,1.0761305932109138,0.9381035264069508,0.1853511210143166,-3.813058626665076,2.8758922893874517,3.5411470065417494,0.15981463534531273,1.5962730992428118,0.6591211805958352,0.061918877439955104,0.00010340657150494677,7.357878146220936
real_0267,0.6217355166853629,3.7025585493747224,1.4761781540615215,1.1831609690782,2.3199500955218375,0.3232505456433199,0.6773086315619221,0.5776919549360927,2.9041790481075798,1.0368716243148381,0.3010532750198744,0.0010340629726419614,4.080539297497469,0.03201941126822351,0.12348590946449438,0.15128904934552967,493.681534208144,3.4519990502522466,0.21119696950002034,0.10406280179869358,0.5073001705354028,1.939624756057146,0.029301057006329675,0.6122552612898664,0.5089607400312882,-0.5256671393650834,1.5891452248236924,2.0756651315426087,0.47767900876827873,1.9914184099980607,0.2484532595360478,0.02377412306197754,5.85968190657804e-07,0.9670727521734742
real_0268,1.6487676906275646,3.8270995592931447,1.7335562568509395,1.3976182975326834,4.317353618825034,0.7397639761186997,0.24288483112316375,1.933754816715366,0.4667990730376737,0.9757995731375332,0.811744335424522,0.004055948572290104,0.3583167503995563,0.01159437105173421,5.1773309112183984e-05,0.048244083522665765,857.6644700773161,7.032991345581645,2.057786794996469,0.04086722345453265,1.71742881709014,0.14625029641770876,0.3271201126352079,2.799480985069747,0.9309919827082705,4.752505020153757,2.913682023502771,3.9703331227747425,0.8583021493051524,1.8400894710994227,6.150510667884146,0.014110908913626354,1.2953846556380422e-06,2.903169543570805
real_0269,1.2313795475533702,0.49717749933716443,1.5642499006443913,0.7030631823434226,1.204858803937873,0.3076932474174205,0.894113769165279,1.1614196966018495,0.38203060920564763,0.912989115187681,0.04692311531712511,0.006377423530037453,97.89275119960507,0.03983693793328018,0.7633243835309895,0.175546331715013,1013.3674827144774,4.911566169038373,3.1350479087223264,0.0017193077786062721,0.31737840588869093,0.1390390808266575,4.6170863221598655,0.8236975850084991,0.8563423692329222,-0.7464580256195035,4.150445829785313,5.874562839866668,0.07910716405680764,0.5888573835818249,0.572730566475979,0.022596460836679173,0.00043469754762623044,7.180335851425364
real_0270,1.1730951423392253,4.177961855944724,0.6828325350751618,1.9305047254395717,25.278222571218123,0.9583903908338568,0.4332171762788278,0.620039675765378,2.3718845127638417,1.110718089228663,0.8069281320598038,0.022477876358123646,38.43958384173322,0.031176989839065014,0.9175365758091228,0.15325845416236844,748.7029987976756,6.7649056738162425,1.6553869774594394,0.01931808947243281,2.7623507230825606,1.2128721722876228,5.157747931540071,0.9610927751337461,0.2980583932101851,1.4368650872622446,1.677265010475515,4.822662482477461,0.8044661549426902,0.6611183893539743,4.205153934777472,0.09171833343255763,3.84661754847928e-06,7.52379197039456
real_0271,0.7451417437741104,3.5716457192845446,0.809961692346459,0.6002473537815363,1.4388031211599295,0.4597811238810262,0.746515864722708,1.1820665439880251,0.9016684563488723,0.8603522506921688,0.39009809837414894,0.09930122781385999,43.138556544502066,0.021222841131713233,3790.2090170958013,0.16415612546822667,395.29022340332784,5.175853348684689,0.3537830482412606,0.001960767214029698,3.6311860304203996,2.2388189451761824,0.02196599584207558,2.2821771465387726,0.9615754903262063,-4.280779591828312,9.177317328849835,3.911898182537028,0.683257342641561,1.634684198901266,9.407971953326497,0.013895811224778452,5.102309089876899e-06,0.1759778065670738
real_0272,0.5509202405346424,2.8526551415547226,1.4711728131623205,0.8297404748161549,0.8623284400096576,0.01154032238554189,0.17993428580603463,0.6227984784366986,3.3042300519638568,1.1272700740266395,0.618783900910183,0.06347157841967498,4.760113757637799,0.010231601593330607,3.393719500248139e-05,0.016340073650816356,955.7436983181304,3.2142890647201448,0.5004472300966222,0.32967601324235657,3.740518030640514,0.23995841925294273,0.006887130919488144,1.8279870000576741,0.41984305514997167,-3.3475730311865814,5.132815769088613,7.04072008619837,0.7126149453839677,1.8002354593628205,1.476569993082981,0.05295336612661009,1.9751403494573833e-07,0.1690314831517231
real_0273,0.8875820956805227,4.4293944355273425,1.2500205199762187,0.8172269438157403,1.0751925227184516,0.6011498637218676,0.8523009216803501,1.3345174062362457,0.5661443798010026,0.9530469282558305,0.36540681186495444,0.03122444538629437,2.0249637737498483,0.014924266130654253,0.0003598278525323995,0.006373616476797309,828.351601241237,6.081896460026078,4.250895589890157,0.004520437196934898,0.13175283109237254,0.3949810647060999,3.2474004331057356,1.1256896396468004,0.26168760998619034,-4.641438848080289,8.224165984679496,4.426278985410641,0.5965291104079703,1.1005623285983617,0.1633112529903245,0.050528100368616644,1.0798757209012842e-07,0.717405877207203
real_0274,1.077999507120942,2.284623423814923,0.7573891460321318,2.38597851128537,28.201254260115793,0.21053926907663317,0.5468485707019782,0.698684366660978,1.4061577520584307,0.947394058279334,0.41304105956827586,0.012369629392553013,142.93277951396905,0.02155510378021885,5.748515277081948e-05,0.05401886982260606,309.53199280100546,7.452257025591208,0.30916474002076577,0.003647032713370534,0.7792734954664903,1.0750750170002288,0.037519894928355085,2.6398545661626835,0.17010765080488324,-2.459915481475898,5.191050257490134,0.06720370916035819,0.6705879042350351,0.9191092035091909,1.0413543422778697,0.24731968520086473,0.0007406059771702976,0.9551926364897292
real_0275,0.6183152687028997,1.042780227967624,1.1090989450929287,0.6798090929715479,1.8060338499730653,0.8679549647109805,0.9346264169655658,0.7892721965995673,3.398377778471655,1.0039814824500817,0.48855863756068946,0.00299696619341008,0.4037279105727048,0.028882785546961828,4.2442353137484584e-05,0.13530502708498718,281.3644011617384,7.896331940937824,0.21297660694699175,0.0006754529205519434,0.18978078311338092,0.1587685557280646,6.603059653795379,2.0370037965859247,0.2911473012997491,-3.175653673760312,6.057977568503936,4.5307948366851445,0.30964440424080225,1.9194437056349944,2.0599565094115593,0.053146325744035654,1.0862503444513834e-05,1.1058900066844632
real_0276,1.385698994939104,3.9533136970685487,0.8654646077406246,1.1271119343884328,2.787753541024558,0.11892559339135313,0.49040640919256,1.0953404850709003,0.297801474222593,1.031329612933076,0.20148271018135064,0.0019320449919002284,0.7046104886407357,0.012282226801417929,7.76489590524237,0.19106718083656915,544.7833067131602,7.9932440526859665,0.7755916001634268,0.02408538174949291,0.5407148308358845,1.8168213586552047,0.03690411069374511,1.157022788713658,0.9774038575773063,-0.24708002858844047,7.774160471667523,4.917701170659441,0.6262685103205878,0.9485841456925491,3.4949487003172806,0.05643671726340465,6.842475092119887e-05,0.22230401221357945
real_0277,0.6348013870761203,0.21464321179643447,1.50756529668116,1.6141142850022054,2.6230494209587367,0.970702492860924,0.6388565222438294,0.5598552185439516,2.5264381788446673,1.0838306372083273,0.6113773341668987,0.15031529773961702,33.99863565409115,0.026537744774983687,0.05684174407373786,0.10698180682749002,256.53016109248387,6.7911115212840585,1.4552656344112829,0.04144731119241321,3.0907010314953545,0.13065717167784593,0.05402674465911685,0.5428558624232678,0.8034110325218755,0.26597606722916023,7.834795717155271,2.7885217009760352,0.25065452389833165,0.6887758110375783,0.8260180993858655,0.24282560844287518,3.43192233903143e-07,1.5170587305625272
real_0278,1.3400793396396447,0.3255269019556606,0.6079946426551853,0.5451741800821551,2.3862601872917186,0.859774375694709,0.640801852632768,0.5888179399324243,0.43739781363570834,0.8344731573407422,0.1845474532489247,0.16631964324087017,0.28477830386853914,0.013941746759526152,0.0008373215716112549,0.05264835011743291,770.0950188395223,0.7045170296756248,4.957383352564411,0.08309062918992309,0.14560186415937088,0.10244101209210063,0.014795346672058863,2.204145996049718,0.9910944939976187,-2.2849054779396907,9.519786923540169,1.4195094250477331,0.06537303877228227,1.328161922849712,0.6982263553675615,0.222728573104801,3.749632728942402e-06,0.15031719706174784
real_0279,0.8110661492631613,1.2170407298076669,1.3193484215507736,2.235404367917257,1.0042639129808242,0.15443480210804572,0.888891928854445,0.6946516238552922,0.7293367233909589,1.141307201027389,0.4321537484893476,0.5453156462530653,6.4203321862243685,0.03345985852978679,2535.606905176679,0.0654546113030731,473.05395165754845,6.264134079991921,0.5696162128702152,0.27461435432430226,0.15937370303673884,3.058668092925264,1.4890666277321825,0.9296603859282688,0.6111824000236392,1.2887251866480263,9.536505158676396,7.804918223824418,0.26972826728201094,0.6380458155431193,0.1612643090366821,0.1375998497276681,2.101073394701122e-06,5.553284798899745
real_0280,0.647969545783212,0.21974895560510876,1.3086933921016362,0.8951303432002142,2.684021384413651,0.8288760263562067,0.6941077442022753,1.7805604107219553,2.0541291402519706,0.8112775783044689,0.34308296872833344,0.03279700856531828,12.673460142260513,0.013511349868486495,1.5504341370627036e-06,0.08134194293653908,1010.0194778385269,2.184716524539028,1.157410422601026,0.06569036520012597,0.6589555832170018,1.9092678603259365,0.1904503886395042,0.9932056551076844,0.025195549724636043,2.345500751193793,4.486140485833693,0.2831769911456723,0.8505596514548039,0.9866367720063185,0.8864959253615655,0.30470260714410424,0.0006622673997690823,4.575223922961392
real_0281,1.1081195048936157,1.1523032400663442,0.7317655768973191,1.6468643126265292,1.8875407924431953,0.086575587519472,0.7637365373445245,0.6455320787409602,1.638594297533274,0.8023553905931382,0.4373064486099505,0.003796122533621151,28.006713025975472,0.030832906374153275,0.029923572339366322,0.12505292471572857,285.26698559029165,8.733088954328664,2.95716633937347,0.00845821309826088,0.4564337056086003,0.7923960482092075,0.6798167705955924,2.0717043926283,0.7422399112626233,-1.0785283335409614,9.832836210367304,0.8490165109530925,0.8262045710195044,1.0831994719977822,0.641562178225804,0.02664897805036473,0.00023911608920881914,0.1811808079977401
real_0282,0.7483713013372213,2.045152403886938,1.1866525381111401,1.5028186994683108,4.550355834343672,0.8428618741613729,0.6524967445191258,1.0761945582836647,0.6077082979416739,0.9051979376155476,0.7814542473306343,0.008694521019045387,17.945577950683873,0.028484161853560324,2895.241745821112,0.13295681356042455,1267.377385961503,7.338875695031927,0.25792073920963476,0.011591462224334804,0.8267619962508748,3.4714574785114545,0.2681226735200788,1.2322063601234812,0.9532661912654896,-0.8553116339611497,5.80693160210298,4.295004541412562,0.06942013850475154,0.7622224520928838,1.5218831443398113,0.033465155846961525,0.0008498525593841215,2.7474512910293725
real_0283,0.7305921966983975,2.5555267639563577,0.6667135073167113,0.9938350353479815,44.304856709975134,0.8997345620854685,0.47123954858628425,1.5017501857562034,3.0616560074901504,0.9508102133168942,0.6124628738410253,0.01425378225183292,65.45546758160619,0.011822979341568776,0.01799203452774879,0.0055234753518058,946.0095468051499,1.9859078656779223,3.5711892988807663,0.03889073885804997,0.3034938729468512,0.7773259843625163,0.21319527852549272,0.5361847946361769,0.4008572940069756,0.4300132352115096,6.241603713455672,7.015322969272941,0.9759424452354793,0.6034072019592145,0.32557585829727864,0.08793646364145986,0.0009096088939208525,0.7434967429743843
real_0284,1.1673627855027207,0.6798007834687388,1.241190601496665,1.4777108991659365,0.6536915078590448,0.4015638395900681,0.6223426649866742,1.2899713210748205,0.3263763471409342,0.8148897740410631,0.745931578980883,0.010913765368245882,69.37905066878668,0.04041339143548097,3.480849512969561e-05,0.18598665934505193,1389.0335681095983,6.350687450140504,3.406758625510205,0.0008121301014973094,1.1271206377225884,0.26947647279868525,0.05815256462783001,0.6527821858782046,0.41314662278142866,1.360555681918143,5.463241586134961,7.348638491313547,0.9329589639063024,0.6004108501641587,0.9804547754685735,0.20419578489133924,1.001757154524544e-06,0.11497646851147211
real_0285,1.6445368632333264,0.6421012056702751,1.0680234209191124,2.6564233992789887,0.7044293160213877,0.6661379272989255,0.4782005940377107,0.9765047916576681,3.9812605032738757,1.14972282116151,0.8041296153978209,0.0030668441977373924,172.74935795405932,0.011756772802356657,0.25249563252114743,0.12405084253217286,424.4967949146946,2.2384828562037455,0.3802158043453877,0.0007845952947374039,0.8928707153631074,0.12986902210411364,0.008365895533274785,1.037868064700576,0.27600344928851267,-3.99024411730165,8.600763098369427,5.921379726661883,0.40569546816464064,0.7290207577272048,7.7789441604785345,0.04152955932563346,6.604746571960657e-06,7.136494938680913
real_0286,1.1793676777616682,3.860012954512334,1.7912429272249097,1.9602498278551808,1.5453110520631719,0.5029009620452914,0.49767091115200235,1.6905667947797332,3.443669445339597,0.800114331271823,0.13815393633675063,0.2497689979134335,0.9307481548610881,0.027491940642346828,0.00596975484058331,0.12146380496027653,919.3261581001809,1.2476749609245876,3.4995459692128117,0.153755379255331,1.6695162359679059,2.754370405538617,0.42126804411139984,0.5872716156448297,0.9756760505071909,3.042664920164359,6.5792202299438225,3.8862678768370866,0.4680154358154258,1.7267757501539818,4.681832841994214,0.046201659907704536,1.6069284258641726e-06,0.4266761808134809
real_0287,1.0219625893084658,0.721263966324068,1.7550718518516666,2.833211991526984,0.6928664761873802,0.9015780481457438,0.21483622681002418,1.8430868071176558,2.95263014341701,0.8214657043498752,0.08138688443619575,0.2732186599175467,0.21517002151295458,0.01360958541567167,494.44802492967347,0.029417841337562096,365.72889877048,3.262152897860797,1.9297909539940623,0.3026320642243191,1.110512597660953,1.3307237753157495,0.03903402352191586,1.4263121691728087,0.3873216625942712,-1.7355260085234199,3.7813047015806918,6.60221512039025,0.9806246100327258,0.8885360731275656,0.803277042778759,0.03502590895671614,2.0225272936684327e-07,2.3360564788319045
real_0288,1.14363416460388,0.27780852016096,0.652824155314448,0.7378995251097976,2.255222962906736,0.5966477529710191,0.07743517044482014,0.8985150880489663,0.36057933282477406,0.8261122664502855,0.6553768485310381,0.4409486581068073,0.7206976684260403,0.03015154661711279,3.705016064632793e-05,0.010822660087719928,984.2372317008889,7.615355129867449,1.6239035208316852,0.011892122028569629,0.13318803033149995,2.1826137363350457,0.0076490832427214585,1.020811954240628,0.7340533439992925,1.6401064596408084,9.719191978749988,6.462148053847606,0.3739631289168515,1.0894863967612083,0.4593409129949464,0.023265238810865146,5.585819371326426e-05,1.0868901984215493
real_0289,0.8628065358067281,4.2978982807676696,1.094157383152856,2.5035229884071177,2.1113081824140183,0.15894445275024546,0.90438560334441,0.700687507053817,1.0679147046784214,1.0112855294509682,0.9183407910864703,0.07092939918265406,38.090978841414596,0.011707126090035727,0.8439036842688329,0.04248485359016921,342.0734262084716,8.872788879079724,3.030251613257703,0.0012539739913060494,1.060758653758368,0.6258100680510063,0.06871048577244004,0.8318043835608178,0.9365081691568492,3.313963829192387,9.50248704241238,4.210532782676639,0.5487694201128455,0.935870108214566,0.22420047776656693,0.2505873971647609,0.000673206294585255,5.03502122664786
real_0290,1.2802906995400358,0.9777236249837487,1.3757704285303607,0.976974403182476,5.519182127891867,0.24447858978588996,0.09514113069167827,0.9170959594003076,0.9735516067283092,1.0411729155624518,0.6840879554957212,0.15237886135730386,34.53958121053561,0.01905184840950133,8.427233930827977e-06,0.18174307117335084,211.46154212436932,6.577239130966709,0.6020264266254011,0.0027484680485297466,2.807562449363206,1.2628428097776052,0.32523879219188984,0.6716222716556711,0.2884507680895527,0.3173199554700403,7.9074697227562645,3.0523801783791416,0.534777607864543,1.174185643006563,9.960908563868621,0.38981429034236026,4.966891610704583e-05,2.068191023499049
real_0291,0.8855586148901534,0.9548606359102284,1.505895901481364,1.0604180786982484,14.21476565398513,0.021723508526624937,0.5054464586889523,1.5722257682841463,1.6084826033323627,1.115992823662538,0.6071983223406697,0.0011278497686978196,0.47478722301548976,0.011220935048302518,0.19375662553469003,0.06794359617743988,899.5268786304647,9.212680079539224,0.6968247099609326,0.0676840237369828,0.1831268163502965,0.10505712528843157,0.03321626113613177,2.004018034818998,0.7142159185699898,-2.6421742555648704,6.871684179324856,2.6645452801758167,0.9972177136939558,1.5033313270234059,0.30505830251083366,0.11664906032684202,1.0123159945126594e-07,2.128797054862476
real_0292,1.3172935006633044,1.1411413038269445,0.6598915267683141,2.7594939795598648,1.1422430591013435,0.5430257412061996,0.11865785049873585,1.816505229913468,0.2574343463906171,1.1867158881415605,0.3595349115541781,0.0010238508897171805,31.08176520420126,0.03219384328342707,0.08538000100949536,0.14582921823061124,1341.6154638894834,2.640709082648155,1.4984223429228818,0.008287364345286789,0.38299611304703957,0.35118456648627644,0.2376416823575241,0.9031317574390121,0.7716286587116002,-2.9902705745872664,9.778246144664362,2.4716255077854523,0.3262942808171319,0.6209449660868405,0.18783884276531987,0.01356575660243176,2.677177965872115e-06,1.636070035379326
real_0293,0.638877937156927,0.9619643659436331,0.7621051494287437,1.2831967133599838,17.970128183506045,0.4626683451717067,0.15885571338909357,1.4202380617540598,0.5395326511592492,1.1030301681531645,0.5959688448160319,0.42074620153376974,1.983586668077343,0.012134759690334156,233.03290770902657,0.171136182538825,990.8613779443259,9.562517263087402,2.665382472526015,0.0033192626512479704,1.4075256763119484,1.0423590365260005,0.09344947474574612,2.0007609611695205,0.7996640585086389,0.6962848586193671,1.3841110426582293,4.997357814295435,0.854057641160429,0.9109140146999782,8.984171529167218,0.017280387115917003,0.00021030402412434464,7.617053187403099
real_0294,1.1332526521149853,0.6176910219607276,0.5484734313032666,0.806690002957089,13.460545190799467,0.043088250767719855,0.46184133616154505,1.2450007587972594,0.8434827071394231,0.8919444039422654,0.1027915769584314,0.023007852086883045,1.2581873971771738,0.018099506277208677,213.4563774714387,0.14780367311314477,618.2173409090151,7.963233800363226,0.9134328901617439,0.013049353445902108,0.2693385069238763,2.111013148816055,0.008945419845646648,1.357533452281483,0.05433979035806036,-2.774304994503324,6.297612796555915,6.111942959849028,0.7727248531445315,1.892793244670251,1.801784164802401,0.017800828006845692,0.00016407191208097304,6.525320184648122
real_0295,0.8433215580342919,0.5013553007366177,1.0799046951614615,2.93734833567934,11.24286170675062,0.29500494165836855,0.9720752520864665,0.6357313575831377,0.4389663727370076,1.0299297854347225,0.5780298738884564,0.0017021460331482347,0.6239068952712669,0.010687586234789135,0.07328596346616785,0.0001885129401174198,359.6759369218404,0.008566110205503635,1.8429040998745074,0.20286291279948743,0.1611679450899546,1.176061965876267,9.224546902943574,1.2047760281162943,0.49967894189842454,-0.09653969181027477,9.928248884452941,4.8542093176018195,0.8529574069265287,0.7834357730744095,0.11156670722456,0.051246186089979,6.523828538859316e-06,0.2833226673546073
real_0296,0.6045414160253156,1.0388757947301848,1.225682693664868,1.273804742713641,2.971191887864004,0.3943291549428762,0.5594990294254417,1.2866583196219363,3.2636587897286873,1.051247837802024,0.12233839453176056,0.04040856448302866,0.5294483721353469,0.015854409980962127,0.005487689245210679,0.013485502445382573,237.37622370482666,0.3045093527528535,0.4362157635153956,0.156571796478901,4.795244721502659,0.22884079872829272,0.005794153354004074,1.3196616360481808,0.11232498163949785,1.809939004490941,3.3520082458690412,3.4096542383983235,0.08553691475967024,1.6546612940423273,0.31294990439715076,0.17206884597237093,1.1811080744641792e-07,0.31906688445959835
real_0297,0.5694492948445323,1.6023207520052232,1.6933730913556384,0.9488374333364525,7.054006817335362,0.70063710699176,0.34789043426050636,1.4075032094404905,0.581808005017748,0.9500229802374506,0.45372125123231133,0.007246977996312914,0.5070052096661483,0.01070959133703789,372.64951012383955,0.056344266986515526,829.5482202485646,8.08872105242219,1.3881297675459112,0.022502243631047,0.15798327345360083,0.1414395201374401,0.10628501501011568,0.9503805087721564,0.48018091681987374,1.2425339885943085,5.574943297794273,0.34083247091334845,0.2872218130263912,0.6670193760437778,9.13051504381166,0.027964066906584522,2.851256054430188e-07,0.725147362804597
real_0298,1.1505082013151664,1.5576925928899168,0.6571195868579749,1.0619911259160872,2.034515301061307,0.6093090553044777,0.5849171280949629,0.715084273679188,1.3050118594519906,1.136379848536711,0.26264311472311813,0.05981727427074451,1.4093121805649726,0.040812116104504366,48.06299839111321,0.11162245741627058,1490.4619511190208,4.053519318135102,1.4292378887117692,0.06373166945019895,3.833450332112126,4.090527741842518,0.020983757727199043,2.0179064011230903,0.1289753718242468,1.5558115409038917,7.683721887095251,1.8359117313061153,0.8953500016331325,1.3587150254154616,5.721374185104571,0.011465733833154149,0.0004063141977054169,8.2378494613776
real_0299,0.9038702864061207,2.4129603593023092,1.7309584940165295,2.135506058371338,23.231372390375913,0.3967294601343379,0.4235970241637823,0.9232272745608748,1.5091744310571422,0.8355982259792584,0.33217779931817537,0.14601390068277595,8.93473224183826,0.015228465688127532,0.3229566543947754,0.083043844549294,246.83605094328797,7.760983310510785,0.33483059327277664,0.0034634017785006095,1.6928813854633407,4.155302712656932,0.00791838859462977,0.5039923178037367,0.33389716306380623,-4.1176236684821585,9.555486659393909,2.199543636192307,0.8911008900616271,0.8703597905965381,0.5866733956514891,0.045944701482059785,1.0691310036869616e-05,2.3080023964442233
real_0300,0.9302308409529483,0.3054311389836282,1.8786352626150515,2.216134497167454,42.12645067456318,0.41702548490768904,0.9079528463295281,0.8240605393896473,0.8963069981900884,1.1858363660847993,0.5740185687708471,0.0029140981869446646,27.537082771877536,0.0173715111397119,0.013280117855735268,0.17142485945264607,553.7001196269258,7.720000263371124,0.48643815287429354,0.18930443077314504,0.6683896075260977,0.2716295961791492,5.019754607227624,2.964810541477302,0.9294791798515923,0.6344875499673517,6.23328415259839,5.601184315318643,0.7526252776719593,1.612662431466854,0.13999431080820768,0.01997223563782717,9.347116648392566e-07,0.12390831989501748
real_0301,1.2980494825739475,1.068208221219958,1.4613313763040512,1.4399748781616648,0.6188417835160668,0.3652141297066643,0.09969303068566913,1.262263780377617,3.1730803936540197,0.9534113694328052,0.2946272497890533,0.8927160294924199,42.00920664012072,0.016811716908837468,5.046128727696212,0.19077225902645162,876.9156155907997,5.99964323198476,0.2722582546735452,0.053562998474306844,4.2654339674911075,0.14823086837692734,2.183011202758172,1.6337631090384903,0.5887517750838084,2.4782813748846664,3.2470613251771576,2.751462616853829,0.6001716464094374,0.7194535026185548,1.7108165032526115,0.067799540485474,8.705326020098504e-07,1.85851422582891
real_0302,0.7502366262771378,1.834158595772052,1.5228629044815736,2.2753869807335185,1.517305492876303,0.6720212346732678,0.31727202465954935,0.8732928205570115,0.9447165241718967,0.9817597017098375,0.6780926391023347,0.009770190619903325,44.73680174551939,0.022421523499137716,0.0007410182520483616,0.027582175448323212,433.9130522409501,1.9037027224587764,0.8507390905756366,0.0025137397151930845,0.14962031981494137,1.7269413072184259,0.005257644791715899,0.8279918149347335,0.8176919838160026,-4.893046905045104,4.817102206272704,3.2586516269051646,0.11838420414204782,1.4719167318937534,0.5785386667876217,0.1674685924446921,4.634042247070198e-06,0.13876882492972625
real_0303,0.8310969741718588,2.5196840121809045,0.6856178227891255,0.6037252070345458,47.78485213514403,0.3666435697527891,0.189592354214601,1.5078871163802312,3.580627795835374,1.057822561100706,0.08914489054429546,0.0022594062426949564,122.49975264155825,0.016146611637705487,0.3446978959517324,0.093403565873032,1035.2254834045336,1.5483477710428555,3.860077380583116,0.050830682272840357,0.6201275572317528,0.9268024862705222,0.5176520762766728,0.9096560931081669,0.1424717920309467,2.923862876647102,6.8926765811895905,7.582217550460949,0.4523079490857254,1.999141722136763,0.7695245012288172,0.024599542845509262,0.0008346605625411079,1.6893713012178453
real_0304,1.3526115634245293,0.7876902336873859,1.052077133316919,1.6532324644446532,34.483702738038154,0.7682918852134177,0.7228359894366746,0.6171995644203372,0.5209196346665257,0.9040917182286339,0.053089425836442175,0.07301093282729622,7.2944645750808235,0.027372561341299693,1.0843358657678919,0.12899689655447144,254.25388563647448,4.0348504218685495,2.6008115094043336,0.018580256354754448,1.46940807858393,1.3606748414418879,0.011135965058039666,1.442724303327154,0.16764659958772066,1.9108144512191991,8.131479006949657,0.5708742534659049,0.2675526938053145,1.872383322623137,4.821349671516779,0.35138227359618757,5.296443616462283e-05,0.29919173186658726
real_0305,0.7640322454667617,2.7656913403673804,0.6472726679980543,0.5734426864474507,2.774708638497632,0.10855612762332983,0.08239966812894794,0.8016365454892933,0.2521185079701516,1.1219031433587279,0.8453636018854835,0.00551678152396382,73.35695206637772,0.04464638472007238,363.4915564340288,0.06012328949822733,525.3167715588665,4.6720298592692995,1.550672753467944,0.017706371017552704,1.034921992680274,0.5008986420038302,7.557280183342202,2.4245257094327,0.9592933633894077,3.9688115660035628,4.366975096783024,1.8463440615475952,0.5087624993760335,0.7852477380333481,0.17689261179284532,0.03777733241023784,1.282471320954259e-05,0.18464557852944505
real_0306,0.5995867486488704,3.4243249643517815,1.839263437664289,0.5048103076874596,38.78448425217364,0.09764863516680636,0.1931634034600095,0.8259304926453546,0.667592461281273,1.0707942486711033,0.6666193445512638,0.009903621147986943,32.627902296227646,0.015900844076950287,0.07895747330525815,0.037490103149539065,313.03561687445284,3.563756247380101,1.563509899429743,0.0020537821164659633,0.7049886970513587,0.1372675727697256,0.34808118234202734,0.7304711381204104,0.7608517177088285,-4.0677833136082135,4.402070961985588,5.530022400534985,0.9154200427169212,0.8270104606825823,2.945716059284195,0.01467581599939947,1.4515992612864158e-05,0.5965563026432384
real_0307,1.373676256858194,0.2125054062130903,0.885900153610844,1.5206063023644845,15.473754631690493,0.16170521653012848,0.2684786648708849,1.7606933579467607,0.37236328729074164,0.876120704755206,0.6800939447340688,0.6632070718804526,1.8742724805757158,0.03034889780613054,244.43820196999266,0.12567905285780234,624.0447487042688,9.055604805292377,0.780610460242131,0.24099995195105006,0.10595741437325001,3.216727827876427,0.00990571750034621,1.026267283610792,0.010032390324462794,-1.6458998344673494,3.3265155665342303,1.293794542627421,0.7750401020182878,0.5317420486068603,0.9075525653881711,0.16053391547474416,0.00015062136251980696,2.456365829050839
real_0308,0.5222229385878574,0.237715394895307,0.9523677545363581,1.6792069244741294,2.163792137319776,0.9097788873245163,0.533110018317541,1.0684982755287848,2.3879840260735286,1.1477027757800218,0.6835914927597149,0.11216937482587917,58.40001259169392,0.024519704533660508,0.009929501269710646,0.08922776260331901,353.00908056276086,2.7327273971691737,1.184134025492487,0.4894070352572584,2.9358947773643513,0.2228848976601886,0.44928559100202625,1.1853176039468198,0.1926883126321817,4.953920180081543,3.063888973068087,4.636339389929917,0.4384045397452496,1.2943330995942335,1.0201972698105974,0.01034646497528248,0.00011972939872251733,2.0092047422526504
real_0309,0.847473969549645,1.8682600850061972,1.8151253152247033,2.488023461584694,1.0917775007359363,0.9857097699634084,0.7211423211537291,1.0909838101459375,0.7126933432099276,0.81915052480342,0.6341230538076251,0.01940531979942987,23.259698251276443,0.015490048683633411,0.15251627990474398,0.16789977215608823,260.9585976934136,5.889607739368131,2.4453263961717653,0.060753585085954125,1.5457895836363944,0.8376427952129326,1.2292447544946548,1.5599492817853937,0.7773912342712903,-2.238692620555207,1.1142036915772737,2.043473297008864,0.46373100129736794,1.1152702625084123,6.772665731320081,0.2418024175422655,2.1485630088772925e-06,0.6483767454105511
real_0310,0.5977045419920403,4.825234201145715,1.7418750003759296,0.6678472157210383,3.3769397867107758,0.9145487861937983,0.9813625457954871,1.1185086178146366,3.9243427924185568,1.107007696085174,0.9678494656917999,0.031716567374442686,62.22805099303176,0.011785248743846082,11.05299022038344,0.005967867252284626,1460.595778165815,9.761461343739906,0.5741272922201541,0.003404295051221144,3.337487949705388,1.829775853200825,0.006455756297260593,1.7854852593042028,0.5052579515127825,-3.3713873868096833,1.0931394835405768,2.2533030433160155,0.16112286804775586,0.8326243781698708,0.32083056453867825,0.12515770351102248,0.00010848918521983681,6.160311648483887
real_0311,1.6581577644072742,1.394710569028559,0.8772711686342087,0.6435266157995947,0.5643461094106,0.7784119931326858,0.0847977788601684,1.8890502851341129,1.15835205028041,0.9030888424839087,0.9988622757127384,0.03373676200722167,120.67426184134159,0.027829528964883186,0.006383858965722005,0.0910294077252931,479.6420627176787,5.1561583683741645,1.3941612687819493,0.0017928348153009286,2.3372105182312235,0.5881397241559126,0.011576763502184853,1.0939042348295596,0.9461416635932748,-1.1620427778072124,3.9831572507452204,6.124165052579441,0.7601714967419565,1.059340431135113,0.4108917394964686,0.03004650779515042,1.5100346684172827e-06,1.3543669235479705
real_0312,0.829751719991827,0.737810164418584,0.9258290410344574,1.0099687059122393,0.9462618387045911,0.20828099352756202,0.14777659220511835,0.7565529728590753,1.1506236971896047,0.9224874994197103,0.5019191381533039,0.06928924073949128,21.995296037401236,0.03664256878229145,5.839713909097016e-06,0.09223124283938951,299.85509148943845,2.3136567173906286,0.6464623140052161,0.006100317193324933,0.9143757502723754,0.2911945751776721,3.8473238881397696,1.1290535087453994,0.597979867025179,-3.3273115273507265,8.481450018537409,4.43315461861134,0.944498603633803,0.8233462256159002,4.267672945891392,0.08515028662439846,1.3353171960443712e-05,2.373195398421419
real_0313,1.3204954847757835,0.2505080137347602,0.6590900160033103,0.5225713048294931,0.5115323972859881,0.17595630799254225,0.45602537832268647,0.7437685409967467,1.5473490509947263,1.089120326474189,0.9736331407903794,0.0042156262634899765,10.67311229273349,0.011947072193964077,616.1476206453499,0.14350373168533068,514.4660581687448,6.049560587527979,0.34821287303962406,0.02286551423433068,0.6746387115619175,0.7514739217947638,0.2692667465810106,0.6918421170410912,0.6665899136213286,-0.33939646894167375,6.511236811401805,0.5936414971562214,0.972667946456065,1.5317516630606822,0.23614096220851016,0.27610579321699125,0.00013170155431240058,4.114310769053734
real_0314,0.8703911049828621,2.4588078330726417,0.9077634842146176,2.993859254941289,2.4816615228257315,0.7957254815945889,0.890732150967258,1.3711563248518546,0.4345466544997636,0.9914093815614654,0.25565575864268675,0.0012112664676113415,0.949371573702184,0.015743072571145055,1010.0160243666088,0.014604187866168565,1168.705059516899,5.804489841017437,4.223300279381801,0.12235928481257173,4.604569332643437,0.18642000365262443,0.14362237392704114,0.9662549402833952,0.5395285558421195,2.108153884852224,2.7125604865781616,4.938714388952926,0.4182389514725272,1.6270349684477567,0.2753738602987163,0.10487534754309968,0.00015458396941403862,0.3932876436232566
real_0315,0.7764654295109851,1.1187836581187085,1.2675037711325021,0.6093130890180017,21.617149441031433,0.6204256008525222,0.9673450970027996,1.196703898203573,2.581376467616213,1.0665008344693905,0.2343468900346214,0.0014780063503551768,4.511055474866754,0.03177586354909486,0.00016151654917541508,0.14039940910447976,812.0491844423459,2.792237137095424,0.5594320410462159,0.0052281655367177795,0.37671804956257066,0.15502599712323056,0.006644932259137252,2.5899351452812533,0.818516105911944,0.6692693113092227,5.542502939218923,5.558247479907679,0.7420483719878732,1.7237058711464068,0.30183134326581046,0.05952824462925393,7.181599405113785e-05,8.077448458967563
real_0316,0.5146169130812316,3.365654237781859,0.5719604395721832,1.0195727793035199,10.881904112138022,0.26375573543972075,0.41849953968904113,0.9869581453068944,1.5555755585799425,1.0757208891709424,0.8812895448728656,0.001221225324546483,1.8082447286469603,0.04590961209084209,0.5038202060508877,0.14676018765115426,545.9272601949207,9.993723327047038,0.23829713513147674,0.016214734061019,1.9045202399197334,0.17063154174453604,0.015458493683244243,0.5341361873720174,0.3236014459429223,-3.104076767819211,6.922600772059989,5.236836595447534,0.6899772449076701,1.513975992215277,0.8177077389756929,0.10705249694799536,3.557007461192796e-05,2.950571818428312
real_0317,1.2089986543482072,1.3316009714020516,0.7780096367779156,0.5480819139460542,32.198054450821374,0.2144346081566264,0.1624389206326854,0.6576883261516561,1.6910297477857428,0.9409678616127385,0.7160604494223695,0.002084742763617826,1.6239354891941677,0.016459774667144142,0.0020566190370312617,0.11278751223654737,251.79292117645682,2.6311830088001207,0.20946594378364367,0.0016703542097882276,4.768468813950145,2.0154005912448127,0.47169147090629876,0.6618353576673649,0.8331890149391642,-0.6387729442531835,3.7639015236523257,3.3213518629727043,0.4026161150190343,1.431147621078655,6.207494123291987,0.10287167562381326,9.185672750023334e-05,0.3857812147386414
real_0318,0.5766896004502902,0.22270431931598716,1.2179085132630492,0.581361416401317,15.72364603662195,0.2727988025574644,0.05606470264555851,0.6335016081816689,0.9832690135179667,0.9509147996995789,0.9223662941330933,0.003949846608271783,89.06315205425167,0.03654930798064227,0.0010673558522090688,0.15621055523355606,1432.7138489397685,3.0686684166404063,4.277588026310323,0.0007264782145665323,2.1699693987336426,4.2651952450694735,0.15603136188516428,1.0691246901021312,0.9666900268569335,1.4742298954357738,4.69219572757456,6.027594101827386,0.011535402318388,0.6682876891568111,1.2273740480407163,0.03658484841377739,2.4757998940389507e-07,5.195451366122447
real_0319,1.1912645337355596,1.182621773979281,0.9299320118456933,2.09277657706614,9.151431943093796,0.977072612161543,0.7022211275315531,0.6537895913558992,1.4571686005171527,1.0559236925474942,0.24726155254582086,0.13065259970373486,3.4664935256067966,0.04912149201843566,1.06005305752228e-05,0.11910495152682683,587.2699300171929,0.12416106324796486,4.411420702023652,0.010485174665489382,1.5958192051721583,0.21368568636301177,0.5135523760281343,1.6195539938234405,0.03490937676725215,-4.037058777488305,8.304725497789528,7.732182974351579,0.8831713403939757,0.5472428316217749,9.224238643032965,0.16563604506924332,1.4543972683104452e-06,1.074280983127056
real_0320,0.6774687289973454,0.37071031812276956,0.9559912691517615,0.5330496830931502,15.319942221001527,0.35101496008942734,0.9931115914983127,0.5401379007334276,0.8253163370556712,0.9555187926418519,0.428583268713077,0.15540018156026314,9.256675467037853,0.026731303205567575,21.374530248307604,0.10958484765987664,1495.7697706460922,5.735223991150549,0.7295675766732366,0.21857208816251408,0.2970733331859991,0.4467536613387379,0.1659985704965238,0.5209927896548815,0.8404906626925668,0.7413243063922037,9.706195415653125,5.472378581656549,0.9402227518570203,0.5854900746994133,3.2422124987054657,0.017211165777530974,0.0009937019641220255,0.2874808287602072
real_0321,1.36367262309094,4.747917540073814,0.6371508324273135,2.8188253699326795,0.5882338181546457,0.5465820555512009,0.9357034915153188,0.7123269630163922,2.879338977015496,0.8827423302573908,0.3985912888412232,0.030415352590850465,0.2909745036200789,0.048716230347976446,885.364825225176,0.10974398637086309,278.6065490636277,6.855775876453416,3.370174594431548,0.002535140558115329,2.1208917603004007,0.11983212976210689,0.024590523562490918,2.9008093806004434,0.8147537633594761,3.5183757595213354,2.2718741087154135,1.8228678218695,0.8781793366714725,0.9957244570776077,5.804288051120256,0.021374478383053307,2.3317722984064152e-06,4.479974990742459
real_0322,0.5740994902850888,0.24137844644210618,0.5290711896068662,2.462796849810915,3.8415306333481762,0.6114383005051106,0.3068475486151604,1.855594620268487,0.6002275287702309,1.1407467207188473,0.6089837601493018,0.32653207118501654,4.11152351460116,0.038547748754612934,8.550278526619739,0.10867567792872967,704.7041381317408,1.3026409958568261,4.189096086441966,0.027079168911446776,0.20317168822965373,0.14490323596191135,0.07433152412948552,1.6721173547764496,0.6078256973222707,3.928001763313059,7.040945098043818,0.052467241802925293,0.09801314888639377,1.0230520381902202,6.639354976558382,0.017082419764035902,1.4279161115732616e-05,1.422618569302125
real_0323,0.6627819753969387,1.4261445555428967,1.0047564539728797,0.6546928948037808,25.36243749055133,0.6653777659457334,0.16495463467374033,1.597243416612119,0.636782894644976,1.032588140780274,0.5411218378229993,0.003673540795710635,3.158993708784485,0.035986502478116404,7.739611476600176e-05,0.0943055402785646,699.0662990748615,9.378180982811202,0.20495675494927296,0.09936100577129868,1.3313980908626126,0.5292421346061227,4.1877454966522745,0.7235287346772606,0.18361475177967423,-1.6870502191475283,5.506098873715396,4.910144488819083,0.5615598220431373,1.4777597217851925,0.7632739755246998,0.2555836762328806,9.995399332350732e-06,0.19155082296388973
real_0324,0.5427463380178958,0.6597751640975396,0.9920916967126849,1.193062414957162,8.427942191752692,0.6612905327705042,0.4514708923938654,1.3670543140768256,0.721934551759846,1.0735745659423328,0.9880408435019301,0.008374490669169146,153.91722428788933,0.04214933719859446,0.0023333266756477493,0.14130526944179353,689.1423815058096,9.530613557430241,4.5066455181838245,0.09918279606145862,0.2628502210889974,0.8973702985321094,1.9232053001197031,0.810650917447727,0.4679293204632016,-0.7734335578126057,7.169295346878158,1.1885659916366393,0.4289896870218364,0.5430734196324466,0.7170442297992726,0.020674808652033166,2.1035752163866453e-05,1.4355350690366686
real_0325,1.0919314385331584,4.078703255332135,1.2972782125496183,1.5594436682872455,5.003715722379716,0.2668834818442811,0.3886068572538194,1.6121937644353677,0.5371836385520006,0.8718666554325968,0.45082926236048687,0.12174762758298294,2.3222971599175564,0.01187090034257384,1822.410364331486,0.11693807422882425,667.0202269451974,0.8686317469314333,0.48132439966161666,0.028793170544657014,2.5907237771738596,0.12460655713847367,0.4099411505336048,0.6162326585856157,0.9719130231834107,3.0063045449248733,2.693491738538614,6.4723206701496405,0.026291173847033625,1.1042080004890247,0.32406283160633675,0.02782070217952098,9.496157649644778e-06,0.3124888466059736
real_0326,1.1360352584107438,3.08514297784938,0.5582282614086095,1.163107753753678,42.96748267962058,0.8883068371654445,0.5555944447362157,0.8379576643379035,2.4784272231702413,1.068934487614855,0.7760861652556242,0.23708079275890112,7.881836879777054,0.011108973109617252,1.7835179544188722e-05,0.09817302780662834,1135.2361125623615,3.3618883909822834,0.5962096373474209,0.029692428324709898,4.0121536652342,0.12081963042655873,0.38533401438404075,1.3225999647346685,0.34885728782498654,-0.6127643129832023,1.8529403346315265,2.216319354022804,0.6279714636493884,0.5204026679582848,0.17006225163310074,0.018652727543146713,0.0009667777255408863,5.513815206680676
real_0327,1.1817865792457356,1.6381624810986803,0.6397601628207953,1.588385670187894,17.533092087041958,0.99025283545837,0.8929898447181083,1.7329870031206944,0.932279425783481,1.0960119398848605,0.2141693401435311,0.049743951439931794,1.5654246406013337,0.014586602948968195,0.001774138475896295,0.10638995411211956,221.89625133760265,0.19859799299961403,0.4189571367008229,0.004812910493808307,0.45085014183248134,0.596087221118095,0.0062166573103065986,1.6389332839895385,0.9934342676752027,-2.399486546273853,3.414556759868524,4.234926161924078,0.1448844158605249,0.8101119350451822,2.584859015858647,0.1034462894379248,8.494045872229577e-06,1.3695731002324605
real_0328,1.060578597499414,4.772021815845728,0.6492299280939461,0.7578027016396546,1.2560750372201048,0.514655110480096,0.982545941621775,1.7136368038538434,0.754455890426206,0.8308904939287208,0.7125000177683785,0.008863162228076552,0.5844965226181124,0.012795757182357538,0.00010389729696481142,0.05715346776256667,1404.7946614760895,5.87575814793082,1.7973220245715582,0.02484399112079401,0.1158502210844822,4.046488156796758,0.19377453488925656,2.604112975380639,0.6028507935799639,-0.9459742463807066,6.074574783484863,2.3615960807794565,0.8301700216101865,0.522705518484343,2.0819795168462307,0.0228258833467993,0.00022517895648951628,0.23205465504101613
real_0329,0.5691713641320861,1.0768551983404617,0.5086984603944588,2.49312423869981,6.830417281751817,0.7428322332385453,0.5716483686428199,1.9593412090736053,1.9960969351372755,0.8437173128081971,0.4000333441365767,0.0016483399217683014,35.73889063781482,0.01171213287181125,0.0014574707315143224,0.0304480548857914,1080.8131832347967,2.7635678061930733,1.221808273389892,0.020890324426821594,2.541421783035925,0.1280941956999498,6.715908288911616,0.5002304056194725,0.3272323734947717,0.9554767919882243,8.025623293087142,7.457275449269879,0.6716287730068717,0.5890108988722559,0.21064388095661912,0.1618677130422664,1.923919023175796e-05,7.999719377184566
real_0330,0.633007482378449,2.603784609935384,1.1747116903653392,1.5320919096056174,6.273803627388419,0.4698516025985469,0.22046081483863902,1.6097875862159008,0.5638537177047966,0.9353456676602028,0.9781235100944746,0.3647232803354569,10.48867614535408,0.013139574649708307,645.2130836973021,0.03263670471619673,582.8818322456251,5.055142647065404,0.2919171365410233,0.08429330348910115,1.249769726370002,0.2619470748289583,5.918784611054162,1.8536355909128,0.24364337771475045,0.3892622043618612,2.1562634453961724,6.583850553847306,0.1906754120586655,1.0296220830486136,0.12298440170975247,0.24905371397629836,1.5628623209956466e-06,1.8741309842353535
real_0331,0.5602348276200432,1.046435258401274,1.1430728583933543,1.6334291490134616,2.4588589814512654,0.47385348468822625,0.8743900602595226,0.7088310262789653,2.6765040203100976,1.1040976017826882,0.3961239619440046,0.8256956523074365,0.23727269346782834,0.030622522819706594,714.583758641,0.09607421993188539,240.0733433693723,0.44639546217761,4.3385474833002124,0.006640375337526265,2.4932497488274885,0.4005298654646374,0.16037153139344815,0.6451556154255553,0.23481490132223426,-2.573872177215001,1.4516510819707964,6.50566885487084,0.38917336553672033,1.4869007988102836,0.2086656573905775,0.055496819011650954,6.0770253260903124e-05,0.17367053994975296
real_0332,0.7225619797880777,0.6938632480321242,1.6740462779722085,2.621464795148118,0.7551319032561323,0.22691218327732152,0.45250901683654854,1.1168226233873269,0.5277162268498413,0.9218883062045903,0.8374694058247747,0.45904266239106634,1.2985172772792435,0.0256790541316795,0.28391338747156214,0.043939541192614305,786.4632540281133,1.7315511910023704,0.2891488010720928,0.10920000003264431,2.6950665650378864,0.38178650105736633,0.0252030922601831,1.0113873848666508,0.8651217586407207,0.9635163165277048,6.383886367596643,6.339557262841365,0.767050443402015,0.7392100184655666,0.21815733682730878,0.21883455548904626,0.00011450151566246181,0.8898967214765566
real_0333,1.0205511761408588,0.7772642557764936,0.8171073643661455,2.4052530505509333,1.560690718906366,0.17046757819829528,0.9303633576976212,1.3640034567686499,2.396387307898437,0.8939715028095288,0.8248261236588635,0.05017532455694562,1.1120565645921074,0.036712783751942854,0.008740576670576794,0.07459125146284046,305.9717760071098,5.68435150763483,0.3051234090246676,0.003062367024051833,0.4196927504191369,0.1337792600583266,0.008734611214469716,1.0785062906811627,0.04947220219814523,-0.13885503660816667,7.955656517444233,3.9034713372637024,0.0833661666391186,0.8764073658486791,0.506012904942905,0.2769005937752736,1.689274442746907e-05,2.8617392072010994
real_0334,0.6983669605853278,0.7060028368311849,0.805972003170725,2.3186451545547064,4.074948018025159,0.8048913342978793,0.3028075699757114,1.0347085766974882,2.7378060658555334,1.0445543158827477,0.3843433915988958,0.05872247766048486,77.04939912093873,0.0340685503317052,575.912795333348,0.006573634588134806,577.4810017168995,1.519201642159707,2.644558394719811,0.19831835194543856,4.656316419795694,0.6402266584258043,6.395577446369017,1.9816984218111178,0.13529751675125506,-0.6761506126145997,9.144259650244926,0.8885358747964863,0.08194061292276852,0.938876174195957,0.1420891206936574,0.023138123202884647,1.8764900318473726e-05,1.1618993414810683
real_0335,1.309394622315529,0.8874596879004767,1.3592494786671758,2.930172237976502,17.24651801376149,0.785525975580308,0.6017002036979378,0.6647415397020396,1.1754303496870209,0.9974149151801278,0.11157317253153673,0.10314218575949678,0.5637040066009604,0.012615169141245781,5.048309922417866e-06,0.16176647885320083,228.14804594638022,2.5074485544979943,0.3675162706211424,0.07048517016694766,0.20088338827130672,1.3334452210399936,0.11251270096563568,0.5720283403939866,0.38589428207981336,-4.145010274372813,9.203837736884491,4.744144934947152,0.3957345987943208,1.2690670140328997,6.0101728320576315,0.03258348379902994,1.9643015478876204e-06,0.9919316160616481
real_0336,0.6840859822212088,1.7139387898314342,0.5756800578247879,2.1586818004260686,1.4426165018551236,0.3899353153305003,0.27756177448724195,0.5889186816127451,1.7097299073000243,1.1606148709745707,0.49502894668292846,0.0024391558555824735,6.1101246571659225,0.036974048006563724,15.734191831991536,0.06273971376324843,662.7940542234151,7.745476383697514,0.36930680552264955,0.12057952725768999,0.5101837220558976,0.9978873629180641,1.2048048735851957,0.5612676145660587,0.46138031037870275,3.5308637677108106,4.99307434533959,1.1833660596409123,0.030527237395975744,1.152169811924766,0.13645786844655206,0.15107214960439583,4.547615171425815e-05,9.124582509660913
real_0337,0.8648968097664205,2.7300593766673353,1.4886152994722328,1.780577825254618,15.147193664545748,0.038293693295367116,0.9502499168929296,0.9719388021806491,3.005194475829822,1.1848746727936776,0.41963177649499517,0.7153891708972824,3.3153958950646474,0.013635763438473008,0.0011329268951414848,0.16443268289817609,1211.7949241680262,0.10048830972696055,2.3264177090632674,0.004366292794591876,0.5162755514726256,0.746012065345444,5.250852124578327,0.5804297148209127,0.354247863493106,2.3339793070728474,9.249040475395669,3.400308053276579,0.24157035075552571,0.6522434523832972,0.14891305521121243,0.020265238314511363,5.556901849594004e-07,0.11697874828477256
real_0338,0.7580586089321615,0.5430844739710633,1.247275178988944,1.6276421986752945,17.26933783850426,0.24757628481012617,0.6822760892383993,0.9737177328132942,1.1456376406562911,0.8842835811802996,0.528940473154186,0.19483980822048041,5.829865118961392,0.028402354286996185,14.876081786883018,0.1692014575984787,774.1512555434807,6.426118077778263,4.102572243055762,0.21230255819950808,1.144840737703936,3.6030859117896634,4.767075960508278,0.8387398775585614,0.07397212009574132,2.0286124335582976,6.26014241178927,7.561115695478605,0.9928814241229529,0.521312313269175,0.24403025764856634,0.22007795276360045,4.8661766345405476e-05,1.7667188176472202
real_0339,0.873785809505344,4.620050193356388,1.200041057940424,1.3520824293234739,4.748294547701375,0.750618380311971,0.9387378028162092,0.5179587652867544,1.0873711990554589,0.9839696484367868,0.9829976731876467,0.1389904567305924,0.6338835660243205,0.014331775845173705,0.00020019945792083374,0.1520198272483099,504.14664890951445,7.1569383534542865,4.55037639591003,0.0037944158572282803,3.0444164927598485,0.25242752844565636,0.12990793631822478,1.8207686635130043,0.12426724827400579,-3.142797549618245,7.382375981939452,5.137784056082014,0.1697929847374829,1.1889800022155188,0.10299504357112496,0.35015561340028734,0.00018610463189796544,0.2303413853459629
real_0340,0.6671728748542004,0.7273217814861008,0.7822848238813652,0.5591266830646512,1.1918172348721252,0.36329529924641624,0.4861028296664745,0.5295846641849727,2.434350122922666,1.0308128717500358,0.9976650370481525,0.0809021397348936,1.9219591146343606,0.021715332337460033,0.3080730389977658,0.10002720267612782,268.7656480973762,7.244380859196688,0.20346011911116638,0.013877198456976832,2.994935253454552,0.46258638418370746,0.076372897366383,1.9332665000321592,0.08973126789645089,-4.2205558298148,6.341974432133821,6.227473135596436,0.053783050231684414,1.3057120931053405,7.33991525129622,0.024460026520417354,2.244958562445268e-05,0.11659579597462605
real_0341,1.0253204402764564,0.4777925159454721,0.5174612170843104,1.249016054658108,1.3366140662435102,0.4715168962852932,0.0651406892207821,1.8257765880644294,1.106573745998057,1.0975868913025977,0.4463804172680885,0.0064655705230497375,3.8631649572137365,0.012029072747892413,35.39832985680263,0.02960149697133962,413.2288103399035,9.750454711575438,0.2493075697474359,0.0015053424791958941,0.10146393539116258,0.36404262337806115,1.3309172272468082,1.2700966432127045,0.3125733854071639,0.8447840883750111,2.4901635682168695,4.3575276748482255,0.22086121830151345,0.6411330031886476,0.3830796011691193,0.04041511201083983,7.756642318973708e-06,0.20697305663552598
real_0342,1.6520901074994914,1.0920000697640027,0.5738363896502964,1.7184545483630795,9.646892809808026,0.9785000856934892,0.3099442919669306,1.3031866393733331,0.4022563035749879,1.1252697277115187,0.041824082557671734,0.13861976663183403,1.3568080042492643,0.03532640483186157,9.113209922301897,0.06824352094793627,272.3154119776189,2.463628875716612,0.8116444119532241,0.02576725096552084,0.19960452104997417,0.673803601360506,0.2580412696579338,1.0294555388867992,0.42512574572206896,-1.3487400644029677,9.031836187248102,0.20159125381038412,0.3769625547457094,1.1476001654223198,0.8328806845060159,0.10998162698624275,6.889319820653591e-07,0.14916571210140767
real_0343,1.4942817091742446,1.2005185871286828,1.48543433724264,2.6908896607495913,43.29624209887985,0.6315002184069941,0.8484434645480946,1.5699058976923947,0.8394591712342424,1.0028164606000936,0.30294964727392587,0.0025157065572413424,0.8459807618714127,0.01844633759599343,4.961984258740165e-05,0.09677815780250044,455.97641962170775,1.3272870375999628,0.6266588348767442,0.22267985920261554,1.3003947828189548,0.1728732593032874,0.014024301807675287,1.215308665479,0.02239803022191092,1.445373561435245,8.948728885250045,3.866498198615061,0.6162813566394232,1.2825233813687265,0.4664443686230359,0.019178086633501377,1.3257278028659045e-06,0.5051076727836464
real_0344,0.7724879529705533,3.6363002539016223,0.9121095377873951,0.564407984726294,2.6670231504348165,0.1917272458292251,0.03020836068856328,1.6222688340825162,0.49756121405399906,1.0741935754734742,0.8510407315395344,0.09560475879853128,176.27425003740632,0.01247299984406286,0.0045769463404708634,0.03642174155515642,986.8368819489766,4.407027124919103,4.994938812058138,0.0310590766598162,1.2846371846233375,1.8041914292102854,4.114247631927944,1.4649909929998992,0.5921892878245794,-2.109042385155195,3.368665677679683,5.540922697135218,0.09127296743003312,0.8610735738726029,0.463248980503096,0.2821506150218389,4.5877675610706467e-07,0.8104456198387764
real_0345,0.7075531147803571,0.35786044538947015,1.2140749361790186,0.8970800613783725,0.9287749846665868,0.8968585095434259,0.7264088975417645,0.5756386490081122,2.0833286994613824,0.9630278086124671,0.2771586931320226,0.21406559621286966,29.471571770461424,0.03501101500963702,5.971712165055279e-06,0.16316114441493526,263.35655189278486,5.523053622842571,1.0965010259082009,0.10752906621563604,3.2991569468488686,4.381208296383808,7.0089852272251765,1.5107550150860816,0.8593375955710267,-2.506578872577464,1.3592704144647976,2.4215444673348276,0.7194335385050368,0.6984965529574552,0.28954606946220257,0.3756132267625346,4.792412761375905e-07,0.3772184869120758
real_0346,1.1977805522462213,3.3130242742373843,1.4323266874064913,0.6283352272823329,3.97162446806367,0.9054010413329081,0.7928466026210819,1.5390363107146545,1.2930093990838485,0.8082481949904053,0.6004527950345014,0.5756425622592855,16.19869168009583,0.012581625259194979,0.020354868072690716,0.14397944164695461,393.6669467632857,8.970601301202704,0.5410171285357002,0.0020098592938204976,0.16582062296950706,0.9594720323750423,0.005048258283907874,2.90814639775035,0.3915457379226956,-4.136232692277286,7.294891701735589,0.13800792533902498,0.1380115359529484,0.6527958499548501,3.1818279758715753,0.0185482664414719,1.1064079357116984e-07,0.8041951743181186
real_0347,0.5807476659093015,0.2279073287300446,1.3407639959715687,0.5340975683649395,8.683467641356842,0.8648453808234969,0.8231348570437662,1.6872738581826572,2.330898956568044,1.128750495137296,0.9483956333737406,0.047759175463098505,0.5545685381311438,0.018700468131175894,1.3932732644588615,0.15079919781508933,439.6983043435055,5.594487107475,0.6693596354489435,0.0005086201870207674,0.7831018129263391,0.8169366807474666,0.013185510787998005,0.8416661765460235,0.9735688774423863,-0.8269039663607405,4.234519744332717,6.260571854214039,0.6069106938180292,0.5030336496493515,1.8577459453901428,0.19858959187931993,3.6392692446168296e-05,0.30820668470870427
real_0348,0.9255271969833024,0.98366208807378,0.8242007937072032,2.110510215440172,8.358552107504066,0.023707756757798872,0.3399372306253096,0.7270180813714243,1.3409986692074087,1.037744347237772,0.9132705424455618,0.05095756197411225,0.24016870029172196,0.010819934001738836,0.21593022668093959,0.1706052566409435,215.19900844550335,2.00116355134346,0.9816691920306688,0.005867845238063982,0.9180504777332685,2.844151719048833,0.01073127865448468,2.7857125082381753,0.8304460290790536,2.990914836374124,3.567107560533301,2.3765140405103544,0.11484467616940955,0.9539473257714969,1.3783184955609769,0.04303203673861672,1.9183525433673304e-07,0.18806983088044082
real_0349,1.4654874170627237,2.3661648970213225,1.708449169288947,1.4196825321683428,0.669867283945841,0.20524570055320926,0.5222033057524021,1.2692827185188296,1.2380643359823365,1.1800981833021529,0.01958476156363754,0.061409186534383695,0.2201285335613247,0.04882626449309409,0.015771030069191408,0.033132436009199205,595.1132468817618,6.118987416571829,0.22648043876886675,0.0187653873216875,1.1756424051582595,3.0093261893911762,0.08953935349135606,0.8967374686216811,0.2509730264988067,-0.5969319532526267,8.732779510667106,2.1887707195153254,0.25360542375865436,0.5730190832301207,0.13847470273791482,0.047521367202133805,2.264987236860075e-06,2.856324027543169
real_0350,1.504556868100414,0.3313538972909118,0.6716718006704572,1.3170673282281176,7.076059410342905,0.8944952092802637,0.8467833308084489,0.9095666912019712,3.8350372366558627,1.1566301881285266,0.8277871762813652,0.014760734572734078,13.931721397120013,0.019424580693769594,158.44526283586717,0.051526555966188575,529.9080726900241,4.153351572019173,0.4086259063281394,0.31018399396580804,0.6947217379269172,1.2391197000135277,2.385819564963329,1.1472165103382563,0.36438151178224243,0.4869810293940482,1.6550605719248663,0.29996799702367943,0.035178170991924225,1.8497540593429822,0.45619873494815577,0.16946800519787852,8.65206130259442e-06,0.32399762076833494
real_0351,0.507256592643216,1.5456892963353415,0.5327691703243544,1.4598323327027336,19.50633173302947,0.04113211359480875,0.48428911809254904,0.6735326962114505,0.3377245442481324,0.9266625878253675,0.32236994457352,0.03662595024006635,5.03709641464116,0.01596997931649797,0.0001213654617181322,0.06937529379087559,1177.1451465161254,0.5488633871958772,0.5188619539751896,0.0025877552692719526,0.33323915525009035,0.5197687800132085,0.018413586975478576,1.1737335078163298,0.6835318295882064,3.704154978834243,9.234801570332332,0.7388477246291886,0.20751249422937776,1.1368041572008525,0.2517751327788332,0.15005898174985347,1.3358720140316559e-07,6.748129036908513
real_0352,1.3261056704204406,0.8208364483785379,0.9613267639740138,0.7058745461177736,1.7294707271437362,0.7808562531502816,0.2794856262101557,0.5332785559078058,1.790784240774632,1.003492176901404,0.9945005024414469,0.003275791685514843,1.2812663044223374,0.01724162108822894,4.795241111025736e-06,0.13847839770885617,243.83654597763797,3.9660131294026693,0.5428679423102337,0.1486284297618415,2.197737357323094,1.1366510515179244,0.0844174594276699,2.5012065580921594,0.7297140266716018,-1.79275454386292,7.662595509660205,3.212875313600067,0.3110781072610882,1.3136850261406925,0.4317946516064882,0.2925905980498568,0.0004019245420126907,3.415187369914805
real_0353,0.5542350848590221,2.576137984964831,0.7436517604652054,2.002886823069887,21.740090161775587,0.019717723985237693,0.7698521030175925,0.8644349566235475,0.44740192977006216,1.0940849105865722,0.015787340762443303,0.2100692882669828,47.70368879220933,0.02783687109440057,106.48841259886765,0.13396575580100026,304.8359677206897,0.26435689147996494,2.100390470916644,0.10560081367437653,1.8413250900058507,4.0485363920237605,0.11747056675430681,0.8070731816572184,0.2538086214064377,-0.1704629191978917,1.564204761312371,5.848184274926684,0.6360654960819738,1.5784429975367016,1.8326525332904318,0.05188125414171056,2.063227253061908e-06,0.44819933096182896
real_0354,0.5055442726592866,0.44300659262887215,1.8749987486700805,0.5119260094997143,1.482608240826769,0.1244518441894888,0.32862721535375194,0.5198665044415492,0.362730508621367,1.1492396824436404,0.5632089478650291,0.007875807670410183,0.8756539685237745,0.017323395738720916,4.51142290837278,0.12965607532985426,256.858603086321,9.628777174703767,2.3080690495669662,0.004923984525168373,4.287739720941775,1.710574573235406,0.5432131246804947,1.3711450274201447,0.7042329986612574,4.494748018910389,9.796605453228587,6.012707903885749,0.11162387880058698,0.6266553955446252,0.6865518896802034,0.054554912729135534,4.37208522220579e-07,0.2347448392081039
real_0355,1.2914700676474598,1.1682670626947662,0.7952394832123069,1.5911928919225933,1.7551693213926236,0.32678997752279076,0.7969111722145079,1.3085418202938528,3.1361831271985046,0.9343187480871369,0.38180392994009693,0.24392716757615157,0.885047946398817,0.010791983609804373,4.795650890979412,0.02470675098646129,431.1746168372444,1.1030515122912004,1.2452714388123993,0.0007222004212596139,0.588348091018058,3.257557858919809,1.371080723186206,2.1373848335574626,0.23699104170424504,-4.632194820618231,6.820971250097547,7.153851724980981,0.47701386902814563,0.5817360503711916,0.3346450525775285,0.01891962233464354,0.00026750612310707345,0.69566873170016
real_0356,0.6210942326047191,1.8871229895433796,0.5520196822252507,2.84405222721759,0.9327553936891035,0.07339434868196189,0.9771401901939191,1.847683589220545,0.918833024273632,0.9571525906744308,0.23326298891425104,0.0019491271241360308,0.4078756363984069,0.011363841828589382,0.4640763238016637,0.020537113155572467,213.65684926563281,0.9743149862370335,4.458627307386998,0.00576307779759221,1.013404055204656,1.4390709637501558,0.8958827641404032,0.6440867376594275,0.800166296063396,1.0374255863141304,3.6552878716826847,4.658823026661116,0.9214482847879322,1.601254884032112,0.10851278430038598,0.10105429547315073,0.00041671822254312147,0.2415477180565849
real_0357,0.601963344722253,0.2300816037754953,0.8738985491834312,2.2982517412605428,1.7124493482403413,0.1568204860554139,0.39092851063652767,1.541384165566678,3.608179266405562,0.9210634459106386,0.06839405688685118,0.2905703676592314,0.41152466298179974,0.03977161114207517,0.0031023670946955166,0.18220976367671485,1450.6925142270952,2.942078323297377,1.0792393818764225,0.005824539214022455,1.740426731941562,0.5251672862789749,0.031000303852844358,1.44748375239175,0.8723435099934816,-4.845614847015609,6.527267312571437,6.70529761412549,0.521763257646315,1.9779089808278205,0.3444340394111505,0.030604460711842352,1.2363709509882526e-05,6.4769191881228965
real_0358,0.558611491358414,0.917084255750615,0.7129152534144532,0.6812862493877134,1.9562703555364156,0.6691198503627174,0.9749183477373242,0.840618256934696,0.2797932281608613,0.960762749549218,0.6438607739408756,0.005994964190454535,103.92243847124752,0.03907273620969102,2.5323647468474195e-06,0.16126957503952943,262.14781374474796,2.8623176400562613,0.303245911761147,0.0006788723148737542,0.40283231353377086,3.5266526993090075,0.1842053692096098,2.8444854743428647,0.15029225575111713,-3.7748758858643447,9.055663295740768,2.31612952960146,0.2651284977536393,1.7888168355946459,0.476993930648537,0.02870074536328553,7.381725553068583e-06,0.1467349023460017
real_0359,1.6975536112601768,0.8810442609928997,0.7670150798427284,1.3070430769362684,6.032310674007365,0.11306962880698043,0.3815958767826537,0.8142015317776891,0.4822922146247258,0.8045999256557287,0.9068568349232738,0.2818768175776836,0.321915234972875,0.018956513696716495,0.0018991246783590396,0.11380633076758491,1102.994600300402,3.8344514195344437,1.2135618965119683,0.012714686120351785,0.9012913549761579,1.0498186834856613,0.008892590776358246,0.740552117650207,0.20100041505561542,1.5985193169522125,2.6770999331983916,2.049193668930523,0.6968962653580912,0.7328608121148572,0.40432620538089215,0.17281381593897346,1.5267154908656996e-05,1.8495300225531877
real_0360,0.9011481719576039,2.2537415711605187,0.5105245899089706,1.950243457249178,12.07928757397924,0.6466916316292866,0.04469513181056415,1.5186513915889677,2.545988655339279,1.1974897326992302,0.7981708380228488,0.017012036195058332,0.2347012524121426,0.015148468912444125,1.908761674434477,0.02516185743123457,421.0024486466508,0.34008425443828294,3.607883946380024,0.07718802255868927,0.7611766279039329,0.15434040920088207,0.03418681030421538,2.7058459306087213,0.26544278287579653,-2.6779398733895725,4.60913051989984,7.92271929323935,0.3011521349629627,0.9893637704956656,0.26514127462001635,0.11342789501202827,1.0819992348960875e-06,2.1505640377585316
real_0361,0.5758912159581648,0.20448575443841888,0.6633189008057565,1.8872777491069237,14.992930121303418,0.029120129244623774,0.8694000422587551,1.27969734080101,0.2731284374588524,0.8205497106809401,0.21925659096548628,0.007331814888081991,2.565378337091669,0.016194613156663457,4.470938002975047e-05,0.03413568676930628,1311.598201038831,8.494328542286944,0.8580590675768226,0.0017488163186022455,0.4621951499703685,0.10793883959803907,2.8749528894800744,2.9683489979731754,0.6044046100873551,0.4629015686383955,8.400779812943574,5.031267978569952,0.32061950238209364,0.6569224127451692,0.10061759248611028,0.04721408143684259,2.982341051242455e-07,0.1074822973931289
real_0362,0.5094569937362857,3.132216869050034,1.1516135276790849,1.0293489877698143,0.7692188592538876,0.15153677928768605,0.9854959048871083,0.5232123320006214,3.6370034086052603,0.8835762182824386,0.4209355295598689,0.5664378537216267,155.96039010445068,0.013378084085317368,24.864399521289783,0.17654499675154278,518.506010598116,6.823612446384491,0.31913676621332393,0.010612875187766232,0.14245161749060017,0.6217654403250459,0.021604469624493777,1.4843119347808418,0.08338102626584142,-2.6339741917878667,2.4055729782669406,0.7758312293412627,0.5527039388717818,1.1925592476868283,1.1347622281221967,0.01235102414145631,2.4864867031973725e-05,0.2557310337451558
real_0363,1.5994958902528462,4.900572999670495,0.5385680367143515,2.5570597866331095,1.640463505517905,0.5587686162358397,0.3583251754062708,0.7775109069409218,1.4896701584235705,1.0535547571092323,0.41692346927345475,0.014918222066945269,0.25975371420162063,0.014830217401755136,12.165750943888755,0.13889530277159154,1018.4559695989154,0.6398841939321835,1.5201180902867653,0.3665711475385198,2.7410215837711767,0.9869860860322374,0.21038158469749652,1.5454138766295549,0.6998496969232127,-1.3957330037337585,2.6297617527800075,3.0277572962623194,0.01970086092100375,0.7436855347284442,0.12377012673784679,0.26858173983333583,5.463306714938353e-06,0.17732054252613139
real_0364,1.2491040114649128,0.31562231206057156,1.0505319147829033,0.6594795715066792,1.7749336501797512,0.2840758858026577,0.20161553021250941,0.9548142682674055,2.892901563826761,1.1295408809265655,0.7583753516340469,0.042610222040799284,131.19133068810964,0.01334963708355361,0.536623860856439,0.11940748470736234,590.7442987596967,8.801089951890452,4.123771520330723,0.0026377117913916064,0.20900934483556707,0.5923868463504496,0.019079643118118765,2.7487486924460938,0.34734348101198875,-1.6041631898421214,4.215709412885356,3.5263421023200974,0.4811111578851394,0.8943462114406241,0.26922211081572317,0.015138871147490685,4.337023744968627e-05,0.14007701616567403
real_0365,0.7372990818762394,0.23159185810382085,1.4256898815586403,1.5020195614761682,0.8308416071697918,0.28713259295079163,0.49492461635002116,0.9835092030030388,0.4566310725787304,0.8733504588424847,0.882590385308917,0.6914885626588171,0.43128039934747825,0.047952579551767606,16.798765822042284,0.10801164838278395,506.63680241633665,9.617785751573857,1.6736483694654967,0.0018692239877410527,4.420657904905573,0.19884724377351687,0.8279597805205612,0.50354990387518,0.47942967490943644,-3.849921306692652,8.669739709671836,6.128291134971357,0.29223817375101424,1.81209099401759,0.944866949300954,0.3442163503125087,1.1897485132771513e-05,4.496804721086635
real_0366,0.5005882746918587,1.5310303277174118,1.5874025747692218,0.9619660767823731,1.4260652847308684,0.26829006795903976,0.3669517240953945,1.72589605864283,1.1153743326013428,0.9202678938952316,0.2790561691428127,0.004889403416901451,26.516852501258384,0.011028075777265441,47.61401658881989,0.13045318436078748,569.8046915484897,3.747051904414617,2.3110816833201704,0.00782428932353329,2.691530866381683,1.0686206729046657,0.22119973809473634,0.6544459533371167,0.6884944688520755,1.1842597527138734,3.1551950017304597,0.6434490093497107,0.4717678750730999,1.9028067820553678,0.5375111019458024,0.04428286282585326,0.0001334221466334917,0.5524263639367618
real_0367,0.8503462355254792,0.5878461506984548,0.9803987473753527,0.5065756363773585,5.778312811049636,0.9560639751527327,0.6506970893125458,1.1100418758411035,0.26015472575825366,1.0715927579073334,0.4617611649487486,0.045424754325843385,48.1005670552395,0.02245137396892797,0.00364858963867946,0.19032851121732078,367.00688579693275,5.218381269379143,2.271697320078814,0.001304112013552137,0.9917056048576035,0.13805638702676012,0.11067461611815355,2.228810834606842,0.45248542716966605,2.657717905190803,2.3783845747257937,7.616745401745094,0.44699442499569303,0.6944904349053544,0.1470341065486484,0.22611284410298382,7.871102586086801e-07,0.6037024750191784
real_0368,1.0324754354500385,4.331398294196168,0.6215908864464232,0.5562448860936852,0.5503623454381026,0.9036282215291793,0.14880524808048323,0.6297322632661019,1.3671828837657651,0.8423094986113641,0.5498772748063813,0.0041061831930828815,78.14154375058268,0.014347708050668867,6.48582870449153,0.10520453635085761,358.25773825943463,5.46326435313429,0.23218780267565953,0.0008878169866243674,1.6380992406775925,1.588818505993424,0.01973307227221881,1.3108196940435732,0.7165813122001637,-3.74915905150529,7.207378399999736,6.490626892996174,0.28981909835502384,1.9537010768062557,0.47899608578777975,0.17065951931354062,1.2343863559925449e-06,2.506292386495614
real_0369,1.1264458838111382,3.1493776920614054,0.5156007057711569,1.8125518000652128,3.007031583854602,0.12162606785766374,0.6705845511185762,0.7955489488547237,0.5138762952458744,0.8671619966773763,0.03616498834589717,0.023758094756094163,45.30925778142615,0.03893037538303173,6.461791859590172e-05,0.02613582899360894,880.3002040635827,2.6188026646858793,2.226736013805027,0.014592944560933413,0.1935781164848033,0.2027730020586567,0.0968959994158172,1.4887023841835207,0.6873585667056238,-1.5617242386671029,6.62732310839255,7.075990055598718,0.4547226719887599,0.8476893138174705,1.4245883861761515,0.019711187625018414,0.0007214873619535084,0.8353639714711184
real_0370,0.6436126822267966,0.3505667684806609,0.5206601650958864,2.1710335495595645,3.3277720288092616,0.555151982315848,0.7783580439816787,1.1438366644665083,3.2490865098346355,0.9361223690273971,0.28928057912458394,0.0026991533030947157,26.356872459242673,0.016973587229217983,0.00012746481916712103,0.005098914611782052,357.2499485222204,5.028447043252445,0.7467960941657017,0.006044021316169064,0.4809446495477309,0.22546893786784797,0.015855987288968115,2.205584572603159,0.7324081931952418,-1.9049014109842037,7.149358177946963,2.574481716589679,0.19674132510764275,0.6724002113907299,8.927607809612773,0.020484525278464526,1.4488117348626862e-07,0.15374850247833988
real_0371,0.980509592072723,0.43526770587491803,1.1893953826558537,2.153412707555974,25.866918590106422,0.6712880142779513,0.26486989087960283,0.586869751084277,0.6303170912096543,0.8108314535105492,0.36187939768391775,0.7336736625305073,0.2276559693427935,0.02363919118594274,5.331537697919194,0.06749475356239282,372.50726636635835,5.234574214902934,3.353460668542676,0.001975176223002915,0.8471656323114793,1.09304133963865,2.5076990326207493,1.0641879696688523,0.38305130623407746,4.629794644080173,2.7922499588903986,5.800262536702955,0.24626107899815616,0.5668842279394601,0.5993233381884291,0.03400534566770818,0.0005985259211027581,1.310083745802896
real_0372,0.9568816750382146,0.37932925765770453,0.8284772540224676,0.8369611319806516,7.194930534987405,0.5043372189453622,0.11151006644324067,1.6770070570917388,0.43095224183458736,1.043544185125175,0.11389655197853665,0.0024622405069590924,5.678590044818065,0.014635637165559415,73.31587748810378,0.07668063598043423,1362.8154953834055,9.068895278748654,1.6744031751757702,0.05025188150100761,1.9771097594505342,0.2437793841724844,0.13391334962489404,0.8050805553225572,0.5442820796893657,-1.3678606706797227,7.8815405472377,0.9949085057752526,0.903165995600004,1.6778602644217597,7.1933745114733,0.03598720543670171,9.286142627411669e-07,0.26379335250095104
real_0373,0.9850232209255654,0.22477869778009343,1.1554679857927952,0.792314736811669,40.63189984610269,0.6362669598838481,0.8379287686862708,1.4011030483848168,0.7891707783763621,0.8708022325684028,0.7158675731193455,0.06788097657926845,0.44335353520581666,0.018902622288357537,1.0310597599990862e-06,0.15870059126991168,1285.8448552909501,7.350798320406681,0.43175610091212097,0.00156777358123943,4.0700166986388,0.20012232347007328,0.016713046435091476,2.4008424433097755,0.28247240577874183,1.8431146393270552,7.720212919944082,6.43606129984648,0.8983531013741622,0.5288476479880411,5.478049589626005,0.015285486521142531,8.341028412234041e-07,1.6944688328077162
real_0374,0.7835123773928747,0.3277680002502625,0.5702209722881592,1.1328419751336505,16.09407391366254,0.23392833203476132,0.42782979601215865,1.3869276372780142,3.8927003107319407,0.9333588474459705,0.6737419281701593,0.003220928108434304,1.4465613307330718,0.03101588936316704,13.288622195587818,0.018839750924574284,470.4164449272545,8.577206008069414,1.9505550676665384,0.006010845215693124,1.5259832490892487,0.5545766617136667,0.05303448516528556,0.9087179792598771,0.29776548589524315,-2.8565843580948327,8.617701495790634,4.6012953383685185,0.11067077304467032,0.5649972685961878,0.35596190575585274,0.3616610267467493,5.691802379863622e-07,1.4633878482017868
real_0375,0.6065262200460364,1.4352744909006878,0.7221132891096018,0.7663029596356075,1.8602916204817133,0.9995999040008006,0.7648429621630369,1.0608282594364415,0.4766664936497465,1.0620487859688084,0.7236346857172641,0.34784614938436853,2.8171152942779805,0.02908867124370961,0.012024480664672588,0.0028512960067539166,572.7961554874371,8.246519133595903,1.9609073512632338,0.007307672104376383,0.14851363342353452,1.0811597770290227,0.007734261383187746,2.3514549888997154,0.7909380468629612,0.2210452829802847,4.875949139954956,3.8082492023085903,0.016868815545944306,0.7145307792120743,3.1074266079629944,0.06312212594079063,2.0355115083760785e-06,0.5128831380494425
real_0376,0.8922062857761347,1.0086372617038681,0.9745724589592518,0.6239041189149638,20.87318066287831,0.4401935303829995,0.3201747358791859,0.902871378058534,2.408213595335584,0.930243965305366,0.8563871735180166,0.09371096383326591,7.246490171162373,0.048268211035315214,4.410242542462099e-06,0.15305471000804202,485.21992625548705,3.7131028758928992,2.7317776641365263,0.001835906120968488,0.5575825199131083,0.41606170485325444,0.6279885856071241,1.282785751376983,0.7698973117203144,2.0058590521562447,6.808905098343287,2.4586082225109576,0.6298104954870488,1.500103725697988,3.3176232576678406,0.28778139094976823,0.0004281780793353154,1.582640978709691
real_0377,0.5267493602508843,0.5956835720611263,0.6767847963560112,1.598246587421361,33.03335650503087,0.4250923608718153,0.9240807031335028,0.7429587441385564,1.0104321260249833,0.976749632668969,0.43148608189232596,0.004773184765211729,6.281809977206761,0.026995179020371813,0.03265263412781469,0.1992627054846182,418.5784875904178,8.102550846592685,0.6663084178527864,0.18059258705256886,0.8366516918351974,0.5504769587047206,0.6341121732074728,1.166535088076803,0.9118595848118486,4.704449955107332,3.3792310133350965,2.6965658299046527,0.7553260574409062,1.027535290835039,0.2780789021367307,0.026406995131997225,0.0009240286418783268,0.854845573186009
real_0378,1.354405731548835,0.2746101485079828,0.9354482652869383,2.056528056844742,3.0485986966726255,0.25171314112446647,0.2036151723100428,0.8480786075194983,1.4384582252102864,0.998954454313395,0.6644821958387425,0.30127464673989757,11.009085749874554,0.02469771512596666,4.5502366548272186e-06,0.14427251774591654,288.7738264366966,8.663438173916584,1.8186179593607847,0.39055103611299924,4.9233062212816705,1.230195131381837,0.22828657476269368,0.792125592774933,0.6135997150898164,-0.4764012841684533,6.19570588494738,4.773016453261402,0.8794264515520807,0.6646883551130771,1.310010137759551,0.02013557249077363,1.0552425268648526e-06,0.2675446106290097
real_0379,1.1699276874291489,0.2477168180817454,1.0192946834811998,1.2267344230249582,0.649805013202877,0.21755778511879306,0.02836981957663829,1.2556865608126029,1.2807586366782027,1.040046593151798,0.6325404001453172,0.002880767709107584,0.3436613765901998,0.010472743201425435,0.007999997569122227,0.04989000048544382,409.4275430630178,3.0190857887573785,2.4810282805297303,0.0007661355043687387,0.5988665856028409,0.9799085709093787,0.4878169208543973,1.7908047331025445,0.6450151009882389,2.3857153875297143,4.2812167783406805,6.174834217235083,0.6736028784062653,0.6137559154716516,0.15346707890942063,0.04988614946892858,6.113201353170863e-06,3.8595412119062287
real_0380,0.94377335795776,1.7054775969866913,1.9679822298129124,1.0027924652625393,1.5787015023426205,0.1784939699491565,0.8963166712887072,0.5084727118988402,3.066548835608315,1.120613983186978,0.5331027359243081,0.006783255212015193,0.7635897566728354,0.017834832518888948,45.950882948760494,0.12011031249855615,733.0532243408975,9.406460990846865,0.40282743958737405,0.0010593954353433335,0.4175654848444008,0.3592355604377213,1.8112566119109559,1.1031809486640947,0.4590281173751084,0.9895034640169342,2.3908055425048955,2.7122544733091165,0.305539576300361,0.7368149712732445,0.12518591157290213,0.05584362888801174,4.225905102243072e-06,0.3034857653939956
real_0381,0.7881178767247933,1.0824077523992037,0.6126171009400091,1.4308673276957904,1.189799274781302,0.5066735349554334,0.8597163425431279,0.5250239035582704,0.5865536239724581,0.9483455553016471,0.25697769098350925,0.03238851142547556,2.064567310582234,0.046015608785978726,9.379334282792934,0.14494779987202014,328.40024110722663,5.827900268078418,1.3090267665370898,0.003908730874338189,1.6465628184441867,4.311669081007205,0.028577704817939125,2.011840394604338,0.8602987167854608,-1.7638894076453582,5.7378969309287156,3.4252503880751313,0.965844024133438,0.6813332428211274,5.0301133415886765,0.04268026374162234,1.2003034254798355e-06,0.31342723380162424
real_0382,1.24163674769027,0.294708570785962,1.997086125297952,1.9826680471628613,16.25574114030849,0.86573690507849,0.6491492468741611,1.2812198741542995,1.1672370398932772,0.9282485847888933,0.9296794266893583,0.03509674158226258,0.5427850320562232,0.013219256683891185,1.1822773507267558e-06,0.0769930763161098,405.55146607959796,0.9115483794074464,2.2590036299589804,0.0024295334320523143,0.40813679952236687,0.2210803637030455,0.007362278236525186,1.3280864409604891,0.9159736978038614,-4.794786277779718,4.622175150398408,5.698830196264208,0.18956509954433012,0.7525171562138073,0.25915191676567495,0.04785500504709702,2.6985415353665136e-07,3.234243337203411
real_0383,0.9278576032594773,0.9203821323126135,1.72241392573139,2.8641393646151863,7.146743923832151,0.76333631547234,0.6836842647359095,0.5560932420819698,0.8467747059422734,1.0107463912877082,0.9422383426696618,0.014020719694249763,1.4186604536877108,0.011473263783255788,3.9140135418473555e-05,0.002248618224340863,272.87125957832876,8.77979298898785,0.4112446836544642,0.17855804059203725,1.4310873277949294,1.035225953821585,0.9471664626568835,0.8490990678149911,0.543248405709142,1.3522166380474223,1.1616025260557012,3.1531699093891166,0.7171561209187893,1.971540361617567,0.2809185721492889,0.035150258641929145,7.349401844940274e-05,4.25572717812472
real_0384,0.7148076462237694,0.431840020988703,0.8337027262602521,0.9652322038387677,1.8666863647202463,0.8197040924930075,0.5418108674406382,1.7799600092187744,0.3398099607692365,1.0162127421579579,0.19156253112992488,0.0012617237356725057,13.399812290186773,0.018649906134691054,915.8285505623861,0.11565829354681903,339.8310304145542,9.4248639776136,1.087407783306851,0.4990814990605565,1.786951123478546,0.1242798003429155,0.9154762975537486,1.9444592926781175,0.6788759068078024,2.1285510121351434,3.867071600206921,6.970002355414452,0.10798250275109945,0.8603019687988919,0.3779427743845785,0.24423235364625806,8.145157445498725e-06,2.329765381865612
real_0385,1.4619032583105733,1.7699768335055046,0.8597383768529235,1.7261505456406496,6.767235707304505,0.030860565686074634,0.0318944758860482,1.602916906794602,1.6180476841399847,0.9880793485920459,0.5720702108484592,0.0016032668675598895,13.102881617821424,0.023370167318771784,0.00020486832104000397,0.054698074301751554,303.9445266159518,8.046822732284115,0.5280192456624105,0.0005517359572423262,0.447113363227074,0.1152111286961217,2.6264280846336554,2.074543383010867,0.18620950405416328,0.356714518468328,3.1157861882254068,2.351158211004432,0.9357252405965988,1.5872340113507981,0.5020395548749421,0.024155852239845114,2.3937700028816195e-06,0.4526116636325395
real_0386,1.1861070323209482,2.7867621357391266,0.84585397198887,0.8129503765164273,14.068837022294245,0.2577461728218304,0.17563495033130494,1.744962873151395,0.42418391149073287,1.1764078103969895,0.022232655892698554,0.006188482002723963,67.68754871118541,0.011272365939571897,0.0011978190442226283,0.08793031609567281,852.2170456130168,4.380140288760062,0.4198260798499404,0.0008081108008860835,4.391139452946233,0.18850471291018842,0.06328135938829063,0.5732510561299164,0.9050209332800937,0.7249663219528983,7.223274447764057,4.348427617584757,0.04246649639897929,0.5627764245263908,1.0755640909707382,0.37104400385588476,1.045488311374801e-07,6.277199105896392
real_0387,1.1020089993645423,3.99218175908636,0.6507120820769252,0.7007816466519285,18.887501181997497,0.861703362111482,0.9273048529841978,0.9962061860767918,0.26599553656928054,0.9418579879572722,0.31093382545424636,0.024064046366141623,55.104806895639584,0.02031305711469609,2.0090851008036463e-05,0.0573880399325995,257.93703133008927,1.4823697231432513,0.2629394342401585,0.012220560498401253,0.13487109542592235,2.1809657279999026,0.14490538438778883,0.9358627259906731,0.40832799945212966,-4.4363306786554,3.314728498436964,7.172318010281869,0.4261661769541103,1.0661265827555695,0.6029830201390763,0.01330974703074134,1.208529637031413e-05,1.6592570692019653
real_0388,0.7676836220089507,2.074557288389318,0.5878417104379413,0.8604984076310479,2.5592354105068575,0.8234528450157291,0.3030597135351103,1.8785727930969625,0.8649109417073353,1.1146350785446772,0.3450672791444365,0.0013789764637157946,117.1223617556527,0.015413863969092324,0.99817970116609,0.09195678004888452,1189.9344267306728,4.25807493447656,0.5926110199118834,0.0321422833107388,0.9481692841175313,0.7669889695333327,2.824211764727043,1.311919949023652,0.6098728245645231,-1.2683915101149617,1.9470116431714257,4.152268822404031,0.38333790302454895,1.2266049700012427,1.7322881758784419,0.23208189695507098,3.537199225796205e-06,8.422063387666972
real_0389,0.8966668316725589,0.41811138887649274,0.6957875259546354,0.7569867191687761,9.755693671730546,0.9694118542735265,0.9914318328725511,0.558106164646241,0.8597513794055156,0.8783422848687269,0.8642207824674747,0.4989018075868501,35.28975281333257,0.010100759502723681,0.014145236624122133,0.08172512004955981,567.9333297240678,9.663145206533741,1.1693265021059547,0.0027320862730033577,0.39311066339799333,0.4096441880668543,5.687671719210194,0.6180278560004115,0.869523072822601,-0.01973983678705249,5.111319153326337,5.667957363307478,0.3875939358680351,1.3794223282712241,3.7832026640141896,0.022463709877435855,4.368915439287403e-06,0.9027959470711635
real_0390,1.3485028378977664,2.0063980881008043,0.5437072074744145,0.7451556899946936,39.69833681316806,0.5792709459327522,0.17757320483826874,0.5928478171341769,3.709992466197832,1.162436521591125,0.3406020334259158,0.0025806945995776806,5.751658921868209,0.02044807106007922,0.013828989416925546,0.17917918871202193,671.419515495747,5.719537954473943,0.42836175504450613,0.0011704578203398793,0.2141199146827015,3.714162684354003,0.007311453664316339,1.8709532280171637,0.4739462039704735,4.613060656532943,2.9422708049610744,3.0234752439528583,0.1952643018285571,1.6701744095621054,0.6124481394432693,0.3314600842923235,5.026197459063787e-06,5.306120219073036
real_0391,0.5555062101714922,0.6301074158791281,0.7178428172614024,0.7610484674446124,16.4234027627336,0.8805227294016048,0.6211384718212181,0.6837662206276963,1.2207185019497298,0.9137122020025852,0.49924034991869387,0.011891443724158736,3.9323674882853696,0.020248520973463264,0.0009971276216683223,0.012927027731162175,1300.4412237726615,0.5736294526397161,1.5295555206788758,0.3385619426359796,3.690158750768719,1.1157655814930678,7.4145574755875785,1.8056920507856729,0.565520735204419,2.880818887244044,3.019537320731062,0.6563571076984392,0.4610010329242893,1.5368058217381224,2.745605831831131,0.014417592814236702,4.957520625123232e-07,0.13709443180488673
real_0392,0.8568235101217473,0.611143297754066,0.5925633874690237,2.650651835287123,38.01650196684121,0.7155112870116547,0.3079629226715344,1.6262179312583669,0.8759403144265105,0.8169581235149043,0.3954025474288605,0.1242361124607266,115.07384427919649,0.028201460762697098,548.3531247313199,0.09922362271033623,477.8938342057929,0.9569573881705985,2.5080177360389526,0.03869625026787792,0.16321535590382244,0.1113349729146142,1.260065956955119,1.4750308272860069,0.46546468605927155,3.5547291861604187,6.972473461108843,5.736901677694842,0.8182617970042844,0.7251433712281483,0.351298401984505,0.04217908638387722,3.575645312489596e-05,1.6147130679170665
real_0393,1.058166987078851,3.1854773441987447,1.2020656792280837,0.5076566927213504,7.690732293605182,0.5709366502700093,0.9993542761093981,0.7466675131111561,2.210264067252141,0.896552278492497,0.5220723993753509,0.4286118555432425,92.3373621474539,0.02711640278687007,13.448660602776712,0.04109705805908856,1107.8218066039683,3.337287350662188,0.39894678012215545,0.005415954578226017,1.097797661730995,1.6724032590519786,1.048682213779665,2.983184663273079,0.24049623376112714,2.156942078945992,2.808922251519626,2.6879145228354018,0.5164708484973392,1.3636532524242317,3.6905689962132344,0.21699884828671995,1.1601662622944549e-05,2.186051127759658
real_0394,1.6233031085782457,0.8928283686856917,1.3893784677178527,0.9709922082370518,1.0118891200450801,0.22476315785773693,0.7730145722810907,1.4893742321879768,0.4865299792481367,1.1574577974622264,0.30834851983543105,0.08272568082546156,118.24862896620569,0.015353319890182899,0.0035399412735794273,0.009694066796015206,873.201901153234,4.705461253993764,0.42267755482617414,0.43128557527994466,0.42482915690918854,0.47966446612062047,2.974709239173304,1.5051855674982053,0.2867712828235703,-2.9041960496045665,3.6458280211296343,7.9124251910826535,0.6405344628173527,1.1245689676925985,1.6745316286364953,0.020833218840504195,1.1000792548253306e-05,3.49845960443736
real_0395,0.5890424564272786,0.22665742521657428,0.5607356669907589,0.6919842279373543,0.7258351699810583,0.058507093621921386,0.17103500972228503,1.4471410807588425,1.2231597087786346,0.9696138557545574,0.5915572408727103,0.15726415985787767,18.15900181913097,0.031741666461087344,10.40553206321564,0.012117904719170382,711.5870392075284,5.48253087507066,0.2519763273373175,0.0006329107396412708,0.2930373169842977,0.6887153972398958,0.005425294525446925,1.5323867702780702,0.8444080033331743,-4.528619309650663,3.7204220569041864,5.580737541057434,0.9516559040286156,1.0912092117624734,0.6430113919302228,0.04199529279736605,0.0003108197132486204,0.7674722300174637
real_0396,0.845596605281556,1.4627548513808029,0.5332318115131375,0.521479427952655,35.88885040543019,0.2401661866628528,0.7537886935888507,1.659691805403158,0.610647581745132,1.0844337213572266,0.8928922360116865,0.08740912437026178,18.42163535912323,0.04520021380333257,137.36020526581564,0.15597981753900317,244.99005552172338,3.2432620953700897,1.3732084527173625,0.01697692347375388,0.426538782174347,3.7103533862688094,0.016452124749458716,1.1406468163363421,0.773045265764046,-2.7201611236667973,4.801387261936037,1.4844459992281076,0.9026302507082772,0.7953188959465677,9.783138587261647,0.053545208311171516,0.00045509138627553914,0.26164020166386087
real_0397,1.3980206425271589,1.274747371435233,1.6147566617340627,1.2617533219478605,22.41121962720829,0.9885796540934381,0.7468123716913422,0.7741336005030696,1.9252861169326336,0.915857032114966,0.13254350909750184,0.03989432123548037,10.82414022777284,0.027244256630252026,0.0040325942460607885,0.0842041063098542,1178.7878275486125,1.3970081709610689,1.365064801411009,0.08781863145975431,3.5832089199301707,3.9407977969236887,8.53893759574906,2.9982332132611877,0.31908281364758695,-4.915525790338653,2.894709993953246,3.3456134494127103,0.3005371300926878,0.8446489517003114,0.54252936588035,0.04328410557274515,0.0006891028220372186,0.4020670827028239
real_0398,0.7565289721717449,0.44695329683813984,0.6030246773542656,2.6793649947341627,0.6098030475012985,0.8750670102931566,0.50750075908116,1.2240019890909024,0.28734772994659374,0.8344409681546995,0.23832970365019923,0.01050987179272251,0.2232896534420851,0.02256339122838161,0.10279512195149607,0.08091879060342792,794.5875584599999,3.5855795980676,0.4038441520272283,0.18437187385377074,0.6491035501747414,0.2085916210725865,0.03391171049351882,1.1992014406265246,0.943059047702421,1.059857027172887,1.6273471464828717,5.6434421396153365,0.23774447267197302,1.0455583010088945,4.562218364807261,0.037011391333043916,4.419238648269818e-05,4.863587420556004
real_0399,0.5825351745972998,0.6460721745828114,0.7000582029311598,1.2779697437223685,33.41736039134901,0.7704440458963373,0.13069908020602586,0.7613980117232275,0.7393487019818684,0.8459221470182414,0.7888223213561942,0.24769126705138533,21.8079980567269,0.02274400210776502,0.016324050373413047,0.06891029718567938,404.30139757115614,1.3527866386213483,4.704051501506673,0.13266765312335677,0.17492766687639938,0.37749821563935304,0.025688290676222893,2.8380945991026,0.020084190214422797,4.693149900476403,9.867566711516972,3.105997983913481,0.4333159116512141,0.6425443656320926,2.5662359465181273,0.05252462263050159,5.379562625649663e-07,0.9343022681614964
real_0400,0.7972395038376611,0.23500366495902625,0.66974849278837,2.2219718663024994,10.003020056228644,0.8409168245394819,0.0496225917906658,1.0082660112572088,1.6599768570512705,0.9487538454560989,0.3638399487998749,0.01883302282925139,45.935161724678835,0.02590389435197902,399.0031450237174,0.07845189679592683,903.0644033274158,2.939874215686695,4.749280300794951,0.000595962828727449,0.26510683477618746,0.3247644895910485,6.816077559066341,1.1523297455424613,0.6740937716429879,0.9122906098528638,7.492901998033703,3.092895028898768,0.3384678655421435,0.6045057516502118,4.837911436569021,0.04566486957697436,1.1156896518433543e-06,0.28080061825714436
real_0401,1.5255091746849312,0.506101788577866,0.6346472714205477,0.8324737603451134,1.2215744761355367,0.9468195440760319,0.808198724388337,1.4691240208779004,0.3418062961417283,0.8516484004775278,0.4264600007529643,0.005685486223748353,0.7862507484360688,0.010352449790865338,0.9426684318051288,0.06418324171313988,517.2539586132098,7.5853158550173685,2.356812724984379,0.2351043732777812,0.2389484106110539,0.4428318272928356,0.06424096032717766,2.6509559693688227,0.9252161527122199,-2.277577861825008,4.466980631586367,6.680885163091335,0.4078452200689906,1.140486419138709,2.506849423539918,0.08641271835159464,2.4023236835767517e-05,0.9456009102348422
real_0402,0.7517707588692998,1.2830150625675978,1.7647990728365286,1.2690904975201707,0.7907202157627305,0.4677677593026258,0.2051299427312794,1.231129108782842,2.0278082238004247,1.0872552609471757,0.37107452254986617,0.016534321373380872,5.108535946963821,0.020841957395347898,33.771560337381295,0.11068888492121814,249.95184969664206,5.963370726224841,0.2562746260302931,0.16177472519812264,0.4987847337261683,0.2951126863242077,0.20412628966749433,2.9329076284531186,0.8922213809574682,3.6443828479412588,8.68942570678415,0.24530187672797932,0.7330171914054028,0.7996207462118932,1.150728998186754,0.011341387267140743,1.1349180516458652e-06,7.002003514739684
real_0403,0.975570757458227,0.8432752707293539,1.5162347153245346,1.6714400778190084,3.6935921010234036,0.8484599791808896,0.09898877613362923,1.8565650644658085,0.5878870686638903,1.0883751933014731,0.5599597081431907,0.2859664041924705,14.263244153704122,0.026109529914696006,3.6385000195368824,0.0005010648259819574,467.33580382974486,9.381773224161673,2.1310111027269265,0.0027822390016946984,0.1342889213947788,0.9064872072529279,0.0059867641880532235,2.636832419157402,0.3509187095593065,2.8334118883441475,9.064331626892539,4.958481392532899,0.1300191714281466,0.8837347869122508,0.8123389008075049,0.23647871759326447,8.140812647783484e-05,0.7856545223316896
real_0404,0.6118927065920072,3.092549676147,0.9380795386545945,2.071346719935186,4.372420338994005,0.9754446714854159,0.6468271356862089,1.3975038829008215,2.603451403843405,0.9789027224510114,0.20971942842854746,0.0027967493541886782,1.9442082734527917,0.026913718939791845,0.06500559711921258,0.0698093518295815,509.1748212972902,0.14186040514048734,1.8231417194807593,0.004489156473831461,2.530133015017262,0.3536027299277535,1.7196215862245448,2.9511677889688244,0.6169123328908482,-3.8896086124367493,1.688938355443293,3.061002038513869,0.5716380635100653,1.4444168712178715,0.4905106147741842,0.06629237553760753,3.932707575051589e-05,4.670960069809755
real_0405,1.4251614290858028,0.5763142742500721,1.0587959118966608,1.806924480290507,30.37549683699653,0.8304508512655435,0.04847960599982522,0.8347240116576616,0.5560504393537886,0.9954888143581216,0.5547998164152876,0.0026663352198960377,9.492782781615748,0.011898809663488878,0.1166285598582739,0.19708127186247254,203.70994715138622,2.8247225695176863,3.3147528651079687,0.23267000635940202,0.41354429336023446,1.1563385831452988,0.007013705563841641,1.566269076361361,0.912497686073318,-2.807273658418134,5.248870203559883,0.7902673188290302,0.8201619175194143,1.274935035290869,8.189679614455395,0.012273920970329283,6.560195091106175e-07,0.5837472562168905
real_0406,0.5207249467259738,0.4648920059604665,0.6156336275768853,1.7671287782351142,1.3849972896508722,0.29900600739042116,0.5190397513497775,1.2507666445513104,0.25659086758233984,0.8758263831662064,0.1530322946830644,0.1142354654886627,4.183953852386187,0.017054225079831658,8.803545139850394e-05,0.14312252339972273,756.0741399467105,0.3982017197554752,0.44235749070563524,0.0090791867497442,0.4937458288674291,0.5405799222770232,0.02263772674968978,1.086817028460079,0.8528244980151589,-1.459819337003494,3.074162977972863,1.6646781797257333,0.7355259944471437,1.1230018350182953,1.5522153969512786,0.21490056737328628,3.2393479316831807e-06,0.127493416466089
real_0407,0.5193405766916777,0.451577657416162,0.719193972076001,1.5163461996669625,9.342837103526863,0.9596297162818443,0.7995170125507249,0.576133704625995,2.6649182399225366,0.8489314326382353,0.3177536536456791,0.0559074376173632,1.3161574848368451,0.028055755740381078,2.4039800987240203,0.07254468383376783,787.7646198146264,9.311402013949172,1.0658979745904904,0.0014350586466240379,2.2599898555106215,0.27407217084267127,2.7240198414247923,0.9288545802905072,0.7108927813303397,1.2688048493342174,4.0088303193192285,3.185999661190826,0.2943507635537031,0.5552884657044863,5.254623768392212,0.02766180323915007,0.00037920236599824786,0.6161706798819987
real_0408,1.4460440164536712,1.3265657433600593,1.8636093005502785,0.8911800112859735,1.2940888108186073,0.4124777284939125,0.8055256422472978,0.7543460282258126,1.0038588929759613,0.9744040608183955,0.4549570072653778,0.0092920735192413,8.72280033855729,0.013471229349552178,1.0713209272408122,0.11675995801887568,887.2439765835937,3.6230748694106083,0.3077000525266625,0.00824756070439659,4.172846499014189,0.37075212765498067,0.34313869706700284,0.9420052518739311,0.32877703007798087,0.16689136579384556,1.061034076226067,6.280945128919453,0.2740003672848735,0.632334431019882,4.391277627830017,0.022934638280028934,8.4807016656205e-07,2.107396093837254
real_0409,1.5130893035468647,0.4371073356223096,1.277943567580358,2.3968579213037353,31.161448093192416,0.2595075570377312,0.615629546492035,1.1300681323986537,0.9304481804084707,1.0787339656009354,0.48213249294820937,0.3383565766938017,38.86612338891924,0.010160710025259728,0.004813877921562632,0.1778028058674594,1097.3214408477488,9.85991737731579,1.1132687185322003,0.031336723296182124,3.4995882860506424,0.11451645441876729,6.9120317052919775,0.5249486999826102,0.22369636967060788,3.771071214466067,8.174481965022373,2.631637703917491,0.029329989473656316,1.218967759591685,1.1465889668389169,0.014711675255602154,1.3600065511492767e-07,0.10082584805793035
real_0410,0.9465782784226369,0.30069646878686196,1.0075317872870782,1.9320491844210164,10.081730260866504,0.29074693584449685,0.9006198580481587,1.4221678263881468,1.966434810475201,0.9148652685860983,0.5098105442948708,0.008968690704911027,2.796978333603193,0.03925469187954502,0.002503974148868451,0.14865164040051032,1019.7112890089979,8.02779126261466,0.22566177514020327,0.3310638948047069,1.5821018250730008,4.183260497699799,0.7086352294837629,1.2490504000656275,0.5796812402967426,0.19916591394955585,3.851598654137363,1.7711456726546864,0.25794890085475053,0.6467155221908869,0.8938809926362996,0.09651856077072399,0.00020146199305809802,1.2408658172695795
real_0411,0.6943637780583911,3.0617929139495805,0.640399634298026,1.7459505777242932,20.720086585983545,0.4077994951296595,0.21908723666585822,0.6901920264456552,3.556499762794638,1.1997096527448594,0.4659543366941005,0.013129963295881305,0.25224436366963726,0.032691862781651954,0.002601521098721845,0.12288859587531942,318.83355671382907,6.120013803501295,3.7318062759518753,0.05823003267170499,0.5478336802038944,4.283927060575183,4.418789415654496,2.047879926911935,0.9864962900709555,-1.4306712010626117,8.642392258970268,2.6033777827656404,0.13410074838835198,0.9284962297576531,0.871278020542911,0.09067671273383944,0.00014420439696461435,5.494340344248961
real_0412,1.6186275936504455,4.138716436357992,1.6105763867874638,0.6187127824179779,7.788506196087149,0.6435115623936684,0.5521166315432712,1.380951891931681,0.5151348585781633,1.1312916938998292,0.09073412704862766,0.013580740786136362,0.38271333583172745,0.023259994000529458,43.42102178740207,0.073351758186416,232.6808809383881,7.267407385455387,4.082820219392048,0.004239833750911436,3.6773650321839004,0.132277862823473,0.011257989660528774,0.5953154368085615,0.7664774232628941,4.029548568408398,8.21049592450246,0.18698371499635238,0.9424057520636734,1.607946131022253,7.6450643210136615,0.014282184484411866,4.250257822593231e-07,0.2105292287080177
real_0413,0.6167229325645829,4.806304970589722,0.6467407969465,2.726033365632354,34.87018473610693,0.35043525689577004,0.16925174575005184,0.5449473809418162,1.5959638497570507,1.000540465496581,0.6459017408389977,0.261210139866981,0.5890395607665504,0.049528504975633464,7.460009170653607e-05,0.039350553003545265,819.9513717831587,4.082117066927783,2.5458363038958893,0.00762438724910866,1.309440122059503,0.3618754881541308,0.10210865941296715,0.6212686180015099,0.6939202669548641,0.4551293809780077,6.555622827049861,2.939901314137725,0.8450041991918148,1.3743609942624295,0.44666881089740307,0.06398090247836472,4.0897045223054546e-06,2.385502269046561
real_0414,1.1030449223814114,1.9704278414966199,0.6905003823553373,1.2450091096504559,12.26144469257518,0.12505373892946897,0.2561931478378054,0.500521786956572,0.9873649980216672,1.0628478714052816,0.07001591163116928,0.025733924338776096,1.849479668541266,0.01091460154303201,0.00026866921472125366,0.18622968214883448,408.023513339509,2.6731115984869764,1.123084999046369,0.011252639028784001,1.2595944604360252,3.4958286679855757,0.2373547404379524,0.6696591504927933,0.4381848953836444,3.424833410803604,8.018313385583596,6.255863356018797,0.44532877146728334,1.0205046150658217,0.17826877330633578,0.02157448920621616,1.1457138900769533e-07,2.045449079989033
real_0415,0.7542474731565575,0.24018317518594398,0.9848550737692356,2.1981918127378233,20.239896940266917,0.38038477684323735,0.36216000007334115,1.3491898203452233,3.534407038136826,0.8126016105389168,0.7829522188640664,0.07373765984829461,6.911939245356576,0.03371225054944856,1141.4274320898228,0.16077611445723966,207.664609946036,6.971697150259476,0.6748022870815582,0.44948105876297056,2.1455267387936456,0.18547826956197078,0.49932961659522906,1.4163957171465091,0.6814442310799866,1.4896213173710215,2.3067506044800954,5.3915915850716525,0.7034972187011881,1.9822929552568107,0.12765120905403599,0.013059153975307922,2.449899578881854e-07,0.563857949437998
real_0416,0.6505955014721923,0.36124050345605174,0.6300173543297468,2.5251345960892997,0.6037138596804766,0.7936902554633646,0.022420510547219448,0.9984655201240235,3.6585625871404877,0.8290943246633132,0.4068079634271264,0.2574434886338871,114.49297292659749,0.010289020622687144,3954.1688639372665,0.11237883685966761,206.96789906166285,6.152485796737066,2.0282477621800568,0.2905227524261945,1.9877413211402524,0.5105268100057795,0.03583306693544432,1.4072125296039015,0.8970871351376372,-3.624449015172324,4.651076970576333,4.276242052324723,0.44879987438286095,1.0127151516066757,0.1647818100287219,0.033654667588431886,4.0962697306424684e-05,6.595828569786988
real_0417,1.0637780614097274,1.4817499199081319,0.7021977038654391,0.562439468949376,12.960205526784224,0.07003135315085038,0.6137435224770088,0.9003904159935755,2.7637268225599216,0.8186627852562424,0.021475955775851752,0.005023593394936982,7.776039704591714,0.031130213672354395,0.03515680742114759,0.08635786092192473,384.03924572210286,3.875550511173209,1.857531834868111,0.1709437525634457,0.14102398366942134,0.7387666113178635,1.5541880012119103,2.7225126451893997,0.9357483971481994,0.41454992306632743,5.389880541474872,7.297821359635128,0.5896599370538678,1.8866967559534389,8.020397762689239,0.012045301209194757,8.919730793168786e-06,0.6824646936143419
real_0418,1.4573861886531552,0.8638611399891605,1.9578852854441693,1.4932823701030984,11.971423949733602,0.45681083218556895,0.19559513621117064,0.6088059147820002,0.7941151343631894,0.9713450686720416,0.41170385080448035,0.3309201541226175,2.1458911665476816,0.010063712477128851,0.0060741762931488955,0.04533028776168344,238.58409521387466,7.827201992609501,0.37325821728817615,0.024337770623760815,0.6327316076156048,0.4641748586706542,0.007446031387836407,2.0404892235739593,0.9198898811766607,0.6117090992380465,2.3434305921077243,1.360155722759498,0.7981520981051708,1.0001855977458127,1.5391415724512214,0.0444622195773524,0.0002574131359676724,1.2895548260711616
real_0419,0.9672224772430534,0.6770162768911095,0.5463953840213918,0.6988852174135232,1.6047087807999993,0.7193057738443444,0.7776625488603421,0.552505454068379,0.3663422656553029,1.0202982625687569,0.8940049229668491,0.00104893097533241,95.50338611275572,0.03153868238390669,124.54279128536966,0.16864454618797442,649.2622968572084,4.2815412933599415,2.5877959999748676,0.2862161003887035,0.3519642915654542,0.45214180668371146,1.679279760787417,2.6994173373109733,0.7978280165380237,3.176025282717047,6.361883649909417,1.4559334543723839,0.5552989414597777,1.110237046224865,3.2118279363612037,0.021094735894433524,5.024494657702889e-07,4.805209832945145
real_0420,0.5154713177860141,3.2729966997500677,1.9493308293583496,0.552174541416319,31.694402638024926,0.5092703039986272,0.40314259227500715,0.5213776097676777,0.5178890557305496,0.8449234304339954,0.5617668507850814,0.147398604705035,0.8645178066156183,0.04067492795011289,184.47942142257796,0.0387534814080283,659.6371211196956,1.4272968631431993,0.3120402109901888,0.13376287115401395,2.6109336205844613,0.9950128867233282,0.7733663121082115,0.8785012745807208,0.09786221351724625,-2.870569304304486,2.1028060369548247,1.743803199686928,0.6582977853889136,1.0639910356874995,3.8383082110465536,0.18595282973566687,0.0004948499501378515,0.19316604167615045
real_0421,0.5650279478720467,1.6111265552290246,1.8080865938995436,1.7508143206479327,0.9526879757392234,0.048669157569049194,0.7714650306742707,0.820604060661558,0.3582170988032451,1.0017584148141896,0.7489193081608834,0.26412861709282115,11.736093384785331,0.02222997886884674,93.1236722251936,0.0348778915555185,329.95331833931107,7.012373722009652,1.696205526733659,0.2761685948558025,0.9981869251887099,0.281155720088396,0.2959072905664937,1.8615182573187772,0.05268394378619106,-2.5914493717070517,9.020804519671046,7.76483431080998,0.7256364249999605,0.7544751279643896,4.105513969118166,0.03868997197503888,3.9818870957676863e-07,3.9404429366637594
real_0422,0.9945739416699129,0.4858217945811127,0.9807946190603463,0.5848703655663116,0.5072319795393762,0.07948646632379534,0.9167070610870617,0.6430954861879052,3.0847688112429714,0.9431274258588209,0.3742523975056213,0.19174677986211927,6.436251131916076,0.023103318217227515,2.6332167940167518e-05,0.18462884911255695,239.05012476803503,0.2555279874173307,2.692878264759471,0.023252819904012605,0.3899544210558921,0.459491492069158,1.0972801208705525,0.6031574772582294,0.6638511353548778,1.1224499305600073,3.433038396670915,7.3669412406479315,0.784741656585582,1.7980871299542958,1.9214151366465768,0.032436082811235445,4.7471282480973054e-07,2.6896299671415105
real_0423,0.7896457052457758,3.7934003273170047,0.5495011324681365,0.6371480944207174,1.3223062614901862,0.9216065688974584,0.5987213054309207,1.7078807324081073,3.7566441157802144,1.0672427529132185,0.13689053607903925,0.00106994306738787,2.4028798731138195,0.045429564380953316,0.0005998098338964955,0.026852902127401462,489.6624848871498,9.734282984814648,0.6418540018619648,0.01748441749369309,0.9814136575996404,0.6177757174125971,0.7536749641831211,1.6780942393548155,0.5906251588439506,2.4526475486896206,6.676816522206192,1.3071536693060177,0.6205299449028688,0.5633116717578979,2.335477850684178,0.15761849251308638,4.2137817897325015e-05,7.698350684869683
real_0424,0.9537613014275864,2.8327530311549496,0.8360457260127371,1.1867617991007815,43.781305680407,0.48236147136993446,0.9136827317173488,1.601882391828131,0.6532558942359972,0.9298213560273307,0.16621729141832703,0.6994380934448247,2.4914651925568223,0.021771162796062463,29.98546811834692,0.10907583918904121,913.0304205876822,0.3375515582930667,3.6249417637612344,0.034167436366871175,1.0717063469402153,0.2891309309433974,0.0053435758965427235,1.7570228927724962,0.808427648489016,-3.60710018562198,3.486259253567115,1.330715928762509,0.21713663461182586,1.644155880761742,0.1971583215653119,0.010505580451684905,0.0009396650455874583,0.12328838458257167
real_0425,0.7411176861679745,0.3136851409863441,0.8375934487231881,2.5310937873806005,3.785318670868975,0.8440095440842064,0.4817619698630944,1.634747545763989,1.91929791306672,1.168660005994024,0.26933218948024323,0.6304656622503196,3.6594838940919665,0.012947559801332878,0.0015944856281410106,0.05386561422030748,453.4542967279427,2.0240034570481815,0.989121637594422,0.09388284748948356,2.365247982768911,0.6908101819520449,0.01497108738562081,0.9162947453914143,0.28080567848828647,0.8359430680193931,4.536107844050602,4.381423906156691,0.5050941080562943,1.0701988556939637,0.40100362768442716,0.0725882031986467,5.531241291714545e-05,3.7419272425823946
real_0426,1.2876686180434151,2.349354933165306,1.2733896646007756,0.852260609818205,5.897002425674647,0.5269647484617531,0.9104360885555504,0.6411883295389049,1.9766664391939321,1.1844270475505114,0.6985570515691633,0.04148090057888585,101.65083548959818,0.0156550510491149,4.0088807603388074e-05,0.15956406654585623,774.9105375839134,2.4985649979511235,0.3819291636751336,0.1271534795328963,3.141991360949133,0.18077026653268763,4.002926711817114,2.3183124031645335,0.5372555366780793,-3.0215212551045627,8.90121022703128,5.439493143104054,0.060778749100950526,1.3365679152902805,0.5574550579177122,0.040806511642852025,2.998450912677935e-06,5.2501248724192555
real_0427,1.3022098735008274,0.2531707281577938,1.3729288536421227,2.4748565380726126,2.1190178622327345,0.9421861185394795,0.6692693704373669,0.7762057534961102,0.2686059855994659,0.8480202721890162,0.6584358539568661,0.0015592693974079994,60.79164017775036,0.025937298342530543,2.484712135476626e-06,0.11091306001713504,302.78908074043187,6.732268155464545,1.008791253166729,0.0032724863831886148,0.25362719506192244,1.0276231288670876,0.026941597679428362,1.278456292223097,0.5512009124452799,-1.9423996030133628,7.9131668990014,4.872865000311269,0.05653498235214728,0.701322974787267,8.636699473257346,0.04850110696342031,0.00017797217993589914,3.8037682137111704
real_0428,1.51683976013073,0.40555826738469025,0.7363457875345437,2.4428923561530693,6.9323925068637156,0.8214822621933067,0.4458894569511783,0.5812418968079405,1.726839921848932,1.1941076918167348,0.07399629833674694,0.011033059596979429,0.5379600920040749,0.041555369861023365,0.6211877776233502,0.17685776967017136,861.0839146915408,8.079692857269942,0.34121730079362633,0.006207372940713898,0.52213692890898,3.107960942768261,0.6730300033484515,0.5149542808664069,0.21529699326510138,1.7814963962270793,7.499866190003546,3.716430948398973,0.7223593376020893,1.1433706467258384,0.9244496601497436,0.06170458155897223,0.00019692838503938324,0.5166880723886625
real_0429,1.2208537614632404,2.1277361495597016,0.5413291057165415,0.8241338601805918,5.412833905787182,0.06342454490471784,0.2907127637532268,0.8188447523800482,1.8935480538515896,0.8659287957977824,0.33839673588314484,0.043617604579929456,3.7028394580400437,0.010186546071211694,516.7994120614457,0.03034778373678282,730.7993060399909,3.2985268530677914,0.2187050775257644,0.004074406436801847,2.4195883183390614,1.276839564012632,0.07801919787373797,0.5409678650707902,0.49002329454747423,4.546542290678902,5.074162304546546,5.20461655311651,0.9481585001135306,1.5499055330753042,1.3226280808021889,0.03446421254540534,0.0001718913085578624,0.3602269942524724
real_0430,0.5914260471315134,0.2915091507232334,1.5625770772354277,0.617163854274964,37.85369925589968,0.9073089782294097,0.23920795811837026,1.4561980201963756,0.4909677190159765,1.0424762063454391,0.09242478163942583,0.013251786184132678,75.1924078909109,0.023004223343554717,4.515187097628791e-05,0.04185807235981754,287.13228356883013,3.311152499907624,0.254310616243241,0.37346996395933135,0.24521562274652922,2.9306192611828386,1.8402404821823022,1.7135796875067537,0.2722901342898689,3.4784518879662265,4.137144594363253,2.1253848195684792,0.5127089007241119,1.0385746337391661,1.400855059617509,0.10376608656428973,6.846833545780375e-06,2.7954168428666004
real_0431,1.5916078902054258,2.9135851657734997,0.5680043663040647,1.8582056509098006,0.7427315282135529,0.5827180277181877,0.060779119143598674,1.5346315322596729,0.4067807878078729,1.0638650520785693,0.9080308319605674,0.008450766933941877,52.946215953201005,0.02414312150877776,5.781398925413478,0.17568678160598633,386.460367976591,8.003903681108008,0.2841287043462907,0.01111051512397528,0.5049080053003298,0.143418616413661,0.653787813503401,0.6083191650468041,0.7842552540181117,3.372729242555149,7.243556302975057,1.1646008902948506,0.037591637967049535,1.333189945997336,1.0606594051423757,0.016627593379958974,3.3250857838416103e-07,3.2986391500428844
real_0432,0.6752502011095547,2.624369102711267,0.5774092675774787,1.81706788387829,0.6381556238261928,0.2777041265010132,0.959962656494144,1.0416010146102817,0.3123966350591014,1.194982263063277,0.43892357760803713,0.7857115492192989,2.1327376140515235,0.027181869673486746,430.47973279627325,0.010406705108945508,315.60399468961333,6.060531308420999,3.9998721068124974,0.005047043576241087,0.11030045650292947,0.5078288545392414,2.1270315337440713,0.563980831039933,0.32183395254905783,-4.756299842876816,5.529863584544777,5.072729426260031,0.25261167231589643,1.9601528485646222,0.10669305903608164,0.14486402163266685,0.0002460501623243186,0.22745836820872198
real_0433,0.7038652563807075,2.201958384630892,0.5229173163087492,0.918627512530437,1.240421160093445,0.725001811085438,0.34253975537846526,0.5913023222191598,0.923997367631906,0.9243898015925518,0.00027436641880870425,0.8442048456987051,31.409369435792772,0.03580695822156057,0.002958511852578949,0.0874019969044074,450.20955859666714,5.3557378363495936,0.9413814806490504,0.1148189615090441,0.36583653328946897,0.4916240450661119,0.012820115103156147,0.5484672611416118,0.5287163751454804,-3.6907016149890746,3.807231995236517,5.662323270316702,0.7508985473645159,0.7605406235684488,0.3849972984762923,0.035540510274146585,7.716481840742163e-06,0.979962283381052
real_0434,0.5982173335078839,0.40837290954195254,0.5775955468592137,1.7933774504244921,3.877257471042535,0.25063977441969104,0.06655006830332497,0.7646659921100217,0.56865929561783,0.9188487252924963,0.5301523935956797,0.00746379523473751,1.1285997064767659,0.01827517386595918,7.061886181498223e-05,0.03708340889037889,1466.8598308607861,4.465988836688922,0.7922765464188667,0.29206853695958856,1.0685182153647597,0.4260520442632879,0.0282529370179315,0.6495143319644183,0.4831133266747187,-4.0475547003194485,4.718391405987645,5.3090402446751845,0.984382084736006,1.0940375259406967,0.9537947927979218,0.03970214135360297,9.375334143276717e-05,9.599129873060194
real_0435,1.4279991856891636,0.8723089667237984,1.056690093962776,0.5544466601535522,1.1105246367160724,0.9933665115864139,0.10797680581056623,1.072124052626813,0.5250670057681628,0.8821934313152565,0.010116010407611826,0.009463705338869434,1.0701541776462415,0.03431688441411324,53.91445746667102,0.09029288346165171,548.8655063622056,4.8601129654714015,0.6777417096506537,0.24378650363257362,0.7234837184136944,0.16150375618493615,3.4435324386323214,1.0129323530191343,0.7741944330209843,-3.2909718339079466,7.6196549328229475,1.9190809872080103,0.2783317677340335,0.5088886229179417,6.489006634031814,0.029928161076546667,3.2139591323478997e-07,9.90003053112205
real_0436,1.0279923677103409,0.9984911453961389,0.6204525734821853,0.8623447707364796,3.7403918392108895,0.3048095605134044,0.157360421490673,0.9687931820465415,0.6168470993719128,0.9110057230749619,0.15778916332564694,0.0023680025761883446,102.47550397321356,0.039571176559180896,0.0022471896944505675,0.174419714321209,843.214275893637,0.7882944552387517,1.593088294712038,0.16020082755260584,0.29911653254039844,0.1916896872437767,0.1221198720991772,0.8572370199979641,0.0944936695247579,2.182753253716154,2.198756326128084,2.8919019516448516,0.4885368307722585,1.5725487261612225,1.4435032942991721,0.07044465184726334,0.0005406514021015814,0.7060759089940485
real_0437,1.659880431888181,3.977824958355218,0.8808396300734301,1.2190004940338124,4.912797895361293,0.6953807939848435,0.6181601954304715,1.201227085978229,0.45360800349202446,1.0799374188448176,0.13508474457660508,0.15338744646430474,47.162498145321074,0.04495186477658703,7.94472398864663e-06,0.1602305719359754,621.6502318539297,0.7739672534216502,1.4059398725137697,0.2558039737874135,0.32871863360109815,0.33564940610265437,2.6649555201064437,2.057515892387949,0.10416983320777315,-3.737867668512674,1.7340707236602075,5.371032347278327,0.43681256819608655,1.4174347666076192,1.456818587741127,0.061161104533201754,1.3181668619477456e-07,0.11842143508552729
real_0438,0.8825890345059612,4.931143180987422,1.2532396166290865,0.6130331084732134,6.624880041722595,0.6259998831807831,0.9248397398692235,1.0471063978463628,0.46997467185530245,0.8643490048190964,0.23618139089934206,0.004287862131636896,1.056626730675107,0.0426552546531014,0.02354286076634292,0.17804120948690055,1223.4053378317597,9.712850290536375,0.33745822819893384,0.03693282141570524,0.11750168613742976,3.6393463992931494,0.013437164990585442,2.8760211967257456,0.45155216182893104,2.2449700815750004,1.644718806029163,3.367470525211229,0.6940363838516507,0.8027830521474358,1.8093941174949493,0.015944969003963784,2.7595626548807712e-05,2.2013426073214744
real_0439,1.2595187494867341,0.7100443624290828,0.8132837531746885,1.4105451693115658,0.574940567223724,0.6182548671884219,0.25518426515040393,1.5458291164595896,1.3786125193571037,1.1092489306701157,0.40504450467046443,0.30927867163330913,11.651043622221174,0.04706573049234701,0.000814123258981668,0.1831665784410364,745.9439948981832,6.183566399299478,2.3816357337119713,0.31449871982403343,0.5815422544178236,0.5613074417371816,4.25644134510107,2.8576047811760277,0.78951685610096,-3.645889482309312,4.446224421712089,7.2851725213604075,0.22329854920309306,0.8198748855548219,5.504024373584527,0.194573780323415,0.0008770305337206764,1.4761604198438454
real_0440,0.8082756452679679,0.7115270014369092,0.9177802786186766,2.2601490651497915,4.878307283087058,0.391604696032029,0.12835048742480004,1.0968827113742947,2.2821462475150103,0.9393091675078081,0.8794835237004811,0.0376938413884321,125.399919137671,0.012888887581666406,0.00021154587510127803,0.16749987348489678,260.2684303829099,4.751319478315956,0.253616961933282,0.003950027522834892,0.17161086687183622,0.2304819973302706,1.765617304107728,0.6894139893272996,0.10972284015491915,-3.7034940848931615,7.189503261093712,6.053505606443077,0.33961884378367524,1.2936004932464453,0.9991750808103719,0.15805613991746484,0.0007896820367533916,0.2384445049537859
real_0441,1.4072038168975867,2.8904846353134928,1.6047192995698865,1.5355676939017195,3.668128022381428,0.7225169055528257,0.5353881588569747,0.502923624227807,2.1175801080344705,0.8162561666477081,0.7469869590660383,0.007962133162447095,11.896595219720881,0.03006288062781991,41.03239591924781,0.19977663970192244,323.2678143432707,1.686091086092286,0.4672701544803874,0.19217071153993004,0.12297766394153281,0.580998670664697,0.6618228443064277,1.5397061531792113,0.030063131101169403,2.166944605804594,4.849391232604357,5.982420952983589,0.43125771960161635,1.4976281557331008,5.588072340391747,0.2842715866272996,0.0007080008313298035,0.6336726276682515
real_0442,1.6293634948706992,0.5587510398893097,0.8997152554742981,0.5285085133745933,4.438143008800213,0.9172648724340775,0.5284551919865413,0.7515989121886532,2.637101394725751,0.813776973609946,0.19878331693617882,0.0011934412848454996,0.7127340247025088,0.021639999953651387,1587.4484186067327,0.12460461689057407,707.6813450207062,1.017817371944745,1.2295039116365776,0.00202769022923604,0.24333671801943407,0.7888382589920656,0.02999241117286422,2.0288287102836198,0.7210343650588495,4.27128598244173,5.497454441693452,2.653914009380108,0.9798085036396348,0.816358237380536,0.29615462506666185,0.20915199131647136,7.626778173362767e-05,1.2356755518492353
real_0443,1.2941264631841976,0.5905153759772077,1.654060750053248,0.9084923088460205,1.3626635979117971,0.33830810991752647,0.3328374981567982,1.9804305368745803,0.29857484999521855,0.9048619792507105,0.06234781215103725,0.0018782320548903293,6.742029067998015,0.04534279807907006,31.653862656583712,0.07508623547094664,527.4182716742279,9.261806004935417,3.65592537809723,0.04428427764420559,0.11451700506237208,1.3095071727108147,0.018571455558028544,0.6491027777542424,0.582293467441963,-3.1846121487002828,7.015302377934134,6.216448244486595,0.9867746382584686,1.0618274460468307,8.4888910879166,0.39646087906197564,0.00046621760703594066,1.3299309488625823
real_0444,1.307392704360023,0.38717558434639704,1.4532839733346332,0.7944652748706962,4.838213960607988,0.7136729996221979,0.35599270613871,1.950843270813444,2.516505405497436,0.9708205132587089,0.9209212786728843,0.001286553437684246,0.8284304207601686,0.031641165692321505,37.18736739759358,0.07774686886545186,523.9530412621648,3.2382563433778087,3.9410996412928516,0.09081383084893563,0.3842978467025532,3.052398400354521,4.04381711955891,0.6298317923157511,0.2465458920636786,-0.44862362039215675,3.396609977013881,5.116783280008569,0.49409259648279624,0.7782285708393379,8.005034703016893,0.3720591849855066,5.168939685687438e-05,0.30038843392131725
real_0445,0.9489375236682915,0.6212530945934677,0.9481457019419834,2.3470141660241493,3.5127293116307436,0.04675748415779277,0.4377912114301363,1.8314662089690301,3.027322513166235,0.9643554956699819,0.2851210339645037,0.48715729656891854,39.78359856908289,0.04167888095801935,2.5229573330635158,0.1216425797704779,241.65714399422822,4.859229191794971,1.7430769703448354,0.0035534507778224216,1.6210117426226733,0.11692136742382504,2.2830582601984672,0.5692859388365065,0.9811990943078691,-1.2240340127526137,3.66974738135214,1.3976600286734855,0.737905366095674,1.3496528528001075,0.4059502773334182,0.011871214866188126,0.00012880421583552428,3.086500821578984
real_0446,0.8790014805330882,4.8477147887350265,1.6344173484298625,2.540898612638176,5.421821885234806,0.05092232463988848,0.15335338966765086,1.389614856910281,0.746934600755366,1.165328740704271,0.5561111123384314,0.11894872298242797,159.83928216343833,0.032696509681473744,6.56709836304401e-06,0.0012897416921524387,908.0914882177611,9.136046284121242,0.7971891682922465,0.0037374235518963126,3.029888549599824,2.600871178163562,0.010537339881454062,2.892525528746072,0.36044258774011373,-4.49647522382006,7.805260178595397,6.901246399098218,0.7095857947547672,1.2988286253205596,5.325651844461645,0.010588559250921474,2.011417080548438e-07,0.649196545677973
real_0447,0.5611627981348088,0.8116804547987739,0.7902563031672933,0.5006647619349532,1.9241273406445272,0.06104547916343695,0.8717308465891669,0.8366359764726846,0.25089697075029055,0.851448922336496,0.990627494991528,0.02457539750225034,1.2339617083484653,0.020915229847143984,1.995219080610211e-06,0.15427006483506742,695.5016101919507,3.8490359999072927,0.4782909685179661,0.002374712628265361,4.3431960435535855,0.8498456988258702,0.019398599317211957,2.265583321746234,0.575360737725942,3.1100225301738718,2.7377565317521193,7.333040931024883,0.42444037890501474,1.9331860217365475,6.800282042109341,0.09975927948937771,9.402429926787663e-06,1.9388218199931633
real_0448,0.5127150969972527,0.31086015036340753,0.6088488234765367,0.9358080477972683,3.647147583562903,0.8091732929931615,0.013430724617953475,0.7295796100576615,1.8879635115227318,0.8625272989298611,0.9581805888894082,0.3088537660510499,1.2532470413371155,0.021167439373668526,0.07160805165212532,0.19291772443697575,808.3327657190448,8.28240324844477,0.6362108604445331,0.11584888075854226,0.22894392108617204,3.75027938058708,2.1920630921941666,2.6565458648202025,0.007422730256101623,2.7837240755381014,3.6855580206171106,0.30671514566180447,0.5254054743424876,0.9698038228151341,8.127303662523818,0.08387305058417792,1.6495410436771772e-05,0.14193045848020297
real_0449,1.0739914410638915,0.26059662992532784,1.2312366210865688,1.9175368102716213,5.333954357558127,0.3282867101288478,0.3784126327773137,0.7937269496554504,0.9081259708687894,0.9063261980643567,0.5343679740169441,0.004557908539489213,0.3732689496649278,0.048256941209112836,0.001992654461563657,0.08044950728032768,285.06785462361586,1.976299841056076,1.6867857255911096,0.0035641928015547547,1.280891612793203,2.437185457898804,0.006355231679852654,1.7239516169267513,0.041447610530985515,4.221837027603334,9.455051049179293,4.328190582037106,0.6889427492029709,0.775260783711375,0.12955000208513312,0.08892998688043098,6.928330602413142e-06,4.324347659651061
real_0450,0.8341780982982755,1.893885316215961,1.678577028921502,0.8815558341362755,20.02287573256382,0.7577911733652072,0.5948895551562707,1.1936185953744127,0.311457270348125,1.0139785933422185,0.9171958465512394,0.002019290349538248,67.00491195126888,0.030529295664321596,0.00024507363042587167,0.0334172293591114,1210.2322104920806,8.301210547426198,0.7604123181746324,0.0015759458301087314,0.1029573475241676,0.1497477237769718,5.307278643210209,1.1041588916409917,0.25585160492405984,4.246300074410954,7.628956781993141,1.5536160795346814,0.5101031593540112,1.7375597797911668,1.0552890027081598,0.36795797339980857,3.1335116900841176e-06,9.00041839189087
real_0451,1.163956868911168,2.0968587036626456,0.559603724112049,0.8087856705846677,16.78498493076332,0.3318952938670876,0.4994741865172457,0.739138439699825,0.38645478444627634,0.9735907359511902,0.7970344843403382,0.01152805644753369,8.479491626486114,0.016759652473346112,26.402548325922183,0.0533120414204618,541.4936909314815,7.511578554067368,1.5185755303541109,0.0013657914283831162,0.2188370440564152,4.566219506723276,1.5652497560647174,0.7585432408138816,0.9333387531852282,-4.25419531433018,9.997130049743713,4.247638147416652,0.30436495296242305,0.9510120068922895,5.632889622441496,0.014557310318081548,1.6385682025527889e-06,1.3374213659466403
real_0452,0.8163521058831746,0.25427936996549716,1.077360684906576,0.7130628523460242,22.694288894312304,0.08390757840438051,0.15600296469843053,0.6751687888671145,0.8849245818432862,1.0591512516422206,0.06070663775328063,0.049113938975938784,66.01822943511368,0.04138822899581392,2241.1041988742318,0.11633223290126903,306.71011304243615,1.051603598197387,2.1683540137252653,0.009511758911550948,0.4918955884143487,0.10088319541551757,0.09468236380090872,2.6678500030542764,0.4057078449451547,3.871089884647363,5.341871958962709,0.542823450443549,0.7066093351302054,1.8264739391703888,0.4205757263398969,0.03808935202124282,0.0006461615995816444,1.0222187751816778
real_0453,1.4864880475286442,4.957914796520547,1.2607037932942788,2.6170830904480105,0.6960629105765233,0.34099705715546647,0.3948300743175055,0.9490687043338016,2.8197538108263775,1.046075161565321,0.31959238330929834,0.6493640801046066,168.71930333163246,0.04630374030168665,1.2673067063017781e-05,0.1067316076487098,1137.394822624577,8.640191258844567,3.2620566111212344,0.0017626674418896792,0.2213280522863072,0.11334897615990118,1.0623180936768803,1.1133662081676576,0.043760823973965406,2.914436275988881,6.706648506788252,3.516632358346221,0.8649466303596638,0.9425582196485631,0.846675878292932,0.07002567053327749,3.578913396279609e-07,5.123021559429176
real_0454,1.490806068625566,1.7907743419951199,1.1645841221936926,0.9449168733737292,18.62813947994961,0.9325642051220031,0.7499265375162028,1.4631364527178348,3.2383346959679034,0.8971580283041645,0.833032422551169,0.004601244772749321,63.940557389028925,0.020984449639777136,2.1521418980961914e-06,0.13266406407333495,970.2409259527822,4.162297681813377,3.9202464734826754,0.14212098579587878,1.2693277413882171,1.8853996736013565,0.047690953939883346,0.7894982263335565,0.5133475989995054,0.09122082209302818,6.755970159144972,5.776866668668482,0.12052170067018003,0.6242657435117674,2.627386086221173,0.014899135555128354,2.2543568308598782e-07,0.5256791324964218
real_0455,1.378071151237286,1.945803231605377,1.5311566903235116,1.151917418397648,9.411688603512642,0.5694143296868774,0.23635222409394038,1.3747818608109645,1.851743008112695,1.0272313043910963,0.09619396282747829,0.0039928692117430385,0.6495694812849675,0.0235520181517756,0.28569481021679866,0.19553036432457585,1292.8369724683034,9.472161066998243,3.8736375733909956,0.03064419428160182,0.4343291661875248,0.19607615462805533,5.864591606872745,0.7507171525018077,0.41059645489796825,1.6934556404312575,9.38292353058219,1.636852012429934,0.03841627996107415,0.9334374932076683,0.4993140357343917,0.010296234171978185,1.0264386473927764e-05,2.7796161397178083
real_0456,1.5421198567756285,0.21029403513399317,1.0336246871852581,2.55036394700681,6.217519466629217,0.8699665518806001,0.707129618310091,1.15701453825753,1.3490886856281352,0.8504242934652286,0.7523258900850526,0.0013050039949665715,1.637982522455375,0.019194608397309184,3538.841716984666,0.09790028189621514,485.5243146038097,3.9324608056552806,1.3225528750027227,0.05645898346197393,0.22322636238676638,0.6522207982350602,0.00782230570106642,0.9489291059317471,0.42701863316882094,-2.1542849109580287,5.787164823002887,7.535104704603999,0.9942493303615424,0.7050435722779402,0.533460084624766,0.018736648056816345,1.6001275481046484e-07,1.7870627618278059
real_0457,1.633069126402154,1.4151116997283586,1.1724064733994268,1.2536462882405721,45.536133868150024,0.5852710735550591,0.2749290978441119,0.6546796468031516,0.4439373180717312,1.117671260174707,0.9574957441561476,0.07214599576717604,14.666671497939257,0.038695721594569625,2.371379987219723e-05,0.03146043407347459,377.5641406478164,1.9515051270807515,1.5085646376007436,0.08559783804982557,0.6096965957311447,4.1427815469278935,0.005081278888529744,1.7208512702629482,0.30722456987390845,2.298374807706292,8.966169170750128,3.2291361396078853,0.35792815472120443,1.2501493419763394,1.776042255842709,0.030692721451396697,7.906918132877334e-06,0.25340026646530867
real_0458,1.1303885958992659,2.1479092646513904,1.921234992419843,1.9747585545299782,19.440893575562587,0.08929300926749908,0.44873251267081854,1.9749909916435884,0.6384352485466809,0.9943752422340802,0.7713884839473558,0.016093480264821595,100.00737064803577,0.013258505665266833,1.4670989145838564,0.0605147258515053,537.0937427573841,6.035952025911156,1.5848843333107205,0.003273308844457931,1.091984456702506,0.6772326693344612,2.3466475678966656,0.7523894847658603,0.17407085158386612,3.886987362101907,1.7143936857309066,3.994664929481419,0.9094709618868363,1.713402703754201,0.22841914542303504,0.0942191858535818,3.4076443873834346e-05,0.10225778813242234
real_0459,0.7659118813906872,2.2726442227211883,0.6675133847482824,1.4163676037580661,9.817512465552422,0.6483632719659409,0.6644106441439035,0.9126457010200032,0.2865553502246577,0.9330753810747523,0.5439121471256221,0.002601469617306752,7.582781976785809,0.031892204360672305,132.20411465722205,0.08456274286547716,446.51140328160903,8.174823615637589,0.3159684304660275,0.015713136795467365,3.064993108556884,0.3199030288372834,0.00521195777057943,0.7806516728079647,0.3152728343720465,2.8704865740592203,5.844411420587025,5.502107619328155,0.5936140885323051,0.7248159541902858,4.434877398867287,0.054667848928810346,7.506616166731601e-07,4.5451421846050994
real_0460,0.6856928834943475,0.699163201586224,0.8958830250596576,2.276627978356945,2.881085000864902,0.10928487136151555,0.3535318852914229,1.233825793176427,1.0145471054026876,0.8372821846153725,0.10923642225133022,0.0017560851944058559,83.85698088181445,0.015017094023428532,0.03894360095778212,0.16704317928257717,611.2361874008377,8.375617901478892,0.4759691290583481,0.14575018861940336,0.19138975817057746,1.1448421212150446,0.27623716889995065,1.1801175861866493,0.2703634886923974,-1.7040138364098207,9.580486575235847,6.9276470364427984,0.48964199533810265,1.7768630632249218,2.3296247097256515,0.38004292962714675,2.0373497864661474e-05,0.3820690901926881
real_0461,0.9336921393797283,1.2065412682125476,0.5869220401598084,0.8999692106372015,0.8705694782000347,0.3401306811094689,0.7557663663532099,1.4596657779163014,0.35854511466057076,1.0572336131796591,0.9102514144076129,0.011740449502324689,0.45208975406808655,0.04046951012412875,0.0021242835197746576,0.0019893482221513617,475.83538067074437,2.1232138077583467,0.659923026070978,0.1768870516177023,2.451119709561685,1.1736018017472076,0.14827641887151177,1.0574587732251282,0.06923901310998289,1.5623269240376993,4.364386529330888,6.0949649153177505,0.9689199958710535,1.3262114668303728,0.1864322763205775,0.08133773100977369,7.813077734968548e-07,6.080009084209129
real_0462,1.11672866714033,0.3220537099308172,1.6840175420278576,2.0995938310549027,0.7166310343857372,0.5519509719918456,0.46065668306654595,1.1528525040958775,3.0331142105755315,1.016068598941869,0.1489667543526928,0.027417941518663502,56.52324316056248,0.03509307125456087,2.9923807802467185e-05,0.10390071810390272,656.4823777360926,1.744671816105376,0.5872775681870241,0.09482849909624619,0.13882296931681182,2.491887516871813,0.2502941787574047,0.975621750647767,0.23834110201522749,-0.30612049265522767,4.867072667612073,0.9567783889991108,0.28590476922861713,1.0510658486103184,2.23090658985339,0.27354481765789995,0.00047471917807732927,1.3619026201894215
real_0463,1.4314774833231798,0.8998589248789189,1.4422372583222625,0.7972035665923287,7.289387389030388,0.6330952042501056,0.31197806557377694,0.5484462076293317,1.1813275796374607,1.1719053691807417,0.30499438847979615,0.021939803561101222,41.67992753363955,0.03467175142148324,0.00023303130487701437,0.009225400314899997,422.7085654116265,4.34543745746267,0.24151563886529218,0.0041393390927522864,0.12007803936188435,0.3122026749198312,0.24268717188500388,1.4099153935340552,0.3580117014764935,-4.342902273044495,6.084516766157921,4.07551824485935,0.6237181402494266,1.0167826551480643,0.11553143253656498,0.03613241719148326,2.3102752230112432e-07,8.859049500176274
real_0464,0.5290467265944815,0.6412911393413773,1.1347097727054025,0.866361244074167,0.8727391213129904,0.5398219096947595,0.2525398831187349,1.1882688336251652,0.3515796762669392,0.8543213801711357,0.7399989552280576,0.05675350482548839,75.85196731969954,0.04253751710032795,1.3413040620619134e-05,0.07755542361628084,1355.9245022765924,7.463783556619328,0.27842702545444586,0.45823779476565935,1.4192361107483067,0.4343610931129304,1.022641097657395,0.837421024365377,0.3354363388994832,2.211309983449299,7.973720217501422,5.263808396296743,0.9994782932320517,1.1322787500877904,0.7857810298480314,0.08687148486569558,0.00014737963447906334,4.975004294171432
real_0465,0.7003122066281751,1.233708757652204,0.5032337735449472,0.5200526452423738,3.134816797810539,0.025397905843087723,0.6762321366969768,0.5439987859091042,0.3336030814488169,0.8043765486932944,0.16954315102153397,0.1071306512433087,26.986034412524788,0.013913540310166565,0.00039775578154400797,0.18024623280246377,562.1097755122998,9.117561397109908,1.4782969395818066,0.007008627917323937,0.32539284939110574,1.7570853876422046,0.0163495311296063,1.840122943498772,0.3240551559212816,3.834687254102022,7.554353218641479,5.022036279727317,0.15641769400896366,1.424821334072419,0.5677164665995333,0.20081761045756405,1.5115789708694879e-07,9.296818044765123
real_0466,0.9656728589060116,1.7320888560347316,1.6259144965593184,2.601159083639852,4.595404294589661,0.8137662775858151,0.12157187609231043,1.1623463514959493,1.8181143698950049,0.9519319024543978,0.5899355761001762,0.5145259703571428,6.668034718320832,0.019538770446581925,2.1805599143226997e-05,0.09919490175474435,378.6192253299374,4.497631380060986,1.8842449384068896,0.0005429976478730341,0.25702399241916624,0.4124345548058052,0.005517534444029998,0.8809336356170453,0.5867901514473722,-0.22169237571717826,3.7401796395006643,5.055209084449308,0.8873378476283775,1.170122234686041,0.10564835572377532,0.1563250657749164,5.434905931541504e-05,1.1480587737097523
real_0467,0.6491211910868925,0.7669378208329288,1.1942690922965111,0.9308406937723822,1.3073437756112969,0.8273918869613144,0.167761604464911,0.6322020668248539,1.3190072271745863,1.1366226731399516,0.9699076825444292,0.001454134532963577,81.04425548686575,0.024757240023633807,5.9338530697647245e-05,0.12267301451131774,1186.290650373853,6.816570116598827,2.529927908750437,0.30483333994554157,0.9375374019428953,2.541072807105762,3.5104748485707744,0.6985571950702598,0.4936808686385666,-4.581026821145646,4.110797367052246,0.11201037413059929,0.6526446879978508,0.6107554089977499,3.3535361144288487,0.011123175343258542,5.540430687168998e-07,3.455691421767548
real_0468,1.4832275673741258,0.2598138949553394,1.760283088937295,2.874337058316893,0.7807339419426326,0.519289457160314,0.5231231537450867,0.8583247280599247,0.9944803675811845,0.8801492820557169,0.7261744568197788,0.8198001090873845,10.426996101842903,0.03093749258542653,5.707468822273347,0.038274065737234415,727.336209905245,7.163328114940951,1.0503848600089565,0.037493140829245444,0.5683390867115905,0.32325109392864915,0.010109753823324906,1.0803845717212401,0.6338033806076749,-0.5484589824025861,3.8211950921239053,1.0904426598447263,0.07614111923457155,0.7083725658175193,0.24490850025798816,0.03420830879732387,5.8866595486273784e-05,1.8232092321581599
real_0469,1.1519960295874836,4.024373320418277,1.2354074596858435,0.7409630425199442,1.3971962123888422,0.18855209247778948,0.9516248923924788,1.171942489460222,0.3926740099819409,1.0547386350588535,0.173438512439033,0.003450695202843579,0.27081942197944103,0.018322590662899766,163.91509706919072,0.19382715615381912,1456.0630646562104,4.979502266387583,3.4275748444741088,0.0014053176135065536,0.5616245759885719,2.053072295206608,9.708341663509003,0.6868838789787954,0.5485952322727552,-2.7060904330703823,1.9846130889112912,5.751287367485109,0.7773220662913425,1.565372697538677,8.747308022360693,0.02151966760576162,9.831221400873867e-05,0.8788591378856239
real_0470,0.5934889121031266,1.82221095835442,0.6740059495315797,1.9661189247814148,0.5151136124508758,0.8102248738245168,0.41535267169635615,1.018408053807958,1.0515488182651214,1.1536826300273113,0.2904170058560321,0.011689776062344927,79.68948782133917,0.029265103752741342,1544.6240900573766,0.12223123379879935,1163.4759139220916,3.42682563755633,1.7935878880303524,0.12991365553355355,0.23218000128062252,1.0990365229847954,0.3649643096690343,0.7156989610409968,0.7062035025026417,-0.42081139362472975,2.1481922191541463,5.9559193479995365,0.25656771152893815,0.7657030615828293,0.18088816436517757,0.06730893671972009,0.00022374176275415377,0.5557888338262783
real_0471,1.3359050071980911,0.5260165149469425,1.9026527877819102,0.7198314478349906,19.92895835994686,0.6000315309432219,0.4241784105799017,0.6377037726470981,1.789533733433734,0.939829635633586,0.2719262811209402,0.05571429583604789,0.30410315928993376,0.023847497069143155,277.0939734680618,0.1885988222770455,720.1530635592941,0.23661911682867967,2.857829421305686,0.005480072955347136,0.4643889723524352,0.21335772340351566,0.3938230412743613,0.6052394424394268,0.01903757730859148,3.8015223897342754,3.2133021335674825,4.711857004424575,0.27965705877357794,0.9208788555601246,2.143839828278211,0.18384622045892565,1.2581053472006034e-05,7.470099825321315
real_0472,1.4710547640522835,0.4824248558869195,0.7468406958040016,0.7427751934410454,4.271326719681112,0.02724593918763689,0.2979387769554736,0.9806717391531311,0.47538418042425246,1.091149634979779,0.8535339922432401,0.0013631440900124501,3.602686668885134,0.02528567165748782,56.32411985122175,0.17014796661934362,948.8233210567006,2.5589645640227614,3.698489228761455,0.42849903266348227,0.10837667267765691,1.1047523976084355,0.08987285586555618,0.9143169152414072,0.9649089218122969,0.6464050225688878,7.600038032900159,2.023765484455884,0.8021467438713358,0.623038095721556,3.0227891238543663,0.264746886713653,1.843598953798113e-07,0.42345016053090784
real_0473,1.5215726083619086,0.377950198710324,0.8027516760096701,2.3726773419037723,8.191423181925229,0.4079915067604322,0.6310213322129499,0.9520827349720733,0.3988728413115272,0.9027267589976498,0.3303484803848125,0.0044483055249428805,2.9958460236157882,0.012661273775702841,141.28698529958152,0.11723237396157736,1146.9387170262821,5.339444425815372,0.61979689262916,0.08124805129960193,0.3344471747124404,2.9454650857099485,0.5971070604926868,1.0891398493773716,0.4623038950509904,1.3939245734788734,4.6696504559881395,1.518424622534733,0.3621260086931184,0.8293899085451187,0.6355581963364408,0.0323012338679873,4.1322529722190404e-07,0.22369093914917537
real_0474,0.5922854605146549,0.39065418697823945,1.1840403645592643,2.515096041488481,23.399975926072635,0.8929851624837993,0.13677791587132307,0.5058396946398703,2.845998674682285,0.9996944477241426,0.8617672617062311,0.0023003983724774607,0.3464802304270191,0.02133790235748077,1213.575388321928,0.03234558770122084,308.236849554266,9.923985569075107,0.2355434663372165,0.11836774787570879,1.2311192488585314,0.8282770702370141,0.1533109248541111,1.3440703596415406,0.06310178603832714,-4.512684559620162,7.267587750191155,5.631923965155176,0.8014439848884414,0.8240887041421843,3.7013916234012036,0.07395287116858719,1.4790468840190237e-06,6.374473831528436
real_0475,0.7848711315454905,0.926351783158182,0.8429453035975508,2.2481092836478456,0.5020824035430099,0.5462418359353312,0.04020291086494272,0.7049282732668419,0.8231715248776672,1.174925535498524,0.18636196646776976,0.6538445481483159,40.64667796565625,0.03281231115445437,1.0931172842273848e-05,0.0956294788848126,1316.4308516763467,2.5760935628402,0.24301339314432774,0.0019345110183203972,0.3153480796236455,3.894925273348511,2.0084946563058748,2.1120756097198203,0.157830388315587,-1.925143957110547,5.062357812346385,6.330923229545827,0.37092466135375357,0.6505510405534266,1.8522137617228709,0.02722234969186101,1.6283638097523633e-07,1.585581109151534
real_0476,0.6577356405893137,2.990100667765565,1.044189139656109,0.9800329015915276,45.420265957819254,0.4499072169169668,0.9015455452039765,0.5955177443622013,0.7791172582226801,1.1814425834002762,0.6209614282583801,0.0011103333695360817,0.3667118428362135,0.014445106298111356,0.010404503041965794,0.08571879028664886,689.8428389630043,5.371150561797288,2.1556161074862423,0.0010798008700932343,0.15087688379720793,2.6433065003472223,0.01152820637190072,2.6117236632688137,0.15327053972647986,4.500001012540549,6.1612646256509915,2.1520407028642685,0.6915326022154233,0.9592681368773471,1.4152324430281322,0.019093335816320285,0.00048453288410699657,0.10321666421076667
real_0477,0.5900213478141972,0.635462463845097,1.121131558446042,2.9101936731716367,26.887513690824914,0.3541707733187021,0.6365383082648881,1.242929391361052,0.26277050190309165,0.972587773884029,0.1184845719800875,0.01868365152704714,177.90132963189143,0.0172205457521283,0.44620233539436294,0.015370241339559346,1168.3030844475206,1.1819409787310446,0.385267010856075,0.01802762053672268,0.24999776324717207,4.014821605852168,3.7539817676289085,1.2242211292143004,0.1897382138839735,4.140292691658814,5.8287671326641854,3.2853907452738107,0.20905903081017221,1.8872525086168603,0.9152839937384767,0.03133608060165882,7.069448400236047e-05,1.8147011142866492
real_0478,0.6028983710729426,0.39590497621866044,0.7752370874578711,1.104415119409142,10.704062301740377,0.621992902309788,0.6630496326259394,0.605092092553645,3.3141536637467777,1.0260550094848047,0.0519183216513524,0.10525938023912167,37.62731688659469,0.021952704598931477,0.038313049784340414,0.004069926298494787,297.8328869303472,4.736838266831208,0.31584712062351106,0.0007567025632714371,4.483907080233012,0.2982286633644138,7.7547472489718645,0.7209552296209287,0.9842975908374302,3.2387287447785678,7.996305686290216,7.376807375215505,0.7841487755547293,1.7498499900090354,0.7748840422130538,0.17567390963284743,9.76815647334921e-07,0.2771431369232492
real_0479,0.5955692219480522,0.816515475033207,1.7656174958164677,0.6695910555260067,11.697312120526558,0.7451444013769404,0.657993852401041,1.268036072861502,2.971999886882046,0.9825216394730127,0.7343183739827029,0.3219372139997662,0.9989742470089104,0.014545503437910308,1.3148537066483867e-06,0.11548125714095568,557.6020942348744,7.388272998780362,3.787895104398654,0.04960516327342528,2.277951995406142,0.14272483265614389,0.8135708284594869,0.8315669138237088,0.30540954173581975,3.29520295852973,9.63818367234677,5.167428940093932,0.9368029040372162,0.9460506664323775,1.2212711245415546,0.13682255606805005,4.822867571202445e-06,6.688759172973143
real_0480,0.8604755354186484,0.22120651709279873,0.5843087588364686,2.306237745007511,4.6864346731622835,0.09612381215648214,0.2348952461229126,1.5226060716136054,3.9590714317924007,0.8358753366110889,0.5865174163319506,0.04826609673730984,3.2498683882282315,0.043087965852269344,1.1290910226532597e-06,0.04733209293782309,853.6298768854372,8.437838788122406,0.6906202133427152,0.1851710415575083,0.15442033565745528,4.43504435604795,0.5263957338118415,2.86354304828767,0.009243213924295524,3.3208019103685906,1.4217902792356814,4.06119640365003,0.14067771831203812,1.517273548335556,2.5123521177382777,0.26363585387328015,0.00036493053447321267,0.33695437534959594
real_0481,1.003705553400728,0.7601645255467032,1.409367755839093,2.4663552775600626,12.4898581574722,0.48900711485400233,0.5251963113871493,0.8834694984020879,1.1042637123058237,1.1342038973216133,0.48063577765734716,0.025016341221113972,3.361721814393429,0.015820029592937233,313.3461027137545,0.003710983693508224,235.33196425496624,6.552848895971075,0.2829459928573985,0.026599168416513292,4.331165363443203,0.2939635429213324,0.04683419993245674,0.775010360748187,0.9781011819659498,1.9269927559374658,2.655978828080797,1.4932689983258491,0.39978235053213135,1.5076934361081753,1.3862413507644438,0.05081975012874376,9.497573494309779e-05,2.9207206756778925
real_0482,1.3330468688973038,2.470552259724609,0.7745215770725469,1.4079703045843128,1.7380339852207103,0.19608381810201922,0.4358426011118024,0.992476850468171,0.7266505770095036,0.9231649931320207,0.5110918594826265,0.002277235055035301,1.2031977666073468,0.03456168620689887,416.03772182961615,0.1638232002216511,1199.3413742407006,4.305988268512509,0.3939558350396508,0.0011515979512219672,1.7767991837041464,0.43695089312799357,0.008403412130284579,1.1721853087695082,0.4693267599758318,4.878984775368023,6.499529453829152,3.274470754279325,0.046589073940067206,0.9557618720708209,2.6408544646710643,0.06238259898702449,2.207463167377949e-06,5.381228762401349
real_0483,1.6695222152136189,0.20191652823223794,1.0709162916583745,0.7773068806515866,12.813727094991135,0.16468690471451053,0.9863895296902745,0.6708608181507978,0.28998439017086813,1.1609721904884296,0.6716640154381394,0.34468835158341055,12.70907364958895,0.011547828084085209,0.0007096586878081091,0.18756758446296243,972.5810772954758,7.707577477728855,0.2800524170546227,0.40587446855558923,1.115151996805474,0.4701178127602919,0.1378799507550084,0.5175806682565912,0.3369021312794484,-0.7179078264996663,3.000266794077707,4.02050414639865,0.656997970336209,1.5571584558774654,0.5926802849437852,0.014194478722880315,9.479291873966326e-07,1.2556360763240102
real_0484,1.272917290583192,2.6587410132545655,0.8119951322430145,0.9042442995509686,5.579796055991012,0.32263524696199786,0.23996909381014264,0.7393028480839582,2.8570255612128848,1.029281891109512,0.22338839958431092,0.9202849751762517,0.2748207052769714,0.02402289263756805,0.11944028189949994,0.05511290250457218,1109.7039213982903,9.658954959684928,0.9168339912068589,0.0005723594719196586,1.5201840413298344,0.11025600827055192,0.00914839530473849,1.0325490327015163,0.03362185602854641,3.6964780601723497,5.420191704749891,0.0034903650539685974,0.19408104188685713,1.2039603824170984,0.30372411982734837,0.012755113051659233,6.982683707333353e-07,3.144140447049029
real_0485,1.3002086617933275,0.6540339151117078,1.8949982123036846,0.5722556062923647,10.950137042274084,0.11742608319195842,0.7182879445375047,1.086113113454739,0.8949549308129541,0.9380088620580528,0.7016828789433293,0.020942697405729193,30.341305315614232,0.041315497500119445,17.722126000796226,0.0687175693993388,200.2278659725897,1.564263877541994,4.796596869310268,0.0012293112814569032,1.31482948925085,0.6445766744216606,0.2779884893443122,1.7700267595944303,0.5622414846744157,-2.067762621616573,4.268525789268698,2.9526100900666767,0.24855881025487764,0.5690610899488692,0.7932448160620912,0.07448002609148462,7.286400698683303e-06,3.9468071162153713
real_0486,1.217127783074307,0.391950762534289,1.0229887952005068,2.9161535847646096,16.966035992023144,0.37835372329038575,0.9951957141877555,1.69422079026917,2.1953784165498176,0.9781279395334299,0.5045848163204002,0.0857011793909955,17.674280879081984,0.02957605363684243,0.006749911086674073,0.19804333451840547,603.3047369770038,6.689993509424386,0.20833512873307908,0.01600780292843152,0.17014266930901775,1.2865200371488534,5.724647375658365,2.757535542838859,0.16843856390234038,3.1495647619587803,4.74812975990217,6.761955244177256,0.142184580578518,0.5125901678229347,5.240470515800053,0.19280935394503773,2.922080546806216e-05,3.358356279386479
real_0487,1.4723403611573451,0.42207753844679374,0.8796607606722491,0.5861437194136926,0.7825185500855226,0.7832074961047149,0.6435548732520338,0.6116228258955791,0.9108403625468376,0.8055427124568187,0.171803444909787,0.0016230259437808388,64.56492131488828,0.013873953585062382,0.0005501802073801307,0.10406006816741885,362.9826406046252,3.5064454266542615,0.22177303526707784,0.007404049778968358,3.1626152759490687,2.416002837293525,5.105684245100063,1.0418452062320909,0.4220267463500426,-1.183799729933455,3.9516617164437893,2.720485890577692,0.33615543514434687,0.6293770059146944,0.523827717083787,0.1850319039280495,3.0695773653749143e-06,0.8686238099756509
real_0488,1.2558940812931787,0.5126909476780034,0.6811527077003271,1.4513505877921535,24.951713185569712,0.3845722911371192,0.7383336662862799,0.5738796245880591,0.4218057221519147,0.8978082808432238,0.8022562758260173,0.37555632249298965,0.9132032769453452,0.013279167244189751,1.2452499081488685e-06,0.16811165404064485,641.0037460686991,0.5171065944768637,0.20570329387005487,0.009268891526029024,0.4289630724989454,0.49593394615046454,0.3547444235791151,1.123101210802155,0.16526123660726028,-4.202401752948121,9.345206100843786,7.404468451675516,0.6152791477841113,1.195695777774932,0.4516007931078359,0.393164176579662,1.614557918593202e-05,0.11137675277800115
real_0489,1.6886463762360726,0.2579789007797357,1.3017436142503631,1.5078113375820497,0.5947798594272841,0.9943732251344983,0.12487938716308809,0.5375718840334264,0.626103637848223,0.8463140480573378,0.9019614962451813,0.3538768608978192,2.6577208996306436,0.0399665674545231,0.20352301613566234,0.09694484671158052,429.2106564165608,8.13339749090891,1.0572042269839148,0.2483776989484086,1.2199402643079278,0.5737520839285629,0.3023012554745876,2.4542164728826497,0.9685894733088978,-0.40430622894459134,8.57464166446944,5.127852213992558,0.18639373967707304,0.6000458832705557,2.175854812376659,0.011270225483178584,7.816515651897166e-05,0.2136720675685382
real_0490,1.2521959013681925,0.7340947453268926,1.2842968006931272,1.9066283806386863,7.5698035585040735,0.4775078769415094,0.035224031985844305,0.7103456735587926,0.8304412560337895,1.1397973252250464,0.3159095900548807,0.044613406658073396,0.690818221300798,0.011133905055468865,0.007747407096531532,0.1311679903383607,842.3696305046562,9.167729654059888,0.7149836276542688,0.0031567410011627732,0.12378438906627413,0.40766520024508557,0.01722211751735289,1.6526747486883009,0.5028193681500904,1.715915382792538,1.9171775975207306,7.972324946861943,0.3337498199668037,0.8093848385648479,3.914119460629161,0.05865902696685961,1.284291995268999e-07,7.0566562480211275
real_0491,1.3938282753715177,0.6727418488952875,0.6977134147736619,0.6203720888314245,30.628680498642783,0.25737271799795824,0.7611689348460633,1.5118503189390942,0.34888091506549684,1.1197576686263493,0.44074150342117935,0.0017240775191956412,36.31304871411793,0.012385536843542232,1.0753823912654568e-06,0.12861645566556193,370.75428993568653,7.929825773038877,4.3807083728410845,0.21391657071599857,0.225819692157791,0.15638829917938446,1.5305420467480602,1.864496971882924,0.6012580633774227,4.407455027653583,2.443973225457978,6.666502316613238,0.26223993718589217,0.6785986428533769,8.855951631981377,0.029025297794490364,4.521895927325363e-07,3.378886500446723
real_0492,1.6382233787947007,0.29967860825809095,1.4383508848295783,1.8796330991972714,3.179795101272561,0.49212105474555995,0.8007927209066882,1.0336697785582785,0.9656729471837792,0.8337565819132459,0.1456924606217064,0.1093711524664228,20.06251246415642,0.014005187933260138,0.02716307933144059,0.053045363909065224,327.0971106301531,1.271651270379866,1.9049146265982226,0.015583528900805636,1.817335648034865,3.848824396654731,0.21428158454299098,0.772832356320395,0.1306850620076587,3.613507723360174,2.5768793763542686,3.479988913440113,0.1570204271828598,1.2432384020186953,6.051273574081981,0.02199704160193889,6.778829312493803e-05,3.899752064138734
real_0493,1.6200541406643323,0.23802646664975355,0.8512774642802038,0.8902711001616953,2.0048599413290438,0.5122975197270907,0.17320179014026968,1.0871824568778115,0.5775368116094147,1.0128650465936384,0.19596521775256542,0.7922520607615625,69.9173698204143,0.02003592237355747,0.0001901305838183566,0.08657384072131663,742.5472518251923,1.820772032094021,0.4264397561611659,0.046358384948681435,0.9594319020388649,0.931014517012862,0.060051738502904184,1.7064693401249402,0.4346867046903328,0.8805586895998907,9.095384801719897,0.9798868018919222,0.5438962630577636,1.493023203481346,1.36057771182803,0.22429824272249177,8.271043595796303e-07,0.5679223722821548
real_0494,0.8986892623299169,0.7554409108142844,0.8042523425208636,1.6109746673649785,2.348388598427773,0.2702492686769279,0.7588565327409966,0.7264318441567233,0.3450945559420097,1.0992928000078732,0.3692496924215443,0.09168396866891612,39.574539220941034,0.020391544299619306,0.00861977226904802,0.16917443019459588,761.7299476405897,1.4713569780394788,0.485999103991801,0.030120963059100867,4.728899891349853,1.6099506147461848,1.0056719429316885,1.5496546626803802,0.37260654784627745,-3.300043729456382,5.278363911412381,4.206534656928332,0.7465710593315344,1.9161484741028385,1.1242169540386548,0.30223687252678627,3.236685288131703e-05,4.005030177267592
real_0495,0.6236318213475276,0.25656631923222045,0.7602382950282305,2.3162936859319694,33.88896204819726,0.8722612443219514,0.4109647354925377,0.5349990435527887,0.5722679325831325,0.8303202311035243,0.48460974635157505,0.1283562735317133,106.31967498394224,0.02540520522660716,0.0003552877095593938,0.04926573433077766,322.09967338700807,3.082082154170575,3.6746469417599843,0.0016270889440271202,3.885745610987194,4.7909622571847645,0.45722877573149984,0.6579938257683554,0.34159060833777666,-4.872130643968469,6.584410226824699,0.6362230036511534,0.8475873343531426,0.5445975375018965,0.18501930204829678,0.22982225738672038,0.0007598289553813136,1.2718357662106983
real_0496,0.5122291907786708,0.5476663480349027,1.7000407804403013,1.2228735321450208,1.496054295164688,0.32015455801639425,0.692991264644107,0.7698786028079506,0.36951793161035057,0.8746137223057475,0.23137703282780683,0.3965900030352597,142.19316945620068,0.04496984962031689,0.00010072297799581178,0.1978462733921611,673.2777007324127,0.420763783691886,1.7131120338044366,0.07156244134098783,0.12211231950489103,2.3456174318502696,0.0061564255040502955,1.5017324037347854,0.7301731296055912,1.7357263737090953,8.490809710992167,0.933270556594869,0.12554758328573343,1.9090107673384316,4.574050312732945,0.3369949824220319,0.0001763392625791109,0.18029651539573416
real_0497,0.682175528999052,1.3658954203346043,1.53744366911285,0.707861022933644,11.29760038945449,0.5245239214934491,0.26199044940436944,0.6438496619913872,0.591935393361275,0.8487148769989223,0.21090334766354088,0.8557290537721879,0.7531576153069414,0.022101136979548994,1.8118443572453556e-06,0.050707360213069354,1157.8534601672313,3.5486351635723077,3.89653794552898,0.2963498874057099,0.10729663802187347,0.16906231947781417,0.13992915333738187,1.5778312615884806,0.39963583175385753,-3.9052610866753756,4.685018189809643,7.9679091298355855,0.6138259435238556,1.2596958042876696,1.0106025808613215,0.01819805212035772,0.0006297451817759813,6.315523964014533
real_0498,1.0818406126820754,0.6863187506387964,1.0298639778392462,0.6080474613124437,12.75075156737435,0.9516319526618148,0.5819250721478764,1.8925593205672173,1.6735036801670111,0.9762982092722207,0.8184458651317008,0.22175144531861357,0.32612145945258303,0.01499425094803473,0.012822832163293791,0.07375285668841812,921.987684018858,6.443658077233185,1.4702793209812848,0.0005806705393695923,2.8910089322616863,2.2308303953977444,1.604448046293722,0.6759597674067512,0.19632969507670847,-4.8105260094640725,5.909820319560599,1.6507724062428442,0.9127127246656992,1.5830810971701363,0.561370047102295,0.2683313850060459,4.1000489613689955e-07,0.2722279005988112
real_0499,0.5839101931855734,0.8002847100160778,1.8869425121755055,1.3230160728468074,32.94174985632315,0.44949827253690144,0.5839866091366823,0.7496805949256315,3.8048620842500727,1.1211160215996716,0.008082228596784166,0.01739776975472791,3.824856766129312,0.026859466499722137,0.011186858285929961,0.06648196248628456,495.5381420340082,9.68117936955143,3.9805715935238712,0.014252574880653254,0.12656380980127505,0.17629140349182343,0.00999558480846422,2.434582765436317,0.6688283951400669,4.966367048941569,9.273982225566774,1.0509475782887288,0.6441354485422063,1.0084078767332558,0.2990768255169654,0.20554414070170304,0.0005171408377953338,2.5719508360432566
