real_name,cn2_m,canmx_m,slsubbsn_m,ov_n_m,surlag,esco,epco,sol_awc_m,sol_k_m,sol_bd_m,ffcb,alpha_bf,gw_delay,gw_revap,gwqmn,rchrg_dp,revapmn,lat_ttime,gw_spyld_m,alpha_bf_d,deepst_m,shallst_m,ch_k2_m,ch_n2_m,alpha_bnk,sftmp,smfmx,smfmn,timp,hru_slp_m,hk_mult,sy,ss,vka_mult
real_0000,0.557908,2.3915,0.643242,1.87402,11.4599,0.306952,0.251087,0.906981,0.307152,0.836794,0.656742,0.0223646,17.4911,0.0104214,24.1489,0.0448909,1075.97,5.78128,1.03823,0.0163968,0.928092,2.07113,0.0884231,1.70239,0.749557,-3.95611,2.3584,1.2327,0.265725,0.506534,0.415891,0.320503,6.95996e-05,8.57989
real_0001,0.824731,1.14615,0.542058,0.857345,1.04954,0.431086,0.393006,0.650369,3.94931,0.808683,0.0296645,0.0372245,4.78626,0.0218828,0.000226991,0.0888559,1262.37,7.20015,0.435247,0.0331863,0.249205,0.167309,0.40123,1.40124,0.57228,-4.83771,8.82403,0.919538,0.401179,0.772207,2.43522,0.190642,2.78275e-06,3.70865
real_0002,1.11871,0.273183,1.41506,0.577907,46.6408,0.0639232,0.560555,0.928598,0.771827,1.152,0.313114,0.00537902,0.502139,0.0410077,8.8781,0.119667,1039.61,4.6818,0.877619,0.00189558,0.517744,0.106044,0.131649,1.29561,0.0508923,2.54762,7.30543,2.53808,0.816576,1.76584,2.40144,0.360645,2.37284e-07,1.98975
real_0003,1.18707,3.31091,1.43705,0.928474,6.89565,0.347139,0.0379109,1.97193,0.887394,0.989539,0.536612,0.229866,92.6406,0.0345149,2.80509,0.181488,276.564,1.59255,0.751309,0.00943776,0.120736,3.08824,1.4963,1.80027,0.75066,-1.13711,1.23586,5.7694,0.0202378,1.9288,0.118665,0.0243,1.3827e-05,0.216816
real_0004,0.728822,0.940567,0.724537,1.4241,40.9081,0.383212,0.710797,1.13783,0.417483,1.08632,0.518663,0.97977,3.95896,0.020044,0.000787927,0.0391585,1113.85,1.13108,2.78515,0.000829857,0.144763,0.386088,0.04944,1.88798,0.744215,-4.72168,2.21014,0.352599,0.349679,0.517447,2.48496,0.012928,0.000527882,0.911615
real_0005,0.732994,0.472413,0.729522,2.34227,29.3635,0.796149,0.886021,0.868122,0.708644,1.02179,0.859782,0.335244,60.2214,0.0179832,2659.77,0.146265,340.957,3.14189,1.2916,0.111313,1.93912,0.329083,2.40003,1.69592,0.718307,-0.496415,9.61479,0.829993,0.204429,1.87806,0.171834,0.045035,1.28235e-06,2.27288
real_0006,1.59524,0.208184,0.737404,2.72019,5.47221,0.442643,0.258875,1.58702,0.292315,1.02848,0.155431,0.0176374,9.04024,0.0251989,0.166774,0.172559,1237.69,7.62977,1.78109,0.0191736,0.828738,3.82987,4.53792,0.71179,0.621268,-3.25788,8.36453,0.406706,0.0673531,0.541256,0.121264,0.327282,5.59421e-06,2.41623
real_0007,1.19217,3.89256,1.80415,1.44836,0.728515,0.310031,0.38542,1.35987,0.992284,0.861557,0.206748,0.415485,0.677231,0.0185447,1036.21,0.136499,225.916,2.35492,0.585368,0.000789954,0.318509,0.302782,0.135701,0.987176,0.102621,3.20288,3.10458,6.83465,0.353104,0.709372,1.50128,0.0749536,0.000608756,3.67027
real_0008,1.24598,0.362998,0.848345,0.724239,3.94655,0.702019,0.417633,1.92306,0.505698,1.00489,0.926473,0.222585,23.5708,0.0306948,0.0003008,0.194549,540.103,5.60203,4.03869,0.000543603,2.56974,1.54745,0.104316,1.61335,0.753959,-3.82396,7.71003,7.81828,0.356062,1.6478,2.69243,0.076345,6.41004e-06,3.06091
real_0009,0.628397,0.224052,0.995205,1.79799,0.710423,0.202885,0.62624,0.705868,0.264792,1.05854,0.192759,0.929211,0.267216,0.0255111,0.159481,0.0281924,613.958,1.89071,0.961172,0.0699658,3.19612,0.183422,2.10944,0.844576,0.66147,-1.85595,6.17851,7.11777,0.0221416,0.535314,2.53735,0.0329753,1.22652e-07,0.195769
real_0010,1.56862,0.288589,1.4292,0.641621,28.9954,0.314514,0.116813,1.87256,2.31774,1.13847,0.711232,0.475366,0.352059,0.0477311,0.000320247,0.0402091,203.057,6.47598,0.207198,0.00152254,0.107238,0.10824,1.45315,0.814261,0.511316,-2.83163,9.40194,5.86674,0.660101,1.08042,1.09408,0.187457,2.93031e-07,2.54248
real_0011,1.04749,0.202785,0.867987,1.55397,23.6334,0.282705,0.880315,0.627525,3.29035,1.18981,0.854753,0.317629,0.926875,0.0248627,0.175792,0.0907402,736.944,8.58244,1.07054,0.00778192,0.127461,0.804259,0.0124148,0.577673,0.842917,4.16885,4.89343,6.7987,0.068967,1.76106,6.3094,0.0600087,4.72358e-06,5.74576
real_0012,0.539554,0.743682,1.07375,0.530741,5.132,0.684976,0.516937,1.5294,1.24241,0.955299,0.202396,0.590832,4.02508,0.0128142,1.55153e-05,0.0192207,271.237,9.45603,0.769194,0.00418858,0.378307,0.287108,3.39451,1.4797,0.303396,2.43676,2.81872,3.45923,0.218147,1.6313,0.729425,0.0411155,3.82656e-06,9.04942
real_0013,0.676854,0.903245,1.77164,1.70127,0.645504,0.549771,0.689248,0.580137,1.11755,0.907063,0.955419,0.0521241,151.009,0.0264505,2.27081,0.0657834,411.078,9.23273,1.60583,0.0465415,0.157361,2.27406,1.14742,0.765073,0.863298,1.01881,2.85667,3.68813,0.48204,0.677314,0.39127,0.0121265,0.000217884,0.112
real_0014,0.990809,0.627493,0.728267,0.696291,2.24272,0.889551,0.854645,1.96328,0.274768,0.984909,0.778948,0.00134077,19.4833,0.04292,3457.2,0.0182592,259.525,4.12632,2.88886,0.0108209,2.90122,0.631892,0.0514596,2.76773,0.205473,-4.98227,2.18658,7.72006,0.0882501,0.606761,4.02956,0.0223217,3.94415e-07,0.158659
real_0015,1.19818,2.04127,1.61577,0.524371,4.40409,0.677603,0.313562,0.724456,1.34921,1.0394,0.107713,0.00358289,0.359751,0.0150792,4.13838e-06,0.138146,253.638,5.75991,0.954535,0.350619,1.96587,1.54269,0.0321353,1.49499,0.820021,-2.21582,5.68945,1.58662,0.449888,0.902091,0.28573,0.018118,5.95268e-06,0.105672
real_0016,0.618868,0.251269,1.36563,0.939732,31.4704,0.691979,0.199029,1.0429,3.18976,0.888876,0.652089,0.516889,57.6349,0.0297296,1.74466e-06,0.0629973,314.189,3.64487,1.30075,0.000533084,3.24258,1.86084,0.200311,1.68518,0.566733,1.75079,5.97409,4.89351,0.634655,1.23035,7.50599,0.0452124,2.55433e-06,0.236782
real_0017,1.57907,0.308536,0.893782,1.46262,2.40596,0.937429,0.966176,1.44445,0.871408,0.917758,0.622383,0.0156368,79.4941,0.0125453,0.241579,0.161039,1476.06,0.66556,0.202205,0.239206,3.43405,0.423964,0.926039,0.610593,0.709807,2.31441,6.65134,5.35651,0.770056,1.18465,9.70353,0.0193454,2.14993e-07,3.0382
real_0018,1.20376,1.76195,1.86756,1.76349,8.00202,0.444306,0.818085,1.00289,0.348256,0.872863,0.647971,0.160247,13.7543,0.0119911,2.0947e-05,0.189634,436.291,5.51604,3.24665,0.00146523,0.807933,1.29537,2.43405,1.51369,0.331351,-2.12573,3.89393,7.99785,0.381724,0.586907,4.20916,0.0345974,1.7905e-06,1.56831
real_0019,0.805845,4.24342,0.627075,0.512755,3.91366,0.500833,0.0588498,1.99025,0.603248,1.03563,0.179707,0.356282,134.516,0.021061,0.000131139,0.0855546,444.511,5.6617,2.40545,0.410465,0.234272,0.915404,1.31003,0.872633,0.0142736,1.1115,1.80996,6.36321,0.375499,0.864279,0.162803,0.0256162,5.76866e-05,0.720214
real_0020,0.606757,0.857953,0.593809,0.590562,35.7213,0.39282,0.731552,1.12337,1.33239,1.01748,0.324569,0.240648,36.7594,0.0434426,0.00014734,0.188212,802.364,4.11181,2.777,0.0250476,0.358661,0.34243,0.0497631,0.626356,0.488566,4.57123,2.77826,3.30854,0.632588,1.53891,3.98088,0.110535,0.0005041,3.66109
real_0021,1.06985,0.579253,0.601338,0.652071,2.44019,0.255432,0.420875,1.14055,1.52445,0.857756,0.470206,0.00490057,0.2461,0.0261864,2011.57,0.0998064,575.585,9.34102,0.891223,0.0272444,0.229291,0.455171,1.85583,1.37998,0.394788,1.14833,5.30203,0.0177931,0.813608,0.792238,0.628106,0.0101854,0.000168525,9.24113
real_0022,0.573142,1.181,0.589287,2.78574,18.2794,0.73563,0.633073,1.6528,0.440937,0.937003,0.838097,0.00152323,17.0373,0.0441226,1386.98,0.0796553,534.463,6.62019,3.53605,0.00626841,0.372589,2.56362,0.0117566,0.559888,0.44718,3.35699,1.00009,0.157654,0.0330059,1.17825,1.68691,0.252896,1.37415e-07,0.226817
real_0023,0.524384,0.93526,1.04242,0.686258,8.93356,0.83431,0.767942,0.670079,0.553145,0.874935,0.462635,0.00525374,4.96145,0.0286821,2354.92,0.107266,301.343,3.67416,0.270213,0.000699637,3.95055,1.65379,0.0663976,2.43826,0.445386,0.783459,2.52113,4.31987,0.322848,0.9727,0.226972,0.0822332,0.000134591,3.0171
real_0024,1.41796,1.315,0.754968,1.85117,1.26927,0.617057,0.592704,1.31828,3.49839,0.852249,0.725191,0.00604488,1.6006,0.0370951,3.79785,0.0946214,1273.59,8.95355,1.6178,0.012953,0.237876,0.609351,0.586385,1.20954,0.0860249,0.335921,8.31736,2.98253,0.233926,0.583805,0.141117,0.123478,1.53178e-06,2.83039
real_0025,1.11092,1.5118,0.546175,2.71274,9.91326,0.96331,0.0886723,1.47377,1.28613,1.00679,0.0874834,0.434897,17.2874,0.0115056,0.0240186,0.0519616,214.93,7.41596,0.272591,0.322253,0.126202,4.51726,0.97667,0.996247,0.571439,4.99775,3.4551,7.65311,0.945765,1.42043,0.234227,0.108858,0.000216513,1.19638
real_0026,1.20443,1.44684,0.990052,2.32717,4.95126,0.498435,0.143332,0.932916,1.75315,1.15897,0.567507,0.0200118,21.3444,0.0116035,0.000136529,0.0598088,1071.27,1.36519,1.34504,0.00127016,0.267918,0.346012,0.232253,1.11623,0.524505,1.5059,7.47577,4.73403,0.782005,1.64255,0.963673,0.212009,5.65685e-06,0.773662
real_0027,0.701426,0.440223,0.821532,1.13941,3.26698,0.197194,0.687487,1.33887,0.675151,1.09568,0.737168,0.0020721,0.278345,0.0109916,1.55418,0.141904,334.693,4.18414,1.19707,0.000768589,2.01584,0.140105,0.712833,2.19525,0.494359,4.38827,5.9221,3.57192,0.462846,1.52352,2.10619,0.261402,0.000140685,0.506983
real_0028,0.66782,0.944687,0.787723,0.510662,13.2239,0.658485,0.106011,1.67263,3.41596,1.03823,0.150264,0.00232677,138.909,0.0283275,11.6471,0.0284654,219.914,1.28415,0.496543,0.0023182,1.55984,0.310755,0.286577,0.821649,0.90893,-2.25199,8.38957,4.499,0.566357,1.27923,0.439508,0.290122,7.19819e-07,0.190407
real_0029,0.851128,0.743926,1.06391,0.828111,18.1762,0.815367,0.579831,1.94645,0.264143,1.1232,0.513278,0.52968,72.3377,0.0411233,0.00129497,0.174183,348.958,8.38305,4.64716,0.000502722,1.38498,1.68943,0.0207853,0.734872,0.88532,-2.42801,1.51251,6.3832,0.149279,0.576227,0.250445,0.16005,0.00043684,1.08093
real_0030,1.37023,0.211589,0.972633,2.88954,5.25381,0.753099,0.706856,1.29187,2.18239,0.801561,0.651124,0.0302217,28.8825,0.0353071,0.00150222,0.140659,1304.48,4.58816,0.362645,0.0275248,2.23508,0.544782,0.196967,1.73174,0.37604,3.72653,9.80556,2.58845,0.686884,1.60324,0.339368,0.0106181,0.00010428,7.88052
real_0031,1.0427,0.266646,0.902276,1.23888,1.94031,0.920209,0.815767,0.806888,0.642621,1.04515,0.730641,0.959084,1.38802,0.0195133,815,0.14816,1006.03,3.6122,2.39158,0.00443186,1.48523,0.168019,0.126532,0.958127,0.879264,-1.33332,5.0904,5.2946,0.702849,0.844034,7.58425,0.227892,4.34628e-07,2.64881
real_0032,1.07957,4.55311,0.962568,1.17591,37.2719,0.57679,0.53982,0.869128,0.509005,0.839081,0.259721,0.0110919,0.490947,0.0103716,3040.51,0.185136,1202.48,8.19549,0.341516,0.00320118,0.537715,4.63068,1.1059,1.58198,0.577239,-2.92134,2.67365,1.79311,0.455773,0.834604,8.3384,0.0169953,4.18126e-06,0.10386
real_0033,1.26373,2.37214,1.69548,1.236,3.81139,0.704359,0.589452,0.663408,0.682072,0.822709,0.81219,0.0289979,24.0259,0.0372224,32.9358,0.0209699,205.765,2.17345,4.85264,0.00870352,4.13856,1.7776,0.759278,0.52822,0.501498,-4.92397,8.71284,0.462288,0.503305,1.56213,1.46011,0.0124915,2.35652e-06,0.210994
real_0034,1.01443,0.413967,1.93689,2.26662,46.7182,0.838931,0.0769698,0.678618,3.20689,0.97335,0.0396462,0.110467,10.1745,0.0241638,466.266,0.123895,320.808,9.79505,0.785536,0.00118979,0.11111,3.55395,0.0315694,1.07346,0.713503,3.56238,6.43755,6.54682,0.558807,1.20689,0.256799,0.0117614,0.000247228,0.749228
real_0035,1.03549,0.80545,1.55779,2.81235,22.2698,0.986521,0.954897,1.56117,2.23816,1.08585,0.775133,0.01597,2.09983,0.0100876,0.00048875,0.19122,938.382,2.32972,0.735403,0.0048471,1.37242,2.30136,0.0248824,0.557518,0.634541,4.01044,1.83367,1.38503,0.35982,0.535985,6.98239,0.138467,1.3157e-05,0.884271
real_0036,0.654754,0.36841,1.01247,2.76737,7.65795,0.594218,0.430186,0.89648,1.44349,0.929246,0.902428,0.00302409,0.81438,0.0107484,1.43097e-05,0.0632539,403.002,1.66641,1.02847,0.00531253,0.625651,1.99027,3.64496,1.19101,0.121777,-4.94141,8.2558,2.49772,0.865588,0.738402,0.515808,0.0150993,6.16644e-07,0.220434
real_0037,0.814813,1.68445,1.25543,0.789305,0.899466,0.760318,0.714042,1.58362,0.268941,0.924211,0.386997,0.0022129,0.644151,0.0103066,2.45658e-05,0.0078339,643.857,5.40642,2.03276,0.0549022,0.102268,0.211255,3.0719,1.9684,0.00286304,3.27266,5.60668,7.21492,0.297875,1.83187,0.174504,0.0168309,2.58044e-06,1.01539
real_0038,0.546797,1.25531,1.06097,0.732027,1.0293,0.764709,0.680672,0.638853,0.450537,1.01503,0.353511,0.00271359,127.802,0.043808,27.763,0.193468,1127,6.67891,1.25589,0.00370266,0.81774,0.336276,0.303236,0.679696,0.449125,-4.69947,5.89138,4.55763,0.828723,1.33966,0.199536,0.0251091,0.000386052,0.460803
real_0039,0.800672,2.53622,0.840361,1.31179,0.55674,0.0763232,0.454582,0.991622,0.766155,0.946108,0.624375,0.0216554,24.9932,0.018575,2.08976,0.134324,452.27,9.87129,3.39756,0.00649551,0.340034,0.514549,0.282666,1.38899,0.85159,4.73675,9.64512,7.70086,0.815611,0.727035,0.128849,0.126971,1.82609e-06,6.09051
real_0040,0.523376,0.572548,1.16997,1.07667,1.46101,0.207054,0.0183444,0.849425,2.20001,0.898614,0.292194,0.0549141,0.573292,0.0193958,0.112252,0.0308323,448.947,2.99743,0.52407,0.101285,0.606724,0.474583,2.04321,0.715468,0.0579174,1.60081,1.7507,0.676828,0.558268,0.803394,0.37303,0.12271,2.38199e-07,0.817032
real_0041,1.43526,0.276223,1.73886,0.503444,24.1094,0.846347,0.181161,0.551049,3.46235,0.856609,0.790379,0.366198,6.24692,0.0379209,9.45096e-05,0.129483,1055.68,7.07952,3.28698,0.0294192,0.644378,0.405077,0.440127,1.13818,0.293798,2.51944,5.36869,4.96773,0.745484,1.15953,1.96538,0.130704,0.000275879,0.161551
real_0042,0.535179,2.80923,1.85539,0.634803,41.4904,0.275632,0.968728,1.10183,0.936759,0.895103,0.993872,0.054183,0.612241,0.010429,38.7773,0.00442533,360.487,2.29137,4.06684,0.110203,0.756477,0.419285,0.321083,0.748579,0.137728,2.81898,6.65826,2.80145,0.927187,1.26379,0.376515,0.0296632,5.42208e-06,0.245562
real_0043,0.577935,1.64505,0.50509,2.08653,14.3114,0.329233,0.187649,0.842457,1.25483,1.1049,0.742215,0.00623715,0.558774,0.0462096,0.000884334,0.128398,1414.79,1.02956,1.00272,0.203878,2.48411,2.57584,0.0620182,0.977412,0.421963,3.62938,5.24614,6.95161,0.408099,1.23395,5.13562,0.30172,4.48152e-05,0.174804
real_0044,1.58296,0.524059,0.779916,1.19724,9.51078,0.346522,0.577014,1.91547,1.09771,0.992194,0.243473,0.00140203,164.129,0.0127611,1166.44,0.000879433,399.391,9.83495,0.245586,0.00084841,0.724528,0.349559,5.54038,0.583712,0.658583,-3.54941,9.88989,2.78017,0.183662,1.43864,3.88536,0.0490251,1.91064e-06,9.9333
real_0045,0.710069,0.84657,1.40464,0.821934,11.5624,0.0723326,0.843149,0.652022,0.374366,1.11233,0.117641,0.0163472,0.286274,0.0199253,1.89599e-06,0.0729568,298.342,9.59504,0.703241,0.00637686,0.212152,0.150725,0.576518,2.68813,0.530472,-1.54474,9.33274,3.73597,0.648833,1.31173,2.72895,0.314985,0.0001268,0.125787
real_0046,0.636768,0.283986,0.758029,0.613344,6.52978,0.375299,0.781027,1.07943,2.69151,0.962343,0.946217,0.00807888,0.979715,0.036338,0.028527,0.0119492,282.714,5.38629,2.19898,0.102466,1.18144,0.206919,0.603802,2.24868,0.118593,4.3034,1.21951,2.38493,0.58806,0.551568,0.255468,0.0885928,1.2518e-07,3.10958
real_0047,0.64622,3.03132,1.60175,0.5148,1.04429,0.138333,0.408446,0.504562,0.697235,0.815236,0.70886,0.49045,4.34353,0.0357496,2.93364,0.101751,267.147,6.24426,3.5092,0.00113867,0.142196,2.30518,0.0454613,0.55579,0.69762,-0.398219,1.88911,6.85995,0.0582557,1.81599,3.25673,0.0108783,2.269e-05,7.30209
real_0048,0.665205,0.289952,0.55399,1.28966,13.5447,0.178148,0.269867,0.685353,1.70059,1.06437,0.870936,0.00100277,0.478926,0.0179339,0.697607,0.137918,469.78,9.03605,0.698513,0.0200731,3.10857,2.15006,0.106075,1.43084,0.432449,-1.98307,7.75719,3.84056,0.665701,0.538328,1.62604,0.0291926,3.69266e-06,0.126883
real_0049,0.910403,1.19159,0.530051,1.20242,20.4073,0.591365,0.686685,1.80564,3.77963,1.00632,0.705457,0.00115517,0.25162,0.0153202,6.78837,0.0723282,278.036,9.54576,0.575286,0.0573324,0.153178,3.36815,0.028977,2.41436,0.829574,4.85826,6.99844,7.27578,0.318242,1.15676,4.06213,0.0260543,0.000362815,6.96446
real_0050,1.01907,0.207855,0.562299,0.677162,3.44641,0.0456135,0.699226,0.628354,1.43297,0.871303,0.457576,0.00465904,0.51821,0.0198426,6.19113e-05,0.0291081,864.797,7.55213,0.507549,0.230116,0.215318,2.40056,3.48783,0.63697,0.534991,1.7611,3.29227,6.87784,0.859481,1.36565,0.529396,0.127522,6.63739e-05,5.07026
real_0051,1.23933,0.534675,1.14198,0.763747,5.85515,0.405563,0.905446,1.61656,0.31913,0.82836,0.40942,0.0121287,0.965832,0.0191306,0.00164525,0.11298,555.817,7.84403,0.32599,0.0627828,0.868999,2.50334,0.181129,0.550741,0.211806,0.598438,3.61598,4.17871,0.624219,0.981024,2.35766,0.089506,6.79076e-06,0.182094
real_0052,1.27397,0.395285,0.519185,1.37245,26.189,0.677027,0.136004,1.02675,2.23102,1.18881,0.576692,0.00632129,1.08314,0.0108658,690.084,0.153661,283.121,3.03684,2.75344,0.00209453,0.282773,0.390396,0.159473,2.46606,0.428433,0.073778,8.86438,3.17272,0.0150863,1.7425,1.76286,0.202334,5.92765e-07,0.987402
real_0053,0.536957,0.271879,0.583457,1.11852,26.5363,0.434605,0.0167499,0.758041,0.284358,0.91412,0.0134858,0.00416315,2.43885,0.0447512,3.99592,0.120589,1067.1,7.69239,0.657758,0.000937391,0.527424,0.165773,6.21732,0.59827,0.793031,-3.87037,7.26259,2.9999,0.919747,1.45382,8.27565,0.0309606,3.26389e-05,0.134394
real_0054,0.970582,3.38555,0.564512,2.11712,4.47288,0.0824086,0.285525,1.82483,0.701901,0.996323,0.674652,0.116909,0.337278,0.0338441,2.79335e-06,0.0615623,265.714,5.09512,2.62399,0.22749,4.85444,0.11905,0.0428069,2.33663,0.569165,-3.46013,7.55183,0.440428,0.0508653,1.69283,0.262864,0.0110232,3.80389e-05,8.69624
real_0055,1.4369,0.346665,0.515464,2.78237,5.71651,0.288781,0.475833,0.602605,2.03973,1.19278,0.477011,0.0356303,7.70755,0.0152819,0.639808,0.189332,316.786,8.70377,0.473435,0.0737306,4.184,2.81905,0.504721,0.89356,0.886633,3.98354,9.97581,1.4284,0.142789,0.787974,3.61682,0.0103774,0.000584508,0.373785
real_0056,0.510644,4.49452,1.84264,1.0691,1.63523,0.186008,0.606002,0.965076,0.291836,1.02079,0.7643,0.0447937,12.2826,0.0375119,0.00111112,0.00278126,236.401,4.26601,1.76755,0.414122,0.173228,0.654127,0.0506767,1.60073,0.362037,-2.75122,3.53159,6.98577,0.276858,1.43718,3.45817,0.257124,3.46577e-05,0.600363
real_0057,1.50141,0.364054,1.28779,0.674297,13.7956,0.0677698,0.514552,0.531338,2.29996,0.84462,0.762036,0.165787,20.4,0.0377891,19.6343,0.173588,943.327,4.43941,0.93494,0.00225652,1.70979,0.877637,3.5902,0.638922,0.475144,2.56307,1.55332,5.9372,0.484665,1.68809,0.189623,0.0303565,1.65386e-06,1.54127
real_0058,1.33005,1.93291,1.49557,1.11267,0.908876,0.776146,0.567834,0.803774,1.13514,1.14708,0.347703,0.0230914,88.2629,0.0232358,0.000643805,0.139877,703.147,7.42301,0.354904,0.02812,2.05475,1.3866,0.845283,1.74476,0.94857,3.3867,3.93122,6.42432,0.839309,0.500619,0.277851,0.0109783,0.000370619,4.36054
real_0059,1.31309,1.37213,0.923133,1.84068,0.818923,0.802567,0.877517,1.12487,0.330636,0.832106,0.660559,0.0177089,5.3531,0.0160701,0.000116775,0.0580435,888.381,4.32497,0.826799,0.00675048,3.9791,0.173436,0.00672839,1.05586,0.352044,-4.5497,9.28621,2.08674,0.330959,1.93876,1.29351,0.181673,2.94314e-06,0.736301
real_0060,0.820333,0.992225,1.03564,1.02358,22.9107,0.655564,0.185121,1.08237,3.35235,1.06803,0.0799753,0.00183695,0.795171,0.0332056,1675.71,0.0221919,428.316,5.1895,1.96758,0.00910501,2.16374,0.122815,0.070967,2.2369,0.996847,-2.4014,1.20704,0.239538,0.341172,0.571973,2.22555,0.338689,2.06175e-07,0.54881
real_0061,1.05323,0.651868,0.709024,2.17442,42.3577,0.588222,0.973056,0.797082,0.596023,1.061,0.98535,0.199334,41.0531,0.0105743,0.366231,0.0069866,209.37,4.01705,0.871144,0.00245614,0.131398,0.152986,0.0845689,1.55429,0.0662479,4.10477,1.60745,7.31409,0.393738,1.05683,0.329933,0.149618,3.61168e-06,0.862921
real_0062,1.01266,1.29506,1.49286,1.13001,36.5603,0.852714,0.071408,0.537267,1.5012,1.00722,0.146216,0.408735,25.1282,0.0275675,0.0764207,0.0484772,397.387,0.827703,0.630441,0.035887,1.67326,0.236515,0.0421301,1.92203,0.945982,0.0585705,2.53908,2.84051,0.608583,1.28975,1.21076,0.091356,5.74333e-05,2.23737
real_0063,0.763157,4.22412,0.581251,0.991091,38.2386,0.946529,0.397625,1.93505,2.29302,1.15422,0.32754,0.0169354,0.990563,0.0193365,0.000611614,0.14091,279.908,4.92085,1.1407,0.0485916,0.147175,3.33981,1.28211,0.70852,0.619787,0.248519,9.4119,4.16804,0.282087,0.931114,0.669901,0.0481908,1.7491e-06,4.9461
real_0064,1.55059,0.282823,0.628083,0.925991,8.30225,0.423756,0.53042,0.582596,0.302753,1.03381,0.707636,0.0898473,3.40057,0.0166792,111.876,0.0238255,246.347,0.021177,4.92327,0.00292325,3.51797,3.87774,0.00936185,2.13181,0.518237,-1.46126,7.37011,7.84298,0.0245001,0.83645,1.93585,0.0924397,3.08497e-07,0.143356
real_0065,1.36057,0.316819,0.618776,2.12281,0.594276,0.996214,0.325046,1.17098,0.396002,1.04998,0.00671033,0.00956565,15.853,0.0122952,2.7526e-06,0.0337013,954.029,8.14134,3.14612,0.0114523,0.578483,0.956828,1.12182,1.9028,0.781497,3.79753,4.90846,7.47712,0.367129,0.557927,1.69507,0.0970651,3.79272e-07,1.44883
real_0066,0.738568,0.550217,0.536276,0.876454,11.8097,0.586864,0.537737,1.33338,2.14211,0.803633,0.443932,0.504815,0.811094,0.0235268,173.658,0.0253716,344.166,2.69973,0.971185,0.00089439,0.112068,1.74052,0.00861001,1.33717,0.631447,-2.36261,5.02532,4.0098,0.053074,1.48182,2.77636,0.077779,0.000188995,0.53072
real_0067,1.12924,1.05726,0.857186,1.16979,3.34918,0.106433,0.281665,1.00026,3.57788,1.1662,0.7844,0.00311712,0.205439,0.0124352,1090.59,0.194923,335.405,0.0607905,1.10656,0.150393,1.40773,3.00044,0.0126287,1.04518,0.646943,3.06972,5.56185,4.40519,0.868373,0.817746,9.60268,0.121863,1.07637e-07,7.3844
real_0068,1.15587,1.10979,1.70457,0.937066,0.734806,0.734213,0.591123,0.528391,0.832926,1.132,0.544807,0.00337662,0.664552,0.0145258,786.177,0.152479,535.875,6.58996,2.3479,0.00753755,4.9157,4.66508,0.168606,1.22778,0.191736,0.367391,5.33022,1.92111,0.931037,1.54144,2.20248,0.0115293,5.83163e-06,0.487827
real_0069,1.09121,0.665886,1.79546,0.543003,3.07707,0.59381,0.644065,1.15045,1.32263,0.901133,0.492978,0.722776,0.689664,0.0251201,773.137,0.188821,1024.86,8.51773,2.21694,0.00811113,0.187383,1.60064,0.0646452,1.92731,0.146924,-1.89346,4.5875,3.92401,0.422563,0.957006,0.666022,0.0603296,4.88731e-05,0.248185
real_0070,0.66229,1.30405,0.725276,1.06503,1.11696,0.912409,0.142635,0.940943,1.04971,1.16271,0.00518427,0.745652,123.583,0.0438197,0.021496,0.179996,639.022,9.00379,0.579024,0.000711707,0.454809,4.37018,0.109033,0.660989,0.747612,3.18495,9.48801,2.48476,0.871953,1.71205,4.906,0.029575,0.000339888,2.47828
real_0071,0.689819,1.12364,0.819574,0.748337,1.05762,0.243504,0.608205,0.507258,0.336837,0.827111,0.307801,0.686048,1.6946,0.0130917,0.267727,0.187903,815.684,8.55437,3.75659,0.00141548,0.799509,2.53048,0.0920115,2.10148,0.244874,-2.32488,8.55996,7.77857,0.0935608,0.716063,0.202267,0.0859469,6.43269e-07,0.577587
real_0072,0.673298,0.356041,0.53985,1.37711,14.6026,0.710505,0.787397,1.75826,1.5898,0.943232,0.382546,0.0151065,0.378424,0.0382377,0.128834,0.101037,218.736,4.61468,3.30789,0.398594,0.410808,2.08714,6.47868,1.9159,0.685447,-0.889605,8.90863,2.75281,0.645863,1.48326,1.26326,0.153231,4.74287e-05,0.331848
real_0073,1.38783,3.25531,1.74989,2.20737,0.686795,0.508569,0.457699,1.05587,0.427997,1.10152,0.800102,0.206795,50.7103,0.0230567,61.415,0.198885,288.387,2.24997,0.35707,0.0760445,0.900851,0.259399,0.0409152,1.59125,0.369881,-3.04126,5.00558,2.23428,0.101996,0.597777,4.92581,0.0161651,2.47663e-06,8.38198
real_0074,0.935928,0.963515,1.63149,0.780344,6.5708,0.824895,0.719569,1.05885,0.344672,0.866278,0.841827,0.0343095,0.421684,0.0274434,29.0474,0.100656,1001.24,0.74033,1.02581,0.157937,3.82558,0.314327,2.28919,2.77764,0.0650144,-3.79126,6.13611,2.292,0.213005,1.11227,2.99144,0.0269095,0.000447257,0.268643
real_0075,0.960051,2.68637,1.21636,1.04216,4.16749,0.144032,0.0912296,0.938904,0.714849,0.892577,0.757235,0.00284492,7.53527,0.0141352,0.0032118,0.0357584,1027.19,3.462,1.98698,0.0104458,0.276558,0.219628,0.0181343,1.43817,0.62509,-2.0076,4.77454,4.52574,0.170622,1.07751,0.147267,0.329783,5.0654e-07,0.27847
real_0076,0.931034,0.293246,1.44727,2.06048,35.0163,0.707757,0.36594,1.91265,2.15729,1.01302,0.526591,0.272571,0.305293,0.0257966,0.005793,0.15198,782.152,8.41335,2.04937,0.0151179,0.285385,0.225879,0.0405049,0.887851,0.311332,-0.212976,7.40596,1.22911,0.739616,1.79389,1.09922,0.0572474,4.54548e-06,1.04579
real_0077,1.04152,1.40575,0.884853,0.540936,5.62962,0.491005,0.387331,1.71914,0.672909,0.944948,0.182577,0.0201117,3.25654,0.0198818,0.000168082,0.0102521,326.367,5.10857,0.996558,0.00121402,0.322916,1.91292,0.562781,1.64758,0.23115,-0.782741,6.45924,5.72611,0.577724,1.03612,1.19856,0.119149,3.98057e-06,0.924018
real_0078,0.963041,0.426805,1.1792,1.79019,21.3777,0.2309,0.51115,1.01179,1.36294,0.926025,0.0767882,0.188571,109.538,0.0142397,0.0979621,0.014828,218.167,5.64935,0.599856,0.139205,0.743408,1.36935,0.0790288,0.786763,0.206944,-0.923643,9.95942,6.64546,0.201665,1.75493,0.126071,0.0221161,4.46974e-06,1.26753
real_0079,1.09757,1.06424,0.713517,1.71229,2.85755,0.139455,0.611674,1.31581,2.6226,0.899943,0.873639,0.00123082,2.296,0.0137031,1.90853e-05,0.103413,964.399,5.29625,0.392451,0.000517345,2.30255,1.18722,0.411806,0.530727,0.917944,-0.295055,2.84049,1.25023,0.570064,1.86724,1.87937,0.0332845,1.01882e-06,0.400153
real_0080,0.795085,0.604481,1.39999,1.38547,10.2778,0.399547,0.736234,1.92458,3.37561,0.967866,0.204005,0.00388859,9.86589,0.0498929,2085.56,0.070984,442.713,5.27059,0.387423,0.0101023,1.82369,0.194221,0.0482872,0.770755,0.522721,4.79566,7.84371,1.60299,0.913864,0.629436,6.09398,0.0126371,2.74599e-05,0.144652
real_0081,0.919435,1.629,1.66495,1.00818,37.0631,0.0130197,0.0944525,1.48213,0.483908,1.0551,0.772145,0.059658,20.5374,0.0165586,0.000153539,0.159196,626.034,8.27599,0.375588,0.023295,1.44964,0.842258,0.247388,0.727152,0.556519,2.9627,9.12011,5.82565,0.434983,0.748153,6.38067,0.129075,6.27328e-05,0.131267
real_0082,1.27025,1.10412,0.785315,0.537295,23.0699,0.388157,0.944256,1.41649,1.12741,0.828625,0.593359,0.00296908,0.662165,0.0151225,3.01922e-05,0.151038,267.453,1.4449,0.606514,0.0403047,0.112614,1.63541,0.0519977,2.62628,0.381387,-4.3792,6.47251,6.56894,0.899579,1.66369,0.858496,0.065103,1.71515e-05,0.129038
real_0083,0.679043,3.74138,1.92909,1.66526,12.1462,0.935096,0.938249,1.77393,1.18902,0.980154,0.388926,0.198134,2.75106,0.0109658,4.1562,0.0201082,243.045,1.60091,0.228638,0.000691143,0.356415,0.316469,0.173234,2.15427,0.724465,-4.17872,4.55982,5.27002,0.953233,0.524758,4.35773,0.0267409,1.96818e-05,0.132971
real_0084,1.00113,1.00278,0.798293,1.01455,0.580826,0.411,0.654129,1.18461,2.10719,1.03461,0.124821,0.00590665,8.65508,0.0471908,1.25788,0.127383,499.279,7.78499,2.98972,0.258387,0.129737,0.726177,0.0556658,0.796693,0.940324,-4.01813,1.40589,0.693265,0.700126,1.96276,4.96703,0.0177719,1.98092e-06,4.17357
real_0085,1.00971,0.793042,1.38173,1.10232,0.841194,0.982355,0.49703,0.701646,2.25478,0.855991,0.980768,0.0754375,1.48067,0.0111924,0.00379531,0.0618595,1090.88,0.461152,1.1665,0.00120331,4.83475,0.680773,0.023763,2.36536,0.256912,-2.4969,2.28239,2.55767,0.0437283,1.39749,3.07608,0.131299,2.56619e-05,0.166992
real_0086,1.34421,0.827509,1.09789,1.00058,2.20127,0.0173206,0.743777,1.05178,0.699553,1.09393,0.283334,0.100191,62.562,0.0181442,0.794992,0.102804,1400.61,5.42445,0.653062,0.00111682,3.31011,3.23673,0.0121348,1.84802,0.0299154,4.65751,8.76076,6.81243,0.0617729,1.08647,2.0048,0.307461,0.000191098,2.58254
real_0087,0.502759,0.782557,1.24417,0.785267,7.88245,0.452713,0.113469,0.815735,0.412528,0.881251,0.163148,0.00113527,3.75082,0.0381114,2263.96,0.158372,1437.89,8.91639,0.215582,0.0601492,1.1641,0.285036,0.100839,1.10892,0.224199,4.35213,4.02519,6.93186,0.41998,1.1993,0.864254,0.0960321,1.03354e-07,0.161171
real_0088,0.547808,1.84988,0.507772,0.650603,9.59653,0.453936,0.657419,0.598902,1.4168,0.932201,0.76849,0.00825038,13.2234,0.0479161,0.00268945,0.171644,511.62,4.07502,0.554113,0.478967,4.47291,1.38255,0.338517,1.57229,0.741896,-0.918169,3.47187,3.58775,0.0899786,0.539977,0.112175,0.146192,0.000181348,0.53526
real_0089,0.682731,0.458465,1.54372,1.72997,2.51108,0.103188,0.543123,1.56365,1.04528,0.840368,0.321236,0.0206077,3.08834,0.0249979,99.1302,0.12557,898.285,5.06895,0.966764,0.1383,0.476164,4.87036,0.0082471,0.923602,0.0277731,-4.33805,1.49767,1.53253,0.272577,0.662495,1.98824,0.0795873,9.67664e-05,0.52129
real_0090,0.516921,1.1629,0.565257,2.98801,24.2875,0.418763,0.824591,0.925771,1.76767,0.987332,0.0260325,0.972264,0.470085,0.0197051,6.24805,0.130363,797.834,0.932219,0.817022,0.000987583,0.542887,0.101668,0.0277175,0.972974,0.527522,-0.973674,8.86969,7.59126,0.369463,0.872772,5.69507,0.334882,3.48981e-07,1.6744
real_0091,1.0955,0.518744,1.165,2.14504,23.8228,0.402376,0.124747,1.81099,0.580624,1.08236,0.475282,0.00154902,3.05271,0.0131743,3.41182,0.155175,559.551,2.5851,1.21079,0.0126156,0.20775,3.14226,0.178446,1.28625,0.880541,2.60546,8.04092,7.06132,0.473976,0.533595,8.40934,0.0588311,7.11761e-07,1.38202
real_0092,1.27884,3.62259,0.554672,2.08077,3.52998,0.0774051,0.0747883,0.79171,0.971809,1.04128,0.275554,0.0204296,4.58959,0.0124939,8.19232,0.0184255,884.143,1.07279,0.299523,0.00460511,2.09564,0.945874,0.0795335,1.04833,0.950708,2.26248,4.18935,0.165308,0.924899,0.685975,2.93538,0.0107905,4.05376e-05,0.416733
real_0093,1.2432,0.476077,0.765462,1.62372,4.77082,0.923153,0.918972,0.780471,1.47416,1.17085,0.565422,0.0192268,11.1696,0.0442491,349.365,0.149346,1047.94,6.49014,0.45575,0.119265,1.85824,0.178664,0.0361093,2.34348,0.955454,-3.42272,1.36258,4.26061,0.523206,1.4065,0.701801,0.0155341,1.40988e-05,0.196586
real_0094,1.50992,2.16655,0.943842,0.593699,1.84058,0.374167,0.399895,1.01579,2.94737,1.16776,0.0980072,0.0695625,0.835734,0.0213819,7.42916e-06,0.162281,669.423,9.2918,0.247573,0.0024069,1.08188,0.428609,0.0379225,1.29856,0.106548,-4.70376,1.03168,1.35513,0.184515,0.757455,1.03445,0.120341,0.000283913,0.28969
real_0095,0.804731,2.01867,1.50116,1.58015,6.69193,0.639902,0.617769,1.66225,0.646553,1.02226,0.847797,0.18171,1.91144,0.0207851,247.974,0.135022,350.673,4.83604,0.297877,0.356291,0.119689,0.300324,4.69554,0.551761,0.874075,-2.30392,7.57183,6.03694,0.500179,0.695524,0.34699,0.058185,1.87316e-06,0.407294
real_0096,1.08449,1.58178,1.82609,0.570407,1.1681,0.0518576,0.22772,0.921706,0.769041,0.979565,0.00340824,0.0103019,0.386807,0.0162344,0.429562,0.0880421,223.587,1.16067,2.24004,0.00793479,0.342078,0.152146,0.115649,0.885273,0.55818,1.06867,7.93635,0.379527,0.923926,1.39278,0.341938,0.0180394,1.76218e-05,3.51551
real_0097,0.735129,4.14919,1.90233,2.42237,29.6575,0.0951388,0.811343,1.67968,1.93522,1.05229,0.0431992,0.0112313,43.6915,0.0302554,1.19947,0.0114467,291.274,4.50128,2.70787,0.436095,0.274552,0.231546,1.34465,0.968289,0.477415,-2.02397,8.78688,4.47755,0.967145,0.84171,1.63691,0.146897,0.000167322,0.135863
real_0098,0.641829,1.98172,1.3846,0.769614,1.40943,0.237469,0.139279,1.32508,1.01869,0.965458,0.932315,0.00347233,8.84221,0.0298429,5.55948e-06,0.149036,1280.68,9.08785,0.265547,0.000599331,0.2578,1.96036,0.0352618,2.38821,0.827121,-0.990388,9.7602,7.69067,0.55117,0.758586,0.494698,0.0112195,9.0057e-07,0.305718
real_0099,1.26639,4.98866,1.53319,0.954533,15.8894,0.115012,0.716573,1.35346,0.803326,0.909671,0.67602,0.00216517,19.1894,0.0239209,2.67062e-05,0.176347,677.924,1.21114,0.219149,0.0729594,4.09722,1.13025,8.13713,2.12118,0.0982766,-3.12603,5.73353,0.704454,0.682686,0.655973,1.15958,0.0174045,2.89425e-05,5.4274
real_0100,0.6372,0.719361,0.686863,1.57906,10.4395,0.486809,0.957461,1.73749,0.541881,0.800714,0.539318,0.0010735,0.218525,0.028107,0.00331212,0.0344928,1421.26,8.61574,0.508854,0.0124759,4.58268,2.36554,0.225858,0.756086,0.456308,4.91057,2.00955,1.90206,0.50287,1.84457,2.66839,0.0938934,1.36734e-06,0.107893
real_0101,0.977915,3.01763,1.84717,1.67473,0.523384,0.573501,0.151103,0.890539,0.30871,0.832674,0.0757579,0.0790715,3.51418,0.0291859,0.136082,0.0651287,581.13,6.95118,0.89634,0.0433691,2.67365,0.340986,2.78622,0.507041,0.114041,-1.14416,3.04212,3.13263,0.770333,1.54666,1.11431,0.0282565,2.07471e-05,5.87767
real_0102,1.21068,0.879001,0.535054,0.684013,1.5305,0.777071,0.789234,1.70495,0.317013,0.901947,0.245864,0.754025,136.084,0.0123553,0.524473,0.197425,835.215,3.41499,0.806921,0.00170391,0.551391,0.174963,0.254792,0.564791,0.763712,0.2922,2.42432,1.70906,0.85688,0.549059,5.17092,0.0578247,6.01606e-07,0.355044
real_0103,0.780601,4.67755,1.41311,0.536318,0.969138,0.728364,0.296469,0.781931,1.14209,0.858276,0.963976,0.0067271,108.687,0.0339528,51.5888,0.123269,292.747,1.79531,0.323133,0.125366,0.860609,0.135026,0.218585,2.54803,0.0442172,-4.41693,8.52108,0.48775,0.210076,1.368,0.159182,0.233715,0.000512438,2.26559
real_0104,1.38147,4.11106,1.11158,0.629573,0.895901,0.517957,0.813654,0.525915,0.657307,1.18787,0.26496,0.0104709,0.208656,0.0355289,0.573612,0.0462213,387.84,4.55038,3.09098,0.00296323,0.2046,3.59753,6.30155,0.778387,0.221422,1.99008,7.42428,5.09095,0.885107,0.620391,0.137861,0.035699,8.92684e-05,0.674881
real_0105,1.04648,0.539496,1.64858,1.99708,0.544413,0.731486,0.863024,0.511578,0.368047,1.16649,0.835531,0.0817998,15.216,0.0279868,0.227154,0.16632,1218.34,8.52968,0.924342,0.047943,0.973048,1.97574,0.128982,1.89014,0.294089,3.95995,8.28765,0.430126,0.328684,0.591214,1.18344,0.197188,0.00063681,0.4976
real_0106,0.915065,1.01298,1.57633,2.74535,7.46902,0.354967,0.953779,1.42732,1.42298,0.956938,0.889205,0.123642,59.2838,0.0255284,1.20667e-05,0.113586,368.457,7.10555,2.9769,0.00467717,1.1913,0.856921,0.043884,2.29028,0.339285,-1.6762,3.17991,6.54344,0.122066,0.903541,0.315033,0.0686236,1.7005e-07,0.357163
real_0107,1.49979,0.607317,1.8316,0.840777,18.5438,0.521189,0.883283,0.809455,0.853108,1.16963,0.690494,0.0139687,82.0989,0.0221608,285.596,0.0556813,225.081,8.88166,4.15272,0.0473666,3.48542,0.132593,2.06438,2.54325,0.06178,-0.146411,9.15833,5.19072,0.202478,1.39911,4.14496,0.196384,0.000345843,4.6392
real_0108,0.528044,0.487336,1.57479,1.4697,2.18041,0.361592,0.287751,1.75104,1.07319,1.00814,0.348851,0.010114,157.499,0.0432708,0.0492593,0.150381,465.46,3.10763,0.829905,0.0523084,3.25384,0.104432,0.0304073,1.36582,0.664599,-1.81905,6.02245,6.63088,0.498829,0.527402,9.51253,0.163437,0.000802577,8.10238
real_0109,1.69307,3.593,0.931583,0.754277,7.44646,0.429282,0.784165,1.39379,1.19982,1.02684,0.497461,0.00204555,4.26632,0.0214771,0.39871,0.039806,532.168,5.92863,2.5733,0.000954478,0.292004,2.13521,0.483362,0.704688,0.279873,-0.181862,4.25032,1.88127,0.618191,1.70752,3.81083,0.0164816,6.17115e-05,1.18513
real_0110,0.773394,3.91972,0.742996,1.048,4.27558,0.3698,0.224335,0.846455,0.321408,0.92738,0.66817,0.372451,1.72677,0.0175506,0.23274,0.172138,346.342,3.38556,0.366135,0.00281813,0.470708,2.11986,5.45131,2.22218,0.440117,1.4158,4.08723,2.26139,0.106351,1.56974,9.90283,0.295506,1.82577e-07,1.13572
real_0111,0.99656,1.35763,1.16056,0.967056,1.15544,0.930624,0.827908,0.689367,2.5659,1.01887,0.64105,0.0145736,86.2937,0.0408393,1915.54,0.118679,231.431,0.526495,0.239541,0.165917,1.94863,0.235828,7.91865,0.66786,0.454831,-0.37453,6.90428,7.21931,0.664019,0.7416,0.130641,0.0733866,1.49049e-07,9.78404
real_0112,1.45329,0.247019,1.2926,1.07319,1.13253,0.960522,0.404873,1.06996,2.79611,0.889866,0.975372,0.00576827,5.5123,0.0260655,3.03478,0.136812,1333.07,5.0109,0.359925,0.00100216,3.37951,0.127075,0.0609326,1.83366,0.560827,-2.8906,1.43723,4.45504,0.874637,0.922845,6.90526,0.106225,0.000157565,1.17644
real_0113,1.6779,0.53765,1.14857,1.10984,35.4283,0.934077,0.794548,0.568461,2.44764,0.876969,0.876733,0.875681,84.716,0.0155534,22.4605,0.095375,635.04,4.98163,0.439988,0.0743258,0.31017,2.61884,2.25249,0.634148,0.379128,0.525148,2.03716,7.67147,0.590874,1.2525,0.143366,0.0434514,6.30946e-06,3.26324
real_0114,1.58353,1.0324,1.2042,0.549649,13.3378,0.554331,0.603432,1.31026,3.74196,1.12557,0.581974,0.187541,0.313033,0.0174663,0.000288977,0.182665,391.249,2.91046,3.4849,0.00856427,4.67138,0.233527,4.34278,2.25381,0.116287,-1.74379,8.12269,7.75249,0.242401,0.644688,1.17829,0.0609016,0.000146008,1.97369
real_0115,1.41321,1.24849,0.512442,1.84529,5.74212,0.200684,0.191207,1.74857,0.281906,1.06552,0.228436,0.203799,33.4707,0.0227178,0.00067141,0.024224,296.3,1.41657,0.975449,0.00313639,0.327261,0.118399,0.00714802,1.58546,0.962994,2.52527,9.43017,2.44239,0.678245,0.873193,0.47021,0.309393,0.000122893,0.44303
real_0116,1.37455,4.71494,1.46697,1.03524,27.7253,0.800605,0.276162,0.661511,0.663218,0.959132,0.100138,0.172013,5.23603,0.020562,5.37535e-05,0.120958,228.737,8.34259,0.517567,0.00382484,0.210851,0.266103,0.0754092,1.6033,0.754864,3.24287,6.11117,4.38632,0.442673,0.558949,3.50191,0.237255,2.42347e-06,0.199783
real_0117,0.832894,0.50427,0.631279,1.47266,10.2229,0.0144238,0.0542967,1.2944,1.87353,1.14437,0.459981,0.0534537,12.5052,0.0121079,15.9623,0.165729,416.839,0.800283,0.835568,0.0120695,0.166732,2.65674,1.22192,0.860057,0.389704,0.70482,1.92769,7.25095,0.135721,0.592386,3.63619,0.144095,1.16442e-06,1.6021
real_0118,0.839929,2.05712,0.675609,0.605769,5.04653,0.187116,0.376474,0.734526,0.79762,1.1525,0.59863,0.0914986,44.2075,0.0458302,4.96083,0.00346517,713.114,1.0981,1.92226,0.00160362,3.6177,0.732711,4.4762,0.999879,0.648627,-2.46306,9.66482,2.62114,0.808816,1.6189,7.66551,0.049551,3.53057e-07,0.948504
real_0119,0.651668,3.47013,0.709791,2.95431,22.0829,0.749865,0.0467234,0.71787,1.5655,1.04789,0.434586,0.870403,9.32303,0.024297,9.52298e-06,0.145481,1324.71,9.19172,1.13098,0.471742,0.640129,0.261163,2.62075,0.718519,0.546786,-0.807058,8.35155,5.6828,0.956498,1.12789,5.42746,0.0288422,0.000105986,0.20221
real_0120,0.656676,3.23308,0.591692,1.20433,14.4565,0.156368,0.407068,0.767622,1.86166,0.863491,0.970202,0.179717,16.608,0.0484453,0.044834,0.0577293,251.23,7.53244,0.640042,0.19788,2.45901,0.257034,0.0591833,1.00676,0.149815,1.08191,4.12682,2.13965,0.886972,1.10655,0.286607,0.216554,9.08169e-06,5.99793
real_0121,1.48141,4.37528,1.62266,1.28253,5.18983,0.858397,0.0871231,0.595095,1.84945,0.887779,0.049993,0.0012674,4.30035,0.0321162,542.005,0.0179634,1059.52,1.77254,0.537025,0.216786,0.284221,0.529457,3.0322,1.95748,0.213419,1.67591,8.98103,3.67246,0.180346,0.733837,1.24136,0.17932,2.0905e-07,3.62044
real_0122,1.07155,2.71972,0.579548,0.689157,3.03195,0.476238,0.30023,1.11113,3.13239,0.992649,0.696902,0.0514333,0.425688,0.0220235,3.58287e-06,0.0781585,295.229,0.364978,0.461901,0.00980381,0.184868,1.57629,0.0242847,0.512163,0.141991,-3.5741,5.6402,1.96089,0.417111,0.967238,4.64105,0.0467021,1.49213e-05,0.570834
real_0123,0.536385,2.93945,1.48213,1.49053,0.956897,0.182525,0.425938,1.02383,1.5677,1.01023,0.467105,0.944094,5.25678,0.0250691,0.000449184,0.175154,248.796,9.96205,4.60465,0.00529429,4.01964,0.160681,0.616804,0.767961,0.43038,-1.31877,8.06408,6.40324,0.520245,0.746093,0.546761,0.0514847,5.11141e-05,0.667947
real_0124,1.44175,2.15233,0.853761,1.70723,3.28387,0.805988,0.349242,1.80077,1.67684,0.998139,0.0592064,0.771008,6.83308,0.023714,0.000487663,0.0700131,610.022,9.33546,0.684275,0.000959403,3.3914,2.04718,0.82074,1.42192,0.039566,1.83656,3.54657,3.44814,0.496522,0.560604,0.293372,0.163843,3.03086e-05,0.346099
real_0125,0.802569,2.32637,0.788262,2.36415,2.0741,0.75462,0.21598,1.49678,1.46576,0.868478,0.425918,0.0656638,4.40483,0.0106587,0.0522614,0.0610047,1369.55,2.43631,0.72849,0.000915191,0.199073,4.60488,0.0400108,2.1797,0.636423,4.08084,4.73329,0.0457078,0.458052,0.985413,0.181982,0.0217556,6.03843e-06,0.133205
real_0126,1.05712,1.74134,0.753479,2.41281,6.21099,0.561637,0.633867,1.32709,0.270294,1.1279,0.915619,0.126595,3.01611,0.0277059,0.000111141,0.0522752,502.208,9.49428,2.08316,0.0206572,2.61206,0.111686,0.0056084,2.51999,0.80788,3.41255,5.76137,5.34077,0.792612,0.798453,3.98118,0.0644798,0.000237399,1.0355
real_0127,1.34354,0.33994,0.716628,2.01221,0.531141,0.711037,0.996439,0.597994,1.22814,1.1144,0.52568,0.678457,6.97824,0.0138391,18.2161,0.0565896,348.552,4.80141,1.11579,0.00509471,0.151995,0.103836,0.0727401,1.62043,0.233137,-3.01531,6.01714,0.975194,0.411477,1.86543,1.33684,0.0502533,8.81989e-07,2.51347
real_0128,0.567385,3.33407,1.12006,0.951973,0.627905,0.761041,0.480223,0.958577,1.9052,0.825399,0.547319,0.120746,7.13597,0.0147678,2.81473e-05,0.0794355,678.537,2.74864,1.54212,0.442265,0.177742,1.47725,0.784789,0.664021,0.703447,3.1239,8.59413,3.93642,0.345654,1.94704,1.89191,0.0236151,1.41493e-07,0.36954
real_0129,0.872135,0.598082,1.96548,1.03335,41.1757,0.565905,0.294167,1.3219,0.621952,1.04839,0.976361,0.0267017,32.0496,0.0314309,1.53736e-05,0.101499,462.476,0.0854627,0.614926,0.000563045,2.0803,0.569664,0.0235264,1.09662,0.202743,-3.39895,9.00536,2.27441,0.786669,1.68308,0.232348,0.076627,2.51199e-07,3.54848
real_0130,0.950143,1.71933,1.35515,0.803077,19.1942,0.238451,0.20837,0.854145,2.35201,0.852949,0.794616,0.00199256,1.03505,0.0148753,0.10552,0.184227,586.156,4.36473,2.46747,0.00147496,0.344361,1.2451,0.8635,2.33369,0.158219,4.66916,6.28086,3.60783,0.363538,0.912617,0.390273,0.0255175,8.57486e-05,0.365293
real_0131,1.28461,1.26353,1.30549,1.34716,2.36113,0.371993,0.206853,0.944524,0.325024,0.981362,0.14235,0.140899,25.7832,0.0168806,1.18926e-05,0.0316942,849.491,2.70557,3.0193,0.0452078,1.0497,0.389106,0.69435,0.627173,0.393657,-3.2606,3.90627,1.75417,0.811485,0.962572,0.113621,0.140596,2.36705e-05,0.608763
real_0132,1.11395,1.77961,0.67929,1.14762,4.68023,0.525012,0.897577,1.64882,1.25861,0.842953,0.935712,0.268302,2.91819,0.049752,1.40055e-06,0.0169842,211.719,3.68795,3.58703,0.20706,2.39186,1.66323,9.64012,0.78399,0.641755,-3.67756,6.40206,7.09281,0.175194,1.09672,0.39724,0.230429,9.65335e-06,0.17126
real_0133,1.47781,1.56781,0.950615,1.32786,10.8125,0.280629,0.503484,1.27474,2.07652,1.11311,0.809308,0.6381,8.26075,0.029406,2.97641e-06,0.0259463,606.124,3.18732,1.08065,0.00131567,0.807634,0.21611,3.16658,1.01753,0.22796,-4.27495,4.43306,3.62054,0.51702,1.85927,0.73115,0.0101244,5.1761e-06,1.30312
real_0134,1.67427,0.33414,0.975422,0.870434,28.7864,0.49558,0.733243,1.4776,1.05796,0.810224,0.0355101,0.0182064,2.8606,0.0494519,3.34456e-06,0.0279505,631.102,6.98728,2.85302,0.00398212,0.171337,2.76055,0.262262,0.566967,0.939356,3.59581,8.8093,4.8157,0.470691,0.68353,0.74135,0.297588,0.000395503,4.05074
real_0135,0.77914,0.38195,1.78871,1.34051,1.25958,0.774237,0.464281,1.03722,1.3819,0.877766,0.793246,0.0580147,50.0951,0.0137818,0.00439562,0.0637287,895.005,7.12436,0.885474,0.00884728,1.49701,2.78712,9.95074,1.24451,0.834646,-0.0342645,4.56645,4.84079,0.0801843,1.22268,0.102061,0.0249525,8.26245e-05,0.691192
real_0136,1.00468,0.454829,0.528288,2.02508,29.1048,0.111505,0.2125,0.564008,0.328646,1.17713,0.115297,0.0283347,2.70123,0.0360865,2.23384e-06,0.00728837,212.634,3.80002,3.07474,0.00709911,2.02179,3.98485,0.0577249,2.55519,0.31662,3.48927,2.2572,7.03684,0.52901,1.03132,2.2577,0.0983696,1.86662e-06,0.474711
real_0137,0.693352,1.38111,1.58309,0.602237,1.69066,0.746725,0.0111469,1.55147,0.606461,0.890631,0.66375,0.00541555,0.39037,0.047537,9.52127e-05,0.0137125,242.349,0.402846,0.564258,0.385269,4.51919,0.18248,0.0265967,2.37703,0.41752,0.114743,7.74994,0.469566,0.566945,0.979293,2.39567,0.0252842,2.88252e-07,1.94526
real_0138,1.56321,0.670268,1.54714,1.82741,3.11505,0.662367,0.989159,1.16724,0.324394,0.880651,0.422685,0.0195993,0.21157,0.0303882,0.000951259,0.0833712,289.957,2.10693,0.347455,0.345498,1.55367,1.79269,0.643828,0.868845,0.51669,-0.868193,1.53112,6.73838,0.123745,0.635592,0.582196,0.111303,2.75779e-07,1.206
real_0139,1.17706,4.5767,0.740423,2.04023,43.939,0.219714,0.0522597,1.58991,0.502527,0.98677,0.393364,0.567933,96.44,0.0180599,0.14149,0.11769,210.569,5.44572,0.343624,0.0889587,0.246757,0.245167,0.0153694,0.591955,0.694393,-0.509404,5.61455,4.75972,0.15241,1.21603,0.271432,0.08309,1.97935e-05,8.78473
real_0140,1.55472,0.554865,0.943234,0.580187,6.1234,0.89758,0.316224,0.681261,2.82395,0.879413,0.689288,0.0247961,18.5602,0.0427657,0.000176603,0.00803,269.956,7.66164,2.41995,0.484064,3.44285,1.16666,0.0261844,0.905046,0.0719339,3.45736,7.64774,7.51599,0.232031,0.807055,2.11819,0.0843421,6.34153e-07,8.54715
real_0141,0.822406,4.04775,1.59411,1.08612,0.537109,0.0550608,0.785045,0.936165,1.57611,1.13789,0.26763,0.169972,0.294362,0.0110705,0.733896,0.0926316,1409.27,7.57362,1.44805,0.00288811,4.22347,2.8469,0.0108952,2.06295,0.883081,3.85105,1.30086,7.18839,0.397417,1.80853,3.417,0.0131777,2.66337e-05,0.101311
real_0142,0.799524,0.461572,1.02128,1.15774,3.23923,0.0669055,0.816518,1.20023,2.12666,0.853627,0.960246,0.0268495,23.0343,0.0170865,0.0411404,0.183772,459.458,8.74603,0.81981,0.0018235,0.104918,0.812615,0.0136785,0.819071,0.783611,0.862507,9.20956,1.13519,0.749457,0.570588,0.440649,0.0692425,0.000112731,5.69567
real_0143,0.743803,3.52666,1.04728,1.52461,12.3506,0.438151,0.882076,0.982508,0.353423,1.15068,0.755392,0.00768258,24.2039,0.0383456,117.488,0.110272,226.967,2.44727,3.18917,0.00429093,0.288915,0.136043,0.293357,1.18947,0.342218,0.153901,5.14709,2.176,0.259926,1.13377,1.00408,0.397848,2.19551e-07,2.43178
real_0144,0.741893,0.51694,1.00247,1.08345,0.987015,0.652091,0.271716,1.34865,0.688573,1.15566,0.515759,0.00655738,1.53259,0.0234077,7.03553e-06,0.0741862,976.127,8.45882,2.18377,0.0432374,0.18088,0.209737,0.152724,2.27177,0.262779,-2.35678,1.27496,4.11008,0.351499,0.673321,7.81384,0.0156243,3.4177e-06,3.19998
real_0145,0.77823,2.42547,1.22362,1.02476,9.08305,0.222164,0.5968,0.550532,1.07852,1.09776,0.521717,0.0329853,15.4651,0.0122081,0.00709629,0.19232,1244.16,2.21566,0.37745,0.00224449,1.75558,3.45453,0.359517,1.38831,0.176456,-1.21527,7.08146,7.60389,0.988835,0.971886,2.27319,0.0273067,2.72829e-06,0.91406
real_0146,0.716928,0.268947,1.82195,2.58376,31.8391,0.68641,0.587421,1.10212,0.718239,1.13091,0.953164,0.00384124,0.264209,0.0113817,3.35574,0.0763656,600.699,2.06448,0.285543,0.0363023,0.367368,0.26453,8.94053,2.31103,0.101839,-1.63794,7.42612,2.41368,0.757853,1.89924,1.65342,0.340632,0.000566692,0.622135
real_0147,0.571143,2.63695,0.605783,0.56613,36.4234,0.46573,0.467467,1.06419,0.462073,1.10085,0.0454038,0.00109249,2.88723,0.0466615,1.70997e-05,0.0414905,603.821,0.645825,2.28712,0.0424512,0.956419,0.164269,0.380212,1.26416,0.0377582,-2.04741,5.22343,3.64175,0.177181,0.905815,0.145334,0.142418,0.000319198,0.121173
real_0148,0.922059,3.65965,0.502244,1.23001,1.08528,0.562796,0.413691,1.22693,1.63119,0.867683,0.552632,0.0780527,132.078,0.0257628,0.000515456,0.131932,224.033,3.7396,0.550318,0.00103157,2.40692,3.41098,8.69705,0.731755,0.723099,1.21099,5.29485,0.608888,0.822134,0.594045,0.151778,0.0127703,8.4601e-05,0.156333
real_0149,1.36598,0.769783,0.614338,1.48359,1.34372,0.0879004,0.501936,1.43597,2.99774,0.841403,0.884976,0.0379225,6.54139,0.017719,0.00512561,0.127033,1391.77,3.78103,0.884486,0.0140427,2.64852,0.666371,0.0190343,2.48364,0.672824,4.93518,9.46619,4.98183,0.95049,1.38532,0.553041,0.0654498,2.24194e-06,4.44066
real_0150,0.941482,0.264287,0.733105,1.21432,1.6657,0.915752,0.544926,0.7863,1.39869,1.12447,0.328344,0.0180998,30.1859,0.0176177,1.67639,0.135971,930.849,6.91533,1.84399,0.173783,0.531957,2.96723,0.884138,2.45941,0.267105,-3.09916,4.30191,2.81942,0.605815,1.27271,5.87758,0.0392034,0.000271491,0.152024
real_0151,0.709316,4.3537,1.78042,2.37697,14.6809,0.0334487,0.696311,0.666304,1.8233,0.896129,0.252662,0.00437532,28.6426,0.010613,1796.2,0.0937107,792.454,6.50176,3.82708,0.00219925,0.109041,0.24591,7.19281,1.33278,0.84691,2.06604,4.97784,1.07103,0.861649,0.916153,0.220088,0.0317829,1.7821e-05,0.122176
real_0152,0.938171,3.11173,0.906806,2.90089,2.90724,0.435793,0.548905,1.23473,0.44799,0.916765,0.649008,0.132181,1.7794,0.0114249,0.00273904,0.00906956,440.706,8.21732,0.245788,0.00217848,0.638197,4.46628,8.80234,0.597434,0.0162448,4.3335,2.76185,4.79959,0.527657,0.55301,9.35434,0.10182,1.39978e-06,0.483825
real_0153,0.538319,1.81345,0.814892,1.35411,27.77,0.182121,0.491284,0.564988,0.332542,1.04907,0.615925,0.00117887,51.0711,0.028784,0.0431913,0.157215,1425.12,2.52245,4.42725,0.0168397,2.71811,0.396631,0.371985,2.52992,0.0122753,-2.95991,1.86747,7.89177,0.366004,0.508268,0.707333,0.0139792,5.31741e-06,1.22042
real_0154,0.720355,2.97033,1.5908,2.18519,0.881701,0.881781,0.844186,1.76669,0.650529,1.09996,0.197019,0.0607028,90.0633,0.0329903,1.1442,0.0216249,216.139,7.95608,1.15031,0.0398313,0.129057,0.162971,1.64881,1.62665,0.309302,-4.4483,4.31479,1.55017,0.23645,1.98371,0.753896,0.177497,4.95833e-06,0.639678
real_0155,0.563649,1.694,1.01628,1.57314,40.1296,0.854978,0.961543,0.722404,0.631749,0.95449,0.843915,0.619179,2.28332,0.0262973,3.80154e-06,0.0232449,458.331,1.7111,0.468754,0.0135089,0.353343,0.356443,4.32494,2.29847,0.889525,1.89167,5.67985,4.64386,0.562939,1.3532,0.48553,0.322034,1.82729e-05,1.05037
real_0156,1.22769,1.22586,1.57134,2.96043,0.80511,0.875818,0.0682623,0.6246,1.98175,0.959851,0.29669,0.162322,172.895,0.0155383,8.11002e-05,0.178531,1140.87,8.83268,2.14946,0.0151781,0.160092,4.73895,9.35332,1.4542,0.436876,1.52688,3.13779,1.03588,0.970789,0.749834,2.86702,0.0134105,0.000232039,0.799215
real_0157,0.626009,1.57212,1.34663,1.3986,8.77639,0.886313,0.0264303,0.861115,0.808762,1.07709,0.639332,0.00579726,8.42075,0.0113286,7.06803,0.0126604,380.962,0.698566,4.35638,0.128077,0.186069,1.45038,0.739097,0.760637,0.218284,-2.962,5.47992,4.12723,0.391007,0.618625,2.90612,0.0951192,2.97278e-05,0.328086
real_0158,1.63884,0.374887,1.81328,0.787273,3.19732,0.136169,0.806388,1.55759,0.810988,0.847204,0.159567,0.135249,14.7747,0.0177796,57.5594,0.154476,255.173,6.5386,1.72355,0.000523958,1.92463,0.201369,0.149311,0.920836,0.284624,-4.19349,9.90438,3.77665,0.99145,0.54518,4.75923,0.0985704,8.7181e-05,0.130292
real_0159,1.13894,2.31165,1.0814,0.568478,2.59208,0.484754,0.321516,1.02013,0.40439,0.958163,0.636063,0.00318977,51.5899,0.0140371,262.298,0.196596,1047.02,4.76012,0.296067,0.00134538,2.98221,0.113174,3.14606,1.78171,0.854715,-4.31114,1.08384,7.23883,0.344089,1.14899,0.151119,0.0162977,0.000161269,0.347234
real_0160,0.723792,0.307488,1.12918,1.30513,11.4459,0.717396,0.932337,1.40387,2.26624,0.937395,0.718012,0.067212,1.7575,0.020577,1.81648,0.0822122,750.554,6.01292,3.44624,0.374413,0.662571,1.39792,0.532726,1.25919,0.58411,2.0562,7.87233,1.57026,0.513946,1.37591,0.721989,0.111673,0.000554059,0.140874
real_0161,0.533744,4.26022,0.688171,2.82726,2.22568,0.568358,0.825811,1.17446,0.276778,1.00097,0.941768,0.0764673,21.2292,0.0157511,1.38343e-05,0.0586984,363.576,2.39326,2.71659,0.000837357,0.2615,1.86931,0.00572998,0.800428,0.370047,-2.5549,2.98308,3.33611,0.0399232,1.67308,0.158307,0.386546,3.70978e-05,0.292146
real_0162,1.32373,0.49126,0.967548,1.05564,0.764178,0.133408,0.103278,1.87115,1.38839,0.864903,0.414291,0.00757567,6.03633,0.0322997,0.000334185,0.0754694,432.311,2.4183,1.04143,0.0685739,1.87963,0.122378,0.170967,0.523546,0.839038,1.16694,2.95911,0.108035,0.59865,1.3439,1.29861,0.0467374,6.54176e-05,9.4232
real_0163,0.719323,0.429162,0.611406,0.847614,2.00202,0.953711,0.336048,1.23955,2.74785,0.83925,0.6047,0.00901689,1.16718,0.0163575,0.00125221,0.0421332,1382.01,4.62299,0.907537,0.0132786,0.680517,0.482591,7.15008,0.513155,0.507325,-0.276877,5.39549,6.52607,0.491433,0.501414,0.193199,0.0732272,0.000315216,1.14951
real_0164,0.761693,0.217006,1.34481,0.997587,19.0382,0.606741,0.802642,0.570725,0.459372,0.994163,0.939137,0.0014183,5.56663,0.0120764,327.808,0.157116,1337.71,2.36019,1.43934,0.13576,1.20298,1.31622,1.62759,1.26704,0.639063,-1.97865,2.60015,5.40657,0.603105,1.42823,1.5712,0.0118143,3.72763e-07,3.183
real_0165,0.915315,2.96275,1.26326,2.64307,2.2886,0.741069,0.232632,1.64643,0.959826,0.884677,0.356886,0.0106628,0.734729,0.0330746,9.54135e-06,0.144643,935.11,4.23537,0.263887,0.380883,0.168149,3.66154,0.794756,1.75931,0.738226,4.59337,8.74473,1.27538,0.0714753,1.01554,0.221598,0.0684896,3.29816e-06,1.77624
real_0166,1.58982,0.909281,1.7199,1.09237,14.8436,0.0559018,0.566149,1.79226,1.26639,1.02478,0.334577,0.989048,2.37604,0.0229292,4.24601,0.0758987,817.627,6.60031,2.63548,0.03249,0.931379,1.49505,1.77445,2.17213,0.629314,-1.48335,9.11107,4.7019,0.594816,0.857493,0.42273,0.0240426,5.26404e-07,0.66422
real_0167,0.912424,0.509879,0.695186,1.14156,29.9069,0.173516,0.0900327,0.560218,2.45642,0.98553,0.161539,0.234073,1.37199,0.0225853,0.187151,0.114342,311.247,7.64582,1.17556,0.0795013,0.717439,0.116988,0.0349035,2.08223,0.756127,2.73517,1.26165,2.96663,0.30879,0.814145,0.982269,0.0134939,1.73053e-06,5.83716
real_0168,1.61082,0.584877,1.36076,1.33569,9.26691,0.982174,0.0240547,0.686057,0.37634,1.06003,0.830137,0.39567,12.1399,0.0196518,1488.87,0.080129,265.079,5.56597,0.274662,0.0183776,0.33806,1.63196,0.123889,0.877476,0.0592255,-1.86664,7.35245,7.54209,0.963805,0.608176,0.750155,0.347417,0.000354357,6.19827
real_0169,1.53461,0.29802,1.94514,0.658802,15.9103,0.533477,0.110504,0.542995,1.29836,0.899537,0.336286,0.0127926,4.64843,0.0189786,0.0312825,0.137564,204.684,6.89864,2.82781,0.147045,0.7668,4.50291,7.64687,2.09458,0.0796026,0.577517,2.08437,5.22443,0.806402,0.768518,5.09133,0.0137891,0.000783053,0.75223
real_0170,1.61481,3.7908,1.22932,2.74161,39.3538,0.7995,0.467141,0.572465,0.29494,1.14623,0.90564,0.143928,0.435107,0.016582,0.888991,0.0478502,1233.8,5.63815,0.534377,0.0021446,0.698386,0.612323,1.18612,1.74984,0.533018,-2.60546,5.17069,1.21329,0.580364,1.85449,4.72123,0.0209243,0.000207698,5.7925
real_0171,1.00817,0.372953,1.12444,2.28642,5.28704,0.529572,0.0371179,1.48595,0.548577,0.821814,0.582732,0.0833586,129.306,0.0187476,0.171242,0.192717,779.822,6.92597,0.681048,0.267233,0.312297,4.92608,0.164669,1.39595,0.650947,-1.03603,3.22079,2.85333,0.729276,1.65895,0.368001,0.0716383,3.49567e-06,2.0178
real_0172,1.22196,0.286417,0.600393,0.959411,2.2969,0.463918,0.473406,1.63273,1.74672,0.831426,0.473109,0.0460802,54.072,0.0384045,0.000439917,0.0510938,234.673,5.90664,0.531518,0.0219413,0.736056,0.708187,0.454345,1.52011,0.208239,2.7431,3.25298,4.48764,0.797263,0.711387,0.90126,0.191667,6.70645e-07,9.48187
real_0173,0.732088,0.974326,1.64031,0.79967,45.9676,0.942893,0.625469,0.614012,0.398246,1.19863,0.823035,0.00183267,161.498,0.0109002,2700.61,0.132336,647.503,3.94122,0.27743,0.00961909,0.840833,0.973002,4.92915,1.99305,0.643271,-0.567529,5.70326,1.93814,0.0495231,0.691796,0.101418,0.0116133,1.00488e-05,0.658231
real_0174,1.03131,0.563046,0.922407,1.05095,10.5919,0.140698,0.569839,1.86246,1.62506,0.916145,0.227639,0.295736,2.61222,0.0418936,1.30341e-06,0.0404991,293.652,6.64499,2.45118,0.0012891,1.35622,2.32975,1.95572,0.62403,0.269385,-0.728114,3.95466,6.30106,0.0120538,1.78146,0.229207,0.130007,0.000822142,0.455626
real_0175,1.53899,3.40794,0.604507,0.984424,8.98403,0.334009,0.573401,0.501493,0.86895,1.1077,0.848029,0.0429471,11.2949,0.0388121,2.09219e-06,0.0912963,231.013,1.14573,0.85475,0.0924199,0.676718,4.21089,0.202678,2.68453,0.765938,3.74442,7.5296,0.757519,0.540957,0.993549,6.57663,0.132791,1.36339e-05,4.37871
real_0176,1.45589,0.353257,1.10204,1.09746,45.0082,0.789097,0.222074,0.81155,2.49615,0.870331,0.479144,0.00150057,0.744176,0.0163016,965.747,0.0215275,1119.77,0.282377,0.611376,0.000651491,1.20435,0.773672,2.49423,0.533036,0.0815657,4.77714,8.42968,0.907252,0.77826,1.04139,0.10977,0.125661,3.32087e-05,0.5906
real_0177,1.68238,0.281234,0.665226,1.75819,0.974784,0.576039,0.532401,0.60688,1.0347,0.990273,0.287848,0.0021137,86.7745,0.0245846,0.0664697,0.156408,325.675,9.25753,3.06364,0.0117132,0.396995,0.187621,0.0990756,0.695278,0.161559,-3.40007,7.45352,2.51821,0.680018,1.31986,1.94565,0.317057,3.04407e-07,1.06214
real_0178,0.518506,0.348422,0.90257,1.69111,0.6766,0.53187,0.85904,0.693298,0.949395,1.07504,0.016309,0.00917083,2.45559,0.0137472,8.50666e-05,0.18049,995.598,1.86273,0.931146,0.0315698,0.563623,2.25425,0.0146713,1.97628,0.581252,-0.352845,2.45924,1.9817,0.83406,1.45411,0.106241,0.0100061,0.000120439,2.12423
real_0179,1.52827,0.328843,1.77694,2.43464,1.60951,0.198331,0.1023,1.64083,0.783378,0.80938,0.40213,0.0153188,5.88987,0.0239352,2.32906,0.102479,401.356,6.8767,1.33973,0.00475084,0.445592,1.52378,0.00651078,0.81284,0.54017,-3.97235,8.4567,7.13523,0.676095,0.780814,0.121772,0.135356,0.000290339,7.79833
real_0180,0.96834,0.335521,1.68734,2.63069,19.6327,0.479889,0.945045,0.798864,1.02547,0.965689,0.030575,0.00240906,1.15239,0.0169135,12.3778,0.157699,385.678,7.86381,1.48273,0.1431,3.20576,0.796135,7.27763,2.72959,0.891224,-2.527,8.33992,4.03722,0.386038,0.59664,1.59668,0.0811103,1.42846e-06,4.14126
real_0181,0.792967,1.95453,0.655108,2.18894,0.518614,0.516744,0.363805,1.1473,0.295807,0.886474,0.951783,0.0293707,1.04596,0.028971,4.7577e-05,0.136279,248.601,3.9085,1.28038,0.0195677,3.90555,1.51027,0.0144271,2.93997,0.484743,0.768616,4.94266,2.10445,0.714507,1.38957,1.74098,0.312934,1.69729e-06,3.57314
real_0182,0.770394,0.530782,1.13238,2.59134,8.56476,0.446562,0.0694874,0.667881,2.09988,0.968852,0.69492,0.00711113,0.487608,0.0332758,0.000281614,0.194074,1482.85,7.91355,0.50344,0.0542887,0.369456,1.41703,1.42939,2.56928,0.786764,0.511974,8.15046,0.722486,0.313996,1.44872,0.203602,0.0384192,0.000293466,0.699623
real_0183,0.755349,1.23786,0.706146,0.715775,26.3941,0.317517,0.666275,1.4925,1.6555,1.01826,0.355637,0.133461,9.97345,0.0492136,0.000381445,0.187067,222.844,4.95132,4.89301,0.0334221,1.6084,4.83805,0.0174358,0.683141,0.823875,3.09927,5.96109,1.86206,0.72841,0.64744,0.240834,0.364376,8.0039e-05,0.110581
real_0184,0.890137,0.205363,0.692521,0.920287,8.54056,0.301334,0.819928,1.78858,0.273882,1.0833,0.248149,0.013766,14.3389,0.0361258,0.0195604,0.133289,492.432,6.74052,2.93097,0.362521,1.8834,1.35004,0.958587,1.95891,0.0855395,1.22537,6.31701,3.07339,0.17996,1.17629,2.04183,0.142358,0.000198919,0.469422
real_0185,0.532487,2.87293,1.10162,2.7038,6.05079,0.965936,0.383833,0.714288,3.15629,0.824344,0.240409,0.0126182,8.04101,0.0401917,0.0189317,0.164836,338.656,5.55697,4.57936,0.00102147,2.3437,0.129303,0.00960598,1.45541,0.415384,-1.00988,6.12157,1.7233,0.654468,0.899005,0.133329,0.055127,1.67079e-07,0.625806
real_0186,0.544184,0.447744,1.95529,0.839419,24.5168,0.877735,0.575165,1.5799,2.70583,1.09268,0.887493,0.470191,56.9609,0.0102061,5.16953e-06,0.127886,1126.19,3.89811,0.234744,0.0212658,1.13325,0.2414,8.45431,1.73836,0.0929897,-1.50622,9.68991,3.96671,0.983691,1.40418,3.54074,0.0124314,3.15228e-05,0.473992
real_0187,0.565793,0.262892,0.500483,1.60607,1.90482,0.556736,0.134481,0.910945,0.544672,0.908772,0.225107,0.765971,1.69029,0.0340947,14.542,0.0362815,319.552,7.28409,0.220697,0.00154962,0.790763,1.56405,1.29832,2.49776,0.00131714,-1.40494,9.30112,3.71004,0.893626,0.890393,7.17637,0.0257498,4.6248e-07,0.431027
real_0188,0.610111,2.112,1.20949,1.43782,1.23208,0.966648,0.791223,0.772311,1.73302,1.13489,0.720005,0.901878,1.817,0.0418502,6.96418e-05,0.198484,693.751,7.36424,3.79138,0.00998898,1.58835,1.52161,0.0678343,0.744671,0.8489,2.94406,6.9918,7.64305,0.230456,1.05271,0.114466,0.108202,0.000116049,0.432604
real_0189,0.690879,1.5937,0.862064,1.15292,0.84446,0.101954,0.247816,1.52802,1.2048,0.944218,0.175014,0.0212758,0.524411,0.0293573,64.029,0.0267644,201.487,9.51626,1.2708,0.0666636,0.235896,0.661448,0.0451004,0.867497,0.794591,-3.51431,8.92883,0.0843768,0.100421,0.516553,1.08116,0.174708,1.16972e-07,1.55186
real_0190,0.659665,1.52686,1.35178,0.729116,3.57726,0.682914,0.921294,1.79869,3.82546,0.912213,0.568803,0.0976435,4.89187,0.0140921,3.03607e-06,0.104418,597.993,6.20847,0.287269,0.168677,0.484796,0.307246,0.0202065,0.852014,0.217948,2.59777,2.60658,3.56254,0.164481,1.21416,3.14083,0.0148576,4.19559e-05,4.21349
real_0191,0.672088,1.49066,1.32479,0.645955,0.539721,0.605161,0.292971,1.00927,0.743618,1.19599,0.687546,0.207131,0.202582,0.0443927,1.66405e-05,0.0434301,1038.62,7.48297,0.44773,0.0618704,0.361219,0.583622,0.0214287,2.14705,0.898421,2.84608,5.80544,5.51118,0.823868,1.94111,0.166483,0.0570388,2.22035e-07,0.248946
real_0192,0.627057,3.67284,0.771157,0.776933,0.99794,0.69716,0.343528,1.45064,0.407532,0.894429,0.129011,0.00859918,15.111,0.0363847,0.000175956,0.0714072,481.959,2.05692,1.56968,0.00557606,0.280274,0.714224,0.0466199,2.73547,0.13368,-3.21843,3.99088,1.1101,0.663111,1.82081,0.206777,0.0667106,2.72659e-07,4.75785
real_0193,1.12169,0.411162,1.51336,0.873517,2.57575,0.939613,0.0805208,0.659568,0.533513,0.838208,0.62929,0.00276464,19.7128,0.0174309,447.067,0.043103,806.34,7.0992,4.68285,0.0166181,0.197137,0.326358,0.0102903,1.65644,0.700007,4.07933,9.74555,2.87222,0.723303,1.00749,1.4919,0.213344,1.15877e-06,0.410579
real_0194,1.14142,0.38385,1.2802,0.721649,6.38479,0.831927,0.863918,0.858946,0.384714,1.14496,0.965732,0.00158244,15.5735,0.0201079,1.67873e-06,0.114903,233.575,4.20223,1.6415,0.0136057,0.304724,1.95305,1.01089,1.16176,0.921617,-3.49453,5.64405,4.58285,0.152585,1.28667,0.617401,0.043923,2.5681e-07,5.95388
real_0195,1.66572,2.08401,0.634426,1.56594,16.9223,0.166941,0.439902,1.37822,1.5224,0.910381,0.486047,0.00699696,104.749,0.0455936,0.000932179,0.07884,925.13,0.200514,1.87829,0.0799537,1.39301,1.0213,0.020454,2.18488,0.0470418,-2.19246,4.7908,6.31934,0.54814,1.1186,7.89459,0.355157,1.42261e-07,6.90873
real_0196,0.853033,3.22148,0.644935,1.89278,1.28257,0.292833,0.0146877,0.962783,3.47275,0.963592,0.0333661,0.0037224,1.01558,0.0348537,0.659995,0.0377829,682.69,7.05775,1.42114,0.00105176,0.854658,3.16002,0.0179127,0.893128,0.653116,4.12951,4.17612,6.76894,0.843367,0.774465,0.434335,0.134507,7.09159e-06,4.70427
real_0197,0.89466,0.469508,1.66663,1.18004,28.522,0.736902,0.836568,0.831609,0.664036,0.919391,0.945212,0.17577,72.4967,0.0264227,0.000254973,0.0458521,1195.17,4.65678,0.390009,0.00727802,1.7337,0.304814,0.00681726,0.737294,0.926837,3.90259,5.20163,6.69423,0.839688,0.549846,2.16276,0.0234599,2.84741e-05,0.157823
real_0198,1.44944,4.53379,0.868377,0.712866,1.57965,0.169582,0.371929,0.515959,1.27349,0.802835,0.602121,0.0942,27.199,0.0376781,0.000420235,0.15541,498.144,2.97384,1.64184,0.000921713,1.23988,3.40538,1.41654,2.91607,0.895597,-2.1623,3.16745,2.91589,0.225907,0.976955,0.155467,0.124388,6.34655e-05,2.67037
real_0199,0.87755,3.54261,1.66011,1.29884,0.559662,0.377454,0.4881,1.73136,1.17132,0.806112,0.10479,0.00218418,2.23321,0.0176623,6.23274e-06,0.172954,716.388,0.161217,0.460819,0.000619441,0.100355,0.204954,9.09477,1.90892,0.15475,0.546541,4.50486,3.38531,0.379531,1.75835,0.514151,0.206204,4.32958e-06,0.258602
real_0200,1.03792,3.88143,1.19249,2.35442,2.15199,0.97381,0.0427221,0.585524,0.816427,0.989207,0.0843359,0.066026,31.6945,0.0197294,3.21779e-05,0.0224769,461.759,0.583802,0.213469,0.000983523,0.104526,2.39523,0.0564848,0.631221,0.123149,0.0111666,3.82627,4.68578,0.199328,0.927217,7.07906,0.0195143,1.37423e-06,3.80098
real_0201,1.54675,0.232161,1.33074,1.90066,0.92157,0.249374,0.24503,1.90259,0.283571,1.08991,0.987202,0.00555237,24.4363,0.0435956,0.327686,0.0887814,230.291,0.727419,0.458021,0.00164974,0.399861,0.882617,8.23595,1.21743,0.19443,-3.07775,1.47191,3.24649,0.536849,0.852221,1.56356,0.0283738,3.34303e-06,1.0004
real_0202,0.653916,0.420854,1.46482,1.8333,16.5625,0.614593,0.741068,1.21251,2.01141,0.840792,0.373356,0.0880344,4.89661,0.0356205,0.00495256,0.126321,376.435,3.77914,3.21547,0.41933,3.76109,0.870895,0.00808617,1.06623,0.162128,-4.5758,1.81278,4.12998,0.225674,0.579169,0.132558,0.0374429,1.88313e-07,6.63909
real_0203,0.714231,3.44902,1.85821,2.5699,0.752255,0.690741,0.712875,0.514585,1.8378,1.17268,0.787333,0.0628694,52.7266,0.0130578,0.0471313,0.179461,738.857,0.891891,1.26693,0.0963199,0.103519,0.106884,0.0096619,0.518557,0.406521,-1.58176,1.77956,1.3276,0.414398,1.07392,1.34988,0.280086,9.93463e-07,0.198988
real_0204,1.06755,2.30273,1.55,1.04336,13.0954,0.723778,0.131866,0.56268,2.5723,0.817559,0.261447,0.0392903,22.3662,0.020691,87.6467,0.177587,411.633,5.95264,1.75892,0.28173,0.686867,0.368067,0.309411,1.25545,0.138714,-1.09649,6.86038,5.91034,0.92891,1.18284,4.50974,0.167698,6.26298e-07,4.07633
real_0205,0.697094,0.23396,1.39571,0.542862,21.2157,0.148654,0.868965,1.88268,3.86452,1.1189,0.767938,0.00337127,0.596115,0.034952,1.01088e-05,0.114652,374.408,8.98109,0.350176,0.00690743,0.117975,0.254232,6.04669,1.24029,0.553594,-3.44323,3.71323,6.19826,0.24535,1.69698,5.84753,0.0541288,2.88928e-06,0.109173
real_0206,1.08861,1.28917,0.513788,0.814162,1.09629,0.100146,0.344766,1.13596,0.317327,1.19197,0.0664868,0.115826,70.7687,0.0217941,19.8647,0.131421,312.803,6.4196,0.74052,0.0010911,0.205566,2.72712,3.81441,0.613861,0.677224,-1.28201,8.83002,0.387663,0.889536,0.885458,0.108809,0.0130062,0.000331758,8.29763
real_0207,0.526226,0.797883,1.30012,0.624839,33.9568,0.212419,0.948445,0.720889,0.314483,0.807381,0.57102,0.00512566,22.7543,0.0183874,79.4296,0.142172,216.896,9.94766,0.217258,0.0378279,0.125062,0.565362,0.0695428,2.15755,0.496547,1.94124,1.33078,5.99696,0.732145,1.16456,0.194853,0.0417506,1.15166e-05,0.119363
real_0208,1.53131,1.34925,1.02753,2.23987,4.2035,0.312927,0.562649,0.622361,0.736354,1.0702,0.0655898,0.183337,3.19293,0.0376367,0.015192,0.146909,591.739,3.52656,0.327234,0.0871792,0.195735,0.195631,0.0387356,0.681118,0.778958,1.62671,5.86423,2.00016,0.697732,1.23887,6.3429,0.0999735,1.74648e-07,0.105725
real_0209,0.988904,0.303078,0.890909,1.54127,1.79407,0.262617,0.856805,0.541159,0.480448,1.17964,0.0827654,0.61396,145.243,0.0144171,0.000567355,0.0704027,982.315,2.27737,0.707678,0.00213283,1.02392,2.20671,0.119624,2.21467,0.144901,1.97331,1.18235,5.89476,0.707573,0.513596,0.67382,0.177972,2.45296e-05,0.825325
real_0210,1.22592,1.65986,1.15433,1.16521,10.5327,0.791553,0.329452,0.567643,1.77747,1.1967,0.141117,0.00168426,4.50888,0.0324382,1.65372,0.0622977,426.384,9.89909,3.10896,0.0348307,0.139542,4.9785,0.0160138,1.35303,0.877863,4.88835,9.36492,5.45915,0.846618,0.705192,4.46699,0.0261989,1.05168e-05,1.89932
real_0211,0.545198,2.49477,1.45444,0.665936,2.96311,0.927384,0.756973,0.886225,0.255168,0.862916,0.502135,0.00776992,25.4677,0.0112404,146.177,0.0594635,369.803,4.52542,0.843451,0.0823998,0.618054,1.47483,3.90423,0.508828,0.72741,-0.686149,1.16874,5.3175,0.530751,0.505551,0.93417,0.105537,0.000305035,1.10704
real_0212,1.2342,2.67126,1.52632,0.527209,25.7217,0.129991,0.375934,0.851615,1.21212,0.907675,0.86255,0.0466846,8.11711,0.0423208,1296.62,0.0668543,725.225,4.4421,0.94387,0.000860767,1.79677,0.701534,5.38662,2.81484,0.442394,1.86748,9.59691,6.18851,0.743322,0.909096,2.4543,0.07767,0.00056047,1.71064
real_0213,1.60578,3.50504,1.39268,1.12376,27.4742,0.31531,0.324398,1.70102,3.67127,0.823374,0.251707,0.556756,16.0968,0.0201753,76.2603,0.0471632,220.942,3.04102,0.719591,0.465511,0.217898,0.860022,0.120924,1.13212,0.758641,1.31258,2.00643,7.87772,0.576003,0.792056,0.210904,0.239078,4.67389e-05,0.481978
real_0214,0.551957,1.47771,1.91116,1.55009,1.97925,0.68733,0.830033,0.959617,3.34837,0.855639,0.617595,0.00518442,1.33568,0.0126972,8.87312e-06,0.0645068,630.254,3.12289,0.562571,0.00662023,0.137484,0.109055,0.0982574,2.10886,0.0769126,4.47319,6.77582,1.68763,0.127872,0.633673,0.117028,0.0399661,0.000261223,0.341648
real_0215,0.549254,2.75256,0.506141,2.9745,27.0838,0.535042,0.728481,0.894953,0.419769,0.908125,0.866095,0.0343733,46.4243,0.0465712,0.0930455,0.0849397,416.386,8.22858,1.7315,0.064199,2.10144,0.249557,1.97681,0.510241,0.514778,-4.76197,6.73556,7.43181,0.958682,0.67624,0.238884,0.148053,1.61073e-05,0.11382
real_0216,0.826438,4.41117,0.769162,1.258,1.17144,0.295378,0.182333,0.78384,3.11585,0.966832,0.366978,0.525177,1.66353,0.0142551,191.548,0.196262,684.945,9.9154,0.867367,0.05175,0.881563,0.759237,0.867335,1.68353,0.627828,-3.52149,8.43937,0.509445,0.486262,1.5925,8.59396,0.355846,3.84268e-07,0.208847
real_0217,0.68803,1.09679,0.957554,0.594651,15.6093,0.457604,0.556716,0.608428,0.551104,0.931094,0.272069,0.804165,1.46288,0.0166837,0.0220943,0.0198953,825.696,0.497965,2.0093,0.0283718,0.27223,0.48865,0.0548329,0.537641,0.870643,4.81031,4.06976,2.89622,0.95636,1.7009,0.358391,0.139492,0.000755301,7.77945
real_0218,0.629491,0.412888,0.623574,1.95734,13.8957,0.730478,0.509874,1.25909,0.409758,0.886925,0.220566,0.445634,1.21723,0.0147236,1.62594e-06,0.139265,915.957,4.57858,0.268641,0.00303989,0.751107,1.2145,0.0652803,0.693856,0.956179,-3.93284,2.49803,4.62266,0.871063,1.77433,0.652914,0.0203277,7.45396e-06,2.72029
real_0219,1.21463,4.6393,1.11565,2.57609,0.665001,0.147242,0.751348,0.677556,0.306859,1.10881,0.627462,0.0256355,16.6709,0.0116578,0.00416517,0.169829,756.202,3.49812,1.41529,0.0108891,0.143558,0.276914,0.0868387,1.15483,0.622355,3.03628,7.05436,6.39137,0.173127,0.616463,2.79203,0.112676,2.82746e-06,2.98974
real_0220,0.881146,1.4241,0.831738,0.694688,5.09481,0.635265,0.230303,1.98354,1.49204,1.13288,0.0578941,0.0123595,5.98062,0.0104983,0.00140454,0.0898975,353.491,8.79005,2.90516,0.000869189,0.155593,3.32176,0.979778,1.46741,0.521065,4.83471,5.04936,0.333572,0.0745906,1.46443,0.365101,0.0635005,3.98543e-06,1.12407
real_0221,0.705579,2.48686,1.64659,0.983108,2.0462,0.649579,0.774397,0.748154,0.415148,0.983112,0.814379,0.101247,0.244546,0.0422627,0.412057,0.147269,1441.4,5.76174,0.41501,0.00228688,0.254383,0.537559,0.0104525,0.591344,0.836259,2.48536,7.13704,1.14214,0.132064,0.999934,3.75148,0.0367201,8.24623e-06,3.31298
real_0222,0.614296,2.17932,1.03925,0.648737,0.659309,0.192598,0.266772,1.43364,0.428805,1.17527,0.377708,0.00355926,35.1355,0.0171343,217.219,0.102176,389.33,6.37768,2.08369,0.000612031,0.474101,0.505003,4.86848,0.956275,0.594151,2.70719,6.94016,7.4557,0.348387,1.46623,2.8059,0.323829,0.000588936,0.186805
real_0223,0.904433,0.752308,0.568889,0.726796,2.07977,0.358475,0.0627036,0.601134,1.53578,1.09218,0.925642,0.279813,2.21087,0.0130159,2.23891e-05,0.183481,201.947,9.152,0.447208,0.264775,1.34852,1.42512,0.188879,2.48093,0.275557,2.3613,3.59781,4.09434,0.466921,0.839132,6.961,0.154903,0.000100746,4.91174
real_0224,1.05041,0.402624,0.855539,0.886618,4.09339,0.581709,0.400271,1.25228,0.49289,1.03287,0.181895,0.406829,32.8852,0.0188438,23.1713,0.0986808,382.474,7.81154,3.16802,0.0445641,0.986023,0.375042,0.433665,0.575766,0.258062,-4.3817,1.04189,3.77128,0.147995,0.895655,0.265617,0.0107169,8.06375e-07,0.204551
real_0225,1.68682,4.45929,0.62508,2.79292,0.569276,0.694608,0.876831,0.519468,0.95207,0.806874,0.728845,0.454935,2.53439,0.0192792,3.62836e-06,0.15978,1094.41,8.84736,0.491389,0.0198628,0.735271,0.279075,0.470499,0.553569,0.902936,0.030572,6.78278,6.62342,0.833505,0.659704,6.72958,0.0709967,5.19533e-07,0.793237
real_0226,0.817805,1.80617,1.71474,2.04948,3.41198,0.92549,0.833743,0.881294,2.42044,1.05161,0.702495,0.253224,0.8971,0.0313351,0.00169212,0.0158311,1061.36,7.23056,1.20179,0.0262315,0.113715,3.18875,2.92703,0.526598,0.00474606,4.43332,4.39183,7.86847,0.763243,1.00343,3.38139,0.153345,1.54283e-05,0.397488
real_0227,0.841656,1.92136,0.524416,1.86843,38.9298,0.85031,0.841316,0.762904,0.354767,1.10229,0.1212,0.0767206,0.299396,0.0212682,0.376371,0.0140964,551.762,5.12793,0.224194,0.193915,1.49968,0.472377,6.10216,0.641309,0.737632,4.19822,8.53816,5.81732,0.284312,1.41282,1.27395,0.37934,3.12503e-05,0.37074
real_0228,0.554001,0.319673,0.916177,2.6741,13.6336,0.231815,0.729429,1.2161,1.9491,1.0729,0.936509,0.0308807,0.398295,0.0141574,96.3123,0.022951,332.282,2.81383,1.35379,0.0526654,2.82631,4.73177,9.50841,0.742726,0.486401,3.67747,1.95763,1.46731,0.546111,0.574819,0.179481,0.117731,2.14305e-05,6.85268
real_0229,0.83739,0.570597,0.556388,0.910426,0.854554,0.300071,0.70335,0.696237,0.78626,0.818197,0.732486,0.00475615,149.553,0.0489287,0.00730761,0.149922,657.561,1.80967,2.11322,0.113524,0.179515,0.217545,1.40596,2.59036,0.690266,2.41178,6.37663,6.06801,0.163557,0.849846,0.36159,0.015877,0.000301844,0.842991
real_0230,1.1623,0.218269,0.99811,2.12868,4.15619,0.53709,0.164025,0.554241,1.48086,0.961056,0.0259343,0.00177875,0.255809,0.0336197,3150.85,0.00853502,354.816,5.25438,4.83356,0.0970361,2.21393,1.05607,0.0228895,0.601555,0.900214,-0.0744667,7.11113,0.516582,0.667786,1.73485,0.173057,0.0167408,0.000253893,5.22317
real_0231,0.613018,2.58946,1.99003,1.68629,32.6665,0.146108,0.866573,0.509854,0.462979,1.16406,0.449493,0.00253971,11.375,0.0400654,0.00969526,0.163478,473.821,5.84087,0.230818,0.00259102,1.0419,0.600549,0.0272947,1.94993,0.403941,-0.0410319,4.33492,5.16847,0.578912,0.60998,0.197806,0.207992,3.8582e-05,0.27345
real_0232,1.56696,1.50655,1.13772,1.64257,17.7629,0.414216,0.196879,1.83862,0.378056,1.02372,0.217917,0.0234331,112.356,0.0122333,0.0297514,0.0502651,438.758,8.68375,1.24164,0.00688562,0.241156,0.25049,0.556555,1.877,0.178822,2.63747,8.10821,1.02369,0.908692,1.25545,0.333979,0.271402,7.53725e-05,1.49134
real_0233,0.866837,1.45805,0.889695,0.734169,1.47068,0.359352,0.259489,1.2098,0.304047,0.859564,0.29814,0.601207,49.1743,0.0163799,1.43799e-06,0.0660915,1288.14,6.31246,1.99355,0.014426,0.176599,0.147314,1.16533,0.794554,0.345865,-0.651722,6.20717,5.07047,0.795377,0.614914,3.59374,0.114169,1.13423e-07,9.69865
real_0234,0.507844,0.244579,1.26964,0.518133,1.67052,0.426314,0.553888,1.3003,0.559142,0.813618,0.165021,0.227557,0.459159,0.0295914,0.0595463,0.16526,571.453,6.32028,1.31707,0.320898,0.594542,0.723665,0.573024,1.19631,0.656797,-1.04208,8.19868,3.80757,0.876781,1.34612,0.972254,0.0320687,2.31915e-05,8.94189
real_0235,0.669975,0.495556,0.79906,1.99293,2.91304,0.769011,0.372608,0.736071,1.80232,0.889629,0.551119,0.300183,0.454132,0.0100008,304.728,0.093081,869.019,2.89631,0.397871,0.342371,0.576797,2.88511,0.081586,0.588256,0.810005,2.66482,6.43175,7.83536,0.539315,1.62282,0.795758,0.28544,1.22343e-06,0.541568
real_0236,1.55755,0.32099,0.913545,2.03526,21.1,0.127992,0.33787,1.2188,0.75185,1.10592,0.890002,0.041039,0.328301,0.0134246,7.20235,0.0827348,651.799,2.14821,0.237724,0.00299031,1.02083,4.89201,0.0327903,1.52933,0.995099,0.933844,6.60508,0.876021,0.64342,0.556638,0.685084,0.0154072,9.04934e-05,0.154603
real_0237,1.41044,3.20423,1.91665,0.661796,1.3716,0.132277,0.60586,1.94077,0.617718,1.15833,0.280251,0.00133623,9.71528,0.0223271,9.87781,0.0869797,765.234,3.98977,0.51198,0.0253761,0.48945,0.126445,0.00583956,0.546108,0.824154,2.77155,9.91227,3.1491,0.71674,0.717322,9.07509,0.0400591,1.84805e-05,1.50058
real_0238,0.725806,0.616995,1.00848,2.02166,11.0473,0.787207,0.0207952,0.547802,2.33851,0.940238,0.469497,0.0361705,29.756,0.0439632,0.0871869,0.118336,564.759,0.0520439,0.75476,0.004972,2.95887,1.84717,0.722239,2.81197,0.229165,-0.113333,4.93115,0.267606,0.295865,0.52643,3.01191,0.11513,2.55596e-05,0.11309
real_0239,0.50174,0.838819,0.872021,1.3906,6.48064,0.625588,0.661025,0.648553,0.495195,1.08118,0.507108,0.0383942,55.6907,0.0156087,3.988e-06,0.111304,208.462,1.84676,4.73694,0.000586775,4.97097,3.28233,0.0133955,2.36892,0.999026,4.45041,2.32433,7.15017,0.116175,1.24824,0.104589,0.011956,2.17736e-05,1.41052
real_0240,0.640833,0.565865,0.521569,0.596451,5.95488,0.603351,0.850882,0.920127,1.02927,0.82463,0.899929,0.0155647,0.207179,0.0164981,1.82807,0.0975573,333.15,4.79143,2.51953,0.000627078,0.135952,1.72194,2.56554,0.980862,0.988798,-2.08143,8.24273,6.99861,0.906195,1.23731,0.168529,0.134082,0.00013706,0.440249
real_0241,0.531425,2.22916,1.98687,0.587942,7.35058,0.0361414,0.441684,1.50726,2.00288,0.812154,0.596601,0.00363265,1.17892,0.0473885,0.025703,0.105184,616.686,1.63947,0.494675,0.252704,0.393954,2.69617,0.0120479,0.98983,0.670829,-1.24376,7.08959,4.57254,0.103709,1.04513,7.39728,0.0717696,1.72816e-07,0.328588
real_0242,1.39752,2.70644,1.33508,0.671292,8.16241,0.274544,0.47311,0.51279,3.69969,1.18215,0.829337,0.173875,0.602513,0.0334325,0.603026,0.0465458,723.137,6.70335,0.300333,0.0171953,0.601808,1.45303,0.0129093,2.8241,0.615461,-4.96333,2.07438,7.93921,0.765898,1.71832,6.47199,0.384285,1.53792e-07,0.293991
real_0243,0.580266,0.464645,1.08874,1.21149,47.5352,0.432125,0.247068,0.617879,2.72055,1.18276,0.21395,0.00144663,1.09943,0.0207231,0.0362652,0.049099,1250.85,1.92643,0.259529,0.00110797,0.181794,0.275453,0.071619,1.30246,0.906802,-1.1017,5.43429,1.62,0.441131,0.856068,0.191354,0.297799,0.000111047,5.61902
real_0244,0.813115,1.66591,1.10497,0.91404,6.36659,0.0919584,0.434154,0.947276,3.5162,1.17794,0.751384,0.0281841,12.9186,0.0369422,679.005,0.0445265,1256.44,6.16617,0.328765,0.0355021,0.776219,0.70639,0.333547,2.51173,0.0900731,-2.78912,4.04314,7.50302,0.837377,1.45888,0.318271,0.0834454,2.64491e-07,0.165159
real_0245,0.711606,1.02371,1.3198,0.632469,0.6294,0.639016,0.91848,0.731251,2.64488,0.968526,0.630327,0.006877,0.316213,0.0182185,1.44976,0.195804,1359.68,9.80282,0.720236,0.0647552,0.16487,1.26047,0.0142312,1.23444,0.397051,2.09592,3.28014,0.577848,0.574093,0.530213,1.60209,0.0760004,2.62952e-05,1.74378
real_0246,1.42029,2.22145,1.41861,1.33358,12.5828,0.334952,0.832535,1.44013,0.390027,1.07941,0.445271,0.0850078,0.231413,0.029955,3.15391,0.186569,1348.05,8.93133,0.330683,0.0417682,0.43591,3.78404,8.0797,1.29045,0.300859,0.211319,7.33004,1.78296,0.412826,0.700669,3.28279,0.181028,1.21445e-07,0.148261
real_0247,0.504898,0.338627,0.748469,1.93872,2.52945,0.229452,0.516746,1.907,0.470906,0.925511,0.74176,0.389122,2.01194,0.0129163,2.38293e-06,0.105718,392.153,0.616554,0.201218,0.271713,2.03864,0.378414,1.69593,2.40958,0.357312,-4.60067,1.13217,0.840824,0.534284,0.669398,1.25851,0.259965,3.63131e-07,0.337365
real_0248,1.40415,0.268317,0.940208,1.7765,24.7455,0.494701,0.370236,0.933478,2.9284,0.869203,0.350643,0.0017967,14.1117,0.0394052,8.14567e-06,0.191872,204.986,7.19585,0.261996,0.0147746,0.874478,0.944323,0.387673,1.81053,0.181904,-1.82215,4.5218,5.44882,0.0969601,0.787102,2.84861,0.120029,7.3999e-07,0.351572
real_0249,0.973888,3.75459,0.793383,1.29405,1.81864,0.950108,0.911725,1.02819,2.16485,1.07751,0.869587,0.0277138,0.772016,0.0135687,1325.34,0.18527,511.1,2.85101,4.53314,0.00345143,2.80108,1.19499,0.0418729,0.544337,0.654414,-4.66137,3.50928,1.0862,0.329978,0.639097,0.134474,0.0137247,8.40337e-06,0.461343
real_0250,0.982575,0.400279,0.986676,0.773062,2.72339,0.0343131,0.698187,1.12737,0.380923,1.11722,0.896576,0.00190184,2.17757,0.0374196,3262.92,0.0442249,337.615,5.30326,0.229764,0.0214587,2.22681,0.331992,2.91756,1.66333,0.598272,4.29668,8.08878,5.59512,0.639143,1.3023,0.214076,0.0374679,1.06066e-06,0.164335
real_0251,1.14841,1.99436,0.703414,2.45408,2.73413,0.343149,0.331122,1.9945,2.50101,1.19125,0.126684,0.00441597,0.334235,0.0286087,84.4068,0.181065,637.353,3.35299,0.452424,0.0782044,0.34911,0.157607,3.70457,2.57838,0.1106,2.69749,1.76148,7.4119,0.322577,0.878423,5.9383,0.253854,1.79964e-07,1.91347
real_0252,0.609179,0.201025,1.32916,1.73971,3.6182,0.836452,0.285123,0.532221,0.528575,1.17331,0.491243,0.538197,1.55151,0.0248956,0.0542595,0.134401,839.09,8.46724,0.546486,0.0344824,1.15295,0.756544,0.0826442,1.00221,0.805743,4.36913,2.22539,6.15637,0.918147,1.31823,4.30237,0.0389828,1.57141e-07,0.255978
real_0253,0.867867,2.91127,1.09175,0.638926,0.612451,0.680716,0.228315,0.875786,0.503211,1.14369,0.131286,0.380556,3.53509,0.039356,0.0620574,0.166674,274.063,8.63453,0.321919,0.0592347,0.294837,0.557774,3.21448,0.581315,0.982605,4.05811,2.9694,1.99783,0.761427,0.684949,0.847268,0.0932579,1.55906e-05,2.21776
real_0254,1.15835,0.831795,1.9754,0.556777,3.47201,0.655459,0.443734,0.828904,0.388119,0.885618,0.82137,0.00994229,10.2636,0.04698,168.094,0.0951795,1154.24,6.22239,0.764776,0.00064301,0.116197,0.100385,0.017016,2.30472,0.554545,1.32557,6.00386,3.50278,0.16657,0.867314,0.116366,0.080495,0.0009567,2.62759
real_0255,0.85473,0.689948,1.93447,1.65599,4.60107,0.163903,0.674839,0.61331,0.685016,0.946752,0.0942715,0.0129912,111.47,0.0147084,1.29312,0.142451,275.84,3.16513,2.80175,0.0102783,0.27331,0.190432,0.312468,0.705391,0.375585,0.809794,3.57669,6.88574,0.960727,1.52462,0.425702,0.0197943,0.000694512,1.39757
real_0256,0.791136,1.90881,0.525774,0.749709,30.6986,0.673993,0.963803,0.870867,0.259588,1.14275,0.874008,0.029523,2.62353,0.0467403,6.85458e-06,0.0172159,1085.77,8.32986,1.90032,0.164996,1.33795,0.8264,0.00932374,0.701167,0.922252,-4.09274,6.83602,6.7285,0.582969,1.20909,5.38335,0.065755,1.12798e-05,0.169567
real_0257,0.541775,2.44129,0.595442,0.576359,7.81577,0.856894,0.351683,1.41187,1.71898,1.02354,0.379557,0.0644573,94.6096,0.0342446,2.06112,0.0719316,1319.25,1.52476,0.310388,0.020322,3.78423,2.67788,3.32645,1.37406,0.17254,0.13331,7.79317,3.75074,0.21552,0.515462,2.30282,0.0783796,9.13741e-06,0.496448
real_0258,0.907801,1.34251,1.88518,0.844247,8.82295,0.64518,0.979935,1.10569,0.253625,0.891221,0.585917,0.462928,9.6235,0.0325064,109.434,0.107864,345.041,0.996377,0.624569,0.00895572,2.31046,0.92076,0.0443362,0.854636,0.470955,-3.58799,2.04644,0.550542,0.584552,0.880943,0.15578,0.188765,7.69583e-07,0.243332
real_0259,0.630923,2.24745,1.08646,1.38285,0.817248,0.817825,0.628921,1.05106,2.06708,0.826585,0.931727,0.00509043,20.9126,0.0243828,66.597,0.03536,1229.43,6.39476,2.92803,0.000667152,0.711109,1.01308,0.113128,1.34893,0.812128,4.53111,8.65162,0.809088,0.228572,0.509914,2.02578,0.0793408,2.61453e-06,0.321202
real_0260,0.585045,1.13111,1.31275,0.854656,0.802138,0.884362,0.672923,0.822659,0.761216,0.859159,0.516782,0.103968,18.8479,0.0244379,0.0115498,0.162474,521.618,4.89913,1.01461,0.0557457,0.439478,2.0236,0.00607894,1.36178,0.366135,-1.53054,6.68963,2.3265,0.788939,0.690921,0.622584,0.117429,0.000325185,2.08495
real_0261,1.10508,0.215098,0.966954,1.9147,8.03291,0.220852,0.359909,1.34513,0.301259,1.04634,0.0549994,0.0261167,139.089,0.0178841,70.8274,0.173614,962.053,1.23413,4.30498,0.0221023,0.192029,2.45564,0.424961,0.673929,0.198639,-2.6965,9.8414,3.66242,0.977792,0.721653,7.30787,0.0314343,0.000885635,0.764283
real_0262,0.955128,1.85806,1.36933,1.0901,2.64836,0.705783,0.210834,1.20502,1.08394,0.819847,0.817735,0.00331501,166.819,0.0228516,197.84,0.0837378,488.177,7.3094,0.334193,0.00138914,0.307041,2.89938,1.89585,0.943785,0.248283,4.21923,2.56257,6.83134,0.610371,0.577571,3.08851,0.0157922,3.14128e-07,0.41732
real_0263,0.586321,0.855543,1.98226,1.36715,1.01957,0.421292,0.941488,0.878206,2.77861,1.00923,0.692659,0.218685,147.724,0.0266375,0.0172916,0.0590602,1251.24,1.65237,0.292866,0.00267437,1.46048,0.891085,0.0223052,0.862558,0.127011,2.22639,5.94843,3.83255,0.316635,1.16599,0.216426,0.0160415,1.25425e-06,0.387537
real_0264,1.57206,0.244048,0.750991,1.36192,17.6707,0.613048,0.145905,1.18042,0.278698,0.849993,0.176562,0.0422533,7.36151,0.0105416,3.28281e-06,0.0164722,765.717,2.08731,0.412445,0.0056829,3.56699,0.440339,0.177941,1.05226,0.867747,-3.23508,2.1248,0.208475,0.649558,0.519365,0.307945,0.0183862,3.11579e-06,0.214847
real_0265,0.998162,0.342768,0.827918,0.878568,4.04341,0.629432,0.739928,0.888576,0.692405,0.86114,0.188607,0.00721036,5.44819,0.043186,2.67952,0.0554096,1474.59,0.85654,1.32765,0.023629,2.85405,0.178307,0.0307075,1.77716,0.0749249,-4.47422,1.32221,5.41697,0.790834,0.766404,0.119246,0.0175372,3.27279e-07,1.73153
real_0266,0.920393,0.343611,0.59752,2.85739,2.83271,0.541418,0.119077,1.66824,3.88889,1.11173,0.761672,0.599197,1.51094,0.0160506,0.00905082,0.126734,1377.49,6.29833,0.800721,0.000744212,0.224208,0.636742,1.07613,0.938104,0.185351,-3.81306,2.87589,3.54115,0.159815,1.59627,0.659121,0.0619189,0.000103407,7.35788
real_0267,0.621736,3.70256,1.47618,1.18316,2.31995,0.323251,0.677309,0.577692,2.90418,1.03687,0.301053,0.00103406,4.08054,0.0320194,0.123486,0.151289,493.682,3.452,0.211197,0.104063,0.5073,1.93962,0.0293011,0.612255,0.508961,-0.525667,1.58915,2.07567,0.477679,1.99142,0.248453,0.0237741,5.85968e-07,0.967073
real_0268,1.64877,3.8271,1.73356,1.39762,4.31735,0.739764,0.242885,1.93375,0.466799,0.9758,0.811744,0.00405595,0.358317,0.0115944,5.17733e-05,0.0482441,857.664,7.03299,2.05779,0.0408672,1.71743,0.14625,0.32712,2.79948,0.930992,4.75251,2.91368,3.97033,0.858302,1.84009,6.15051,0.0141109,1.29538e-06,2.90317
real_0269,1.23138,0.497177,1.56425,0.703063,1.20486,0.307693,0.894114,1.16142,0.382031,0.912989,0.0469231,0.00637742,97.8928,0.0398369,0.763324,0.175546,1013.37,4.91157,3.13505,0.00171931,0.317378,0.139039,4.61709,0.823698,0.856342,-0.746458,4.15045,5.87456,0.0791072,0.588857,0.572731,0.0225965,0.000434698,7.18034
real_0270,1.1731,4.17796,0.682833,1.9305,25.2782,0.95839,0.433217,0.62004,2.37188,1.11072,0.806928,0.0224779,38.4396,0.031177,0.917537,0.153258,748.703,6.76491,1.65539,0.0193181,2.76235,1.21287,5.15775,0.961093,0.298058,1.43687,1.67727,4.82266,0.804466,0.661118,4.20515,0.0917183,3.84662e-06,7.52379
real_0271,0.745142,3.57165,0.809962,0.600247,1.4388,0.459781,0.746516,1.18207,0.901668,0.860352,0.390098,0.0993012,43.1386,0.0212228,3790.21,0.164156,395.29,5.17585,0.353783,0.00196077,3.63119,2.23882,0.021966,2.28218,0.961575,-4.28078,9.17732,3.9119,0.683257,1.63468,9.40797,0.0138958,5.10231e-06,0.175978
real_0272,0.55092,2.85266,1.47117,0.82974,0.862328,0.0115403,0.179934,0.622798,3.30423,1.12727,0.618784,0.0634716,4.76011,0.0102316,3.39372e-05,0.0163401,955.744,3.21429,0.500447,0.329676,3.74052,0.239958,0.00688713,1.82799,0.419843,-3.34757,5.13282,7.04072,0.712615,1.80024,1.47657,0.0529534,1.97514e-07,0.169031
real_0273,0.887582,4.42939,1.25002,0.817227,1.07519,0.60115,0.852301,1.33452,0.566144,0.953047,0.365407,0.0312244,2.02496,0.0149243,0.000359828,0.00637362,828.352,6.0819,4.2509,0.00452044,0.131753,0.394981,3.2474,1.12569,0.261688,-4.64144,8.22417,4.42628,0.596529,1.10056,0.163311,0.0505281,1.07988e-07,0.717406
real_0274,1.078,2.28462,0.757389,2.38598,28.2013,0.210539,0.546849,0.698684,1.40616,0.947394,0.413041,0.0123696,142.933,0.0215551,5.74852e-05,0.0540189,309.532,7.45226,0.309165,0.00364703,0.779273,1.07508,0.0375199,2.63985,0.170108,-2.45992,5.19105,0.0672037,0.670588,0.919109,1.04135,0.24732,0.000740606,0.955193
real_0275,0.618315,1.04278,1.1091,0.679809,1.80603,0.867955,0.934626,0.789272,3.39838,1.00398,0.488559,0.00299697,0.403728,0.0288828,4.24424e-05,0.135305,281.364,7.89633,0.212977,0.000675453,0.189781,0.158769,6.60306,2.037,0.291147,-3.17565,6.05798,4.53079,0.309644,1.91944,2.05996,0.0531463,1.08625e-05,1.10589
real_0276,1.3857,3.95331,0.865465,1.12711,2.78775,0.118926,0.490406,1.09534,0.297801,1.03133,0.201483,0.00193204,0.70461,0.0122822,7.7649,0.191067,544.783,7.99324,0.775592,0.0240854,0.540715,1.81682,0.0369041,1.15702,0.977404,-0.24708,7.77416,4.9177,0.626269,0.948584,3.49495,0.0564367,6.84248e-05,0.222304
real_0277,0.634801,0.214643,1.50757,1.61411,2.62305,0.970702,0.638857,0.559855,2.52644,1.08383,0.611377,0.150315,33.9986,0.0265377,0.0568417,0.106982,256.53,6.79111,1.45527,0.0414473,3.0907,0.130657,0.0540267,0.542856,0.803411,0.265976,7.8348,2.78852,0.250655,0.688776,0.826018,0.242826,3.43192e-07,1.51706
real_0278,1.34008,0.325527,0.607995,0.545174,2.38626,0.859774,0.640802,0.588818,0.437398,0.834473,0.184547,0.16632,0.284778,0.0139417,0.000837322,0.0526484,770.095,0.704517,4.95738,0.0830906,0.145602,0.102441,0.0147953,2.20415,0.991094,-2.28491,9.51979,1.41951,0.065373,1.32816,0.698226,0.222729,3.74963e-06,0.150317
real_0279,0.811066,1.21704,1.31935,2.2354,1.00426,0.154435,0.888892,0.694652,0.729337,1.14131,0.432154,0.545316,6.42033,0.0334599,2535.61,0.0654546,473.054,6.26413,0.569616,0.274614,0.159374,3.05867,1.48907,0.92966,0.611182,1.28873,9.53651,7.80492,0.269728,0.638046,0.161264,0.1376,2.10107e-06,5.55328
real_0280,0.64797,0.219749,1.30869,0.89513,2.68402,0.828876,0.694108,1.78056,2.05413,0.811278,0.343083,0.032797,12.6735,0.0135113,1.55043e-06,0.0813419,1010.02,2.18472,1.15741,0.0656904,0.658956,1.90927,0.19045,0.993206,0.0251955,2.3455,4.48614,0.283177,0.85056,0.986637,0.886496,0.304703,0.000662267,4.57522
real_0281,1.10812,1.1523,0.731766,1.64686,1.88754,0.0865756,0.763737,0.645532,1.63859,0.802355,0.437306,0.00379612,28.0067,0.0308329,0.0299236,0.125053,285.267,8.73309,2.95717,0.00845821,0.456434,0.792396,0.679817,2.0717,0.74224,-1.07853,9.83284,0.849017,0.826205,1.0832,0.641562,0.026649,0.000239116,0.181181
real_0282,0.748371,2.04515,1.18665,1.50282,4.55036,0.842862,0.652497,1.07619,0.607708,0.905198,0.781454,0.00869452,17.9456,0.0284842,2895.24,0.132957,1267.38,7.33888,0.257921,0.0115915,0.826762,3.47146,0.268123,1.23221,0.953266,-0.855312,5.80693,4.295,0.0694201,0.762222,1.52188,0.0334652,0.000849853,2.74745
real_0283,0.730592,2.55553,0.666714,0.993835,44.3049,0.899735,0.47124,1.50175,3.06166,0.95081,0.612463,0.0142538,65.4555,0.011823,0.017992,0.00552348,946.01,1.98591,3.57119,0.0388907,0.303494,0.777326,0.213195,0.536185,0.400857,0.430013,6.2416,7.01532,0.975942,0.603407,0.325576,0.0879365,0.000909609,0.743497
real_0284,1.16736,0.679801,1.24119,1.47771,0.653692,0.401564,0.622343,1.28997,0.326376,0.81489,0.745932,0.0109138,69.3791,0.0404134,3.48085e-05,0.185987,1389.03,6.35069,3.40676,0.00081213,1.12712,0.269476,0.0581526,0.652782,0.413147,1.36056,5.46324,7.34864,0.932959,0.600411,0.980455,0.204196,1.00176e-06,0.114976
real_0285,1.64454,0.642101,1.06802,2.65642,0.704429,0.666138,0.478201,0.976505,3.98126,1.14972,0.80413,0.00306684,172.749,0.0117568,0.252496,0.124051,424.497,2.23848,0.380216,0.000784595,0.892871,0.129869,0.0083659,1.03787,0.276003,-3.99024,8.60076,5.92138,0.405695,0.729021,7.77894,0.0415296,6.60475e-06,7.13649
real_0286,1.17937,3.86001,1.79124,1.96025,1.54531,0.502901,0.497671,1.69057,3.44367,0.800114,0.138154,0.249769,0.930748,0.0274919,0.00596975,0.121464,919.326,1.24767,3.49955,0.153755,1.66952,2.75437,0.421268,0.587272,0.975676,3.04266,6.57922,3.88627,0.468015,1.72678,4.68183,0.0462017,1.60693e-06,0.426676
real_0287,1.02196,0.721264,1.75507,2.83321,0.692866,0.901578,0.214836,1.84309,2.95263,0.821466,0.0813869,0.273219,0.21517,0.0136096,494.448,0.0294178,365.729,3.26215,1.92979,0.302632,1.11051,1.33072,0.039034,1.42631,0.387322,-1.73553,3.7813,6.60222,0.980625,0.888536,0.803277,0.0350259,2.02253e-07,2.33606
real_0288,1.14363,0.277809,0.652824,0.7379,2.25522,0.596648,0.0774352,0.898515,0.360579,0.826112,0.655377,0.440949,0.720698,0.0301515,3.70502e-05,0.0108227,984.237,7.61536,1.6239,0.0118921,0.133188,2.18261,0.00764908,1.02081,0.734053,1.64011,9.71919,6.46215,0.373963,1.08949,0.459341,0.0232652,5.58582e-05,1.08689
real_0289,0.862807,4.2979,1.09416,2.50352,2.11131,0.158944,0.904386,0.700688,1.06791,1.01129,0.918341,0.0709294,38.091,0.0117071,0.843904,0.0424849,342.073,8.87279,3.03025,0.00125397,1.06076,0.62581,0.0687105,0.831804,0.936508,3.31396,9.50249,4.21053,0.548769,0.93587,0.2242,0.250587,0.000673206,5.03502
real_0290,1.28029,0.977724,1.37577,0.976974,5.51918,0.244479,0.0951411,0.917096,0.973552,1.04117,0.684088,0.152379,34.5396,0.0190518,8.42723e-06,0.181743,211.462,6.57724,0.602026,0.00274847,2.80756,1.26284,0.325239,0.671622,0.288451,0.31732,7.90747,3.05238,0.534778,1.17419,9.96091,0.389814,4.96689e-05,2.06819
real_0291,0.885559,0.954861,1.5059,1.06042,14.2148,0.0217235,0.505446,1.57223,1.60848,1.11599,0.607198,0.00112785,0.474787,0.0112209,0.193757,0.0679436,899.527,9.21268,0.696825,0.067684,0.183127,0.105057,0.0332163,2.00402,0.714216,-2.64217,6.87168,2.66455,0.997218,1.50333,0.305058,0.116649,1.01232e-07,2.1288
real_0292,1.31729,1.14114,0.659892,2.75949,1.14224,0.543026,0.118658,1.81651,0.257434,1.18672,0.359535,0.00102385,31.0818,0.0321938,0.08538,0.145829,1341.62,2.64071,1.49842,0.00828736,0.382996,0.351185,0.237642,0.903132,0.771629,-2.99027,9.77825,2.47163,0.326294,0.620945,0.187839,0.0135658,2.67718e-06,1.63607
real_0293,0.638878,0.961964,0.762105,1.2832,17.9701,0.462668,0.158856,1.42024,0.539533,1.10303,0.595969,0.420746,1.98359,0.0121348,233.033,0.171136,990.861,9.56252,2.66538,0.00331926,1.40753,1.04236,0.0934495,2.00076,0.799664,0.696285,1.38411,4.99736,0.854058,0.910914,8.98417,0.0172804,0.000210304,7.61705
real_0294,1.13325,0.617691,0.548473,0.80669,13.4605,0.0430883,0.461841,1.245,0.843483,0.891944,0.102792,0.0230079,1.25819,0.0180995,213.456,0.147804,618.217,7.96323,0.913433,0.0130494,0.269339,2.11101,0.00894542,1.35753,0.0543398,-2.7743,6.29761,6.11194,0.772725,1.89279,1.80178,0.0178008,0.000164072,6.52532
real_0295,0.843322,0.501355,1.0799,2.93735,11.2429,0.295005,0.972075,0.635731,0.438966,1.02993,0.57803,0.00170215,0.623907,0.0106876,0.073286,0.000188513,359.676,0.00856611,1.8429,0.202863,0.161168,1.17606,9.22455,1.20478,0.499679,-0.0965397,9.92825,4.85421,0.852957,0.783436,0.111567,0.0512462,6.52383e-06,0.283323
real_0296,0.604541,1.03888,1.22568,1.2738,2.97119,0.394329,0.559499,1.28666,3.26366,1.05125,0.122338,0.0404086,0.529448,0.0158544,0.00548769,0.0134855,237.376,0.304509,0.436216,0.156572,4.79524,0.228841,0.00579415,1.31966,0.112325,1.80994,3.35201,3.40965,0.0855369,1.65466,0.31295,0.172069,1.18111e-07,0.319067
real_0297,0.569449,1.60232,1.69337,0.948837,7.05401,0.700637,0.34789,1.4075,0.581808,0.950023,0.453721,0.00724698,0.507005,0.0107096,372.65,0.0563443,829.548,8.08872,1.38813,0.0225022,0.157983,0.14144,0.106285,0.950381,0.480181,1.24253,5.57494,0.340832,0.287222,0.667019,9.13052,0.0279641,2.85126e-07,0.725147
real_0298,1.15051,1.55769,0.65712,1.06199,2.03452,0.609309,0.584917,0.715084,1.30501,1.13638,0.262643,0.0598173,1.40931,0.0408121,48.063,0.111622,1490.46,4.05352,1.42924,0.0637317,3.83345,4.09053,0.0209838,2.01791,0.128975,1.55581,7.68372,1.83591,0.89535,1.35872,5.72137,0.0114657,0.000406314,8.23785
real_0299,0.90387,2.41296,1.73096,2.13551,23.2314,0.396729,0.423597,0.923227,1.50917,0.835598,0.332178,0.146014,8.93473,0.0152285,0.322957,0.0830438,246.836,7.76098,0.334831,0.0034634,1.69288,4.1553,0.00791839,0.503992,0.333897,-4.11762,9.55549,2.19954,0.891101,0.87036,0.586673,0.0459447,1.06913e-05,2.308
real_0300,0.930231,0.305431,1.87864,2.21613,42.1265,0.417025,0.907953,0.824061,0.896307,1.18584,0.574019,0.0029141,27.5371,0.0173715,0.0132801,0.171425,553.7,7.72,0.486438,0.189304,0.66839,0.27163,5.01975,2.96481,0.929479,0.634488,6.23328,5.60118,0.752625,1.61266,0.139994,0.0199722,9.34712e-07,0.123908
real_0301,1.29805,1.06821,1.46133,1.43997,0.618842,0.365214,0.099693,1.26226,3.17308,0.953411,0.294627,0.892716,42.0092,0.0168117,5.04613,0.190772,876.916,5.99964,0.272258,0.053563,4.26543,0.148231,2.18301,1.63376,0.588752,2.47828,3.24706,2.75146,0.600172,0.719454,1.71082,0.0677995,8.70533e-07,1.85851
real_0302,0.750237,1.83416,1.52286,2.27539,1.51731,0.672021,0.317272,0.873293,0.944717,0.98176,0.678093,0.00977019,44.7368,0.0224215,0.000741018,0.0275822,433.913,1.9037,0.850739,0.00251374,0.14962,1.72694,0.00525764,0.827992,0.817692,-4.89305,4.8171,3.25865,0.118384,1.47192,0.578539,0.167469,4.63404e-06,0.138769
real_0303,0.831097,2.51968,0.685618,0.603725,47.7849,0.366644,0.189592,1.50789,3.58063,1.05782,0.0891449,0.00225941,122.5,0.0161466,0.344698,0.0934036,1035.23,1.54835,3.86008,0.0508307,0.620128,0.926802,0.517652,0.909656,0.142472,2.92386,6.89268,7.58222,0.452308,1.99914,0.769525,0.0245995,0.000834661,1.68937
real_0304,1.35261,0.78769,1.05208,1.65323,34.4837,0.768292,0.722836,0.6172,0.52092,0.904092,0.0530894,0.0730109,7.29446,0.0273726,1.08434,0.128997,254.254,4.03485,2.60081,0.0185803,1.46941,1.36067,0.011136,1.44272,0.167647,1.91081,8.13148,0.570874,0.267553,1.87238,4.82135,0.351382,5.29644e-05,0.299192
real_0305,0.764032,2.76569,0.647273,0.573443,2.77471,0.108556,0.0823997,0.801637,0.252119,1.1219,0.845364,0.00551678,73.357,0.0446464,363.492,0.0601233,525.317,4.67203,1.55067,0.0177064,1.03492,0.500899,7.55728,2.42453,0.959293,3.96881,4.36698,1.84634,0.508762,0.785248,0.176893,0.0377773,1.28247e-05,0.184646
real_0306,0.599587,3.42432,1.83926,0.50481,38.7845,0.0976486,0.193163,0.82593,0.667592,1.07079,0.666619,0.00990362,32.6279,0.0159008,0.0789575,0.0374901,313.036,3.56376,1.56351,0.00205378,0.704989,0.137268,0.348081,0.730471,0.760852,-4.06778,4.40207,5.53002,0.91542,0.82701,2.94572,0.0146758,1.4516e-05,0.596556
real_0307,1.37368,0.212505,0.8859,1.52061,15.4738,0.161705,0.268479,1.76069,0.372363,0.876121,0.680094,0.663207,1.87427,0.0303489,244.438,0.125679,624.045,9.0556,0.78061,0.241,0.105957,3.21673,0.00990572,1.02627,0.0100324,-1.6459,3.32652,1.29379,0.77504,0.531742,0.907553,0.160534,0.000150621,2.45637
real_0308,0.522223,0.237715,0.952368,1.67921,2.16379,0.909779,0.53311,1.0685,2.38798,1.1477,0.683591,0.112169,58.4,0.0245197,0.0099295,0.0892278,353.009,2.73273,1.18413,0.489407,2.93589,0.222885,0.449286,1.18532,0.192688,4.95392,3.06389,4.63634,0.438405,1.29433,1.0202,0.0103465,0.000119729,2.0092
real_0309,0.847474,1.86826,1.81513,2.48802,1.09178,0.98571,0.721142,1.09098,0.712693,0.819151,0.634123,0.0194053,23.2597,0.01549,0.152516,0.1679,260.959,5.88961,2.44533,0.0607536,1.54579,0.837643,1.22924,1.55995,0.777391,-2.23869,1.1142,2.04347,0.463731,1.11527,6.77267,0.241802,2.14856e-06,0.648377
real_0310,0.597705,4.82523,1.74188,0.667847,3.37694,0.914549,0.981363,1.11851,3.92434,1.10701,0.967849,0.0317166,62.2281,0.0117852,11.053,0.00596787,1460.6,9.76146,0.574127,0.0034043,3.33749,1.82978,0.00645576,1.78549,0.505258,-3.37139,1.09314,2.2533,0.161123,0.832624,0.320831,0.125158,0.000108489,6.16031
real_0311,1.65816,1.39471,0.877271,0.643527,0.564346,0.778412,0.0847978,1.88905,1.15835,0.903089,0.998862,0.0337368,120.674,0.0278295,0.00638386,0.0910294,479.642,5.15616,1.39416,0.00179283,2.33721,0.58814,0.0115768,1.0939,0.946142,-1.16204,3.98316,6.12417,0.760171,1.05934,0.410892,0.0300465,1.51003e-06,1.35437
real_0312,0.829752,0.73781,0.925829,1.00997,0.946262,0.208281,0.147777,0.756553,1.15062,0.922487,0.501919,0.0692892,21.9953,0.0366426,5.83971e-06,0.0922312,299.855,2.31366,0.646462,0.00610032,0.914376,0.291195,3.84732,1.12905,0.59798,-3.32731,8.48145,4.43315,0.944499,0.823346,4.26767,0.0851503,1.33532e-05,2.3732
real_0313,1.3205,0.250508,0.65909,0.522571,0.511532,0.175956,0.456025,0.743769,1.54735,1.08912,0.973633,0.00421563,10.6731,0.0119471,616.148,0.143504,514.466,6.04956,0.348213,0.0228655,0.674639,0.751474,0.269267,0.691842,0.66659,-0.339396,6.51124,0.593641,0.972668,1.53175,0.236141,0.276106,0.000131702,4.11431
real_0314,0.870391,2.45881,0.907763,2.99386,2.48166,0.795725,0.890732,1.37116,0.434547,0.991409,0.255656,0.00121127,0.949372,0.0157431,1010.02,0.0146042,1168.71,5.80449,4.2233,0.122359,4.60457,0.18642,0.143622,0.966255,0.539529,2.10815,2.71256,4.93871,0.418239,1.62703,0.275374,0.104875,0.000154584,0.393288
real_0315,0.776465,1.11878,1.2675,0.609313,21.6171,0.620426,0.967345,1.1967,2.58138,1.0665,0.234347,0.00147801,4.51106,0.0317759,0.000161517,0.140399,812.049,2.79224,0.559432,0.00522817,0.376718,0.155026,0.00664493,2.58994,0.818516,0.669269,5.5425,5.55825,0.742048,1.72371,0.301831,0.0595282,7.1816e-05,8.07745
real_0316,0.514617,3.36565,0.57196,1.01957,10.8819,0.263756,0.4185,0.986958,1.55558,1.07572,0.88129,0.00122123,1.80824,0.0459096,0.50382,0.14676,545.927,9.99372,0.238297,0.0162147,1.90452,0.170632,0.0154585,0.534136,0.323601,-3.10408,6.9226,5.23684,0.689977,1.51398,0.817708,0.107052,3.55701e-05,2.95057
real_0317,1.209,1.3316,0.77801,0.548082,32.1981,0.214435,0.162439,0.657688,1.69103,0.940968,0.71606,0.00208474,1.62394,0.0164598,0.00205662,0.112788,251.793,2.63118,0.209466,0.00167035,4.76847,2.0154,0.471691,0.661835,0.833189,-0.638773,3.7639,3.32135,0.402616,1.43115,6.20749,0.102872,9.18567e-05,0.385781
real_0318,0.57669,0.222704,1.21791,0.581361,15.7236,0.272799,0.0560647,0.633502,0.983269,0.950915,0.922366,0.00394985,89.0632,0.0365493,0.00106736,0.156211,1432.71,3.06867,4.27759,0.000726478,2.16997,4.2652,0.156031,1.06912,0.96669,1.47423,4.6922,6.02759,0.0115354,0.668288,1.22737,0.0365848,2.4758e-07,5.19545
real_0319,1.19126,1.18262,0.929932,2.09278,9.15143,0.977073,0.702221,0.65379,1.45717,1.05592,0.247262,0.130653,3.46649,0.0491215,1.06005e-05,0.119105,587.27,0.124161,4.41142,0.0104852,1.59582,0.213686,0.513552,1.61955,0.0349094,-4.03706,8.30473,7.73218,0.883171,0.547243,9.22424,0.165636,1.4544e-06,1.07428
real_0320,0.677469,0.37071,0.955991,0.53305,15.3199,0.351015,0.993112,0.540138,0.825316,0.955519,0.428583,0.1554,9.25668,0.0267313,21.3745,0.109585,1495.77,5.73522,0.729568,0.218572,0.297073,0.446754,0.165999,0.520993,0.840491,0.741324,9.7062,5.47238,0.940223,0.58549,3.24221,0.0172112,0.000993702,0.287481
real_0321,1.36367,4.74792,0.637151,2.81883,0.588234,0.546582,0.935703,0.712327,2.87934,0.882742,0.398591,0.0304154,0.290975,0.0487162,885.365,0.109744,278.607,6.85578,3.37017,0.00253514,2.12089,0.119832,0.0245905,2.90081,0.814754,3.51838,2.27187,1.82287,0.878179,0.995724,5.80429,0.0213745,2.33177e-06,4.47997
real_0322,0.574099,0.241378,0.529071,2.4628,3.84153,0.611438,0.306848,1.85559,0.600228,1.14075,0.608984,0.326532,4.11152,0.0385477,8.55028,0.108676,704.704,1.30264,4.1891,0.0270792,0.203172,0.144903,0.0743315,1.67212,0.607826,3.928,7.04095,0.0524672,0.0980131,1.02305,6.63935,0.0170824,1.42792e-05,1.42262
real_0323,0.662782,1.42614,1.00476,0.654693,25.3624,0.665378,0.164955,1.59724,0.636783,1.03259,0.541122,0.00367354,3.15899,0.0359865,7.73961e-05,0.0943055,699.066,9.37818,0.204957,0.099361,1.3314,0.529242,4.18775,0.723529,0.183615,-1.68705,5.5061,4.91014,0.56156,1.47776,0.763274,0.255584,9.9954e-06,0.191551
real_0324,0.542746,0.659775,0.992092,1.19306,8.42794,0.661291,0.451471,1.36705,0.721935,1.07357,0.988041,0.00837449,153.917,0.0421493,0.00233333,0.141305,689.142,9.53061,4.50665,0.0991828,0.26285,0.89737,1.92321,0.810651,0.467929,-0.773434,7.1693,1.18857,0.42899,0.543073,0.717044,0.0206748,2.10358e-05,1.43554
real_0325,1.09193,4.0787,1.29728,1.55944,5.00372,0.266883,0.388607,1.61219,0.537184,0.871867,0.450829,0.121748,2.3223,0.0118709,1822.41,0.116938,667.02,0.868632,0.481324,0.0287932,2.59072,0.124607,0.409941,0.616233,0.971913,3.0063,2.69349,6.47232,0.0262912,1.10421,0.324063,0.0278207,9.49616e-06,0.312489
real_0326,1.13604,3.08514,0.558228,1.16311,42.9675,0.888307,0.555594,0.837958,2.47843,1.06893,0.776086,0.237081,7.88184,0.011109,1.78352e-05,0.098173,1135.24,3.36189,0.59621,0.0296924,4.01215,0.12082,0.385334,1.3226,0.348857,-0.612764,1.85294,2.21632,0.627971,0.520403,0.170062,0.0186527,0.000966778,5.51382
real_0327,1.18179,1.63816,0.63976,1.58839,17.5331,0.990253,0.89299,1.73299,0.932279,1.09601,0.214169,0.049744,1.56542,0.0145866,0.00177414,0.10639,221.896,0.198598,0.418957,0.00481291,0.45085,0.596087,0.00621666,1.63893,0.993434,-2.39949,3.41456,4.23493,0.144884,0.810112,2.58486,0.103446,8.49405e-06,1.36957
real_0328,1.06058,4.77202,0.64923,0.757803,1.25608,0.514655,0.982546,1.71364,0.754456,0.83089,0.7125,0.00886316,0.584497,0.0127958,0.000103897,0.0571535,1404.79,5.87576,1.79732,0.024844,0.11585,4.04649,0.193775,2.60411,0.602851,-0.945974,6.07457,2.3616,0.83017,0.522706,2.08198,0.0228259,0.000225179,0.232055
real_0329,0.569171,1.07686,0.508698,2.49312,6.83042,0.742832,0.571648,1.95934,1.9961,0.843717,0.400033,0.00164834,35.7389,0.0117121,0.00145747,0.0304481,1080.81,2.76357,1.22181,0.0208903,2.54142,0.128094,6.71591,0.50023,0.327232,0.955477,8.02562,7.45728,0.671629,0.589011,0.210644,0.161868,1.92392e-05,7.99972
real_0330,0.633007,2.60378,1.17471,1.53209,6.2738,0.469852,0.220461,1.60979,0.563854,0.935346,0.978124,0.364723,10.4887,0.0131396,645.213,0.0326367,582.882,5.05514,0.291917,0.0842933,1.24977,0.261947,5.91878,1.85364,0.243643,0.389262,2.15626,6.58385,0.190675,1.02962,0.122984,0.249054,1.56286e-06,1.87413
real_0331,0.560235,1.04644,1.14307,1.63343,2.45886,0.473853,0.87439,0.708831,2.6765,1.1041,0.396124,0.825696,0.237273,0.0306225,714.584,0.0960742,240.073,0.446395,4.33855,0.00664038,2.49325,0.40053,0.160372,0.645156,0.234815,-2.57387,1.45165,6.50567,0.389173,1.4869,0.208666,0.0554968,6.07703e-05,0.173671
real_0332,0.722562,0.693863,1.67405,2.62146,0.755132,0.226912,0.452509,1.11682,0.527716,0.921888,0.837469,0.459043,1.29852,0.0256791,0.283913,0.0439395,786.463,1.73155,0.289149,0.1092,2.69507,0.381787,0.0252031,1.01139,0.865122,0.963516,6.38389,6.33956,0.76705,0.73921,0.218157,0.218835,0.000114502,0.889897
real_0333,1.02055,0.777264,0.817107,2.40525,1.56069,0.170468,0.930363,1.364,2.39639,0.893972,0.824826,0.0501753,1.11206,0.0367128,0.00874058,0.0745913,305.972,5.68435,0.305123,0.00306237,0.419693,0.133779,0.00873461,1.07851,0.0494722,-0.138855,7.95566,3.90347,0.0833662,0.876407,0.506013,0.276901,1.68927e-05,2.86174
real_0334,0.698367,0.706003,0.805972,2.31865,4.07495,0.804891,0.302808,1.03471,2.73781,1.04455,0.384343,0.0587225,77.0494,0.0340686,575.913,0.00657363,577.481,1.5192,2.64456,0.198318,4.65632,0.640227,6.39558,1.9817,0.135298,-0.676151,9.14426,0.888536,0.0819406,0.938876,0.142089,0.0231381,1.87649e-05,1.1619
real_0335,1.30939,0.88746,1.35925,2.93017,17.2465,0.785526,0.6017,0.664742,1.17543,0.997415,0.111573,0.103142,0.563704,0.0126152,5.04831e-06,0.161766,228.148,2.50745,0.367516,0.0704852,0.200883,1.33345,0.112513,0.572028,0.385894,-4.14501,9.20384,4.74414,0.395735,1.26907,6.01017,0.0325835,1.9643e-06,0.991932
real_0336,0.684086,1.71394,0.57568,2.15868,1.44262,0.389935,0.277562,0.588919,1.70973,1.16061,0.495029,0.00243916,6.11012,0.036974,15.7342,0.0627397,662.794,7.74548,0.369307,0.12058,0.510184,0.997887,1.2048,0.561268,0.46138,3.53086,4.99307,1.18337,0.0305272,1.15217,0.136458,0.151072,4.54762e-05,9.12458
real_0337,0.864897,2.73006,1.48862,1.78058,15.1472,0.0382937,0.95025,0.971939,3.00519,1.18487,0.419632,0.715389,3.3154,0.0136358,0.00113293,0.164433,1211.79,0.100488,2.32642,0.00436629,0.516276,0.746012,5.25085,0.58043,0.354248,2.33398,9.24904,3.40031,0.24157,0.652243,0.148913,0.0202652,5.5569e-07,0.116979
real_0338,0.758059,0.543084,1.24728,1.62764,17.2693,0.247576,0.682276,0.973718,1.14564,0.884284,0.52894,0.19484,5.82987,0.0284024,14.8761,0.169201,774.151,6.42612,4.10257,0.212303,1.14484,3.60309,4.76708,0.83874,0.0739721,2.02861,6.26014,7.56112,0.992881,0.521312,0.24403,0.220078,4.86618e-05,1.76672
real_0339,0.873786,4.62005,1.20004,1.35208,4.74829,0.750618,0.938738,0.517959,1.08737,0.98397,0.982998,0.13899,0.633884,0.0143318,0.000200199,0.15202,504.147,7.15694,4.55038,0.00379442,3.04442,0.252428,0.129908,1.82077,0.124267,-3.1428,7.38238,5.13778,0.169793,1.18898,0.102995,0.350156,0.000186105,0.230341
real_0340,0.667173,0.727322,0.782285,0.559127,1.19182,0.363295,0.486103,0.529585,2.43435,1.03081,0.997665,0.0809021,1.92196,0.0217153,0.308073,0.100027,268.766,7.24438,0.20346,0.0138772,2.99494,0.462586,0.0763729,1.93327,0.0897313,-4.22056,6.34197,6.22747,0.0537831,1.30571,7.33992,0.02446,2.24496e-05,0.116596
real_0341,1.02532,0.477793,0.517461,1.24902,1.33661,0.471517,0.0651407,1.82578,1.10657,1.09759,0.44638,0.00646557,3.86316,0.0120291,35.3983,0.0296015,413.229,9.75045,0.249308,0.00150534,0.101464,0.364043,1.33092,1.2701,0.312573,0.844784,2.49016,4.35753,0.220861,0.641133,0.38308,0.0404151,7.75664e-06,0.206973
real_0342,1.65209,1.092,0.573836,1.71845,9.64689,0.9785,0.309944,1.30319,0.402256,1.12527,0.0418241,0.13862,1.35681,0.0353264,9.11321,0.0682435,272.315,2.46363,0.811644,0.0257673,0.199605,0.673804,0.258041,1.02946,0.425126,-1.34874,9.03184,0.201591,0.376963,1.1476,0.832881,0.109982,6.88932e-07,0.149166
real_0343,1.49428,1.20052,1.48543,2.69089,43.2962,0.6315,0.848443,1.56991,0.839459,1.00282,0.30295,0.00251571,0.845981,0.0184463,4.96198e-05,0.0967782,455.976,1.32729,0.626659,0.22268,1.30039,0.172873,0.0140243,1.21531,0.022398,1.44537,8.94873,3.8665,0.616281,1.28252,0.466444,0.0191781,1.32573e-06,0.505108
real_0344,0.772488,3.6363,0.91211,0.564408,2.66702,0.191727,0.0302084,1.62227,0.497561,1.07419,0.851041,0.0956048,176.274,0.012473,0.00457695,0.0364217,986.837,4.40703,4.99494,0.0310591,1.28464,1.80419,4.11425,1.46499,0.592189,-2.10904,3.36867,5.54092,0.091273,0.861074,0.463249,0.282151,4.58777e-07,0.810446
real_0345,0.707553,0.35786,1.21407,0.89708,0.928775,0.896859,0.726409,0.575639,2.08333,0.963028,0.277159,0.214066,29.4716,0.035011,5.97171e-06,0.163161,263.357,5.52305,1.0965,0.107529,3.29916,4.38121,7.00899,1.51076,0.859338,-2.50658,1.35927,2.42154,0.719434,0.698497,0.289546,0.375613,4.79241e-07,0.377218
real_0346,1.19778,3.31302,1.43233,0.628335,3.97162,0.905401,0.792847,1.53904,1.29301,0.808248,0.600453,0.575643,16.1987,0.0125816,0.0203549,0.143979,393.667,8.9706,0.541017,0.00200986,0.165821,0.959472,0.00504826,2.90815,0.391546,-4.13623,7.29489,0.138008,0.138012,0.652796,3.18183,0.0185483,1.10641e-07,0.804195
real_0347,0.580748,0.227907,1.34076,0.534098,8.68347,0.864845,0.823135,1.68727,2.3309,1.12875,0.948396,0.0477592,0.554569,0.0187005,1.39327,0.150799,439.698,5.59449,0.66936,0.00050862,0.783102,0.816937,0.0131855,0.841666,0.973569,-0.826904,4.23452,6.26057,0.606911,0.503034,1.85775,0.19859,3.63927e-05,0.308207
real_0348,0.925527,0.983662,0.824201,2.11051,8.35855,0.0237078,0.339937,0.727018,1.341,1.03774,0.913271,0.0509576,0.240169,0.0108199,0.21593,0.170605,215.199,2.00116,0.981669,0.00586785,0.91805,2.84415,0.0107313,2.78571,0.830446,2.99091,3.56711,2.37651,0.114845,0.953947,1.37832,0.043032,1.91835e-07,0.18807
real_0349,1.46549,2.36616,1.70845,1.41968,0.669867,0.205246,0.522203,1.26928,1.23806,1.1801,0.0195848,0.0614092,0.220129,0.0488263,0.015771,0.0331324,595.113,6.11899,0.22648,0.0187654,1.17564,3.00933,0.0895394,0.896737,0.250973,-0.596932,8.73278,2.18877,0.253605,0.573019,0.138475,0.0475214,2.26499e-06,2.85632
real_0350,1.50456,0.331354,0.671672,1.31707,7.07606,0.894495,0.846783,0.909567,3.83504,1.15663,0.827787,0.0147607,13.9317,0.0194246,158.445,0.0515266,529.908,4.15335,0.408626,0.310184,0.694722,1.23912,2.38582,1.14722,0.364382,0.486981,1.65506,0.299968,0.0351782,1.84975,0.456199,0.169468,8.65206e-06,0.323998
real_0351,0.507257,1.54569,0.532769,1.45983,19.5063,0.0411321,0.484289,0.673533,0.337725,0.926663,0.32237,0.036626,5.0371,0.01597,0.000121365,0.0693753,1177.15,0.548863,0.518862,0.00258776,0.333239,0.519769,0.0184136,1.17373,0.683532,3.70415,9.2348,0.738848,0.207512,1.1368,0.251775,0.150059,1.33587e-07,6.74813
real_0352,1.32611,0.820836,0.961327,0.705875,1.72947,0.780856,0.279486,0.533279,1.79078,1.00349,0.994501,0.00327579,1.28127,0.0172416,4.79524e-06,0.138478,243.837,3.96601,0.542868,0.148628,2.19774,1.13665,0.0844175,2.50121,0.729714,-1.79275,7.6626,3.21288,0.311078,1.31369,0.431795,0.292591,0.000401925,3.41519
real_0353,0.554235,2.57614,0.743652,2.00289,21.7401,0.0197177,0.769852,0.864435,0.447402,1.09408,0.0157873,0.210069,47.7037,0.0278369,106.488,0.133966,304.836,0.264357,2.10039,0.105601,1.84133,4.04854,0.117471,0.807073,0.253809,-0.170463,1.5642,5.84818,0.636065,1.57844,1.83265,0.0518813,2.06323e-06,0.448199
real_0354,0.505544,0.443007,1.875,0.511926,1.48261,0.124452,0.328627,0.519867,0.362731,1.14924,0.563209,0.00787581,0.875654,0.0173234,4.51142,0.129656,256.859,9.62878,2.30807,0.00492398,4.28774,1.71057,0.543213,1.37115,0.704233,4.49475,9.79661,6.01271,0.111624,0.626655,0.686552,0.0545549,4.37209e-07,0.234745
real_0355,1.29147,1.16827,0.795239,1.59119,1.75517,0.32679,0.796911,1.30854,3.13618,0.934319,0.381804,0.243927,0.885048,0.010792,4.79565,0.0247068,431.175,1.10305,1.24527,0.0007222,0.588348,3.25756,1.37108,2.13738,0.236991,-4.63219,6.82097,7.15385,0.477014,0.581736,0.334645,0.0189196,0.000267506,0.695669
real_0356,0.621094,1.88712,0.55202,2.84405,0.932755,0.0733943,0.97714,1.84768,0.918833,0.957153,0.233263,0.00194913,0.407876,0.0113638,0.464076,0.0205371,213.657,0.974315,4.45863,0.00576308,1.0134,1.43907,0.895883,0.644087,0.800166,1.03743,3.65529,4.65882,0.921448,1.60125,0.108513,0.101054,0.000416718,0.241548
real_0357,0.601963,0.230082,0.873899,2.29825,1.71245,0.15682,0.390929,1.54138,3.60818,0.921063,0.0683941,0.29057,0.411525,0.0397716,0.00310237,0.18221,1450.69,2.94208,1.07924,0.00582454,1.74043,0.525167,0.0310003,1.44748,0.872344,-4.84561,6.52727,6.7053,0.521763,1.97791,0.344434,0.0306045,1.23637e-05,6.47692
real_0358,0.558611,0.917084,0.712915,0.681286,1.95627,0.66912,0.974918,0.840618,0.279793,0.960763,0.643861,0.00599496,103.922,0.0390727,2.53236e-06,0.16127,262.148,2.86232,0.303246,0.000678872,0.402832,3.52665,0.184205,2.84449,0.150292,-3.77488,9.05566,2.31613,0.265128,1.78882,0.476994,0.0287007,7.38173e-06,0.146735
real_0359,1.69755,0.881044,0.767015,1.30704,6.03231,0.11307,0.381596,0.814202,0.482292,0.8046,0.906857,0.281877,0.321915,0.0189565,0.00189912,0.113806,1102.99,3.83445,1.21356,0.0127147,0.901291,1.04982,0.00889259,0.740552,0.201,1.59852,2.6771,2.04919,0.696896,0.732861,0.404326,0.172814,1.52672e-05,1.84953
real_0360,0.901148,2.25374,0.510525,1.95024,12.0793,0.646692,0.0446951,1.51865,2.54599,1.19749,0.798171,0.017012,0.234701,0.0151485,1.90876,0.0251619,421.002,0.340084,3.60788,0.077188,0.761177,0.15434,0.0341868,2.70585,0.265443,-2.67794,4.60913,7.92272,0.301152,0.989364,0.265141,0.113428,1.082e-06,2.15056
real_0361,0.575891,0.204486,0.663319,1.88728,14.9929,0.0291201,0.8694,1.2797,0.273128,0.82055,0.219257,0.00733181,2.56538,0.0161946,4.47094e-05,0.0341357,1311.6,8.49433,0.858059,0.00174882,0.462195,0.107939,2.87495,2.96835,0.604405,0.462902,8.40078,5.03127,0.32062,0.656922,0.100618,0.0472141,2.98234e-07,0.107482
real_0362,0.509457,3.13222,1.15161,1.02935,0.769219,0.151537,0.985496,0.523212,3.637,0.883576,0.420936,0.566438,155.96,0.0133781,24.8644,0.176545,518.506,6.82361,0.319137,0.0106129,0.142452,0.621765,0.0216045,1.48431,0.083381,-2.63397,2.40557,0.775831,0.552704,1.19256,1.13476,0.012351,2.48649e-05,0.255731
real_0363,1.5995,4.90057,0.538568,2.55706,1.64046,0.558769,0.358325,0.777511,1.48967,1.05355,0.416923,0.0149182,0.259754,0.0148302,12.1658,0.138895,1018.46,0.639884,1.52012,0.366571,2.74102,0.986986,0.210382,1.54541,0.69985,-1.39573,2.62976,3.02776,0.0197009,0.743686,0.12377,0.268582,5.46331e-06,0.177321
real_0364,1.2491,0.315622,1.05053,0.65948,1.77493,0.284076,0.201616,0.954814,2.8929,1.12954,0.758375,0.0426102,131.191,0.0133496,0.536624,0.119407,590.744,8.80109,4.12377,0.00263771,0.209009,0.592387,0.0190796,2.74875,0.347343,-1.60416,4.21571,3.52634,0.481111,0.894346,0.269222,0.0151389,4.33702e-05,0.140077
real_0365,0.737299,0.231592,1.42569,1.50202,0.830842,0.287133,0.494925,0.983509,0.456631,0.87335,0.88259,0.691489,0.43128,0.0479526,16.7988,0.108012,506.637,9.61779,1.67365,0.00186922,4.42066,0.198847,0.82796,0.50355,0.47943,-3.84992,8.66974,6.12829,0.292238,1.81209,0.944867,0.344216,1.18975e-05,4.4968
real_0366,0.500588,1.53103,1.5874,0.961966,1.42607,0.26829,0.366952,1.7259,1.11537,0.920268,0.279056,0.0048894,26.5169,0.0110281,47.614,0.130453,569.805,3.74705,2.31108,0.00782429,2.69153,1.06862,0.2212,0.654446,0.688494,1.18426,3.1552,0.643449,0.471768,1.90281,0.537511,0.0442829,0.000133422,0.552426
real_0367,0.850346,0.587846,0.980399,0.506576,5.77831,0.956064,0.650697,1.11004,0.260155,1.07159,0.461761,0.0454248,48.1006,0.0224514,0.00364859,0.190329,367.007,5.21838,2.2717,0.00130411,0.991706,0.138056,0.110675,2.22881,0.452485,2.65772,2.37838,7.61675,0.446994,0.69449,0.147034,0.226113,7.8711e-07,0.603702
real_0368,1.03248,4.3314,0.621591,0.556245,0.550362,0.903628,0.148805,0.629732,1.36718,0.842309,0.549877,0.00410618,78.1415,0.0143477,6.48583,0.105205,358.258,5.46326,0.232188,0.000887817,1.6381,1.58882,0.0197331,1.31082,0.716581,-3.74916,7.20738,6.49063,0.289819,1.9537,0.478996,0.17066,1.23439e-06,2.50629
real_0369,1.12645,3.14938,0.515601,1.81255,3.00703,0.121626,0.670585,0.795549,0.513876,0.867162,0.036165,0.0237581,45.3093,0.0389304,6.46179e-05,0.0261358,880.3,2.6188,2.22674,0.0145929,0.193578,0.202773,0.096896,1.4887,0.687359,-1.56172,6.62732,7.07599,0.454723,0.847689,1.42459,0.0197112,0.000721487,0.835364
real_0370,0.643613,0.350567,0.52066,2.17103,3.32777,0.555152,0.778358,1.14384,3.24909,0.936122,0.289281,0.00269915,26.3569,0.0169736,0.000127465,0.00509891,357.25,5.02845,0.746796,0.00604402,0.480945,0.225469,0.015856,2.20558,0.732408,-1.9049,7.14936,2.57448,0.196741,0.6724,8.92761,0.0204845,1.44881e-07,0.153749
real_0371,0.98051,0.435268,1.1894,2.15341,25.8669,0.671288,0.26487,0.58687,0.630317,0.810831,0.361879,0.733674,0.227656,0.0236392,5.33154,0.0674948,372.507,5.23457,3.35346,0.00197518,0.847166,1.09304,2.5077,1.06419,0.383051,4.62979,2.79225,5.80026,0.246261,0.566884,0.599323,0.0340053,0.000598526,1.31008
real_0372,0.956882,0.379329,0.828477,0.836961,7.19493,0.504337,0.11151,1.67701,0.430952,1.04354,0.113897,0.00246224,5.67859,0.0146356,73.3159,0.0766806,1362.82,9.0689,1.6744,0.0502519,1.97711,0.243779,0.133913,0.805081,0.544282,-1.36786,7.88154,0.994909,0.903166,1.67786,7.19337,0.0359872,9.28614e-07,0.263793
real_0373,0.985023,0.224779,1.15547,0.792315,40.6319,0.636267,0.837929,1.4011,0.789171,0.870802,0.715868,0.067881,0.443354,0.0189026,1.03106e-06,0.158701,1285.84,7.3508,0.431756,0.00156777,4.07002,0.200122,0.016713,2.40084,0.282472,1.84311,7.72021,6.43606,0.898353,0.528848,5.47805,0.0152855,8.34103e-07,1.69447
real_0374,0.783512,0.327768,0.570221,1.13284,16.0941,0.233928,0.42783,1.38693,3.8927,0.933359,0.673742,0.00322093,1.44656,0.0310159,13.2886,0.0188398,470.416,8.57721,1.95056,0.00601085,1.52598,0.554577,0.0530345,0.908718,0.297765,-2.85658,8.6177,4.6013,0.110671,0.564997,0.355962,0.361661,5.6918e-07,1.46339
real_0375,0.606526,1.43527,0.722113,0.766303,1.86029,0.9996,0.764843,1.06083,0.476666,1.06205,0.723635,0.347846,2.81712,0.0290887,0.0120245,0.0028513,572.796,8.24652,1.96091,0.00730767,0.148514,1.08116,0.00773426,2.35145,0.790938,0.221045,4.87595,3.80825,0.0168688,0.714531,3.10743,0.0631221,2.03551e-06,0.512883
real_0376,0.892206,1.00864,0.974572,0.623904,20.8732,0.440194,0.320175,0.902871,2.40821,0.930244,0.856387,0.093711,7.24649,0.0482682,4.41024e-06,0.153055,485.22,3.7131,2.73178,0.00183591,0.557583,0.416062,0.627989,1.28279,0.769897,2.00586,6.80891,2.45861,0.62981,1.5001,3.31762,0.287781,0.000428178,1.58264
real_0377,0.526749,0.595684,0.676785,1.59825,33.0334,0.425092,0.924081,0.742959,1.01043,0.97675,0.431486,0.00477318,6.28181,0.0269952,0.0326526,0.199263,418.578,8.10255,0.666308,0.180593,0.836652,0.550477,0.634112,1.16654,0.91186,4.70445,3.37923,2.69657,0.755326,1.02754,0.278079,0.026407,0.000924029,0.854846
real_0378,1.35441,0.27461,0.935448,2.05653,3.0486,0.251713,0.203615,0.848079,1.43846,0.998954,0.664482,0.301275,11.0091,0.0246977,4.55024e-06,0.144273,288.774,8.66344,1.81862,0.390551,4.92331,1.2302,0.228287,0.792126,0.6136,-0.476401,6.19571,4.77302,0.879426,0.664688,1.31001,0.0201356,1.05524e-06,0.267545
real_0379,1.16993,0.247717,1.01929,1.22673,0.649805,0.217558,0.0283698,1.25569,1.28076,1.04005,0.63254,0.00288077,0.343661,0.0104727,0.008,0.04989,409.428,3.01909,2.48103,0.000766136,0.598867,0.979909,0.487817,1.7908,0.645015,2.38572,4.28122,6.17483,0.673603,0.613756,0.153467,0.0498861,6.1132e-06,3.85954
real_0380,0.943773,1.70548,1.96798,1.00279,1.5787,0.178494,0.896317,0.508473,3.06655,1.12061,0.533103,0.00678326,0.76359,0.0178348,45.9509,0.12011,733.053,9.40646,0.402827,0.0010594,0.417565,0.359236,1.81126,1.10318,0.459028,0.989503,2.39081,2.71225,0.30554,0.736815,0.125186,0.0558436,4.22591e-06,0.303486
real_0381,0.788118,1.08241,0.612617,1.43087,1.1898,0.506674,0.859716,0.525024,0.586554,0.948346,0.256978,0.0323885,2.06457,0.0460156,9.37933,0.144948,328.4,5.8279,1.30903,0.00390873,1.64656,4.31167,0.0285777,2.01184,0.860299,-1.76389,5.7379,3.42525,0.965844,0.681333,5.03011,0.0426803,1.2003e-06,0.313427
real_0382,1.24164,0.294709,1.99709,1.98267,16.2557,0.865737,0.649149,1.28122,1.16724,0.928249,0.929679,0.0350967,0.542785,0.0132193,1.18228e-06,0.0769931,405.551,0.911548,2.259,0.00242953,0.408137,0.22108,0.00736228,1.32809,0.915974,-4.79479,4.62218,5.69883,0.189565,0.752517,0.259152,0.047855,2.69854e-07,3.23424
real_0383,0.927858,0.920382,1.72241,2.86414,7.14674,0.763336,0.683684,0.556093,0.846775,1.01075,0.942238,0.0140207,1.41866,0.0114733,3.91401e-05,0.00224862,272.871,8.77979,0.411245,0.178558,1.43109,1.03523,0.947166,0.849099,0.543248,1.35222,1.1616,3.15317,0.717156,1.97154,0.280919,0.0351503,7.3494e-05,4.25573
real_0384,0.714808,0.43184,0.833703,0.965232,1.86669,0.819704,0.541811,1.77996,0.33981,1.01621,0.191563,0.00126172,13.3998,0.0186499,915.829,0.115658,339.831,9.42486,1.08741,0.499081,1.78695,0.12428,0.915476,1.94446,0.678876,2.12855,3.86707,6.97,0.107983,0.860302,0.377943,0.244232,8.14516e-06,2.32977
real_0385,1.4619,1.76998,0.859738,1.72615,6.76724,0.0308606,0.0318945,1.60292,1.61805,0.988079,0.57207,0.00160327,13.1029,0.0233702,0.000204868,0.0546981,303.945,8.04682,0.528019,0.000551736,0.447113,0.115211,2.62643,2.07454,0.18621,0.356715,3.11579,2.35116,0.935725,1.58723,0.50204,0.0241559,2.39377e-06,0.452612
real_0386,1.18611,2.78676,0.845854,0.81295,14.0688,0.257746,0.175635,1.74496,0.424184,1.17641,0.0222327,0.00618848,67.6875,0.0112724,0.00119782,0.0879303,852.217,4.38014,0.419826,0.000808111,4.39114,0.188505,0.0632814,0.573251,0.905021,0.724966,7.22327,4.34843,0.0424665,0.562776,1.07556,0.371044,1.04549e-07,6.2772
real_0387,1.10201,3.99218,0.650712,0.700782,18.8875,0.861703,0.927305,0.996206,0.265996,0.941858,0.310934,0.024064,55.1048,0.0203131,2.00909e-05,0.057388,257.937,1.48237,0.262939,0.0122206,0.134871,2.18097,0.144905,0.935863,0.408328,-4.43633,3.31473,7.17232,0.426166,1.06613,0.602983,0.0133097,1.20853e-05,1.65926
real_0388,0.767684,2.07456,0.587842,0.860498,2.55924,0.823453,0.30306,1.87857,0.864911,1.11464,0.345067,0.00137898,117.122,0.0154139,0.99818,0.0919568,1189.93,4.25807,0.592611,0.0321423,0.948169,0.766989,2.82421,1.31192,0.609873,-1.26839,1.94701,4.15227,0.383338,1.2266,1.73229,0.232082,3.5372e-06,8.42206
real_0389,0.896667,0.418111,0.695788,0.756987,9.75569,0.969412,0.991432,0.558106,0.859751,0.878342,0.864221,0.498902,35.2898,0.0101008,0.0141452,0.0817251,567.933,9.66315,1.16933,0.00273209,0.393111,0.409644,5.68767,0.618028,0.869523,-0.0197398,5.11132,5.66796,0.387594,1.37942,3.7832,0.0224637,4.36892e-06,0.902796
real_0390,1.3485,2.0064,0.543707,0.745156,39.6983,0.579271,0.177573,0.592848,3.70999,1.16244,0.340602,0.00258069,5.75166,0.0204481,0.013829,0.179179,671.42,5.71954,0.428362,0.00117046,0.21412,3.71416,0.00731145,1.87095,0.473946,4.61306,2.94227,3.02348,0.195264,1.67017,0.612448,0.33146,5.0262e-06,5.30612
real_0391,0.555506,0.630107,0.717843,0.761048,16.4234,0.880523,0.621138,0.683766,1.22072,0.913712,0.49924,0.0118914,3.93237,0.0202485,0.000997128,0.012927,1300.44,0.573629,1.52956,0.338562,3.69016,1.11577,7.41456,1.80569,0.565521,2.88082,3.01954,0.656357,0.461001,1.53681,2.74561,0.0144176,4.95752e-07,0.137094
real_0392,0.856824,0.611143,0.592563,2.65065,38.0165,0.715511,0.307963,1.62622,0.87594,0.816958,0.395403,0.124236,115.074,0.0282015,548.353,0.0992236,477.894,0.956957,2.50802,0.0386963,0.163215,0.111335,1.26007,1.47503,0.465465,3.55473,6.97247,5.7369,0.818262,0.725143,0.351298,0.0421791,3.57565e-05,1.61471
real_0393,1.05817,3.18548,1.20207,0.507657,7.69073,0.570937,0.999354,0.746668,2.21026,0.896552,0.522072,0.428612,92.3374,0.0271164,13.4487,0.0410971,1107.82,3.33729,0.398947,0.00541595,1.0978,1.6724,1.04868,2.98318,0.240496,2.15694,2.80892,2.68791,0.516471,1.36365,3.69057,0.216999,1.16017e-05,2.18605
real_0394,1.6233,0.892828,1.38938,0.970992,1.01189,0.224763,0.773015,1.48937,0.48653,1.15746,0.308349,0.0827257,118.249,0.0153533,0.00353994,0.00969407,873.202,4.70546,0.422678,0.431286,0.424829,0.479664,2.97471,1.50519,0.286771,-2.9042,3.64583,7.91243,0.640534,1.12457,1.67453,0.0208332,1.10008e-05,3.49846
real_0395,0.589042,0.226657,0.560736,0.691984,0.725835,0.0585071,0.171035,1.44714,1.22316,0.969614,0.591557,0.157264,18.159,0.0317417,10.4055,0.0121179,711.587,5.48253,0.251976,0.000632911,0.293037,0.688715,0.00542529,1.53239,0.844408,-4.52862,3.72042,5.58074,0.951656,1.09121,0.643011,0.0419953,0.00031082,0.767472
real_0396,0.845597,1.46275,0.533232,0.521479,35.8889,0.240166,0.753789,1.65969,0.610648,1.08443,0.892892,0.0874091,18.4216,0.0452002,137.36,0.15598,244.99,3.24326,1.37321,0.0169769,0.426539,3.71035,0.0164521,1.14065,0.773045,-2.72016,4.80139,1.48445,0.90263,0.795319,9.78314,0.0535452,0.000455091,0.26164
real_0397,1.39802,1.27475,1.61476,1.26175,22.4112,0.98858,0.746812,0.774134,1.92529,0.915857,0.132544,0.0398943,10.8241,0.0272443,0.00403259,0.0842041,1178.79,1.39701,1.36506,0.0878186,3.58321,3.9408,8.53894,2.99823,0.319083,-4.91553,2.89471,3.34561,0.300537,0.844649,0.542529,0.0432841,0.000689103,0.402067
real_0398,0.756529,0.446953,0.603025,2.67936,0.609803,0.875067,0.507501,1.224,0.287348,0.834441,0.23833,0.0105099,0.22329,0.0225634,0.102795,0.0809188,794.588,3.58558,0.403844,0.184372,0.649104,0.208592,0.0339117,1.1992,0.943059,1.05986,1.62735,5.64344,0.237744,1.04556,4.56222,0.0370114,4.41924e-05,4.86359
real_0399,0.582535,0.646072,0.700058,1.27797,33.4174,0.770444,0.130699,0.761398,0.739349,0.845922,0.788822,0.247691,21.808,0.022744,0.0163241,0.0689103,404.301,1.35279,4.70405,0.132668,0.174928,0.377498,0.0256883,2.83809,0.0200842,4.69315,9.86757,3.106,0.433316,0.642544,2.56624,0.0525246,5.37956e-07,0.934302
real_0400,0.79724,0.235004,0.669748,2.22197,10.003,0.840917,0.0496226,1.00827,1.65998,0.948754,0.36384,0.018833,45.9352,0.0259039,399.003,0.0784519,903.064,2.93987,4.74928,0.000595963,0.265107,0.324764,6.81608,1.15233,0.674094,0.912291,7.4929,3.0929,0.338468,0.604506,4.83791,0.0456649,1.11569e-06,0.280801
real_0401,1.52551,0.506102,0.634647,0.832474,1.22157,0.94682,0.808199,1.46912,0.341806,0.851648,0.42646,0.00568549,0.786251,0.0103524,0.942668,0.0641832,517.254,7.58532,2.35681,0.235104,0.238948,0.442832,0.064241,2.65096,0.925216,-2.27758,4.46698,6.68089,0.407845,1.14049,2.50685,0.0864127,2.40232e-05,0.945601
real_0402,0.751771,1.28302,1.7648,1.26909,0.79072,0.467768,0.20513,1.23113,2.02781,1.08726,0.371075,0.0165343,5.10854,0.020842,33.7716,0.110689,249.952,5.96337,0.256275,0.161775,0.498785,0.295113,0.204126,2.93291,0.892221,3.64438,8.68943,0.245302,0.733017,0.799621,1.15073,0.0113414,1.13492e-06,7.002
real_0403,0.975571,0.843275,1.51623,1.67144,3.69359,0.84846,0.0989888,1.85657,0.587887,1.08838,0.55996,0.285966,14.2632,0.0261095,3.6385,0.000501065,467.336,9.38177,2.13101,0.00278224,0.134289,0.906487,0.00598676,2.63683,0.350919,2.83341,9.06433,4.95848,0.130019,0.883735,0.812339,0.236479,8.14081e-05,0.785655
real_0404,0.611893,3.09255,0.93808,2.07135,4.37242,0.975445,0.646827,1.3975,2.60345,0.978903,0.209719,0.00279675,1.94421,0.0269137,0.0650056,0.0698094,509.175,0.14186,1.82314,0.00448916,2.53013,0.353603,1.71962,2.95117,0.616912,-3.88961,1.68894,3.061,0.571638,1.44442,0.490511,0.0662924,3.93271e-05,4.67096
real_0405,1.42516,0.576314,1.0588,1.80692,30.3755,0.830451,0.0484796,0.834724,0.55605,0.995489,0.5548,0.00266634,9.49278,0.0118988,0.116629,0.197081,203.71,2.82472,3.31475,0.23267,0.413544,1.15634,0.00701371,1.56627,0.912498,-2.80727,5.24887,0.790267,0.820162,1.27494,8.18968,0.0122739,6.5602e-07,0.583747
real_0406,0.520725,0.464892,0.615634,1.76713,1.385,0.299006,0.51904,1.25077,0.256591,0.875826,0.153032,0.114235,4.18395,0.0170542,8.80355e-05,0.143123,756.074,0.398202,0.442357,0.00907919,0.493746,0.54058,0.0226377,1.08682,0.852824,-1.45982,3.07416,1.66468,0.735526,1.123,1.55222,0.214901,3.23935e-06,0.127493
real_0407,0.519341,0.451578,0.719194,1.51635,9.34284,0.95963,0.799517,0.576134,2.66492,0.848931,0.317754,0.0559074,1.31616,0.0280558,2.40398,0.0725447,787.765,9.3114,1.0659,0.00143506,2.25999,0.274072,2.72402,0.928855,0.710893,1.2688,4.00883,3.186,0.294351,0.555288,5.25462,0.0276618,0.000379202,0.616171
real_0408,1.44604,1.32657,1.86361,0.89118,1.29409,0.412478,0.805526,0.754346,1.00386,0.974404,0.454957,0.00929207,8.7228,0.0134712,1.07132,0.11676,887.244,3.62307,0.3077,0.00824756,4.17285,0.370752,0.343139,0.942005,0.328777,0.166891,1.06103,6.28095,0.274,0.632334,4.39128,0.0229346,8.4807e-07,2.1074
real_0409,1.51309,0.437107,1.27794,2.39686,31.1614,0.259508,0.61563,1.13007,0.930448,1.07873,0.482132,0.338357,38.8661,0.0101607,0.00481388,0.177803,1097.32,9.85992,1.11327,0.0313367,3.49959,0.114516,6.91203,0.524949,0.223696,3.77107,8.17448,2.63164,0.02933,1.21897,1.14659,0.0147117,1.36001e-07,0.100826
real_0410,0.946578,0.300696,1.00753,1.93205,10.0817,0.290747,0.90062,1.42217,1.96643,0.914865,0.509811,0.00896869,2.79698,0.0392547,0.00250397,0.148652,1019.71,8.02779,0.225662,0.331064,1.5821,4.18326,0.708635,1.24905,0.579681,0.199166,3.8516,1.77115,0.257949,0.646716,0.893881,0.0965186,0.000201462,1.24087
real_0411,0.694364,3.06179,0.6404,1.74595,20.7201,0.407799,0.219087,0.690192,3.5565,1.19971,0.465954,0.01313,0.252244,0.0326919,0.00260152,0.122889,318.834,6.12001,3.73181,0.05823,0.547834,4.28393,4.41879,2.04788,0.986496,-1.43067,8.64239,2.60338,0.134101,0.928496,0.871278,0.0906767,0.000144204,5.49434
real_0412,1.61863,4.13872,1.61058,0.618713,7.78851,0.643512,0.552117,1.38095,0.515135,1.13129,0.0907341,0.0135807,0.382713,0.02326,43.421,0.0733518,232.681,7.26741,4.08282,0.00423983,3.67737,0.132278,0.011258,0.595315,0.766477,4.02955,8.2105,0.186984,0.942406,1.60795,7.64506,0.0142822,4.25026e-07,0.210529
real_0413,0.616723,4.8063,0.646741,2.72603,34.8702,0.350435,0.169252,0.544947,1.59596,1.00054,0.645902,0.26121,0.58904,0.0495285,7.46001e-05,0.0393506,819.951,4.08212,2.54584,0.00762439,1.30944,0.361875,0.102109,0.621269,0.69392,0.455129,6.55562,2.9399,0.845004,1.37436,0.446669,0.0639809,4.0897e-06,2.3855
real_0414,1.10304,1.97043,0.6905,1.24501,12.2614,0.125054,0.256193,0.500522,0.987365,1.06285,0.0700159,0.0257339,1.84948,0.0109146,0.000268669,0.18623,408.024,2.67311,1.12308,0.0112526,1.25959,3.49583,0.237355,0.669659,0.438185,3.42483,8.01831,6.25586,0.445329,1.0205,0.178269,0.0215745,1.14571e-07,2.04545
real_0415,0.754247,0.240183,0.984855,2.19819,20.2399,0.380385,0.36216,1.34919,3.53441,0.812602,0.782952,0.0737377,6.91194,0.0337123,1141.43,0.160776,207.665,6.9717,0.674802,0.449481,2.14553,0.185478,0.49933,1.4164,0.681444,1.48962,2.30675,5.39159,0.703497,1.98229,0.127651,0.0130592,2.4499e-07,0.563858
real_0416,0.650596,0.361241,0.630017,2.52513,0.603714,0.79369,0.0224205,0.998466,3.65856,0.829094,0.406808,0.257443,114.493,0.010289,3954.17,0.112379,206.968,6.15249,2.02825,0.290523,1.98774,0.510527,0.0358331,1.40721,0.897087,-3.62445,4.65108,4.27624,0.4488,1.01272,0.164782,0.0336547,4.09627e-05,6.59583
real_0417,1.06378,1.48175,0.702198,0.562439,12.9602,0.0700314,0.613744,0.90039,2.76373,0.818663,0.021476,0.00502359,7.77604,0.0311302,0.0351568,0.0863579,384.039,3.87555,1.85753,0.170944,0.141024,0.738767,1.55419,2.72251,0.935748,0.41455,5.38988,7.29782,0.58966,1.8867,8.0204,0.0120453,8.91973e-06,0.682465
real_0418,1.45739,0.863861,1.95789,1.49328,11.9714,0.456811,0.195595,0.608806,0.794115,0.971345,0.411704,0.33092,2.14589,0.0100637,0.00607418,0.0453303,238.584,7.8272,0.373258,0.0243378,0.632732,0.464175,0.00744603,2.04049,0.91989,0.611709,2.34343,1.36016,0.798152,1.00019,1.53914,0.0444622,0.000257413,1.28955
real_0419,0.967222,0.677016,0.546395,0.698885,1.60471,0.719306,0.777663,0.552505,0.366342,1.0203,0.894005,0.00104893,95.5034,0.0315387,124.543,0.168645,649.262,4.28154,2.5878,0.286216,0.351964,0.452142,1.67928,2.69942,0.797828,3.17603,6.36188,1.45593,0.555299,1.11024,3.21183,0.0210947,5.02449e-07,4.80521
real_0420,0.515471,3.273,1.94933,0.552175,31.6944,0.50927,0.403143,0.521378,0.517889,0.844923,0.561767,0.147399,0.864518,0.0406749,184.479,0.0387535,659.637,1.4273,0.31204,0.133763,2.61093,0.995013,0.773366,0.878501,0.0978622,-2.87057,2.10281,1.7438,0.658298,1.06399,3.83831,0.185953,0.00049485,0.193166
real_0421,0.565028,1.61113,1.80809,1.75081,0.952688,0.0486692,0.771465,0.820604,0.358217,1.00176,0.748919,0.264129,11.7361,0.02223,93.1237,0.0348779,329.953,7.01237,1.69621,0.276169,0.998187,0.281156,0.295907,1.86152,0.0526839,-2.59145,9.0208,7.76483,0.725636,0.754475,4.10551,0.03869,3.98189e-07,3.94044
real_0422,0.994574,0.485822,0.980795,0.58487,0.507232,0.0794865,0.916707,0.643095,3.08477,0.943127,0.374252,0.191747,6.43625,0.0231033,2.63322e-05,0.184629,239.05,0.255528,2.69288,0.0232528,0.389954,0.459491,1.09728,0.603157,0.663851,1.12245,3.43304,7.36694,0.784742,1.79809,1.92142,0.0324361,4.74713e-07,2.68963
real_0423,0.789646,3.7934,0.549501,0.637148,1.32231,0.921607,0.598721,1.70788,3.75664,1.06724,0.136891,0.00106994,2.40288,0.0454296,0.00059981,0.0268529,489.662,9.73428,0.641854,0.0174844,0.981414,0.617776,0.753675,1.67809,0.590625,2.45265,6.67682,1.30715,0.62053,0.563312,2.33548,0.157618,4.21378e-05,7.69835
real_0424,0.953761,2.83275,0.836046,1.18676,43.7813,0.482361,0.913683,1.60188,0.653256,0.929821,0.166217,0.699438,2.49147,0.0217712,29.9855,0.109076,913.03,0.337552,3.62494,0.0341674,1.07171,0.289131,0.00534358,1.75702,0.808428,-3.6071,3.48626,1.33072,0.217137,1.64416,0.197158,0.0105056,0.000939665,0.123288
real_0425,0.741118,0.313685,0.837593,2.53109,3.78532,0.84401,0.481762,1.63475,1.9193,1.16866,0.269332,0.630466,3.65948,0.0129476,0.00159449,0.0538656,453.454,2.024,0.989122,0.0938828,2.36525,0.69081,0.0149711,0.916295,0.280806,0.835943,4.53611,4.38142,0.505094,1.0702,0.401004,0.0725882,5.53124e-05,3.74193
real_0426,1.28767,2.34935,1.27339,0.852261,5.897,0.526965,0.910436,0.641188,1.97667,1.18443,0.698557,0.0414809,101.651,0.0156551,4.00888e-05,0.159564,774.911,2.49856,0.381929,0.127153,3.14199,0.18077,4.00293,2.31831,0.537256,-3.02152,8.90121,5.43949,0.0607787,1.33657,0.557455,0.0408065,2.99845e-06,5.25012
real_0427,1.30221,0.253171,1.37293,2.47486,2.11902,0.942186,0.669269,0.776206,0.268606,0.84802,0.658436,0.00155927,60.7916,0.0259373,2.48471e-06,0.110913,302.789,6.73227,1.00879,0.00327249,0.253627,1.02762,0.0269416,1.27846,0.551201,-1.9424,7.91317,4.87287,0.056535,0.701323,8.6367,0.0485011,0.000177972,3.80377
real_0428,1.51684,0.405558,0.736346,2.44289,6.93239,0.821482,0.445889,0.581242,1.72684,1.19411,0.0739963,0.0110331,0.53796,0.0415554,0.621188,0.176858,861.084,8.07969,0.341217,0.00620737,0.522137,3.10796,0.67303,0.514954,0.215297,1.7815,7.49987,3.71643,0.722359,1.14337,0.92445,0.0617046,0.000196928,0.516688
real_0429,1.22085,2.12774,0.541329,0.824134,5.41283,0.0634245,0.290713,0.818845,1.89355,0.865929,0.338397,0.0436176,3.70284,0.0101865,516.799,0.0303478,730.799,3.29853,0.218705,0.00407441,2.41959,1.27684,0.0780192,0.540968,0.490023,4.54654,5.07416,5.20462,0.948159,1.54991,1.32263,0.0344642,0.000171891,0.360227
real_0430,0.591426,0.291509,1.56258,0.617164,37.8537,0.907309,0.239208,1.4562,0.490968,1.04248,0.0924248,0.0132518,75.1924,0.0230042,4.51519e-05,0.0418581,287.132,3.31115,0.254311,0.37347,0.245216,2.93062,1.84024,1.71358,0.27229,3.47845,4.13714,2.12538,0.512709,1.03857,1.40086,0.103766,6.84683e-06,2.79542
real_0431,1.59161,2.91359,0.568004,1.85821,0.742732,0.582718,0.0607791,1.53463,0.406781,1.06387,0.908031,0.00845077,52.9462,0.0241431,5.7814,0.175687,386.46,8.0039,0.284129,0.0111105,0.504908,0.143419,0.653788,0.608319,0.784255,3.37273,7.24356,1.1646,0.0375916,1.33319,1.06066,0.0166276,3.32509e-07,3.29864
real_0432,0.67525,2.62437,0.577409,1.81707,0.638156,0.277704,0.959963,1.0416,0.312397,1.19498,0.438924,0.785712,2.13274,0.0271819,430.48,0.0104067,315.604,6.06053,3.99987,0.00504704,0.1103,0.507829,2.12703,0.563981,0.321834,-4.7563,5.52986,5.07273,0.252612,1.96015,0.106693,0.144864,0.00024605,0.227458
real_0433,0.703865,2.20196,0.522917,0.918628,1.24042,0.725002,0.34254,0.591302,0.923997,0.92439,0.000274366,0.844205,31.4094,0.035807,0.00295851,0.087402,450.21,5.35574,0.941381,0.114819,0.365837,0.491624,0.0128201,0.548467,0.528716,-3.6907,3.80723,5.66232,0.750899,0.760541,0.384997,0.0355405,7.71648e-06,0.979962
real_0434,0.598217,0.408373,0.577596,1.79338,3.87726,0.25064,0.0665501,0.764666,0.568659,0.918849,0.530152,0.0074638,1.1286,0.0182752,7.06189e-05,0.0370834,1466.86,4.46599,0.792277,0.292069,1.06852,0.426052,0.0282529,0.649514,0.483113,-4.04755,4.71839,5.30904,0.984382,1.09404,0.953795,0.0397021,9.37533e-05,9.59913
real_0435,1.428,0.872309,1.05669,0.554447,1.11052,0.993367,0.107977,1.07212,0.525067,0.882193,0.010116,0.00946371,1.07015,0.0343169,53.9145,0.0902929,548.866,4.86011,0.677742,0.243787,0.723484,0.161504,3.44353,1.01293,0.774194,-3.29097,7.61965,1.91908,0.278332,0.508889,6.48901,0.0299282,3.21396e-07,9.90003
real_0436,1.02799,0.998491,0.620453,0.862345,3.74039,0.30481,0.15736,0.968793,0.616847,0.911006,0.157789,0.002368,102.476,0.0395712,0.00224719,0.17442,843.214,0.788294,1.59309,0.160201,0.299117,0.19169,0.12212,0.857237,0.0944937,2.18275,2.19876,2.8919,0.488537,1.57255,1.4435,0.0704447,0.000540651,0.706076
real_0437,1.65988,3.97782,0.88084,1.219,4.9128,0.695381,0.61816,1.20123,0.453608,1.07994,0.135085,0.153387,47.1625,0.0449519,7.94472e-06,0.160231,621.65,0.773967,1.40594,0.255804,0.328719,0.335649,2.66496,2.05752,0.10417,-3.73787,1.73407,5.37103,0.436813,1.41743,1.45682,0.0611611,1.31817e-07,0.118421
real_0438,0.882589,4.93114,1.25324,0.613033,6.62488,0.626,0.92484,1.04711,0.469975,0.864349,0.236181,0.00428786,1.05663,0.0426553,0.0235429,0.178041,1223.41,9.71285,0.337458,0.0369328,0.117502,3.63935,0.0134372,2.87602,0.451552,2.24497,1.64472,3.36747,0.694036,0.802783,1.80939,0.015945,2.75956e-05,2.20134
real_0439,1.25952,0.710044,0.813284,1.41055,0.574941,0.618255,0.255184,1.54583,1.37861,1.10925,0.405045,0.309279,11.651,0.0470657,0.000814123,0.183167,745.944,6.18357,2.38164,0.314499,0.581542,0.561307,4.25644,2.8576,0.789517,-3.64589,4.44622,7.28517,0.223299,0.819875,5.50402,0.194574,0.000877031,1.47616
real_0440,0.808276,0.711527,0.91778,2.26015,4.87831,0.391605,0.12835,1.09688,2.28215,0.939309,0.879484,0.0376938,125.4,0.0128889,0.000211546,0.1675,260.268,4.75132,0.253617,0.00395003,0.171611,0.230482,1.76562,0.689414,0.109723,-3.70349,7.1895,6.05351,0.339619,1.2936,0.999175,0.158056,0.000789682,0.238445
real_0441,1.4072,2.89048,1.60472,1.53557,3.66813,0.722517,0.535388,0.502924,2.11758,0.816256,0.746987,0.00796213,11.8966,0.0300629,41.0324,0.199777,323.268,1.68609,0.46727,0.192171,0.122978,0.580999,0.661823,1.53971,0.0300631,2.16694,4.84939,5.98242,0.431258,1.49763,5.58807,0.284272,0.000708001,0.633673
real_0442,1.62936,0.558751,0.899715,0.528509,4.43814,0.917265,0.528455,0.751599,2.6371,0.813777,0.198783,0.00119344,0.712734,0.02164,1587.45,0.124605,707.681,1.01782,1.2295,0.00202769,0.243337,0.788838,0.0299924,2.02883,0.721034,4.27129,5.49745,2.65391,0.979809,0.816358,0.296155,0.209152,7.62678e-05,1.23568
real_0443,1.29413,0.590515,1.65406,0.908492,1.36266,0.338308,0.332837,1.98043,0.298575,0.904862,0.0623478,0.00187823,6.74203,0.0453428,31.6539,0.0750862,527.418,9.26181,3.65593,0.0442843,0.114517,1.30951,0.0185715,0.649103,0.582293,-3.18461,7.0153,6.21645,0.986775,1.06183,8.48889,0.396461,0.000466218,1.32993
real_0444,1.30739,0.387176,1.45328,0.794465,4.83821,0.713673,0.355993,1.95084,2.51651,0.970821,0.920921,0.00128655,0.82843,0.0316412,37.1874,0.0777469,523.953,3.23826,3.9411,0.0908138,0.384298,3.0524,4.04382,0.629832,0.246546,-0.448624,3.39661,5.11678,0.494093,0.778229,8.00503,0.372059,5.16894e-05,0.300388
real_0445,0.948938,0.621253,0.948146,2.34701,3.51273,0.0467575,0.437791,1.83147,3.02732,0.964355,0.285121,0.487157,39.7836,0.0416789,2.52296,0.121643,241.657,4.85923,1.74308,0.00355345,1.62101,0.116921,2.28306,0.569286,0.981199,-1.22403,3.66975,1.39766,0.737905,1.34965,0.40595,0.0118712,0.000128804,3.0865
real_0446,0.879001,4.84771,1.63442,2.5409,5.42182,0.0509223,0.153353,1.38961,0.746935,1.16533,0.556111,0.118949,159.839,0.0326965,6.5671e-06,0.00128974,908.091,9.13605,0.797189,0.00373742,3.02989,2.60087,0.0105373,2.89253,0.360443,-4.49648,7.80526,6.90125,0.709586,1.29883,5.32565,0.0105886,2.01142e-07,0.649197
real_0447,0.561163,0.81168,0.790256,0.500665,1.92413,0.0610455,0.871731,0.836636,0.250897,0.851449,0.990627,0.0245754,1.23396,0.0209152,1.99522e-06,0.15427,695.502,3.84904,0.478291,0.00237471,4.3432,0.849846,0.0193986,2.26558,0.575361,3.11002,2.73776,7.33304,0.42444,1.93319,6.80028,0.0997593,9.40243e-06,1.93882
real_0448,0.512715,0.31086,0.608849,0.935808,3.64715,0.809173,0.0134307,0.72958,1.88796,0.862527,0.958181,0.308854,1.25325,0.0211674,0.0716081,0.192918,808.333,8.2824,0.636211,0.115849,0.228944,3.75028,2.19206,2.65655,0.00742273,2.78372,3.68556,0.306715,0.525405,0.969804,8.1273,0.0838731,1.64954e-05,0.14193
real_0449,1.07399,0.260597,1.23124,1.91754,5.33395,0.328287,0.378413,0.793727,0.908126,0.906326,0.534368,0.00455791,0.373269,0.0482569,0.00199265,0.0804495,285.068,1.9763,1.68679,0.00356419,1.28089,2.43719,0.00635523,1.72395,0.0414476,4.22184,9.45505,4.32819,0.688943,0.775261,0.12955,0.08893,6.92833e-06,4.32435
real_0450,0.834178,1.89389,1.67858,0.881556,20.0229,0.757791,0.59489,1.19362,0.311457,1.01398,0.917196,0.00201929,67.0049,0.0305293,0.000245074,0.0334172,1210.23,8.30121,0.760412,0.00157595,0.102957,0.149748,5.30728,1.10416,0.255852,4.2463,7.62896,1.55362,0.510103,1.73756,1.05529,0.367958,3.13351e-06,9.00042
real_0451,1.16396,2.09686,0.559604,0.808786,16.785,0.331895,0.499474,0.739138,0.386455,0.973591,0.797034,0.0115281,8.47949,0.0167597,26.4025,0.053312,541.494,7.51158,1.51858,0.00136579,0.218837,4.56622,1.56525,0.758543,0.933339,-4.2542,9.99713,4.24764,0.304365,0.951012,5.63289,0.0145573,1.63857e-06,1.33742
real_0452,0.816352,0.254279,1.07736,0.713063,22.6943,0.0839076,0.156003,0.675169,0.884925,1.05915,0.0607066,0.0491139,66.0182,0.0413882,2241.1,0.116332,306.71,1.0516,2.16835,0.00951176,0.491896,0.100883,0.0946824,2.66785,0.405708,3.87109,5.34187,0.542823,0.706609,1.82647,0.420576,0.0380894,0.000646162,1.02222
real_0453,1.48649,4.95791,1.2607,2.61708,0.696063,0.340997,0.39483,0.949069,2.81975,1.04608,0.319592,0.649364,168.719,0.0463037,1.26731e-05,0.106732,1137.39,8.64019,3.26206,0.00176267,0.221328,0.113349,1.06232,1.11337,0.0437608,2.91444,6.70665,3.51663,0.864947,0.942558,0.846676,0.0700257,3.57891e-07,5.12302
real_0454,1.49081,1.79077,1.16458,0.944917,18.6281,0.932564,0.749927,1.46314,3.23833,0.897158,0.833032,0.00460124,63.9406,0.0209844,2.15214e-06,0.132664,970.241,4.1623,3.92025,0.142121,1.26933,1.8854,0.047691,0.789498,0.513348,0.0912208,6.75597,5.77687,0.120522,0.624266,2.62739,0.0148991,2.25436e-07,0.525679
real_0455,1.37807,1.9458,1.53116,1.15192,9.41169,0.569414,0.236352,1.37478,1.85174,1.02723,0.096194,0.00399287,0.649569,0.023552,0.285695,0.19553,1292.84,9.47216,3.87364,0.0306442,0.434329,0.196076,5.86459,0.750717,0.410596,1.69346,9.38292,1.63685,0.0384163,0.933437,0.499314,0.0102962,1.02644e-05,2.77962
real_0456,1.54212,0.210294,1.03362,2.55036,6.21752,0.869967,0.70713,1.15701,1.34909,0.850424,0.752326,0.001305,1.63798,0.0191946,3538.84,0.0979003,485.524,3.93246,1.32255,0.056459,0.223226,0.652221,0.00782231,0.948929,0.427019,-2.15428,5.78716,7.5351,0.994249,0.705044,0.53346,0.0187366,1.60013e-07,1.78706
real_0457,1.63307,1.41511,1.17241,1.25365,45.5361,0.585271,0.274929,0.65468,0.443937,1.11767,0.957496,0.072146,14.6667,0.0386957,2.37138e-05,0.0314604,377.564,1.95151,1.50856,0.0855978,0.609697,4.14278,0.00508128,1.72085,0.307225,2.29837,8.96617,3.22914,0.357928,1.25015,1.77604,0.0306927,7.90692e-06,0.2534
real_0458,1.13039,2.14791,1.92123,1.97476,19.4409,0.089293,0.448733,1.97499,0.638435,0.994375,0.771388,0.0160935,100.007,0.0132585,1.4671,0.0605147,537.094,6.03595,1.58488,0.00327331,1.09198,0.677233,2.34665,0.752389,0.174071,3.88699,1.71439,3.99466,0.909471,1.7134,0.228419,0.0942192,3.40764e-05,0.102258
real_0459,0.765912,2.27264,0.667513,1.41637,9.81751,0.648363,0.664411,0.912646,0.286555,0.933075,0.543912,0.00260147,7.58278,0.0318922,132.204,0.0845627,446.511,8.17482,0.315968,0.0157131,3.06499,0.319903,0.00521196,0.780652,0.315273,2.87049,5.84441,5.50211,0.593614,0.724816,4.43488,0.0546678,7.50662e-07,4.54514
real_0460,0.685693,0.699163,0.895883,2.27663,2.88109,0.109285,0.353532,1.23383,1.01455,0.837282,0.109236,0.00175609,83.857,0.0150171,0.0389436,0.167043,611.236,8.37562,0.475969,0.14575,0.19139,1.14484,0.276237,1.18012,0.270363,-1.70401,9.58049,6.92765,0.489642,1.77686,2.32962,0.380043,2.03735e-05,0.382069
real_0461,0.933692,1.20654,0.586922,0.899969,0.870569,0.340131,0.755766,1.45967,0.358545,1.05723,0.910251,0.0117404,0.45209,0.0404695,0.00212428,0.00198935,475.835,2.12321,0.659923,0.176887,2.45112,1.1736,0.148276,1.05746,0.069239,1.56233,4.36439,6.09496,0.96892,1.32621,0.186432,0.0813377,7.81308e-07,6.08001
real_0462,1.11673,0.322054,1.68402,2.09959,0.716631,0.551951,0.460657,1.15285,3.03311,1.01607,0.148967,0.0274179,56.5232,0.0350931,2.99238e-05,0.103901,656.482,1.74467,0.587278,0.0948285,0.138823,2.49189,0.250294,0.975622,0.238341,-0.30612,4.86707,0.956778,0.285905,1.05107,2.23091,0.273545,0.000474719,1.3619
real_0463,1.43148,0.899859,1.44224,0.797204,7.28939,0.633095,0.311978,0.548446,1.18133,1.17191,0.304994,0.0219398,41.6799,0.0346718,0.000233031,0.0092254,422.709,4.34544,0.241516,0.00413934,0.120078,0.312203,0.242687,1.40992,0.358012,-4.3429,6.08452,4.07552,0.623718,1.01678,0.115531,0.0361324,2.31028e-07,8.85905
real_0464,0.529047,0.641291,1.13471,0.866361,0.872739,0.539822,0.25254,1.18827,0.35158,0.854321,0.739999,0.0567535,75.852,0.0425375,1.3413e-05,0.0775554,1355.92,7.46378,0.278427,0.458238,1.41924,0.434361,1.02264,0.837421,0.335436,2.21131,7.97372,5.26381,0.999478,1.13228,0.785781,0.0868715,0.00014738,4.975
real_0465,0.700312,1.23371,0.503234,0.520053,3.13482,0.0253979,0.676232,0.543999,0.333603,0.804377,0.169543,0.107131,26.986,0.0139135,0.000397756,0.180246,562.11,9.11756,1.4783,0.00700863,0.325393,1.75709,0.0163495,1.84012,0.324055,3.83469,7.55435,5.02204,0.156418,1.42482,0.567716,0.200818,1.51158e-07,9.29682
real_0466,0.965673,1.73209,1.62591,2.60116,4.5954,0.813766,0.121572,1.16235,1.81811,0.951932,0.589936,0.514526,6.66803,0.0195388,2.18056e-05,0.0991949,378.619,4.49763,1.88424,0.000542998,0.257024,0.412435,0.00551753,0.880934,0.58679,-0.221692,3.74018,5.05521,0.887338,1.17012,0.105648,0.156325,5.43491e-05,1.14806
real_0467,0.649121,0.766938,1.19427,0.930841,1.30734,0.827392,0.167762,0.632202,1.31901,1.13662,0.969908,0.00145413,81.0443,0.0247572,5.93385e-05,0.122673,1186.29,6.81657,2.52993,0.304833,0.937537,2.54107,3.51047,0.698557,0.493681,-4.58103,4.1108,0.11201,0.652645,0.610755,3.35354,0.0111232,5.54043e-07,3.45569
real_0468,1.48323,0.259814,1.76028,2.87434,0.780734,0.519289,0.523123,0.858325,0.99448,0.880149,0.726174,0.8198,10.427,0.0309375,5.70747,0.0382741,727.336,7.16333,1.05038,0.0374931,0.568339,0.323251,0.0101098,1.08038,0.633803,-0.548459,3.8212,1.09044,0.0761411,0.708373,0.244909,0.0342083,5.88666e-05,1.82321
real_0469,1.152,4.02437,1.23541,0.740963,1.3972,0.188552,0.951625,1.17194,0.392674,1.05474,0.173439,0.0034507,0.270819,0.0183226,163.915,0.193827,1456.06,4.9795,3.42757,0.00140532,0.561625,2.05307,9.70834,0.686884,0.548595,-2.70609,1.98461,5.75129,0.777322,1.56537,8.74731,0.0215197,9.83122e-05,0.878859
real_0470,0.593489,1.82221,0.674006,1.96612,0.515114,0.810225,0.415353,1.01841,1.05155,1.15368,0.290417,0.0116898,79.6895,0.0292651,1544.62,0.122231,1163.48,3.42683,1.79359,0.129914,0.23218,1.09904,0.364964,0.715699,0.706204,-0.420811,2.14819,5.95592,0.256568,0.765703,0.180888,0.0673089,0.000223742,0.555789
real_0471,1.33591,0.526017,1.90265,0.719831,19.929,0.600032,0.424178,0.637704,1.78953,0.93983,0.271926,0.0557143,0.304103,0.0238475,277.094,0.188599,720.153,0.236619,2.85783,0.00548007,0.464389,0.213358,0.393823,0.605239,0.0190376,3.80152,3.2133,4.71186,0.279657,0.920879,2.14384,0.183846,1.25811e-05,7.4701
real_0472,1.47105,0.482425,0.746841,0.742775,4.27133,0.0272459,0.297939,0.980672,0.475384,1.09115,0.853534,0.00136314,3.60269,0.0252857,56.3241,0.170148,948.823,2.55896,3.69849,0.428499,0.108377,1.10475,0.0898729,0.914317,0.964909,0.646405,7.60004,2.02377,0.802147,0.623038,3.02279,0.264747,1.8436e-07,0.42345
real_0473,1.52157,0.37795,0.802752,2.37268,8.19142,0.407992,0.631021,0.952083,0.398873,0.902727,0.330348,0.00444831,2.99585,0.0126613,141.287,0.117232,1146.94,5.33944,0.619797,0.0812481,0.334447,2.94547,0.597107,1.08914,0.462304,1.39392,4.66965,1.51842,0.362126,0.82939,0.635558,0.0323012,4.13225e-07,0.223691
real_0474,0.592285,0.390654,1.18404,2.5151,23.4,0.892985,0.136778,0.50584,2.846,0.999694,0.861767,0.0023004,0.34648,0.0213379,1213.58,0.0323456,308.237,9.92399,0.235543,0.118368,1.23112,0.828277,0.153311,1.34407,0.0631018,-4.51268,7.26759,5.63192,0.801444,0.824089,3.70139,0.0739529,1.47905e-06,6.37447
real_0475,0.784871,0.926352,0.842945,2.24811,0.502082,0.546242,0.0402029,0.704928,0.823172,1.17493,0.186362,0.653845,40.6467,0.0328123,1.09312e-05,0.0956295,1316.43,2.57609,0.243013,0.00193451,0.315348,3.89493,2.00849,2.11208,0.15783,-1.92514,5.06236,6.33092,0.370925,0.650551,1.85221,0.0272223,1.62836e-07,1.58558
real_0476,0.657736,2.9901,1.04419,0.980033,45.4203,0.449907,0.901546,0.595518,0.779117,1.18144,0.620961,0.00111033,0.366712,0.0144451,0.0104045,0.0857188,689.843,5.37115,2.15562,0.0010798,0.150877,2.64331,0.0115282,2.61172,0.153271,4.5,6.16126,2.15204,0.691533,0.959268,1.41523,0.0190933,0.000484533,0.103217
real_0477,0.590021,0.635462,1.12113,2.91019,26.8875,0.354171,0.636538,1.24293,0.262771,0.972588,0.118485,0.0186837,177.901,0.0172205,0.446202,0.0153702,1168.3,1.18194,0.385267,0.0180276,0.249998,4.01482,3.75398,1.22422,0.189738,4.14029,5.82877,3.28539,0.209059,1.88725,0.915284,0.0313361,7.06945e-05,1.8147
real_0478,0.602898,0.395905,0.775237,1.10442,10.7041,0.621993,0.66305,0.605092,3.31415,1.02606,0.0519183,0.105259,37.6273,0.0219527,0.038313,0.00406993,297.833,4.73684,0.315847,0.000756703,4.48391,0.298229,7.75475,0.720955,0.984298,3.23873,7.99631,7.37681,0.784149,1.74985,0.774884,0.175674,9.76816e-07,0.277143
real_0479,0.595569,0.816515,1.76562,0.669591,11.6973,0.745144,0.657994,1.26804,2.972,0.982522,0.734318,0.321937,0.998974,0.0145455,1.31485e-06,0.115481,557.602,7.38827,3.7879,0.0496052,2.27795,0.142725,0.813571,0.831567,0.30541,3.2952,9.63818,5.16743,0.936803,0.946051,1.22127,0.136823,4.82287e-06,6.68876
real_0480,0.860476,0.221207,0.584309,2.30624,4.68643,0.0961238,0.234895,1.52261,3.95907,0.835875,0.586517,0.0482661,3.24987,0.043088,1.12909e-06,0.0473321,853.63,8.43784,0.69062,0.185171,0.15442,4.43504,0.526396,2.86354,0.00924321,3.3208,1.42179,4.0612,0.140678,1.51727,2.51235,0.263636,0.000364931,0.336954
real_0481,1.00371,0.760165,1.40937,2.46636,12.4899,0.489007,0.525196,0.883469,1.10426,1.1342,0.480636,0.0250163,3.36172,0.01582,313.346,0.00371098,235.332,6.55285,0.282946,0.0265992,4.33117,0.293964,0.0468342,0.77501,0.978101,1.92699,2.65598,1.49327,0.399782,1.50769,1.38624,0.0508198,9.49757e-05,2.92072
real_0482,1.33305,2.47055,0.774522,1.40797,1.73803,0.196084,0.435843,0.992477,0.726651,0.923165,0.511092,0.00227724,1.2032,0.0345617,416.038,0.163823,1199.34,4.30599,0.393956,0.0011516,1.7768,0.436951,0.00840341,1.17219,0.469327,4.87898,6.49953,3.27447,0.0465891,0.955762,2.64085,0.0623826,2.20746e-06,5.38123
real_0483,1.66952,0.201917,1.07092,0.777307,12.8137,0.164687,0.98639,0.670861,0.289984,1.16097,0.671664,0.344688,12.7091,0.0115478,0.000709659,0.187568,972.581,7.70758,0.280052,0.405874,1.11515,0.470118,0.13788,0.517581,0.336902,-0.717908,3.00027,4.0205,0.656998,1.55716,0.59268,0.0141945,9.47929e-07,1.25564
real_0484,1.27292,2.65874,0.811995,0.904244,5.5798,0.322635,0.239969,0.739303,2.85703,1.02928,0.223388,0.920285,0.274821,0.0240229,0.11944,0.0551129,1109.7,9.65895,0.916834,0.000572359,1.52018,0.110256,0.0091484,1.03255,0.0336219,3.69648,5.42019,0.00349037,0.194081,1.20396,0.303724,0.0127551,6.98268e-07,3.14414
real_0485,1.30021,0.654034,1.895,0.572256,10.9501,0.117426,0.718288,1.08611,0.894955,0.938009,0.701683,0.0209427,30.3413,0.0413155,17.7221,0.0687176,200.228,1.56426,4.7966,0.00122931,1.31483,0.644577,0.277988,1.77003,0.562241,-2.06776,4.26853,2.95261,0.248559,0.569061,0.793245,0.07448,7.2864e-06,3.94681
real_0486,1.21713,0.391951,1.02299,2.91615,16.966,0.378354,0.995196,1.69422,2.19538,0.978128,0.504585,0.0857012,17.6743,0.0295761,0.00674991,0.198043,603.305,6.68999,0.208335,0.0160078,0.170143,1.28652,5.72465,2.75754,0.168439,3.14956,4.74813,6.76196,0.142185,0.51259,5.24047,0.192809,2.92208e-05,3.35836
real_0487,1.47234,0.422078,0.879661,0.586144,0.782519,0.783207,0.643555,0.611623,0.91084,0.805543,0.171803,0.00162303,64.5649,0.013874,0.00055018,0.10406,362.983,3.50645,0.221773,0.00740405,3.16262,2.416,5.10568,1.04185,0.422027,-1.1838,3.95166,2.72049,0.336155,0.629377,0.523828,0.185032,3.06958e-06,0.868624
real_0488,1.25589,0.512691,0.681153,1.45135,24.9517,0.384572,0.738334,0.57388,0.421806,0.897808,0.802256,0.375556,0.913203,0.0132792,1.24525e-06,0.168112,641.004,0.517107,0.205703,0.00926889,0.428963,0.495934,0.354744,1.1231,0.165261,-4.2024,9.34521,7.40447,0.615279,1.1957,0.451601,0.393164,1.61456e-05,0.111377
real_0489,1.68865,0.257979,1.30174,1.50781,0.59478,0.994373,0.124879,0.537572,0.626104,0.846314,0.901961,0.353877,2.65772,0.0399666,0.203523,0.0969448,429.211,8.1334,1.0572,0.248378,1.21994,0.573752,0.302301,2.45422,0.968589,-0.404306,8.57464,5.12785,0.186394,0.600046,2.17585,0.0112702,7.81652e-05,0.213672
real_0490,1.2522,0.734095,1.2843,1.90663,7.5698,0.477508,0.035224,0.710346,0.830441,1.1398,0.31591,0.0446134,0.690818,0.0111339,0.00774741,0.131168,842.37,9.16773,0.714984,0.00315674,0.123784,0.407665,0.0172221,1.65267,0.502819,1.71592,1.91718,7.97232,0.33375,0.809385,3.91412,0.058659,1.28429e-07,7.05666
real_0491,1.39383,0.672742,0.697713,0.620372,30.6287,0.257373,0.761169,1.51185,0.348881,1.11976,0.440742,0.00172408,36.313,0.0123855,1.07538e-06,0.128616,370.754,7.92983,4.38071,0.213917,0.22582,0.156388,1.53054,1.8645,0.601258,4.40746,2.44397,6.6665,0.26224,0.678599,8.85595,0.0290253,4.5219e-07,3.37889
real_0492,1.63822,0.299679,1.43835,1.87963,3.1798,0.492121,0.800793,1.03367,0.965673,0.833757,0.145692,0.109371,20.0625,0.0140052,0.0271631,0.0530454,327.097,1.27165,1.90491,0.0155835,1.81734,3.84882,0.214282,0.772832,0.130685,3.61351,2.57688,3.47999,0.15702,1.24324,6.05127,0.021997,6.77883e-05,3.89975
real_0493,1.62005,0.238026,0.851277,0.890271,2.00486,0.512298,0.173202,1.08718,0.577537,1.01287,0.195965,0.792252,69.9174,0.0200359,0.000190131,0.0865738,742.547,1.82077,0.42644,0.0463584,0.959432,0.931015,0.0600517,1.70647,0.434687,0.880559,9.09538,0.979887,0.543896,1.49302,1.36058,0.224298,8.27104e-07,0.567922
real_0494,0.898689,0.755441,0.804252,1.61097,2.34839,0.270249,0.758857,0.726432,0.345095,1.09929,0.36925,0.091684,39.5745,0.0203915,0.00861977,0.169174,761.73,1.47136,0.485999,0.030121,4.7289,1.60995,1.00567,1.54965,0.372607,-3.30004,5.27836,4.20653,0.746571,1.91615,1.12422,0.302237,3.23669e-05,4.00503
real_0495,0.623632,0.256566,0.760238,2.31629,33.889,0.872261,0.410965,0.534999,0.572268,0.83032,0.48461,0.128356,106.32,0.0254052,0.000355288,0.0492657,322.1,3.08208,3.67465,0.00162709,3.88575,4.79096,0.457229,0.657994,0.341591,-4.87213,6.58441,0.636223,0.847587,0.544598,0.185019,0.229822,0.000759829,1.27184
real_0496,0.512229,0.547666,1.70004,1.22287,1.49605,0.320155,0.692991,0.769879,0.369518,0.874614,0.231377,0.39659,142.193,0.0449698,0.000100723,0.197846,673.278,0.420764,1.71311,0.0715624,0.122112,2.34562,0.00615643,1.50173,0.730173,1.73573,8.49081,0.933271,0.125548,1.90901,4.57405,0.336995,0.000176339,0.180297
real_0497,0.682176,1.3659,1.53744,0.707861,11.2976,0.524524,0.26199,0.64385,0.591935,0.848715,0.210903,0.855729,0.753158,0.0221011,1.81184e-06,0.0507074,1157.85,3.54864,3.89654,0.29635,0.107297,0.169062,0.139929,1.57783,0.399636,-3.90526,4.68502,7.96791,0.613826,1.2597,1.0106,0.0181981,0.000629745,6.31552
real_0498,1.08184,0.686319,1.02986,0.608047,12.7508,0.951632,0.581925,1.89256,1.6735,0.976298,0.818446,0.221751,0.326121,0.0149943,0.0128228,0.0737529,921.988,6.44366,1.47028,0.000580671,2.89101,2.23083,1.60445,0.67596,0.19633,-4.81053,5.90982,1.65077,0.912713,1.58308,0.56137,0.268331,4.10005e-07,0.272228
base,0.933,1,1,1,7.995,0.732,1,1,1,1,0,0.0507,14.62,0.02,712.67,0.0302,749.74,0,1,0.01,1,1,1.003,1,0,1,4.5,4.5,1,1,2,0.15,5e-05,1
