well_log_no,n_intervals,top_ft,bottom_ft,n_overlaps,n_gaps,starts_at_surface
10727,11,0.2,22.5,0,6,True
10728,9,0.2,11.0,6,1,True
669262,1,3.0,39.0,0,0,False
859588,2,0.5,35.0,0,1,True
859589,6,0.0,90.0,0,1,True
859616,4,0.0,60.0,0,0,True
859617,5,0.5,51.5,0,1,True
859618,4,2.0,35.0,0,0,False
859619,6,1.0,65.0,0,0,True
859620,2,0.0,75.0,0,0,True
859621,1,0.0,15.0,0,0,True
859622,3,1.0,35.0,0,0,True
859623,5,5.0,75.0,0,0,False
859624,1,1.0,20.0,0,0,True
859633,4,0.0,36.0,0,1,True
859634,5,0.0,80.0,0,0,True
859635,6,0.0,45.0,0,0,True
859636,3,0.0,7.5,0,0,True
859637,2,0.0,55.0,0,0,True
859638,3,0.0,25.0,0,0,True
859639,1,16.0,20.0,0,0,False
859640,3,1.0,24.0,0,0,True
859647,2,2.0,130.0,0,0,False
859648,4,0.0,50.0,0,0,True
859649,3,0.0,49.0,0,0,True
862303,1,0.0,16.0,0,0,True
864381,4,0.0,98.0,2,1,True
864400,2,55.0,70.0,0,1,False
864402,1,43.0,48.0,0,0,False
864403,5,0.0,161.0,0,0,True
864404,1,93.0,101.0,0,0,False
864406,4,0.0,33.0,1,1,True
864407,3,0.0,63.0,0,1,True
864442,2,5.0,123.0,0,0,False
871825,1,18.0,130.0,0,0,False
871862,1,77.0,78.0,0,0,False
874298,3,14.0,72.0,0,0,False
874301,4,0.0,75.0,0,1,True
874302,2,0.0,70.0,1,0,True
874304,7,0.0,88.0,2,0,True
874315,7,0.0,210.0,0,1,True
874316,7,0.0,222.0,1,0,True
874317,6,7.0,210.0,0,0,False
874318,8,0.0,210.0,0,0,True
874319,3,0.0,207.0,0,0,True
874320,2,0.0,155.0,0,0,True
874321,3,0.0,195.0,0,0,True
874322,4,0.0,235.0,0,0,True
874323,5,0.0,200.0,0,1,True
874324,2,0.0,200.0,0,0,True
874326,5,0.0,85.0,1,0,True
874328,11,0.0,107.0,0,0,True
875445,1,29.0,37.0,0,0,False
877260,1,8.0,48.0,0,0,False
878237,1,0.0,5.0,0,0,True
878244,2,0.0,20.0,0,0,True
878247,6,0.0,85.0,0,0,True
879091,8,0.0,87.0,3,1,True
879092,1,6.0,25.0,0,0,False
879096,6,5.0,125.0,0,0,False
879102,5,9.0,148.0,0,2,False
879103,5,0.0,60.0,0,0,True
879107,1,28.0,46.0,0,0,False
879110,4,3.0,157.0,0,2,False
879138,1,3.0,315.0,0,0,False
885386,2,13.0,162.0,1,0,False
885388,1,17.0,34.0,0,0,False
885415,4,2.0,50.0,0,0,False
885416,3,2.0,21.0,1,1,False
885418,1,2.0,18.0,0,0,False
886332,1,22.0,23.0,0,0,False
886333,2,2.0,20.0,1,0,False
886335,1,14.0,106.0,0,0,False
886336,1,62.0,63.0,0,0,False
886339,2,0.0,33.0,0,1,True
886340,1,60.0,90.0,0,0,False
886341,1,23.0,75.0,0,0,False
886343,3,0.0,100.0,0,2,True
886345,2,17.0,85.0,0,1,False
886350,1,76.0,90.0,0,0,False
889815,2,49.0,63.0,0,0,False
890683,1,35.0,90.0,0,0,False
893444,2,3.0,65.0,0,1,False
893827,1,3.0,7.0,0,0,False
893843,1,3.0,15.0,0,0,False
893845,1,31.0,63.0,0,0,False
894003,2,2.5,13.0,0,0,False
894004,2,1.5,13.0,0,0,False
894005,1,1.5,13.0,0,0,False
894006,2,1.5,13.0,0,0,False
894007,2,0.7,13.0,0,0,True
894008,3,0.7,13.0,0,0,True
894009,3,0.7,11.0,0,0,True
894010,1,5.0,17.0,0,0,False
894011,5,2.0,12.5,0,0,False
894012,4,1.0,17.0,0,0,True
894017,1,5.0,10.0,0,0,False
894022,1,9.8,10.0,0,0,False
894026,1,24.0,24.5,0,0,False
894027,2,1.3,11.5,0,0,False
894029,1,1.0,2.0,0,0,True
894030,2,1.2,13.0,0,1,False
894038,5,0.0,15.5,0,0,True
894039,1,0.0,0.5,0,0,True
894041,3,0.5,13.0,0,0,True
894042,3,0.5,7.0,0,0,True
894043,4,0.5,15.0,0,0,True
894045,2,0.5,7.0,0,0,True
894047,3,1.0,18.5,0,0,True
894048,2,0.0,10.5,0,0,True
894306,1,3.0,28.0,0,0,False
895572,3,3.0,140.0,0,0,False
895574,4,0.0,34.0,0,0,True
895575,3,0.0,150.0,0,0,True
896528,4,3.0,100.0,0,1,False
896529,1,3.0,5.0,0,0,False
896533,1,3.0,75.0,0,0,False
896534,3,23.0,75.0,0,1,False
896536,2,0.0,75.0,0,1,True
896670,5,0.0,130.0,0,1,True
896671,3,0.0,91.0,0,0,True
896672,4,0.0,77.0,0,0,True
896673,3,0.0,85.0,0,0,True
896674,4,0.0,57.0,0,0,True
896675,2,0.0,26.0,0,0,True
897534,2,6.0,128.0,1,0,False
897535,1,37.0,38.0,0,0,False
897541,1,1.0,8.0,0,0,True
901050,1,8.0,14.0,0,0,False
901088,1,5.0,10.0,0,0,False
901091,3,5.0,141.0,1,0,False
901572,1,4.0,10.7,0,0,False
901573,1,14.0,22.0,0,0,False
901574,1,10.0,12.0,0,0,False
901575,3,38.0,44.0,0,2,False
901633,2,0.5,14.0,0,1,True
901634,1,1.0,8.5,0,0,True
901636,2,0.0,8.5,1,0,True
903993,1,1.0,24.0,0,0,True
904798,2,4.0,70.0,1,0,False
904800,1,4.0,7.0,0,0,False
904801,2,2.0,15.0,0,1,False
906394,1,6.0,30.0,0,0,False
906410,1,3.0,10.0,0,0,False
906447,1,18.0,43.0,0,0,False
906794,1,34.0,53.0,0,0,False
906795,1,3.0,31.0,0,0,False
907218,2,3.0,27.0,0,1,False
907219,1,6.0,18.0,0,0,False
907220,2,0.0,28.0,0,0,True
907221,5,0.0,25.0,1,1,True
907571,3,0.0,30.0,1,1,True
907574,1,33.0,101.0,0,0,False
907575,2,0.0,15.0,1,0,True
907576,1,1.0,13.0,0,0,True
907578,1,1.0,15.0,0,0,True
907580,1,1.0,18.0,0,0,True
907581,1,1.0,31.0,0,0,True
907585,2,2.0,70.0,0,1,False
907589,1,2.0,8.0,0,0,False
907591,2,3.0,215.0,1,0,False
907593,1,2.0,12.0,0,0,False
907596,1,2.0,23.0,0,0,False
907597,2,0.0,128.0,0,1,True
907598,2,2.0,108.0,1,0,False
907603,1,3.0,8.0,0,0,False
907605,2,9.0,171.0,1,0,False
907609,1,3.0,15.0,0,0,False
907610,1,3.0,17.0,0,0,False
907611,2,0.0,18.0,0,1,True
907613,1,3.0,24.0,0,0,False
907615,1,3.0,24.0,0,0,False
907616,4,0.0,171.0,2,1,True
907621,1,0.0,13.0,0,0,True
907624,4,0.0,130.0,2,0,True
907627,1,5.0,10.0,0,0,False
907636,1,4.0,26.0,0,0,False
907637,1,4.0,20.0,0,0,False
907638,1,85.0,101.0,0,0,False
907639,1,4.0,19.0,0,0,False
907640,1,4.0,18.0,0,0,False
907642,1,4.0,17.0,0,0,False
907868,1,90.0,108.0,0,0,False
908443,1,5.0,6.0,0,0,False
908453,1,14.0,30.0,0,0,False
908479,1,5.0,25.0,0,0,False
908480,1,3.0,33.0,0,0,False
908494,1,1.8,73.0,0,0,False
908845,1,3.0,31.0,0,0,False
908849,1,3.0,8.0,0,0,False
908879,2,40.0,90.0,0,1,False
908880,3,10.0,80.0,1,0,False
908882,1,30.0,50.0,0,0,False
908883,2,40.0,86.0,0,1,False
908884,1,50.0,90.0,0,0,False
908885,2,30.0,142.0,1,0,False
909095,1,4.0,6.0,0,0,False
909096,1,2.0,4.0,0,0,False
909097,2,0.5,4.0,0,0,True
909235,1,5.0,60.0,0,0,False
909236,1,0.0,9.0,0,0,True
909240,3,0.0,200.0,0,2,True
909244,1,0.0,91.0,0,0,True
909251,3,0.0,160.0,0,1,True
909255,1,0.0,6.0,0,0,True
909263,1,55.0,180.0,0,0,False
909278,2,9.0,140.0,0,0,False
909279,1,90.0,148.0,0,0,False
909280,2,24.0,100.0,0,0,False
909285,2,7.0,193.0,0,0,False
909287,2,0.0,86.0,0,1,True
909292,3,9.0,56.0,0,0,False
909297,3,0.0,217.0,1,0,True
909298,1,5.0,38.0,0,0,False
909304,2,0.0,81.0,0,1,True
909305,2,6.0,78.0,0,0,False
909310,2,0.0,180.0,0,1,True
909312,2,118.0,240.0,0,0,False
909317,2,9.0,228.0,0,0,False
909319,3,6.0,96.0,1,0,False
909320,2,0.0,183.0,0,1,True
909323,1,34.0,55.0,0,0,False
909898,1,73.0,93.0,0,0,False
909903,1,3.0,164.0,0,0,False
910304,1,1.0,28.0,0,0,True
910305,1,44.0,47.0,0,0,False
910308,1,142.0,150.0,0,0,False
910320,1,35.0,42.0,0,0,False
910323,1,45.5,63.0,0,0,False
910401,3,0.0,144.0,0,0,True
910404,1,28.0,91.0,0,0,False
910407,5,0.0,113.0,0,0,True
910409,3,0.0,100.0,0,0,True
910410,4,0.0,120.0,2,0,True
910411,1,35.0,37.0,0,0,False
910418,2,33.0,51.0,0,0,False
910443,1,37.0,47.0,0,0,False
912283,1,110.0,140.0,0,0,False
912292,1,23.0,222.0,0,0,False
912301,1,13.0,62.0,0,0,False
912306,1,1.0,69.0,0,0,True
912317,1,7.0,59.0,0,0,False
912329,1,23.0,33.0,0,0,False
912336,1,3.3,6.0,0,0,False
912343,1,25.0,55.0,0,0,False
912353,1,7.0,23.0,0,0,False
912368,1,10.0,56.0,0,0,False
912369,1,8.0,9.5,0,0,False
912716,1,2.0,3.0,0,0,False
912952,1,53.0,59.0,0,0,False
912956,1,5.0,21.0,0,0,False
912957,1,20.0,29.0,0,0,False
912959,1,20.0,21.0,0,0,False
912962,3,1.5,53.5,2,0,False
912963,3,0.5,58.0,0,2,True
913359,1,5.7,80.0,0,0,False
913413,1,56.0,72.0,0,0,False
914278,1,0.0,13.0,0,0,True
914279,1,771.0,811.0,0,0,False
914282,2,0.0,30.0,1,0,True
914283,2,0.0,431.0,0,0,True
914284,1,8.0,31.0,0,0,False
914286,1,0.0,25.0,0,0,True
914288,1,13.0,151.0,0,0,False
914291,1,8.0,18.0,0,0,False
914292,1,1.0,20.0,0,0,True
914294,2,0.0,17.0,0,1,True
914295,1,67.0,110.0,0,0,False
914296,1,8.0,14.0,0,0,False
914299,1,59.0,110.0,0,0,False
914306,1,7.0,31.0,0,0,False
914309,2,0.0,26.0,0,1,True
914311,1,0.0,16.0,0,0,True
914314,1,7.0,15.0,0,0,False
914319,1,7.0,12.0,0,0,False
914320,1,2.8,32.0,0,0,False
914328,2,6.0,26.0,1,0,False
914330,4,0.0,71.0,2,1,True
914331,1,6.0,24.0,0,0,False
914332,1,12.0,15.0,0,0,False
914334,2,0.0,44.0,0,1,True
914336,1,43.0,63.0,0,0,False
914338,2,6.0,130.0,0,1,False
914341,2,1.06,109.0,1,0,False
914348,1,6.0,12.0,0,0,False
914349,1,6.0,8.0,0,0,False
914350,1,20.0,26.0,0,0,False
914351,1,6.0,7.0,0,0,False
914352,1,155.0,170.0,0,0,False
914354,1,1.0,1.05,0,0,True
914358,1,5.0,31.0,0,0,False
914359,1,101.0,122.0,0,0,False
914360,1,5.0,26.0,0,0,False
914361,2,5.0,218.0,0,1,False
914363,1,94.0,100.0,0,0,False
914364,2,5.0,23.0,1,0,False
914366,1,0.0,16.0,0,0,True
914367,1,5.0,19.0,0,0,False
914368,1,40.0,121.0,0,0,False
914370,2,5.0,130.0,0,1,False
915248,1,0.0,15.0,0,0,True
915255,1,10.0,40.0,0,0,False
915282,1,16.0,37.0,0,0,False
915311,1,5.0,150.0,0,0,False
915367,1,2.0,19.6,0,0,False
915377,1,8.0,22.0,0,0,False
915384,1,7.0,110.0,0,0,False
915401,2,7.9,82.0,1,0,False
915412,1,171.0,203.0,0,0,False
915414,1,8.0,73.0,0,0,False
915424,1,11.6,122.0,0,0,False
915425,1,21.0,50.0,0,0,False
915430,1,73.0,81.0,0,0,False
915443,1,50.0,58.0,0,0,False
915453,2,0.0,23.0,1,0,True
915559,2,76.0,97.0,0,0,False
915576,1,3.0,18.0,0,0,False
915577,1,28.0,36.0,0,0,False
915578,1,3.0,18.0,0,0,False
915602,2,2.0,25.0,0,1,False
915608,2,44.0,86.0,0,1,False
915609,5,5.0,197.0,1,3,False
915631,4,0.0,211.0,2,1,True
915754,1,0.0,3.0,0,0,True
915755,1,0.0,3.0,0,0,True
915765,1,0.0,2.0,0,0,True
916103,1,50.0,65.0,0,0,False
916407,1,10.0,30.0,0,0,False
916408,4,0.0,100.0,0,0,True
916410,1,94.0,140.0,0,0,False
916443,1,90.0,140.0,0,0,False
916462,1,5.0,10.0,0,0,False
916474,1,5.0,63.0,0,0,False
916476,2,60.0,225.0,0,0,False
916477,1,33.0,54.0,0,0,False
916478,1,31.0,60.0,0,0,False
916493,1,51.0,59.0,0,0,False
916494,1,54.0,100.0,0,0,False
916551,1,16.0,125.0,0,0,False
916555,1,18.0,25.0,0,0,False
916561,1,27.0,30.0,0,0,False
916566,2,2.0,39.0,1,0,False
916569,1,13.0,25.0,0,0,False
916579,1,40.0,70.0,0,0,False
916580,1,92.0,93.0,0,0,False
916581,1,16.0,95.0,0,0,False
916582,1,29.0,60.0,0,0,False
916592,1,3.0,13.0,0,0,False
916597,1,60.0,62.0,0,0,False
916599,1,25.0,137.0,0,0,False
917501,2,10.0,391.0,1,0,False
917502,3,0.0,53.0,0,1,True
917503,6,0.0,49.0,2,0,True
917504,6,0.0,156.0,0,2,True
917505,1,35.0,100.0,0,0,False
917506,5,11.0,42.0,0,0,False
917507,4,0.0,62.0,0,0,True
917508,6,0.0,160.0,0,0,True
917509,6,0.0,107.0,0,0,True
917510,3,0.0,130.0,0,0,True
917512,4,0.0,70.0,0,0,True
917513,2,0.0,41.0,0,0,True
917515,6,0.0,82.0,0,0,True
917516,2,0.0,45.0,0,0,True
917517,2,0.0,68.0,0,0,True
917518,2,4.0,80.0,0,0,False
917519,3,0.0,100.0,0,0,True
917520,1,5.0,35.0,0,0,False
917521,1,14.0,35.0,0,0,False
917523,2,15.0,41.0,0,0,False
917525,2,0.0,43.0,0,1,True
917931,5,0.0,62.0,0,2,True
917955,5,0.0,103.0,0,0,True
917986,3,24.0,40.0,0,0,False
917988,3,0.0,100.0,0,0,True
917989,2,0.0,49.0,0,0,True
917990,4,0.0,80.0,0,0,True
917991,2,0.0,84.0,0,1,True
917992,2,15.0,100.0,0,0,False
917995,3,11.0,120.0,0,0,False
917997,1,110.0,160.0,0,0,False
918000,3,1.2,130.0,0,1,False
918019,1,78.0,83.0,0,0,False
918055,1,9.0,66.0,0,0,False
918090,1,2.0,66.0,0,0,False
918098,1,73.0,77.0,0,0,False
918454,1,39.0,45.0,0,0,False
918463,2,0.0,74.0,0,0,True
918465,1,0.0,9.0,0,0,True
918466,1,85.0,161.0,0,0,False
918467,2,81.0,186.0,0,0,False
918468,2,71.0,140.0,0,0,False
918473,2,6.0,34.0,0,0,False
918474,3,0.0,160.0,0,1,True
918476,2,9.0,195.0,0,1,False
918484,2,6.0,160.0,0,0,False
918486,2,46.0,360.0,0,0,False
918487,2,6.0,120.0,0,0,False
918494,3,9.0,320.0,0,1,False
918495,1,36.0,72.0,0,0,False
918498,1,0.0,9.0,0,0,True
918504,3,0.0,118.0,0,1,True
918505,1,101.0,184.0,0,0,False
918506,4,0.0,113.0,0,0,True
918508,2,31.0,145.0,0,0,False
918514,2,9.0,40.0,0,0,False
918515,1,85.0,160.0,0,0,False
918516,1,94.0,97.0,0,0,False
918520,3,6.0,140.0,0,0,False
918526,2,47.0,157.0,0,1,False
918528,3,0.0,63.0,0,0,True
918529,5,6.0,392.0,0,0,False
918530,3,9.0,280.0,0,0,False
918539,1,76.0,150.0,0,0,False
918541,2,91.0,300.0,0,0,False
918542,6,36.0,181.0,0,1,False
918543,2,9.0,120.0,0,0,False
918546,1,100.0,220.0,0,0,False
918548,2,6.0,147.0,0,0,False
918550,1,143.0,160.0,0,0,False
918664,1,0.0,49.0,0,0,True
918682,1,36.0,43.0,0,0,False
918687,1,313.0,502.0,0,0,False
918696,1,8.0,57.0,0,0,False
918718,1,164.0,171.0,0,0,False
918728,1,29.0,77.0,0,0,False
918744,1,0.0,3.0,0,0,True
919339,1,8.0,380.0,0,0,False
919383,1,70.0,82.0,0,0,False
919384,1,4.0,48.0,0,0,False
919385,1,19.0,49.0,0,0,False
919388,1,78.0,89.0,0,0,False
919389,1,29.0,46.0,0,0,False
919390,2,1.0,47.0,1,0,True
919392,1,1.0,6.0,0,0,True
919393,2,3.0,39.0,0,1,False
919395,1,0.0,10.0,0,0,True
919397,1,0.0,70.5,0,0,True
919399,1,50.0,77.0,0,0,False
919555,4,0.0,300.0,0,1,True
920242,1,0.5,2.0,0,0,True
920243,1,0.5,2.0,0,0,True
920245,1,0.0,2.0,0,0,True
920246,1,2.42,4.0,0,0,False
920706,1,5.0,21.0,0,0,False
920753,1,0.0,78.0,0,0,True
920766,1,0.0,13.0,0,0,True
920770,1,54.0,59.0,0,0,False
920774,1,81.0,83.0,0,0,False
920778,1,5.0,7.0,0,0,False
920791,1,8.0,28.0,0,0,False
921101,1,6.0,97.0,0,0,False
921114,1,28.0,95.0,0,0,False
921141,1,40.0,42.0,0,0,False
921152,5,5.0,155.0,1,2,False
921154,1,42.0,78.0,0,0,False
921155,1,9.0,15.0,0,0,False
921156,1,9.0,18.0,0,0,False
921157,1,0.0,51.0,0,0,True
921159,1,9.0,20.0,0,0,False
921160,1,9.0,22.0,0,0,False
921165,1,9.0,26.0,0,0,False
921168,2,9.0,30.0,1,0,False
921169,3,0.0,50.0,0,0,True
921170,2,0.0,15.0,0,0,True
921171,2,29.0,78.0,0,1,False
921182,1,10.0,12.0,0,0,False
921183,3,10.0,170.0,0,1,False
921184,2,0.0,15.0,1,0,True
921185,1,10.0,13.0,0,0,False
921186,1,10.0,13.0,0,0,False
921187,1,10.0,16.0,0,0,False
921189,7,0.0,50.0,1,2,True
921190,1,0.0,4.0,0,0,True
921191,2,0.0,19.0,0,1,True
921192,3,9.0,135.0,1,1,False
921193,2,5.0,24.0,0,1,False
921194,1,10.0,30.0,0,0,False
921200,1,11.0,16.0,0,0,False
921201,2,0.0,22.0,1,0,True
921202,1,11.0,27.0,0,0,False
921205,1,24.0,51.0,0,0,False
921209,1,1.0,4.0,0,0,True
921213,1,0.0,1.0,0,0,True
921227,1,1.0,11.0,0,0,True
921229,3,12.0,90.0,0,0,False
921230,2,0.0,16.0,1,0,True
921231,1,1.0,17.0,0,0,True
921232,1,1.0,19.0,0,0,True
921233,1,0.0,15.0,0,0,True
921234,1,1.0,25.0,0,0,True
921240,1,2.0,16.0,0,0,False
921242,1,2.0,22.0,0,0,False
921249,1,0.0,14.0,0,0,True
921880,1,31.0,83.0,0,0,False
921882,1,3.0,175.0,0,0,False
921916,1,9.0,31.0,0,0,False
921921,1,72.0,90.0,0,0,False
921940,1,12.0,163.0,0,0,False
921949,1,19.0,63.0,0,0,False
922005,1,12.0,42.0,0,0,False
922269,1,3.0,21.0,0,0,False
922297,1,44.0,75.0,0,0,False
922333,1,4.0,5.0,0,0,False
922345,1,25.0,37.0,0,0,False
922603,1,1.0,3.0,0,0,True
922607,1,1.0,15.0,0,0,True
922608,1,1.0,24.0,0,0,True
922619,1,3.0,20.0,0,0,False
922621,1,3.0,26.0,0,0,False
922622,1,18.0,19.0,0,0,False
922623,1,1.0,21.0,0,0,True
922624,2,5.0,36.0,0,1,False
922627,1,74.0,95.0,0,0,False
923441,8,0.0,79.0,0,0,True
923552,5,0.0,91.0,0,1,True
923553,5,0.5,48.0,0,0,True
923609,5,0.0,64.0,0,0,True
923610,6,0.0,70.0,0,0,True
923611,1,57.0,65.0,0,0,False
923613,2,5.0,61.0,0,1,False
923618,1,2.0,3.0,0,0,False
923751,1,0.0,16.0,0,0,True
923752,1,0.0,12.0,0,0,True
923753,1,3.0,13.0,0,0,False
923754,1,3.0,14.0,0,0,False
923755,1,0.0,131.0,0,0,True
923761,1,3.0,23.0,0,0,False
923766,1,3.0,28.0,0,0,False
923769,1,4.0,5.0,0,0,False
923770,1,4.0,5.0,0,0,False
923771,1,4.0,12.0,0,0,False
923772,1,0.0,11.0,0,0,True
923773,1,4.0,13.0,0,0,False
923774,1,0.0,11.0,0,0,True
923779,1,4.0,23.0,0,0,False
923782,2,0.0,171.0,1,0,True
923791,1,13.0,57.0,0,0,False
923792,1,5.0,7.0,0,0,False
923797,2,0.0,15.0,0,1,True
923798,1,5.0,15.0,0,0,False
923799,1,5.0,16.0,0,0,False
923804,2,5.0,28.0,1,0,False
923805,1,5.0,22.0,0,0,False
923806,1,5.0,23.0,0,0,False
923807,2,0.0,24.0,0,1,True
923808,1,5.0,30.0,0,0,False
923810,1,5.0,31.0,0,0,False
923813,2,6.0,12.0,0,1,False
923814,1,6.0,11.0,0,0,False
923817,1,6.0,13.0,0,0,False
923818,1,6.0,13.0,0,0,False
923819,1,0.0,14.0,0,0,True
923820,2,6.0,16.0,0,1,False
923824,1,6.0,20.0,0,0,False
923825,1,6.0,21.0,0,0,False
923827,1,6.0,22.0,0,0,False
923828,1,6.0,23.0,0,0,False
923831,1,6.0,28.0,0,0,False
923832,1,6.0,29.0,0,0,False
923836,1,7.0,9.0,0,0,False
923837,1,7.0,9.0,0,0,False
923839,2,7.0,29.0,0,0,False
923840,1,7.0,13.0,0,0,False
923845,1,7.0,18.0,0,0,False
923846,1,0.0,14.0,0,0,True
923848,3,0.0,143.0,1,1,True
923850,3,0.0,121.0,1,1,True
924081,1,6.0,8.0,0,0,False
924098,3,0.5,6.0,0,0,True
924099,2,0.5,4.0,0,0,True
924100,3,0.5,18.0,0,1,True
924147,2,0.0,10.0,0,0,True
924148,3,4.0,20.0,0,1,False
924149,5,0.0,22.0,0,2,True
924150,2,4.0,8.0,0,0,False
924236,2,28.0,76.0,0,0,False
924240,1,86.0,92.0,0,0,False
924246,1,42.0,47.0,0,0,False
924255,1,28.0,50.0,0,0,False
924313,1,7.0,13.0,0,0,False
924482,1,2.0,18.0,0,0,False
924488,2,16.0,93.0,0,1,False
924524,1,5.0,17.0,0,0,False
924802,1,25.0,73.0,0,0,False
924804,1,48.0,59.0,0,0,False
924840,1,1.0,10.0,0,0,True
925884,1,5.0,15.0,0,0,False
927651,1,21.0,51.0,0,0,False
927656,1,64.0,72.0,0,0,False
927661,1,38.0,48.0,0,0,False
927665,2,7.0,93.0,0,1,False
927675,1,2.0,5.0,0,0,False
927680,2,3.0,48.0,0,1,False
927682,1,1.0,14.0,0,0,True
927684,2,49.0,75.0,0,0,False
927686,1,0.0,9.0,0,0,True
927687,1,3.0,160.0,0,0,False
927690,1,92.0,142.0,0,0,False
927691,1,22.0,40.0,0,0,False
927698,1,29.0,30.0,0,0,False
927966,4,0.0,40.0,0,0,True
927971,3,0.0,27.0,0,1,True
927986,4,2.0,33.0,0,0,False
928000,4,0.0,29.0,0,1,True
928485,1,25.0,30.0,0,0,False
929114,2,10.0,29.0,1,0,False
929156,2,7.0,58.0,0,0,False
929157,2,6.0,115.0,0,0,False
929160,2,9.0,552.0,0,1,False
929161,2,9.0,75.0,0,0,False
929162,2,81.0,180.0,0,0,False
929165,2,6.0,62.0,0,0,False
929167,2,0.0,61.0,0,0,True
929169,5,9.0,200.0,0,0,False
929170,1,9.0,118.0,0,0,False
929175,2,6.0,179.0,0,0,False
929179,3,7.0,199.0,0,0,False
929189,3,9.0,156.0,0,0,False
929190,3,0.0,91.0,0,0,True
929212,1,9.0,45.0,0,0,False
929423,2,0.0,6.0,0,0,True
929474,1,2.0,30.0,0,0,False
930292,1,4.0,5.2,0,0,False
930334,5,13.0,112.0,2,1,False
930345,2,3.0,50.0,0,0,False
930643,1,42.0,175.0,0,0,False
930776,1,54.0,103.0,0,0,False
930800,1,171.0,188.0,0,0,False
930821,1,0.0,9.0,0,0,True
930830,1,16.0,46.0,0,0,False
930839,1,11.0,15.0,0,0,False
930866,1,75.0,145.0,0,0,False
930954,1,20.0,21.0,0,0,False
930965,1,7.0,29.0,0,0,False
930966,2,13.0,43.0,0,0,False
930976,1,6.5,80.0,0,0,False
930978,1,3.0,6.0,0,0,False
930982,1,28.0,83.0,0,0,False
930983,1,7.0,30.0,0,0,False
930984,2,37.0,160.0,0,0,False
930988,3,14.0,41.0,0,1,False
930992,1,14.0,79.0,0,0,False
930994,1,1.0,27.0,0,0,True
930996,1,9.0,65.0,0,0,False
931001,1,36.0,40.0,0,0,False
931003,1,0.0,70.0,0,0,True
931004,1,34.0,35.0,0,0,False
931005,1,30.0,74.0,0,0,False
931007,1,8.0,39.0,0,0,False
931010,1,48.0,63.0,0,0,False
931014,1,17.0,73.0,0,0,False
931017,1,10.0,36.0,0,0,False
931018,1,58.0,59.0,0,0,False
931020,1,36.0,37.0,0,0,False
931021,1,12.0,53.0,0,0,False
931031,2,25.0,74.0,0,0,False
931033,1,85.0,90.0,0,0,False
931034,1,90.0,115.0,0,0,False
931036,1,34.0,90.0,0,0,False
931037,1,15.0,64.0,0,0,False
931038,1,60.0,61.0,0,0,False
931039,1,37.0,38.0,0,0,False
931041,1,6.9,72.0,0,0,False
931045,1,29.0,75.0,0,0,False
931046,2,29.0,75.0,0,1,False
931047,1,75.0,105.0,0,0,False
931048,2,16.0,90.0,0,0,False
931089,6,0.0,20.0,2,1,True
931090,2,0.0,12.0,0,1,True
931091,2,0.0,14.0,0,1,True
931107,1,2.0,6.0,0,0,False
931110,2,4.0,8.0,0,0,False
931631,1,30.0,57.0,0,0,False
931634,1,52.0,176.0,0,0,False
931687,1,28.0,96.0,0,0,False
932349,3,3.0,120.0,0,0,False
933014,2,2.0,6.0,0,0,False
933326,1,3.0,6.0,0,0,False
933333,1,8.0,9.0,0,0,False
933377,1,30.0,66.0,0,0,False
933379,1,31.0,62.0,0,0,False
933396,1,43.0,55.0,0,0,False
933436,3,105.0,121.0,0,0,False
933437,1,0.0,11.0,0,0,True
933438,2,0.0,131.0,0,1,True
933440,2,6.0,119.0,1,0,False
933442,1,7.0,31.0,0,0,False
933445,3,0.0,48.0,0,2,True
933446,1,99.0,134.0,0,0,False
933447,2,0.0,65.0,0,1,True
933450,1,0.0,14.0,0,0,True
933453,2,8.0,105.0,0,1,False
933454,3,6.0,118.0,1,1,False
933456,2,8.0,118.0,0,1,False
933457,2,0.0,20.0,0,0,True
933458,3,0.0,17.0,1,0,True
933460,1,8.0,22.0,0,0,False
933461,2,8.0,205.0,0,1,False
933462,2,8.0,105.0,0,1,False
933463,3,0.0,161.0,1,1,True
933464,1,8.0,16.0,0,0,False
933465,1,0.0,11.0,0,0,True
933466,2,0.0,81.0,0,1,True
933467,7,0.0,214.0,1,2,True
933469,2,9.0,58.0,0,1,False
933471,1,0.0,15.0,0,0,True
933472,1,9.0,14.0,0,0,False
933473,1,9.0,17.0,0,0,False
933475,2,8.0,85.0,1,0,False
933476,1,0.0,18.0,0,0,True
933477,2,9.0,119.0,0,1,False
933478,3,0.0,126.0,1,1,True
933480,1,0.0,16.0,0,0,True
933481,1,14.0,33.0,0,0,False
933482,2,9.0,101.0,0,1,False
933483,3,45.0,471.0,1,1,False
933484,2,0.0,29.0,1,0,True
933485,3,0.0,165.0,0,2,True
933486,1,0.0,18.0,0,0,True
933488,1,0.0,14.0,0,0,True
933489,1,0.0,11.0,0,0,True
933490,1,0.0,15.0,0,0,True
933494,2,0.0,101.0,0,1,True
933495,1,0.0,14.0,0,0,True
933496,1,0.0,13.0,0,0,True
933497,1,3.0,27.0,0,0,False
933498,2,3.0,101.0,1,0,False
933499,1,0.0,7.0,0,0,True
933501,2,0.0,81.0,1,0,True
933507,1,4.0,17.0,0,0,False
933508,2,0.0,11.0,1,0,True
933509,2,4.0,42.0,0,1,False
933510,2,4.0,31.0,1,0,False
933512,2,0.0,26.0,1,0,True
933513,2,0.0,791.0,0,1,True
933514,1,79.0,85.0,0,0,False
933520,2,0.0,18.0,1,0,True
933521,1,12.0,15.0,0,0,False
933522,1,5.0,15.0,0,0,False
933523,1,571.0,651.0,0,0,False
933524,3,0.0,35.0,1,1,True
933548,1,73.0,78.0,0,0,False
933560,1,31.0,135.0,0,0,False
933567,1,3.0,13.0,0,0,False
933612,1,93.0,120.0,0,0,False
933625,1,38.0,110.0,0,0,False
933634,1,12.0,39.0,0,0,False
933638,2,2.0,75.0,0,1,False
933639,1,12.0,19.0,0,0,False
933642,1,12.0,127.0,0,0,False
933647,2,2.0,199.0,0,1,False
933660,1,2.0,28.0,0,0,False
933682,1,1.0,3.0,0,0,True
934623,1,71.0,81.0,0,0,False
934639,1,72.0,175.0,0,0,False
934641,1,3.0,25.0,0,0,False
934650,1,6.0,7.0,0,0,False
936220,1,0.0,0.5,0,0,True
936233,1,14.0,20.0,0,0,False
936244,1,10.0,12.0,0,0,False
936834,1,38.0,39.0,0,0,False
936837,1,34.0,37.0,0,0,False
936849,1,15.0,108.0,0,0,False
936872,1,9.0,72.2062,0,0,False
936888,1,3.0,8.5,0,0,False
936889,1,3.0,3.5,0,0,False
937076,1,34.0,37.0,0,0,False
937637,1,32.0,120.0,0,0,False
937748,1,3.0,45.0,0,0,False
937849,1,0.0,2.3,0,0,True
937858,2,43.0,79.0,0,1,False
937871,1,43.0,46.0,0,0,False
937882,1,52.0,58.0,0,0,False
937899,1,1.0,78.0,0,0,True
937912,1,3.0,104.0,0,0,False
939052,2,0.0,15.0,1,0,True
939054,1,3.0,11.0,0,0,False
939055,1,3.0,7.0,0,0,False
939061,1,2.0,28.0,0,0,False
939062,1,2.0,26.0,0,0,False
939063,1,2.0,22.0,0,0,False
939067,1,0.0,18.0,0,0,True
939068,1,2.0,15.0,0,0,False
939069,1,2.0,15.0,0,0,False
939070,1,0.0,4.0,0,0,True
939071,2,0.0,14.0,1,0,True
939072,1,0.0,14.0,0,0,True
939078,2,0.0,13.0,1,0,True
939080,1,0.0,11.0,0,0,True
939084,1,2.0,5.0,0,0,False
939085,1,2.0,6.0,0,0,False
939087,1,1.0,31.0,0,0,True
939088,1,1.0,31.0,0,0,True
939091,2,0.0,29.0,1,0,True
939092,1,1.0,29.0,0,0,True
939094,3,0.0,28.0,2,0,True
939095,2,0.0,24.0,1,0,True
939096,1,1.0,23.0,0,0,True
939097,2,0.0,21.0,1,0,True
939098,2,0.0,18.0,1,0,True
939099,1,0.0,16.0,0,0,True
939100,3,0.0,26.0,2,0,True
939101,1,1.0,11.0,0,0,True
939102,1,1.0,9.0,0,0,True
939103,1,1.0,8.0,0,0,True
939104,1,71.0,73.0,0,0,False
939110,5,0.0,195.0,3,1,True
939111,1,0.0,10.0,0,0,True
939112,2,0.0,26.0,0,0,True
939114,1,0.0,12.0,0,0,True
939115,1,12.0,18.0,0,0,False
939116,1,6.0,109.0,0,0,False
939119,1,0.0,13.0,0,0,True
939122,2,0.0,25.0,1,0,True
939123,1,11.0,30.0,0,0,False
939124,1,12.0,37.0,0,0,False
939125,1,11.0,21.0,0,0,False
939127,1,11.0,19.0,0,0,False
939129,2,0.0,16.0,0,1,True
939131,1,95.0,121.0,0,0,False
939133,2,0.0,26.0,0,0,True
939138,1,63.0,68.0,0,0,False
939143,1,0.0,16.0,0,0,True
939145,2,0.0,26.0,1,0,True
939146,2,10.0,131.0,0,1,False
939147,1,0.0,11.0,0,0,True
939148,2,0.0,23.0,1,0,True
939149,2,0.0,18.0,0,1,True
939150,1,10.0,15.0,0,0,False
939361,19,0.0,190.0,0,5,True
939781,1,12.0,45.0,0,0,False
939800,1,55.0,100.0,0,0,False
939813,1,10.0,13.0,0,0,False
939814,1,3.0,80.0,0,0,False
939816,3,18.0,325.0,0,1,False
939817,1,10.0,49.0,0,0,False
939869,1,5.0,115.0,0,0,False
940929,1,23.0,67.0,0,0,False
941341,1,8.0,23.0,0,0,False
941404,6,0.0,122.0,0,0,True
942289,1,27.0,73.0,0,0,False
942341,1,7.0,178.0,0,0,False
942369,1,23.0,24.0,0,0,False
942851,2,1.0,248.0,1,0,True
943673,3,0.0,89.0,1,1,True
943694,1,3.0,5.0,0,0,False
943929,1,15.0,36.0,0,0,False
943983,1,13.0,338.0,0,0,False
943984,1,188.0,213.0,0,0,False
943987,1,118.0,133.0,0,0,False
943993,1,1.0,7.0,0,0,True
944000,1,0.0,71.0,0,0,True
945100,1,2.0,26.0,0,0,False
945120,1,32.0,43.0,0,0,False
945144,1,32.0,36.0,0,0,False
945151,1,3.0,56.0,0,0,False
945603,1,8.0,10.0,0,0,False
945604,1,0.0,5.0,0,0,True
946076,1,0.0,10.0,0,0,True
946077,1,9.0,11.0,0,0,False
946079,1,0.0,82.0,0,0,True
946084,1,8.0,30.0,0,0,False
946085,1,8.0,171.0,0,0,False
946090,1,8.0,28.0,0,0,False
946091,1,8.0,28.0,0,0,False
946092,4,0.0,70.0,0,1,True
946095,1,0.0,86.0,0,0,True
946097,1,8.0,22.0,0,0,False
946098,2,0.0,171.0,1,0,True
946100,1,8.0,19.0,0,0,False
946101,2,1.0,17.0,1,0,True
946102,1,8.0,15.0,0,0,False
946103,1,8.0,14.0,0,0,False
946104,1,9.66,115.0,0,0,False
946105,1,8.0,13.0,0,0,False
946106,1,8.0,12.0,0,0,False
946107,1,8.0,10.0,0,0,False
946108,1,0.0,9.0,0,0,True
946110,1,8.0,9.0,0,0,False
946112,1,20.0,25.0,0,0,False
946114,1,12.0,27.0,0,0,False
946117,1,7.0,31.0,0,0,False
946119,1,7.0,31.0,0,0,False
946120,1,7.0,31.0,0,0,False
946121,1,7.0,30.0,0,0,False
946122,1,7.0,26.0,0,0,False
946123,1,7.0,25.0,0,0,False
946125,1,7.0,25.0,0,0,False
946126,1,7.0,24.0,0,0,False
946127,2,0.0,24.0,0,1,True
946129,1,7.0,23.0,0,0,False
946130,1,7.0,23.0,0,0,False
946132,1,0.0,2.0,0,0,True
946134,1,1.0,25.0,0,0,True
946135,1,7.0,15.0,0,0,False
946136,2,7.0,951.0,0,1,False
946138,1,7.0,12.0,0,0,False
946141,1,7.0,10.0,0,0,False
946142,1,7.0,10.0,0,0,False
946152,1,6.0,26.0,0,0,False
946153,1,6.0,25.0,0,0,False
946154,3,1.0,88.0,1,1,True
946155,2,0.0,24.0,1,0,True
946156,2,6.0,245.0,0,1,False
946157,2,0.0,12.0,1,0,True
946160,1,6.0,18.0,0,0,False
946161,1,6.0,18.0,0,0,False
946162,1,50.0,531.0,0,0,False
946164,1,6.0,17.0,0,0,False
946166,1,6.0,14.0,0,0,False
946167,1,6.0,12.0,0,0,False
946170,1,55.0,56.0,0,0,False
946172,1,6.0,16.0,0,0,False
946173,1,5.0,31.0,0,0,False
946174,1,5.0,30.0,0,0,False
946177,1,74.0,133.0,0,0,False
946181,1,0.0,11.0,0,0,True
946220,1,1.0,143.0,0,0,True
946225,1,3.0,53.0,0,0,False
946227,1,18.0,143.0,0,0,False
946231,1,116.0,140.0,0,0,False
946252,1,78.0,80.0,0,0,False
946542,1,9.0,15.0,0,0,False
947499,1,2.0,23.0,0,0,False
947944,1,6.0,8.0,0,0,False
947946,1,4.0,6.0,0,0,False
948154,1,18.0,141.0,0,0,False
948408,1,30.0,52.0,0,0,False
948479,2,3.0,36.0,1,0,False
948548,1,7.0,32.0,0,0,False
949065,2,3.0,84.0,1,0,False
949072,1,27.0,35.0,0,0,False
949079,1,34.0,38.0,0,0,False
949082,1,2.0,35.0,0,0,False
949086,1,0.0,6.0,0,0,True
949090,1,37.0,39.0,0,0,False
949096,2,0.0,25.0,0,0,True
949694,2,2.0,325.0,0,0,False
950298,4,3.0,24.0,0,2,False
950299,1,0.5,2.0,0,0,True
950306,2,10.0,20.0,0,1,False
950307,2,6.0,18.0,0,0,False
950308,1,0.0,5.0,0,0,True
950310,2,10.0,26.0,0,0,False
950311,2,0.0,14.0,0,1,True
950526,1,9.0,12.0,0,0,False
950527,2,0.0,12.0,0,1,True
950528,1,9.0,16.0,0,0,False
950529,1,9.0,19.0,0,0,False
950530,1,0.0,11.0,0,0,True
950531,1,9.0,16.0,0,0,False
950532,2,0.0,631.0,0,1,True
950534,1,9.0,20.0,0,0,False
950535,2,9.0,811.0,0,1,False
950537,3,0.0,26.0,2,0,True
950538,3,0.0,23.0,0,1,True
950539,2,0.0,25.0,0,1,True
950541,1,8.0,30.0,0,0,False
950546,1,7.1,76.0,0,0,False
950548,1,0.0,21.0,0,0,True
950552,1,10.0,11.0,0,0,False
950553,2,0.0,131.0,1,0,True
950554,1,0.0,17.0,0,0,True
950555,1,10.0,14.0,0,0,False
950556,1,10.0,14.0,0,0,False
950557,1,10.0,14.0,0,0,False
950559,2,10.0,17.0,0,1,False
950561,1,10.0,17.0,0,0,False
950562,3,10.0,83.0,1,1,False
950564,2,10.0,25.0,1,0,False
950565,1,59.0,121.0,0,0,False
950566,2,0.0,30.0,1,0,True
950567,3,0.0,31.0,2,0,True
950568,1,0.0,7.0,0,0,True
950569,2,7.0,56.0,0,1,False
950570,3,0.0,32.0,0,0,True
950571,1,0.0,17.0,0,0,True
950572,1,0.0,14.0,0,0,True
950573,3,0.0,141.0,2,0,True
950574,1,0.0,13.0,0,0,True
950576,1,0.0,131.0,0,0,True
950577,1,11.0,13.0,0,0,False
950578,1,11.0,13.0,0,0,False
950580,2,0.0,85.0,1,0,True
950581,1,11.0,19.0,0,0,False
950582,3,11.0,89.0,1,1,False
950584,4,4.0,55.0,3,0,False
950585,1,11.0,21.0,0,0,False
950586,3,1.0,48.0,1,1,True
950590,1,12.0,15.0,0,0,False
950591,1,0.0,6.0,0,0,True
950592,1,12.0,20.0,0,0,False
950593,2,8.0,91.0,1,0,False
950594,1,45.0,55.0,0,0,False
950596,1,95.0,186.0,0,0,False
950597,1,0.0,2.0,0,0,True
950598,5,1.0,150.0,0,3,True
950599,4,1.0,60.0,2,1,True
950600,2,0.0,501.0,0,0,True
950601,2,15.0,35.0,0,0,False
950603,1,0.0,12.0,0,0,True
950604,2,0.0,26.0,0,1,True
950606,2,3.0,90.0,0,1,False
950608,4,3.0,271.0,3,0,False
950609,2,0.0,109.0,0,1,True
950611,1,0.0,12.0,0,0,True
950617,2,0.0,116.0,1,0,True
950618,2,0.0,11.0,1,0,True
950619,2,23.0,38.0,0,0,False
950621,2,0.0,21.0,1,0,True
950625,1,12.0,30.0,0,0,False
950642,1,15.0,24.0,0,0,False
950643,10,0.0,195.0,0,3,True
950644,1,0.0,5.0,0,0,True
950832,4,1.0,87.0,0,2,True
951000,1,12.0,54.0,0,0,False
951506,1,42.0,135.0,0,0,False
951738,1,72.0,77.0,0,0,False
951743,1,3.0,7.0,0,0,False
951777,1,24.0,28.0,0,0,False
951782,1,3.0,26.0,0,0,False
951792,1,38.0,70.0,0,0,False
951794,1,10.0,27.0,0,0,False
951796,1,10.0,13.0,0,0,False
951814,1,74.0,82.0,0,0,False
953752,1,8.0,18.0,0,0,False
953761,1,0.7,20.0,0,0,True
953796,2,0.0,10.0,0,0,True
953797,1,10.0,19.5,0,0,False
953818,1,0.9,4.5,0,0,True
954047,1,4.0,101.0,0,0,False
954469,1,15.0,70.0,0,0,False
954498,1,50.0,70.0,0,0,False
955420,1,2.0,81.0,0,0,False
955448,1,7.0,40.0,0,0,False
955471,1,82.0,95.0,0,0,False
955475,1,310.0,326.0,0,0,False
955480,1,104.0,114.0,0,0,False
955484,1,10.0,54.0,0,0,False
955490,1,12.0,31.0,0,0,False
955733,1,45.0,59.0,0,0,False
955750,2,8.0,115.0,0,0,False
955756,1,95.0,105.0,0,0,False
955762,1,20.0,127.0,0,0,False
955773,1,3.0,115.0,0,0,False
955787,1,134.0,144.0,0,0,False
955801,1,75.0,190.0,0,0,False
955814,1,12.0,54.0,0,0,False
955819,1,3.0,161.0,0,0,False
956632,1,3.0,59.0,0,0,False
956634,1,32.0,278.0,0,0,False
956636,1,6.0,94.0,0,0,False
956639,1,8.0,42.0,0,0,False
956643,1,2.0,4.0,0,0,False
956650,1,8.0,66.0,0,0,False
956654,2,5.0,390.0,0,1,False
956657,1,38.0,379.0,0,0,False
956663,1,102.0,118.0,0,0,False
956668,1,34.0,35.0,0,0,False
957071,1,1.0,7.0,0,0,True
957075,1,13.0,117.0,0,0,False
957088,1,42.0,45.0,0,0,False
957649,1,3.0,18.0,0,0,False
957751,1,36.0,40.0,0,0,False
957753,1,0.0,9.0,0,0,True
957754,1,0.0,11.0,0,0,True
957759,2,1.0,891.0,0,1,True
957760,1,1.0,29.0,0,0,True
957762,2,0.0,75.0,0,1,True
957763,3,0.0,71.0,1,0,True
957764,2,2.0,195.0,0,1,False
957765,1,0.0,12.0,0,0,True
957766,1,129.0,133.0,0,0,False
957767,1,33.0,36.0,0,0,False
957768,1,65.0,141.0,0,0,False
957769,2,0.0,26.0,1,0,True
957770,1,3.0,25.0,0,0,False
957772,4,0.0,301.0,2,1,True
957773,1,55.0,62.0,0,0,False
957777,1,4.0,8.0,0,0,False
957778,2,4.0,45.0,0,1,False
957780,3,4.0,135.0,0,2,False
957781,1,0.0,171.0,0,0,True
957782,1,4.0,18.0,0,0,False
957783,1,4.0,17.0,0,0,False
957785,1,4.0,18.0,0,0,False
957786,1,4.0,22.0,0,0,False
957787,5,0.0,121.0,0,0,True
957788,1,118.0,121.0,0,0,False
957789,1,4.0,25.0,0,0,False
957792,1,4.0,30.0,0,0,False
957793,3,14.0,130.0,0,0,False
957796,3,0.0,12.0,1,0,True
957799,1,5.0,12.0,0,0,False
957801,3,0.7,107.0,0,1,True
957803,1,0.0,15.0,0,0,True
957805,3,5.0,69.0,0,2,False
957807,4,5.0,133.0,2,1,False
957811,1,5.0,23.0,0,0,False
957812,2,5.0,23.0,1,0,False
957814,2,0.0,71.0,1,0,True
957815,1,5.0,28.0,0,0,False
957816,1,5.0,28.0,0,0,False
957818,2,0.0,34.0,1,0,True
957822,1,0.0,8.0,0,0,True
957825,2,0.0,45.0,0,1,True
957826,2,6.0,150.0,0,1,False
957829,1,6.0,9.0,0,0,False
957833,1,6.0,18.0,0,0,False
957839,1,6.0,19.0,0,0,False
957840,1,96.0,102.0,0,0,False
957842,2,0.0,25.0,1,0,True
957844,2,56.0,132.0,0,1,False
957847,1,55.0,57.0,0,0,False
957849,1,6.0,28.0,0,0,False
957850,4,5.0,28.0,2,0,False
957976,5,0.0,122.0,0,0,True
957977,4,0.0,118.0,0,0,True
957978,3,0.0,110.0,0,0,True
957981,2,0.0,187.0,0,0,True
957982,2,0.0,79.0,0,0,True
957983,4,0.0,100.0,0,0,True
957984,4,0.0,196.0,0,1,True
957985,4,0.0,120.0,0,0,True
957986,6,0.0,210.0,0,0,True
957988,3,0.0,150.0,0,0,True
958020,1,10.0,169.0,0,0,False
958481,1,2.0,4.0,0,0,False
958729,1,110.0,153.0,0,0,False
958987,2,0.5,12.0,0,1,True
959009,3,0.5,18.0,0,1,True
959010,1,6.0,18.0,0,0,False
959029,2,0.0,14.0,0,0,True
959116,1,95.0,103.0,0,0,False
959121,1,5.0,23.0,0,0,False
959126,1,3.0,15.0,0,0,False
959140,1,62.0,100.0,0,0,False
959141,1,7.0,11.0,0,0,False
959157,1,3.0,78.0,0,0,False
959158,1,26.0,36.0,0,0,False
959162,1,4.0,8.0,0,0,False
959194,2,10.0,38.0,0,1,False
959195,1,0.0,2.0,0,0,True
959851,1,32.0,33.0,0,0,False
959858,1,8.0,30.0,0,0,False
959863,4,0.0,36.0,0,0,True
959869,2,0.0,9.0,0,1,True
959870,3,0.0,35.0,0,0,True
959880,1,4.0,31.0,0,0,False
959881,4,0.0,43.0,0,0,True
959884,9,0.0,92.0,0,1,True
959891,2,25.0,63.0,0,0,False
959951,2,2.0,79.0,0,1,False
960276,1,1.5,3.5,0,0,False
960277,4,0.0,6.0,0,0,True
960279,1,1.5,4.5,0,0,False
960280,1,4.5,12.0,0,0,False
960286,1,0.5,1.0,0,0,True
960299,2,0.5,16.0,1,0,True
960308,2,1.0,7.5,0,1,True
960314,2,0.0,13.5,0,0,True
960316,2,0.0,7.0,0,0,True
960322,1,0.0,6.0,0,0,True
960323,1,0.0,12.0,0,0,True
960324,1,19.02,20.5,0,0,False
960592,1,9.0,54.0,0,0,False
960593,1,0.0,31.0,0,0,True
960596,1,175.0,177.0,0,0,False
960773,1,8.0,19.0,0,0,False
960774,3,8.0,111.0,2,0,False
960776,5,0.0,149.0,2,2,True
960778,1,17.0,30.0,0,0,False
960779,1,8.0,15.0,0,0,False
960782,2,11.0,53.0,0,0,False
960783,1,41.0,45.0,0,0,False
960784,4,8.0,89.0,0,1,False
960786,1,8.0,11.0,0,0,False
960787,1,94.0,111.0,0,0,False
960788,3,0.0,108.0,0,1,True
960792,1,0.0,91.0,0,0,True
960793,2,5.0,201.0,0,1,False
960794,3,0.0,43.0,0,2,True
960795,3,0.0,121.0,0,1,True
960796,1,171.0,177.0,0,0,False
960797,1,7.0,31.0,0,0,False
960800,1,52.0,57.0,0,0,False
960801,1,7.0,25.0,0,0,False
960803,2,0.0,25.0,0,1,True
960806,1,7.0,16.0,0,0,False
960809,1,0.0,11.0,0,0,True
960811,1,7.0,14.0,0,0,False
960812,2,7.0,131.0,0,1,False
960813,1,7.0,11.0,0,0,False
960814,1,18.0,23.0,0,0,False
960817,1,14.0,40.0,0,0,False
960818,4,11.0,215.0,0,0,False
960819,3,118.0,221.0,0,1,False
960822,2,107.0,118.0,0,0,False
961115,3,2.0,30.0,0,1,False
961116,2,0.5,10.0,0,1,True
961117,4,0.5,30.0,0,1,True
961118,3,0.5,24.0,0,1,True
961122,2,0.5,38.0,0,1,True
961123,4,0.5,38.0,0,1,True
961124,2,1.0,38.0,0,1,True
961168,2,0.0,10.0,0,0,True
961174,4,6.0,18.0,0,1,False
961175,1,4.0,8.0,0,0,False
961176,3,0.0,18.0,0,1,True
961179,2,1.6,19.0,0,0,False
961181,3,4.0,18.5,0,0,False
961183,5,0.6,32.0,0,1,True
961184,1,2.0,6.0,0,0,False
961186,2,1.7,22.8,0,1,False
961194,2,1.0,75.0,1,0,True
961230,2,1.0,89.0,0,1,True
961231,2,1.0,85.0,1,0,True
961234,3,0.0,34.5,0,0,True
961236,2,0.1,7.0,1,0,True
961238,3,0.0,9.5,0,0,True
961239,2,0.0,9.0,0,0,True
961243,7,0.01,112.0,0,4,True
961245,2,0.0,8.0,0,0,True
961247,2,0.0,31.5,0,1,True
961250,3,0.7,15.5,0,0,True
961251,1,4.0,6.5,0,0,False
961273,1,0.8,2.5,0,0,True
961274,2,0.81,13.0,0,0,True
961275,4,1.0,13.0,0,0,True
961508,1,2.0,27.0,0,0,False
961513,1,32.0,50.0,0,0,False
961529,1,3.0,31.0,0,0,False
961534,1,3.0,43.0,0,0,False
961591,1,30.0,100.0,0,0,False
961595,1,3.0,43.0,0,0,False
961801,1,4.0,16.0,0,0,False
961803,1,56.0,71.0,0,0,False
961816,1,8.0,29.0,0,0,False
961822,1,5.0,72.0,0,0,False
961831,1,1.7,218.0,0,0,False
961833,1,23.0,42.0,0,0,False
961844,1,38.0,43.0,0,0,False
961858,1,79.0,88.0,0,0,False
961860,1,156.0,239.0,0,0,False
961864,1,94.0,101.0,0,0,False
961872,2,9.0,123.0,0,1,False
961876,1,182.0,261.0,0,0,False
961880,1,75.0,88.0,0,0,False
961893,2,19.0,60.0,0,1,False
961900,1,2.0,53.0,0,0,False
962701,13,0.0,78.0,1,2,True
962703,11,0.0,100.0,0,2,True
962704,9,0.0,85.0,0,3,True
962705,14,0.0,97.0,0,2,True
962707,16,0.0,95.0,0,2,True
962844,2,21.0,83.0,0,1,False
962916,1,0.5,4.0,0,0,True
962917,2,0.5,4.0,0,0,True
962918,2,0.0,8.0,0,1,True
962978,1,18.0,24.0,0,0,False
962980,2,4.0,24.0,0,0,False
962981,1,6.0,24.0,0,0,False
962982,1,0.5,18.0,0,0,True
964120,1,2.0,15.0,0,0,False
964821,1,6.0,12.0,0,0,False
965185,1,59.0,82.0,0,0,False
965194,1,79.0,89.0,0,0,False
965653,1,0.0,15.0,0,0,True
965654,1,8.0,28.0,0,0,False
965655,1,58.0,110.0,0,0,False
965660,2,0.0,15.0,0,0,True
965661,1,51.0,58.0,0,0,False
965662,1,0.0,13.0,0,0,True
965664,1,108.0,117.0,0,0,False
965665,2,0.0,71.0,1,0,True
965666,2,9.0,23.0,0,1,False
965667,1,7.0,32.0,0,0,False
965670,2,0.0,17.0,0,0,True
965671,2,0.0,16.0,1,0,True
965673,2,9.0,141.0,0,1,False
965674,2,9.0,150.0,0,1,False
965676,4,0.0,200.0,1,2,True
965678,1,9.0,24.0,0,0,False
965680,2,0.0,30.0,0,1,True
965681,1,88.0,95.0,0,0,False
965682,2,7.0,24.0,1,0,False
965683,2,100.0,158.0,0,0,False
965685,4,0.0,170.0,1,2,True
965690,1,64.0,102.0,0,0,False
965692,2,11.0,451.0,0,1,False
965696,1,0.0,12.0,0,0,True
965700,3,0.0,32.0,0,0,True
966151,4,0.0,90.0,0,0,True
966155,7,0.0,102.0,0,0,True
966157,3,0.0,58.0,0,0,True
966158,4,0.0,98.0,0,0,True
966165,2,0.0,50.0,0,0,True
966166,2,0.0,50.0,0,0,True
966167,2,0.0,50.0,0,0,True
966168,1,0.0,10.0,0,0,True
966169,2,0.0,50.0,0,0,True
966170,1,0.0,10.0,0,0,True
966171,2,0.0,50.0,0,0,True
966172,1,10.0,104.0,0,0,False
966173,1,0.0,10.0,0,0,True
966174,6,0.0,118.0,0,0,True
966175,7,0.0,198.0,0,1,True
966176,4,0.0,158.0,0,2,True
966177,6,0.0,138.0,0,1,True
966178,6,0.0,118.0,0,0,True
966179,1,120.0,185.0,0,0,False
966180,4,90.0,185.0,0,0,False
966183,2,0.0,7.0,0,0,True
966184,4,0.0,10.0,2,1,True
966185,4,0.0,14.0,0,1,True
966186,2,0.0,9.0,0,0,True
966187,3,2.0,13.0,0,1,False
966188,2,2.0,10.0,0,1,False
966189,3,0.0,4.0,0,0,True
966190,3,0.0,15.0,0,1,True
966191,6,0.0,202.0,0,0,True
966701,1,57.0,100.0,0,0,False
966702,1,35.0,52.0,0,0,False
966703,1,39.0,150.0,0,0,False
966708,1,6.0,98.0,0,0,False
966710,1,70.0,80.0,0,0,False
966711,1,3.0,5.0,0,0,False
966713,1,80.0,81.0,0,0,False
966715,1,5.0,115.0,0,0,False
966717,2,15.0,133.0,1,0,False
966718,2,18.0,81.0,0,1,False
966724,3,2.0,80.0,1,1,False
966725,1,20.0,23.0,0,0,False
966726,1,36.0,37.0,0,0,False
966727,1,32.0,33.0,0,0,False
966737,2,2.0,76.0,0,1,False
966738,1,15.0,22.0,0,0,False
966739,2,48.0,100.0,0,1,False
966746,2,5.0,99.0,1,0,False
966748,1,3.0,46.0,0,0,False
966749,1,0.0,18.0,0,0,True
966753,1,39.0,80.0,0,0,False
966758,1,55.0,57.0,0,0,False
966759,1,41.0,49.0,0,0,False
966761,1,45.0,63.0,0,0,False
966766,2,37.0,86.0,1,0,False
966774,1,55.0,60.0,0,0,False
966778,1,18.0,36.0,0,0,False
966779,1,30.0,53.0,0,0,False
966781,1,49.0,370.0,0,0,False
966792,2,33.0,82.0,0,1,False
966793,1,2.0,6.0,0,0,False
966795,1,48.0,96.0,0,0,False
967258,1,5.0,73.0,0,0,False
967269,1,9.0,11.0,0,0,False
967271,2,22.0,42.0,0,1,False
967275,1,77.0,83.0,0,0,False
967283,1,2.0,7.8,0,0,False
967291,1,1.0,69.0,0,0,True
967292,1,5.0,25.0,0,0,False
967334,1,100.0,162.0,0,0,False
967339,1,135.0,146.0,0,0,False
967350,1,38.0,54.0,0,0,False
967912,3,0.5,6.0,0,0,True
967913,1,4.0,6.0,0,0,False
967914,2,0.5,4.0,0,0,True
968502,4,0.0,300.0,0,0,True
968601,1,10.0,11.0,0,0,False
968602,1,73.0,122.0,0,0,False
968603,4,0.0,71.0,3,0,True
968604,2,0.0,121.0,0,1,True
968606,1,10.0,20.0,0,0,False
968608,1,0.0,13.0,0,0,True
968609,1,0.0,13.0,0,0,True
968610,3,10.0,117.0,0,1,False
968612,1,10.0,24.0,0,0,False
968613,2,0.0,108.0,1,0,True
968615,2,10.0,74.0,0,1,False
968617,2,0.0,57.0,0,1,True
968619,2,9.0,185.0,0,0,False
968622,2,19.0,30.0,0,0,False
968623,2,13.0,82.0,0,0,False
968627,1,46.0,51.0,0,0,False
968629,1,0.0,7.0,0,0,True
968633,2,11.0,116.0,0,1,False
968635,1,11.0,20.0,0,0,False
968636,2,0.0,24.0,1,0,True
968637,1,133.0,141.0,0,0,False
968638,4,0.0,108.0,0,2,True
968639,4,0.0,63.0,0,2,True
968642,4,16.0,127.0,0,1,False
968645,1,0.0,71.0,0,0,True
968648,3,15.0,501.0,0,2,False
968653,1,0.0,5.0,0,0,True
968656,1,107.0,130.0,0,0,False
968657,1,20.0,33.0,0,0,False
968659,1,20.0,40.0,0,0,False
968661,1,18.0,22.0,0,0,False
968662,1,0.0,12.0,0,0,True
968663,2,0.0,24.0,1,0,True
968664,2,0.0,461.0,0,1,True
968670,5,0.0,61.0,0,1,True
968673,2,1.0,87.0,0,1,True
968678,3,1.0,99.0,0,1,True
968679,2,56.0,145.0,0,0,False
968681,3,0.0,48.0,2,0,True
968682,3,133.0,181.0,0,1,False
968684,1,4.0,15.0,0,0,False
968687,4,2.0,351.0,2,1,False
968688,1,2.0,5.0,0,0,False
968690,1,28.0,33.0,0,0,False
968691,2,28.0,48.0,0,0,False
968692,1,2.0,18.0,0,0,False
968693,2,2.0,110.0,0,1,False
968694,1,0.0,12.0,0,0,True
968695,3,0.0,185.0,2,0,True
968696,2,2.0,117.0,0,1,False
968697,2,0.0,7.0,1,0,True
968698,2,3.0,371.0,0,1,False
968699,4,0.0,101.0,0,3,True
968700,2,3.0,37.0,0,1,False
968852,2,9.0,33.0,1,0,False
968937,1,48.0,62.0,0,0,False
969200,1,2.0,4.5,0,0,False
970184,1,355.0,403.0,0,0,False
970477,1,28.0,42.0,0,0,False
970483,1,30.0,39.0,0,0,False
970486,1,48.0,110.0,0,0,False
970487,1,48.0,76.0,0,0,False
970496,1,11.0,34.0,0,0,False
970497,1,2.0,36.0,0,0,False
970526,1,6.0,23.0,0,0,False
970528,1,33.0,38.0,0,0,False
970531,1,94.0,102.0,0,0,False
970537,1,110.0,120.0,0,0,False
970547,1,2.0,120.0,0,0,False
970555,1,29.0,75.0,0,0,False
970565,1,28.0,32.0,0,0,False
970575,1,11.0,76.0,0,0,False
970585,1,27.0,33.0,0,0,False
970587,1,36.0,47.0,0,0,False
970595,1,75.0,89.0,0,0,False
970628,1,5.0,12.0,0,0,False
970630,1,4.0,11.0,0,0,False
970631,1,0.0,8.0,0,0,True
970640,1,3.3,77.0,0,0,False
970641,4,1.5,67.5,1,2,False
970645,1,0.0,1.0,0,0,True
970647,2,0.0,13.75,0,1,True
970652,4,0.0,89.0,1,2,True
970653,1,1.0,10.0,0,0,True
970661,1,8.0,85.0,0,0,False
970663,2,55.0,154.0,1,0,False
970665,1,9.0,18.5,0,0,False
971346,4,0.0,50.0,0,0,True
971347,5,0.0,60.0,0,1,True
971348,6,2.0,100.0,0,2,False
971349,1,12.0,25.0,0,0,False
971356,1,6.0,82.0,0,0,False
971367,1,2.0,25.0,0,0,False
971371,2,7.0,51.0,0,1,False
971373,1,26.0,66.0,0,0,False
971379,2,9.0,30.0,0,1,False
971389,3,6.0,53.0,0,0,False
971395,2,25.0,42.0,0,1,False
971401,2,2.0,53.0,0,1,False
971407,1,40.0,43.0,0,0,False
971409,2,31.0,134.0,1,0,False
971959,1,41.0,139.0,0,0,False
972119,1,11.0,20.0,0,0,False
972381,3,0.0,187.0,0,1,True
972383,3,0.0,160.0,0,0,True
972384,2,0.0,71.0,0,0,True
973456,1,9.0,178.0,0,0,False
973459,2,9.0,81.0,0,0,False
973460,1,9.0,45.0,0,0,False
973462,2,9.0,60.0,0,0,False
973467,3,0.0,147.0,0,0,True
973468,3,0.0,140.0,0,0,True
973470,3,0.0,138.0,1,0,True
973471,3,0.0,128.0,0,0,True
973473,3,0.0,258.0,0,0,True
973477,3,0.0,183.0,0,0,True
973482,3,0.0,120.0,0,1,True
973489,3,0.0,160.0,0,0,True
973491,3,0.0,221.0,0,1,True
973497,2,45.0,190.0,0,0,False
973498,3,0.0,57.0,0,1,True
973499,3,0.0,53.0,0,0,True
973503,2,7.0,360.0,0,0,False
973504,3,0.0,320.0,0,0,True
973514,2,7.0,280.0,0,0,False
973519,3,0.0,160.0,0,0,True
973520,3,0.0,62.0,0,0,True
973521,3,0.0,164.0,1,0,True
973522,2,0.0,59.0,0,0,True
973523,3,0.0,131.0,0,0,True
973526,3,0.0,160.0,0,0,True
973528,1,9.0,31.0,0,0,False
973533,2,6.0,104.0,0,0,False
973546,2,4.0,77.0,0,0,False
973551,3,0.0,120.0,0,0,True
973557,3,0.0,161.0,0,0,True
973559,3,6.0,240.0,0,1,False
973561,1,9.0,75.0,0,0,False
973569,3,0.0,158.0,1,0,True
973575,3,0.0,79.0,0,0,True
973577,3,0.0,77.0,1,0,True
973584,3,0.0,140.0,0,0,True
974222,5,0.0,300.0,0,2,True
974223,6,49.0,300.0,0,2,False
974546,5,3.0,295.0,0,3,False
975254,1,10.0,301.0,0,0,False
975682,1,7.0,34.0,0,0,False
975684,1,2.0,7.0,0,0,False
975693,1,7.0,34.0,0,0,False
975700,1,4.0,30.0,0,0,False
975704,2,55.0,115.0,0,1,False
975732,1,3.0,40.0,0,0,False
975744,1,8.0,18.0,0,0,False
975751,2,10.0,114.0,1,0,False
975753,1,2.0,7.0,0,0,False
975934,7,0.0,35.0,0,0,True
975935,4,0.0,20.0,0,0,True
975936,5,0.0,30.0,0,0,True
975937,7,0.0,64.0,0,0,True
975938,5,0.0,16.0,0,0,True
975939,8,0.0,67.0,0,1,True
975940,7,0.0,43.0,0,0,True
975941,7,0.0,68.0,0,0,True
975942,3,0.0,44.0,0,0,True
976554,1,3.5,4.5,0,0,False
976555,1,2.0,3.3,0,0,False
976558,1,33.5,300.0,0,0,False
976647,1,0.4,3.5,0,0,True
976655,1,5.0,5.5,0,0,False
976737,5,90.0,258.0,0,0,False
976762,1,88.0,92.0,0,0,False
976781,1,6.0,23.0,0,0,False
976784,1,31.0,55.0,0,0,False
976788,1,16.0,98.0,0,0,False
976804,1,3.0,10.0,0,0,False
976823,2,3.0,103.0,0,1,False
976826,1,3.0,21.0,0,0,False
976836,2,4.0,112.0,0,1,False
976842,1,31.0,35.0,0,0,False
976875,2,4.0,42.0,1,0,False
976877,1,1.0,4.0,0,0,True
976878,4,0.0,140.0,2,1,True
976880,3,0.0,64.0,1,1,True
976881,2,7.0,331.0,0,1,False
976882,1,7.0,12.0,0,0,False
976883,2,0.0,135.0,0,1,True
976884,1,48.0,55.0,0,0,False
976886,1,0.0,71.0,0,0,True
976889,2,1.0,29.0,0,1,True
976890,2,14.0,78.0,0,1,False
976894,2,0.0,121.0,0,1,True
976895,1,12.0,31.0,0,0,False
976896,1,74.0,101.0,0,0,False
976897,1,8.0,40.0,0,0,False
976900,2,0.0,126.0,0,1,True
976901,1,6.0,23.0,0,0,False
976902,1,33.0,50.0,0,0,False
976904,1,6.0,15.0,0,0,False
976906,1,50.0,511.0,0,0,False
976908,1,95.0,121.0,0,0,False
976910,1,6.0,9.0,0,0,False
976914,1,0.0,4.0,0,0,True
976915,1,7.0,83.0,0,0,False
976916,1,0.0,15.0,0,0,True
976918,1,1.0,149.0,0,0,True
976919,3,0.0,104.0,2,0,True
976920,1,0.0,11.0,0,0,True
976922,2,0.0,18.0,1,0,True
976925,3,5.0,169.0,0,1,False
976926,1,1.0,26.0,0,0,True
976927,1,1.0,31.0,0,0,True
976928,2,0.0,14.0,1,0,True
976930,2,1.0,20.0,0,0,True
976932,1,1.0,21.0,0,0,True
976937,1,2.3,141.0,0,0,False
976938,3,0.0,117.0,1,1,True
976939,3,1.0,165.0,1,1,True
976940,1,21.0,69.0,0,0,False
976941,1,68.0,121.0,0,0,False
976943,2,0.0,31.0,1,0,True
976944,2,0.0,20.0,1,0,True
976945,2,1.0,112.0,1,0,True
976946,2,0.0,20.0,1,0,True
976949,1,0.0,2.0,0,0,True
976952,2,4.0,116.0,0,1,False
976953,1,4.0,15.0,0,0,False
976954,1,14.5,185.0,0,0,False
976956,1,0.0,11.0,0,0,True
976958,1,72.0,75.0,0,0,False
976961,1,4.0,6.0,0,0,False
976962,2,4.0,110.0,0,1,False
976964,1,4.0,5.0,0,0,False
976965,2,68.0,128.0,0,0,False
976967,1,0.0,11.0,0,0,True
976969,2,45.0,142.0,0,1,False
976971,2,1.0,269.0,0,1,True
977021,1,13.0,24.0,0,0,False
977023,1,46.0,100.0,0,0,False
977029,1,10.0,33.0,0,0,False
977030,1,8.0,88.0,0,0,False
977037,1,135.0,142.0,0,0,False
977038,1,95.0,109.0,0,0,False
977041,1,7.0,20.0,0,0,False
977044,1,3.0,44.0,0,0,False
977053,1,133.0,142.0,0,0,False
977060,1,5.0,31.0,0,0,False
977067,1,10.0,12.0,0,0,False
977079,1,5.0,8.0,0,0,False
977082,1,5.0,167.0,0,0,False
977099,2,15.0,105.0,0,1,False
977102,1,50.0,96.0,0,0,False
977106,1,111.0,200.0,0,0,False
977108,1,181.0,275.0,0,0,False
977116,1,15.0,18.0,0,0,False
977117,1,136.0,174.0,0,0,False
977125,2,0.0,3.0,0,0,True
977142,3,11.0,121.0,1,1,False
977143,2,3.0,34.5,0,1,False
977144,1,28.0,29.0,0,0,False
977162,1,3.0,27.0,0,0,False
977553,1,5.0,10.0,0,0,False
977937,1,5.0,17.0,0,0,False
977956,1,6.0,72.0,0,0,False
978088,4,3.01,28.0,1,0,False
978093,5,0.0,46.0,2,2,True
978095,3,3.4,64.5,0,1,False
979891,1,71.0,81.0,0,0,False
979902,1,64.0,70.0,0,0,False
979913,1,90.0,107.0,0,0,False
979937,1,51.0,57.0,0,0,False
980029,1,4.0,119.0,0,0,False
980530,2,30.0,50.0,0,1,False
980531,5,0.0,61.0,0,0,True
980532,5,0.0,50.0,0,0,True
981097,1,52.0,54.0,0,0,False
981098,2,0.0,37.0,0,1,True
981104,2,0.0,12.0,0,1,True
981107,1,1.0,6.0,0,0,True
981109,1,14.0,33.0,0,0,False
981131,1,7.0,16.0,0,0,False
981137,2,0.0,23.0,0,1,True
981267,2,2.0,113.0,0,0,False
981708,4,0.5,81.0,1,0,True
981709,2,0.5,16.0,0,0,True
981874,1,2.0,4.0,0,0,False
981876,1,20.0,22.0,0,0,False
982115,1,94.0,107.0,0,0,False
982740,3,15.0,481.0,0,2,False
982742,2,0.0,22.0,1,0,True
982743,2,14.0,33.0,0,0,False
982746,1,12.0,16.0,0,0,False
982748,3,0.0,53.0,1,1,True
982749,2,7.0,134.0,0,1,False
982750,1,0.0,81.0,0,0,True
982751,2,0.0,1011.0,0,1,True
982753,2,0.0,28.0,1,0,True
982755,1,38.0,48.0,0,0,False
982756,1,7.0,29.0,0,0,False
982758,2,0.0,73.0,1,0,True
982761,2,8.0,16.0,1,0,False
982762,3,0.0,185.0,1,1,True
982765,4,0.0,511.0,2,1,True
982766,3,0.0,201.0,1,1,True
982767,3,0.0,58.0,1,1,True
982768,2,0.0,19.0,1,0,True
982770,4,0.0,36.0,1,1,True
982771,2,33.0,39.0,0,0,False
982772,2,3.0,431.0,0,1,False
982776,1,0.0,14.0,0,0,True
982779,2,3.0,35.0,0,0,False
982781,2,0.0,71.0,1,0,True
982784,2,0.0,16.0,1,0,True
982785,4,0.0,241.0,2,1,True
982786,1,1.0,4.0,0,0,True
982787,6,0.0,225.0,1,0,True
982788,1,0.0,13.0,0,0,True
982794,1,82.0,100.0,0,0,False
982804,2,28.0,64.0,0,1,False
982829,1,32.0,33.0,0,0,False
982844,1,7.0,23.0,0,0,False
982852,1,3.0,52.0,0,0,False
983569,1,30.0,35.0,0,0,False
983647,2,0.5,22.0,0,1,True
984726,1,8.0,23.0,0,0,False
984731,2,36.0,85.0,0,1,False
984732,1,5.0,219.0,0,0,False
984767,1,81.0,87.0,0,0,False
984771,1,1.0,35.0,0,0,True
984774,1,85.0,86.0,0,0,False
984783,1,37.0,45.0,0,0,False
984793,1,8.0,28.0,0,0,False
984968,1,62.0,66.0,0,0,False
984969,3,6.0,78.0,2,0,False
984970,1,15.0,451.0,0,0,False
984971,2,8.0,60.0,0,1,False
984973,1,90.0,117.0,0,0,False
984974,1,20.0,47.0,0,0,False
984975,1,8.0,30.0,0,0,False
984976,3,0.0,661.0,1,1,True
984977,3,0.0,75.0,0,2,True
984978,2,0.0,381.0,0,1,True
984979,2,0.0,23.0,0,1,True
984981,2,0.0,25.0,0,1,True
984984,4,13.0,78.0,0,2,False
984985,1,0.0,11.0,0,0,True
984986,1,1.0,101.0,0,0,True
984989,1,0.0,1.5,0,0,True
984990,1,9.0,15.0,0,0,False
984991,2,4.0,411.0,1,0,False
984993,1,9.0,17.0,0,0,False
984994,2,9.0,77.0,0,1,False
984996,3,9.0,63.0,0,2,False
984998,1,118.0,119.0,0,0,False
984999,1,101.0,107.0,0,0,False
985001,1,0.0,14.0,0,0,True
985002,1,9.0,27.0,0,0,False
985004,2,0.0,35.0,0,1,True
985006,1,31.0,56.0,0,0,False
985007,1,68.0,104.0,0,0,False
985011,2,0.0,136.0,0,1,True
985012,3,1.0,15.0,1,1,True
985017,1,10.0,11.0,0,0,False
985018,1,0.0,7.0,0,0,True
985020,1,10.0,11.0,0,0,False
985021,1,0.0,81.0,0,0,True
985022,1,0.0,6.0,0,0,True
985023,1,0.0,4.0,0,0,True
985026,2,13.0,45.0,0,1,False
985028,2,0.0,22.0,1,0,True
985031,2,10.0,84.0,0,1,False
985032,2,10.0,64.0,0,1,False
985033,3,10.0,86.0,1,0,False
985034,1,0.0,18.0,0,0,True
985036,2,0.0,56.0,1,0,True
985037,4,108.0,199.0,0,1,False
985040,3,6.0,48.0,1,0,False
985042,2,0.0,18.0,0,0,True
985043,2,0.0,23.0,0,0,True
985044,4,0.0,121.0,0,2,True
985046,1,117.0,130.0,0,0,False
985047,1,34.0,45.0,0,0,False
985049,1,0.0,5.0,0,0,True
985052,2,0.0,47.0,0,1,True
985053,1,1.0,11.0,0,0,True
985054,3,0.0,132.0,0,2,True
985056,1,40.0,42.0,0,0,False
985058,2,1.0,61.0,0,1,True
985059,1,69.0,73.0,0,0,False
985062,1,0.0,13.0,0,0,True
985063,1,0.0,14.0,0,0,True
985066,1,4.0,48.0,0,0,False
986516,2,7.0,59.0,0,0,False
987359,1,3.0,17.0,0,0,False
987391,1,53.0,95.0,0,0,False
987394,1,57.0,137.0,0,0,False
987396,1,55.0,89.0,0,0,False
987401,1,218.0,383.0,0,0,False
987426,1,8.0,351.0,0,0,False
987441,1,43.0,148.0,0,0,False
987445,1,0.0,1.0,0,0,True
987447,2,4.0,337.0,0,1,False
987450,1,4.0,14.0,0,0,False
987453,1,0.0,5.0,0,0,True
987459,1,2.0,15.0,0,0,False
987463,1,51.0,83.0,0,0,False
987468,1,30.0,145.0,0,0,False
987470,1,38.0,42.0,0,0,False
987472,1,15.0,22.0,0,0,False
987475,1,1.0,8.0,0,0,True
987558,1,47.0,130.0,0,0,False
987573,1,0.0,2.0,0,0,True
987669,1,12.0,21.0,0,0,False
987678,1,4.0,36.0,0,0,False
987679,2,7.0,139.0,1,0,False
987682,1,4.0,106.0,0,0,False
987692,1,36.0,46.0,0,0,False
987697,1,34.0,43.0,0,0,False
987706,1,2.11,221.0,0,0,False
987712,1,8.0,85.0,0,0,False
987713,1,80.0,152.0,0,0,False
987721,1,47.0,63.0,0,0,False
987723,1,8.0,18.0,0,0,False
987729,1,31.0,235.0,0,0,False
988287,1,3.0,18.0,0,0,False
988519,1,32.0,37.0,0,0,False
988522,1,1.0,165.0,0,0,True
989537,1,7.2,75.0,0,0,False
989538,1,0.0,3.0,0,0,True
989539,2,3.0,42.0,1,0,False
989540,2,32.0,47.0,0,0,False
989542,1,0.0,17.0,0,0,True
989544,2,0.0,30.0,1,0,True
989545,2,0.0,113.0,1,0,True
989546,2,0.0,122.0,0,1,True
989548,1,6.0,21.0,0,0,False
989549,3,0.0,211.0,2,0,True
989551,1,6.0,29.0,0,0,False
989552,2,0.0,29.0,1,0,True
989554,2,6.0,115.0,0,1,False
989555,6,20.0,106.0,0,2,False
989556,2,1.0,56.0,0,1,True
989557,1,0.0,7.0,0,0,True
989558,3,16.0,95.0,0,1,False
989559,3,2.0,40.0,0,1,False
989560,2,6.0,88.0,0,1,False
989561,3,6.0,25.0,1,1,False
989562,2,0.0,16.0,1,0,True
989563,3,0.0,38.0,2,0,True
989564,1,0.0,15.0,0,0,True
989565,2,6.0,96.0,0,1,False
989566,1,1.0,70.0,0,0,True
989567,2,0.0,27.0,0,0,True
989569,2,0.0,106.0,0,1,True
989570,1,12.0,31.0,0,0,False
989573,4,0.0,51.0,3,0,True
989574,1,0.0,2.0,0,0,True
989576,2,0.0,38.0,1,0,True
989577,2,0.0,60.0,0,1,True
989578,1,5.0,24.0,0,0,False
989579,1,0.0,17.0,0,0,True
989580,3,0.0,81.0,0,2,True
989581,1,39.0,110.0,0,0,False
989584,2,51.0,118.0,0,0,False
989585,1,0.0,17.0,0,0,True
989587,1,17.0,30.0,0,0,False
989588,1,0.0,14.0,0,0,True
989589,2,4.0,271.0,1,0,False
989592,3,0.0,31.0,0,2,True
989593,3,0.0,1151.0,1,1,True
989595,1,27.0,28.0,0,0,False
989596,3,5.0,26.0,0,1,False
989598,2,0.0,155.0,0,1,True
989600,1,0.0,20.0,0,0,True
989601,1,8.0,135.0,0,0,False
989602,4,0.0,177.0,2,1,True
989607,2,2.0,43.0,0,1,False
989608,1,1.0,63.0,0,0,True
989610,1,2.0,28.0,0,0,False
989611,1,2.0,25.0,0,0,False
989612,2,1.0,22.0,1,0,True
989615,3,0.0,51.0,0,1,True
989617,2,0.0,15.0,1,0,True
989618,1,0.0,12.0,0,0,True
989620,1,0.0,15.0,0,0,True
989621,1,106.0,114.0,0,0,False
989623,3,0.0,173.0,2,0,True
989624,3,0.0,25.0,2,0,True
989625,2,0.0,45.0,0,1,True
989626,1,35.0,49.0,0,0,False
989628,1,1.0,19.0,0,0,True
989629,2,0.0,42.0,0,1,True
989630,2,0.0,30.0,1,0,True
989631,1,0.0,15.0,0,0,True
989633,1,0.0,15.0,0,0,True
989803,1,60.0,63.0,0,0,False
989809,1,9.0,15.0,0,0,False
990055,1,55.0,57.0,0,0,False
990061,1,2.2,5.0,0,0,False
990069,1,78.0,90.0,0,0,False
990077,1,104.0,119.0,0,0,False
990078,1,8.0,48.0,0,0,False
990090,1,7.0,29.0,0,0,False
990101,1,36.0,42.0,0,0,False
990106,2,49.0,82.0,0,0,False
990108,1,50.0,70.0,0,0,False
990110,2,0.0,91.0,0,1,True
990128,1,66.0,73.0,0,0,False
990140,1,1.0,23.0,0,0,True
990704,1,80.0,88.0,0,0,False
990720,1,173.0,510.0,0,0,False
990725,1,3.0,4.0,0,0,False
990737,2,16.0,99.0,0,1,False
990738,1,7.0,39.0,0,0,False
990740,2,62.0,90.0,0,1,False
990761,1,41.0,52.0,0,0,False
990774,2,1.0,45.0,1,0,True
990776,2,68.0,103.0,0,1,False
990785,1,171.0,179.0,0,0,False
990787,1,75.0,152.0,0,0,False
990790,1,157.0,190.0,0,0,False
990795,1,30.0,72.0,0,0,False
991104,1,10.0,25.0,0,0,False
991105,1,5.8,17.51,0,0,False
991106,1,0.5,7.5,0,0,True
991108,1,3.0,20.0,0,0,False
991119,1,73.0,176.0,0,0,False
991122,1,90.0,128.0,0,0,False
991124,1,26.0,128.0,0,0,False
991133,1,8.0,12.0,0,0,False
991137,1,8.0,10.0,0,0,False
991138,1,62.0,78.0,0,0,False
991337,1,0.5,2.0,0,0,True
991534,7,0.0,82.0,0,1,True
991538,2,0.0,15.0,0,0,True
991541,6,0.0,65.0,0,0,True
991544,3,0.0,34.5,0,1,True
991547,4,0.0,53.0,0,2,True
991550,6,0.0,50.0,0,2,True
991553,7,0.0,81.0,2,2,True
991554,2,0.0,15.0,0,0,True
991555,2,0.0,15.0,0,0,True
991557,5,0.0,41.0,0,0,True
991572,6,0.0,37.0,2,1,True
991575,4,48.0,87.0,0,0,False
991576,6,0.0,75.0,0,0,True
991577,7,0.0,49.0,2,2,True
991580,6,0.0,96.0,0,0,True
991728,1,0.5,2.0,0,0,True
991735,1,0.0,0.5,0,0,True
991736,1,28.0,37.0,0,0,False
992295,1,7.0,50.0,0,0,False
992343,1,43.0,53.0,0,0,False
992358,1,5.0,19.0,0,0,False
992379,1,8.0,9.0,0,0,False
992380,1,51.0,55.0,0,0,False
992642,4,2.0,10.0,1,2,False
992643,6,0.3,12.0,0,1,True
992644,5,0.3,31.0,0,2,True
992647,9,0.5,11.0,3,2,True
992648,6,0.0,6.5,2,1,True
992649,12,0.2,20.0,7,2,True
992651,6,0.0,6.0,2,2,True
992652,5,0.5,19.0,2,1,True
992653,11,0.5,22.5,6,1,True
992657,4,0.5,8.5,0,2,True
992658,6,0.2,8.5,1,1,True
992659,8,0.2,8.5,0,1,True
992660,8,0.1,6.7,1,1,True
992661,4,0.5,9.0,0,2,True
992662,3,0.6,13.0,0,1,True
992663,9,0.2,19.5,4,1,True
994538,1,7.0,28.0,0,0,False
994597,4,7.0,32.0,0,1,False
994599,2,7.0,112.0,0,1,False
994601,1,50.0,58.0,0,0,False
994602,3,0.0,44.0,2,0,True
994605,2,0.0,58.0,0,1,True
994606,4,1.0,121.0,2,1,True
994607,1,7.0,25.0,0,0,False
994608,2,0.0,40.0,1,0,True
994609,2,0.0,26.0,0,1,True
994610,1,7.0,28.0,0,0,False
994611,2,6.0,27.0,1,0,False
994613,1,7.0,29.0,0,0,False
994614,3,11.0,58.0,1,1,False
994615,6,0.0,58.0,5,0,True
994618,1,0.0,131.0,0,0,True
994620,1,0.0,13.0,0,0,True
994621,2,0.0,15.0,1,0,True
994622,1,49.0,51.0,0,0,False
994623,1,0.0,71.0,0,0,True
994626,1,8.0,331.0,0,0,False
994630,2,2.0,53.0,1,0,False
994635,1,222.0,230.0,0,0,False
994636,1,0.0,121.0,0,0,True
994637,1,13.0,44.0,0,0,False
994638,2,0.0,94.0,1,0,True
994639,1,0.0,11.0,0,0,True
994640,2,0.0,71.0,1,0,True
994642,1,62.0,65.0,0,0,False
994643,3,0.0,48.0,2,0,True
994644,2,0.0,29.0,0,1,True
995368,1,71.0,181.0,0,0,False
995380,2,8.0,170.0,0,1,False
995902,2,2.4,72.0,1,0,False
995977,1,96.0,100.0,0,0,False
997704,1,85.0,95.0,0,0,False
997710,1,210.0,213.0,0,0,False
997729,1,75.0,80.0,0,0,False
997738,1,4.0,13.0,0,0,False
997748,1,41.0,86.0,0,0,False
997774,1,35.0,57.0,0,0,False
998135,2,0.0,12.0,0,0,True
998136,1,8.0,16.0,0,0,False
998138,4,0.0,19.0,2,1,True
998139,1,8.0,19.0,0,0,False
998141,1,271.0,421.0,0,0,False
998143,2,1.0,121.0,1,0,True
998144,3,0.0,24.0,1,1,True
998145,3,0.0,28.0,1,0,True
998147,1,8.0,25.0,0,0,False
998150,3,8.0,150.0,0,2,False
998153,2,0.0,65.0,0,1,True
998155,1,0.0,119.0,0,0,True
998156,1,0.0,13.0,0,0,True
998158,1,1.0,5.0,0,0,True
998159,1,0.0,5.0,0,0,True
998160,1,0.0,7.0,0,0,True
998161,1,0.0,4.0,0,0,True
998164,2,9.0,102.0,0,1,False
998165,1,9.0,13.0,0,0,False
998167,2,0.0,15.0,1,0,True
998168,1,12.0,34.0,0,0,False
998169,3,0.0,96.0,2,0,True
998171,1,9.0,19.0,0,0,False
998172,1,55.0,70.0,0,0,False
998174,4,0.0,81.0,0,3,True
998175,1,85.0,99.0,0,0,False
998176,3,9.0,141.0,1,1,False
998178,1,72.0,84.0,0,0,False
998179,1,9.0,30.0,0,0,False
998180,1,0.0,31.0,0,0,True
998181,1,0.0,7.0,0,0,True
998182,1,0.0,6.0,0,0,True
998183,1,15.0,67.0,0,0,False
998184,1,119.0,125.0,0,0,False
998185,1,10.0,15.0,0,0,False
998187,1,10.0,14.0,0,0,False
998188,1,10.0,17.0,0,0,False
998189,2,0.0,132.0,0,1,True
998190,1,0.0,9.0,0,0,True
998191,2,0.0,25.0,0,1,True
998192,2,10.0,391.0,1,0,False
998194,2,0.0,201.0,0,1,True
998200,2,70.0,140.0,0,1,False
998201,1,0.0,15.0,0,0,True
998202,1,2.0,141.0,0,0,False
998203,3,0.0,45.0,0,2,True
998204,1,11.0,17.0,0,0,False
998205,1,11.0,16.0,0,0,False
998207,1,42.0,46.0,0,0,False
998208,1,35.0,141.0,0,0,False
998209,2,5.0,75.0,0,1,False
998210,1,11.0,23.0,0,0,False
998211,1,11.0,25.0,0,0,False
998212,3,5.0,171.0,2,0,False
998215,2,0.0,135.0,1,0,True
998216,1,0.0,14.0,0,0,True
998217,2,0.0,16.0,1,0,True
998219,2,1.0,126.0,0,1,True
998221,2,1.0,97.0,0,0,True
998224,2,0.0,33.0,0,1,True
998226,1,25.0,141.0,0,0,False
998231,1,0.0,10.0,0,0,True
999097,4,0.4,5.0,2,0,True
999098,4,0.2,5.0,0,1,True
999099,6,0.3,15.0,1,3,True
999115,6,1.0,8.5,2,2,True
999117,3,0.2,10.0,0,2,True
999159,4,0.2,5.0,0,1,True
999160,5,0.2,6.5,1,1,True
999161,4,0.0,8.0,1,2,True
999162,6,0.0,21.0,1,2,True
999338,1,10.0,19.0,0,0,False
999395,2,6.0,103.0,1,0,False
999403,1,30.0,50.0,0,0,False
999506,8,0.0,300.0,0,1,True
999772,1,46.0,51.0,0,0,False
999830,1,3.0,22.0,0,0,False
999831,1,34.0,50.0,0,0,False
999833,1,14.0,30.0,0,0,False
999835,1,75.0,180.0,0,0,False
999837,3,3.0,143.0,0,2,False
999841,1,44.0,73.0,0,0,False
999842,2,1.0,49.0,0,1,True
999846,1,8.0,10.0,0,0,False
999862,1,25.0,40.0,0,0,False
999864,1,31.0,34.0,0,0,False
999870,1,9.0,38.0,0,0,False
999871,1,25.0,27.0,0,0,False
1000027,4,0.0,60.0,0,1,True
1000028,2,0.0,28.0,0,1,True
1000029,5,0.0,165.0,0,1,True
1000031,2,0.0,122.0,0,1,True
1000032,1,0.0,10.0,0,0,True
1000034,1,15.0,78.0,0,0,False
1000035,2,59.0,87.0,0,0,False
1000036,4,0.0,185.0,0,1,True
1000037,7,0.0,208.0,0,0,True
1000038,5,0.0,245.0,0,2,True
1000040,7,0.0,365.0,0,2,True
1000041,1,0.0,2.0,0,0,True
1000042,4,5.0,169.0,1,0,False
1000045,5,0.0,82.0,0,0,True
1000092,3,6.0,80.0,0,0,False
1001868,1,86.0,100.0,0,0,False
1001875,1,8.0,17.0,0,0,False
1001877,1,85.0,92.0,0,0,False
1002915,1,10.0,140.0,0,0,False
1002919,1,120.0,142.0,0,0,False
1002925,1,24.0,138.0,0,0,False
1003314,3,0.0,81.0,1,1,True
1003316,2,0.0,23.0,1,0,True
1003317,2,3.0,112.0,0,1,False
1003319,1,0.0,15.0,0,0,True
1003321,1,11.0,75.0,0,0,False
1003322,3,55.0,230.0,0,1,False
1003325,2,3.0,50.0,0,1,False
1003326,1,0.0,4.0,0,0,True
1003328,2,2.0,117.0,1,0,False
1003332,1,3.0,6.0,0,0,False
1003333,1,1.0,51.0,0,0,True
1003335,1,0.0,201.0,0,0,True
1003338,1,3.0,21.0,0,0,False
1003351,1,12.0,37.0,0,0,False
1003779,1,12.0,18.0,0,0,False
1003798,1,4.0,172.0,0,0,False
1003803,2,5.0,118.0,0,1,False
1003807,3,18.0,90.0,0,1,False
1003808,2,25.0,138.0,1,0,False
1003809,1,6.0,30.0,0,0,False
1003810,1,95.0,104.0,0,0,False
1003811,2,7.0,47.0,0,1,False
1003813,2,1.0,70.0,1,0,True
1003817,1,0.0,2.0,0,0,True
1003819,1,7.0,21.0,0,0,False
1003820,2,0.0,271.0,0,0,True
1003822,1,9.0,20.0,0,0,False
1003823,1,9.0,18.0,0,0,False
1003826,1,1.0,6.0,0,0,True
1003827,1,9.0,14.0,0,0,False
1003828,2,0.0,141.0,0,1,True
1003829,3,6.0,82.0,0,2,False
1003831,3,6.0,231.0,1,1,False
1003833,1,6.0,9.0,0,0,False
1003834,2,6.0,54.0,0,1,False
1003837,4,0.0,78.0,2,1,True
1003838,1,0.0,12.0,0,0,True
1003839,2,0.0,30.0,1,0,True
1003842,1,95.0,101.0,0,0,False
1003843,1,0.0,18.0,0,0,True
1003844,1,5.0,25.0,0,0,False
1003845,1,5.0,23.0,0,0,False
1003849,4,0.0,71.0,2,1,True
1003850,1,0.0,15.0,0,0,True
1004126,1,5.0,28.0,0,0,False
1004141,1,71.0,172.0,0,0,False
1004207,1,57.0,75.0,0,0,False
1004214,1,10.0,30.0,0,0,False
1004543,3,1.5,35.0,0,2,False
1004544,2,4.0,31.0,0,1,False
1004545,2,0.0,571.0,0,1,True
1004546,2,0.0,81.0,1,0,True
1004547,1,0.0,23.0,0,0,True
1004550,2,8.0,120.0,0,1,False
1004551,1,8.0,12.0,0,0,False
1004552,1,78.0,83.0,0,0,False
1004553,1,8.0,17.0,0,0,False
1004555,1,8.0,21.0,0,0,False
1004556,3,8.0,117.0,1,0,False
1004559,7,1.0,141.0,3,2,True
1004560,1,8.0,25.0,0,0,False
1004562,1,0.0,13.0,0,0,True
1004563,1,1.0,65.0,0,0,True
1004566,1,105.0,111.0,0,0,False
1004567,2,9.0,110.0,0,1,False
1004568,3,1.0,80.0,0,2,True
1004570,1,9.0,25.0,0,0,False
1005177,1,3.0,23.0,0,0,False
1005187,1,60.0,195.0,0,0,False
1005190,1,9.0,29.0,0,0,False
1005204,1,85.0,125.0,0,0,False
1005254,1,0.0,8.0,0,0,True
1005747,1,3.0,4.0,0,0,False
1006609,1,10.0,20.0,0,0,False
1006633,1,7.0,35.0,0,0,False
1006634,1,5.0,20.0,0,0,False
1006642,1,44.0,57.0,0,0,False
1006649,2,0.0,54.0,0,1,True
1006652,1,21.0,35.0,0,0,False
1006654,1,2.0,20.0,0,0,False
1006665,1,25.0,58.0,0,0,False
1006666,1,31.0,170.0,0,0,False
1006668,1,16.0,135.0,0,0,False
1006671,2,19.0,53.0,0,1,False
1006674,1,4.0,17.0,0,0,False
1006675,1,7.7,44.0,0,0,False
1006677,1,18.0,38.0,0,0,False
1006680,1,6.0,30.0,0,0,False
1006848,1,5.0,8.0,0,0,False
1006860,1,7.0,9.0,0,0,False
1006861,1,30.0,31.0,0,0,False
1006865,2,3.0,41.0,0,1,False
1006871,1,6.0,100.0,0,0,False
1007106,1,16.0,45.0,0,0,False
1007107,1,32.0,44.0,0,0,False
1007108,2,7.0,153.0,0,1,False
1007109,1,58.0,63.0,0,0,False
1007110,2,15.0,130.0,0,1,False
1007111,2,16.0,43.0,0,0,False
1007112,1,69.0,97.0,0,0,False
1007114,2,2.4,39.0,0,0,False
1007118,1,136.0,138.0,0,0,False
1007122,1,89.0,95.0,0,0,False
1007126,1,51.0,62.0,0,0,False
1007128,3,15.0,79.0,0,1,False
1007131,1,5.0,60.0,0,0,False
1007132,1,33.0,133.0,0,0,False
1007133,1,29.0,43.0,0,0,False
1007134,1,18.0,47.0,0,0,False
1007135,1,48.0,75.0,0,0,False
1007217,3,22.0,153.0,0,1,False
1007515,2,7.0,52.0,0,1,False
1007635,1,2.0,33.0,0,0,False
1007808,1,80.0,121.0,0,0,False
1008691,1,8.0,12.0,0,0,False
1009233,1,3.0,130.0,0,0,False
1009497,2,5.0,40.0,0,1,False
1009927,4,0.0,20.0,0,0,True
1009930,2,0.0,16.5,0,0,True
1009932,1,0.0,1.0,0,0,True
1009933,3,0.0,30.0,0,0,True
1009936,1,14.0,28.0,0,0,False
1009937,2,0.0,33.0,0,1,True
1010011,1,62.0,73.0,0,0,False
1010839,2,0.0,15.0,0,0,True
1010855,3,0.0,27.5,0,1,True
1010856,2,0.0,72.0,0,1,True
1010857,4,0.0,46.0,0,2,True
1011283,1,22.0,71.0,0,0,False
1011485,1,2.0,20.0,0,0,False
1011684,1,40.0,299.0,0,0,False
1011691,1,34.0,92.0,0,0,False
1012426,1,7.0,24.0,0,0,False
1012432,1,82.0,83.0,0,0,False
1012444,1,12.0,328.0,0,0,False
1012445,1,12.0,143.0,0,0,False
1012452,1,3.0,9.0,0,0,False
1012453,1,70.0,179.0,0,0,False
1012457,2,3.0,28.0,1,0,False
1012459,2,4.0,34.0,0,1,False
1012460,1,31.0,33.0,0,0,False
1012461,1,13.0,41.0,0,0,False
1012462,1,6.0,11.0,0,0,False
1012463,2,3.0,282.0,1,0,False
1012699,1,60.0,103.0,0,0,False
1012700,1,75.0,80.0,0,0,False
1012701,1,14.0,50.0,0,0,False
1012703,1,81.0,84.0,0,0,False
1012704,1,42.0,50.0,0,0,False
1012708,1,47.0,73.0,0,0,False
1012712,1,15.0,120.0,0,0,False
1012714,1,33.0,125.0,0,0,False
1013553,1,45.0,114.0,0,0,False
1013556,1,20.0,23.0,0,0,False
1013742,1,16.0,50.0,0,0,False
1013903,3,0.0,65.0,0,1,True
1013905,4,0.0,65.0,0,0,True
1014409,1,53.0,74.0,0,0,False
1014414,1,17.0,65.0,0,0,False
1014417,2,7.0,60.0,1,0,False
1014424,2,27.0,34.0,0,0,False
1014426,1,68.0,90.0,0,0,False
1014951,2,32.0,134.0,1,0,False
1015331,1,34.0,40.0,0,0,False
1015615,1,10.0,40.0,0,0,False
1015618,1,54.0,100.0,0,0,False
1015805,1,15.0,16.0,0,0,False
1015807,1,33.0,49.5,0,0,False
1015810,1,3.0,12.0,0,0,False
1015812,1,2.0,60.0,0,0,False
1015814,1,12.0,21.0,0,0,False
1016150,1,25.0,31.0,0,0,False
1016153,1,7.0,59.0,0,0,False
1016163,1,67.0,69.0,0,0,False
1017073,1,2.0,100.0,0,0,False
1017483,1,128.0,190.0,0,0,False
1017488,1,42.0,63.0,0,0,False
1017572,2,2.0,59.0,0,0,False
1017591,1,50.0,52.0,0,0,False
1017698,1,37.0,78.0,0,0,False
1017700,1,29.0,35.0,0,0,False
1017710,1,21.0,24.0,0,0,False
1018381,1,49.0,50.0,0,0,False
1018440,1,24.0,27.0,0,0,False
1018442,1,3.0,332.0,0,0,False
1018887,1,6.0,25.0,0,0,False
1018888,1,7.0,22.0,0,0,False
1019077,1,4.0,5.0,0,0,False
1019089,1,15.0,34.0,0,0,False
1019099,1,5.0,12.0,0,0,False
1019391,1,26.0,67.0,0,0,False
1019392,1,17.0,76.0,0,0,False
1019396,1,3.0,7.0,0,0,False
1019406,1,61.0,105.0,0,0,False
1019407,1,8.0,30.0,0,0,False
1019411,2,52.0,78.0,0,0,False
1019415,1,19.0,122.0,0,0,False
1019428,1,63.0,103.0,0,0,False
1019469,1,8.0,20.0,0,0,False
1019471,1,90.0,93.0,0,0,False
1019472,1,0.27,39.0,0,0,True
1019526,1,35.0,51.0,0,0,False
1019528,1,13.0,36.0,0,0,False
1019529,1,13.0,124.0,0,0,False
1019728,1,9.0,81.0,0,0,False
1019730,1,7.0,36.0,0,0,False
1020200,1,5.0,8.0,0,0,False
1020209,1,98.0,100.0,0,0,False
1020210,1,20.0,34.0,0,0,False
1020215,1,12.0,18.0,0,0,False
1020331,1,5.0,95.0,0,0,False
1020332,1,90.0,110.0,0,0,False
1020664,2,2.0,104.0,0,1,False
1020742,1,1.0,38.0,0,0,True
1020743,1,14.0,39.0,0,0,False
1020745,1,50.0,63.0,0,0,False
1020746,1,52.0,92.5,0,0,False
1020749,2,7.0,184.0,0,1,False
1020754,3,1.0,59.0,0,2,True
1020756,1,85.0,90.0,0,0,False
1020760,1,14.0,77.0,0,0,False
1020761,1,19.0,20.0,0,0,False
1020762,1,18.0,29.0,0,0,False
1020765,2,2.0,89.0,0,1,False
1020769,1,2.0,13.0,0,0,False
1021162,2,3.0,46.0,0,1,False
1021163,1,10.0,27.0,0,0,False
1021179,2,0.0,66.0,0,1,True
1022303,1,30.0,35.0,0,0,False
1022311,1,5.0,17.0,0,0,False
1022314,1,43.0,69.5,0,0,False
1022315,1,30.0,32.0,0,0,False
1022317,1,2.0,16.0,0,0,False
1022320,2,1.0,70.0,0,1,True
1022322,2,9.07,57.0,0,1,False
1022583,1,2.0,14.0,0,0,False
1022584,2,2.0,25.0,1,0,False
1022585,2,12.0,75.0,1,0,False
1022586,1,17.0,32.0,0,0,False
1022588,1,90.0,92.0,0,0,False
1022592,1,25.0,43.0,0,0,False
1022593,1,2.0,29.0,0,0,False
2000013,5,0.0,139.0,0,0,True
2000024,3,0.0,84.0,0,0,True
2000042,5,0.0,100.0,0,0,True
2000043,4,0.0,51.0,0,0,True
2000047,6,0.0,150.0,0,0,True
2000066,8,0.0,115.0,0,0,True
2000068,5,0.0,179.0,0,0,True
2000069,3,0.0,124.0,0,0,True
2000070,4,0.0,66.0,0,0,True
2000074,9,0.0,166.0,0,0,True
2000075,6,0.0,282.0,0,0,True
2000077,8,0.0,140.0,0,0,True
2000082,7,0.0,75.0,0,0,True
2000084,5,0.0,56.0,0,0,True
2000203,9,0.0,50.0,0,0,True
2000227,7,0.0,80.0,0,0,True
2000228,5,0.0,89.0,0,0,True
2000296,4,0.0,75.0,0,0,True
2000333,5,0.0,62.0,0,0,True
2000340,8,0.0,182.0,0,0,True
2000342,9,0.0,177.0,0,0,True
2000344,3,0.0,64.0,0,0,True
2000369,3,0.0,103.0,0,0,True
2000370,3,0.0,64.0,0,0,True
2000371,6,0.0,102.0,0,0,True
2000372,6,0.0,98.0,2,0,True
2000373,5,0.0,97.0,0,0,True
2000374,5,0.0,126.0,0,0,True
2000375,4,0.0,66.0,0,0,True
2000381,4,0.0,122.0,0,0,True
2000382,5,0.0,182.0,0,0,True
2000491,3,0.0,120.0,0,1,True
2000492,3,0.0,125.0,0,1,True
2000500,3,0.0,121.0,0,0,True
2000529,5,0.0,48.0,0,0,True
2000530,4,0.0,39.0,0,0,True
2000531,6,0.0,120.0,0,0,True
2000532,5,0.0,49.0,0,0,True
2000536,4,0.0,120.0,1,0,True
2000537,3,0.0,70.0,0,0,True
2000538,3,0.0,67.0,0,0,True
2000539,5,0.0,68.0,0,0,True
2000541,7,0.0,93.0,0,0,True
2000544,3,0.0,89.0,0,0,True
2000566,3,0.0,105.0,0,0,True
2000594,4,0.0,124.0,0,0,True
2000596,2,0.0,15.0,0,0,True
2000597,4,0.0,15.0,0,0,True
2000598,2,0.0,15.0,0,0,True
2000614,6,0.0,200.0,0,0,True
2000617,4,0.0,120.0,1,0,True
2000627,5,0.0,135.0,0,0,True
2000628,4,0.0,50.0,0,0,True
2000688,4,0.0,102.0,0,0,True
2000689,3,0.0,59.0,0,0,True
2000721,4,0.0,20.0,0,0,True
2000722,2,0.0,20.0,0,0,True
2000723,2,0.0,20.0,0,0,True
2000724,3,0.0,16.0,0,0,True
2000725,3,0.0,16.0,0,0,True
2000727,3,0.0,24.0,0,0,True
2000728,2,0.0,26.0,0,0,True
2000729,3,0.0,24.0,0,0,True
2000755,7,0.0,262.0,0,0,True
2000756,5,0.0,222.0,0,0,True
2000757,4,0.0,124.0,0,0,True
2000758,5,0.0,241.0,0,0,True
2000759,6,0.0,132.0,0,0,True
2000822,6,0.0,182.0,0,0,True
2000839,4,0.0,142.0,0,0,True
2000840,5,0.0,80.0,0,0,True
2000843,3,0.0,90.0,0,0,True
2000858,4,0.0,181.0,0,1,True
2000859,4,0.0,122.0,0,0,True
2000860,4,0.0,100.0,0,0,True
2000863,11,0.0,69.0,0,0,True
2000866,9,0.0,59.0,0,0,True
2000868,7,1.0,59.0,0,0,True
2000895,3,0.0,121.0,0,0,True
2000902,6,0.0,150.0,0,0,True
2000914,5,0.0,65.0,0,0,True
2000916,4,0.0,138.0,0,0,True
2000929,2,0.0,166.0,0,0,True
2000971,8,0.0,40.0,1,0,True
2000990,3,0.0,138.0,0,0,True
2000993,5,0.0,93.0,0,0,True
2000995,7,0.0,115.0,0,0,True
2001007,5,0.0,16.0,1,0,True
2001009,6,0.0,16.0,1,0,True
2001011,5,0.0,15.0,1,0,True
2001013,5,0.0,15.0,0,0,True
2001017,6,0.0,20.0,0,0,True
2001019,2,0.0,20.0,0,0,True
2001055,3,0.0,182.0,0,0,True
2001083,2,1.0,15.0,0,0,True
2001088,7,0.0,204.0,0,0,True
2001095,3,0.0,171.0,0,0,True
2001097,5,0.0,136.0,0,0,True
2001099,4,0.0,36.0,0,0,True
2001100,4,0.0,28.0,0,0,True
2001101,4,0.0,40.0,0,0,True
2001102,4,0.0,34.0,0,0,True
2001103,5,0.0,28.0,0,0,True
2001104,3,0.0,28.0,0,0,True
2001107,4,0.0,85.0,0,0,True
2001108,5,0.0,84.0,0,0,True
2001111,5,0.0,32.0,0,0,True
2001128,4,0.0,42.0,0,0,True
2001130,4,0.0,24.0,0,0,True
2001132,3,0.0,34.0,0,0,True
2001133,3,0.0,24.0,0,0,True
2001137,6,0.0,30.0,0,0,True
2001138,6,0.0,61.0,0,0,True
2001139,5,0.0,41.0,0,1,True
2001140,4,0.0,28.0,0,0,True
2001141,4,0.0,28.0,0,0,True
2001143,4,0.0,28.0,0,0,True
2001144,7,0.0,50.0,0,0,True
2001146,4,0.0,50.0,0,0,True
2001149,4,0.0,28.0,0,0,True
2001150,4,0.0,24.0,0,0,True
2001153,5,0.0,24.0,0,0,True
2001154,3,0.0,26.0,0,0,True
2001163,3,0.0,60.0,0,0,True
2001166,3,0.0,100.0,0,0,True
2001167,4,0.0,103.0,0,0,True
2001170,2,0.0,49.0,0,0,True
2001174,4,0.0,123.0,0,0,True
2001220,4,0.0,109.0,0,0,True
2001221,3,0.0,101.0,0,0,True
2001222,6,0.0,107.0,0,0,True
2001225,3,0.0,98.0,0,0,True
2001231,3,0.0,30.0,0,0,True
2001232,6,0.0,142.0,0,0,True
2001233,6,0.0,290.0,0,0,True
2001237,2,0.0,92.0,0,0,True
2001252,2,0.0,92.0,0,0,True
2001270,6,0.0,106.0,0,0,True
2001271,3,0.0,93.0,0,0,True
2001272,6,0.0,131.0,0,0,True
2001278,4,0.0,25.0,0,0,True
2001293,3,0.0,68.0,0,0,True
2001294,8,0.0,114.0,0,0,True
2001295,4,0.0,127.0,0,0,True
2001296,5,0.0,102.0,0,0,True
2001330,5,0.0,70.0,0,0,True
2001332,3,0.0,54.0,0,0,True
2001340,4,0.0,106.0,0,0,True
2001342,6,0.0,139.0,0,0,True
2001343,4,0.0,49.0,0,0,True
2001369,4,0.0,220.0,0,0,True
2001375,10,0.0,137.0,2,0,True
2001400,4,0.0,135.0,0,0,True
2001413,3,0.0,75.0,0,0,True
2001492,3,0.0,142.0,0,0,True
2001550,3,0.0,98.0,0,0,True
2001551,4,0.0,90.0,0,0,True
2001554,4,0.0,80.0,0,0,True
2001557,4,0.0,100.0,2,0,True
2001562,3,0.0,74.0,0,0,True
2001564,4,0.0,137.0,0,0,True
2001636,2,1.0,20.0,0,0,True
2001637,3,1.0,13.0,0,0,True
2001641,6,0.0,162.0,0,0,True
2001669,4,0.0,77.0,0,0,True
2001679,3,0.0,137.0,0,1,True
2001682,5,0.0,185.0,0,0,True
2001695,3,0.0,28.5,0,0,True
2001712,2,0.0,22.0,0,0,True
2001713,2,0.0,24.0,0,0,True
2001714,2,0.0,26.0,0,0,True
2001716,2,0.0,25.0,0,0,True
2001717,2,0.0,26.0,0,0,True
2001718,2,0.0,25.0,0,0,True
2001719,2,0.0,24.0,0,0,True
2001720,2,0.0,18.0,0,0,True
2001721,2,0.0,24.0,0,0,True
2001723,4,0.0,180.0,0,1,True
2001733,1,0.0,16.0,0,0,True
2001752,3,0.0,82.0,0,0,True
2001762,3,0.0,28.5,0,0,True
2001763,3,3.0,28.0,0,0,False
2001764,5,0.0,94.0,0,0,True
2001765,3,3.0,28.0,0,0,False
2001771,2,4.0,13.0,0,0,False
2001773,1,0.0,10.0,0,0,True
2001774,2,4.0,13.5,0,0,False
2001785,8,0.0,117.0,0,0,True
2001786,7,0.0,148.0,2,0,True
2001787,5,0.0,162.0,0,0,True
2001789,4,0.0,88.0,0,1,True
2001790,3,1.0,103.0,0,0,True
2001791,7,0.0,137.0,0,0,True
2001792,7,0.0,172.0,0,0,True
2001794,3,0.0,50.0,0,0,True
2001795,7,0.0,202.0,0,0,True
2001797,5,1.0,138.0,0,0,True
2001798,4,0.0,45.0,0,0,True
2001800,6,0.0,78.0,0,0,True
2001855,3,0.0,18.0,0,0,True
2001856,4,0.0,16.0,0,0,True
2001857,3,0.0,19.0,0,0,True
2001864,2,1.0,22.0,0,0,True
2001865,3,1.0,22.0,0,0,True
2001866,5,1.0,22.0,0,0,True
2001867,2,1.0,22.0,0,0,True
2001868,4,1.0,22.0,0,0,True
2001869,6,1.0,22.0,0,0,True
2001870,7,1.0,22.0,0,0,True
2001871,5,0.0,20.0,0,0,True
2001872,4,0.0,19.8,0,0,True
2001874,12,0.0,175.0,0,0,True
2001877,6,0.0,135.0,0,0,True
2001879,7,0.0,82.0,0,0,True
2001880,4,0.0,131.0,0,0,True
2001882,4,0.0,110.0,0,0,True
2001924,8,0.0,126.0,0,0,True
2001951,4,0.0,82.0,0,0,True
2001953,4,0.0,200.0,0,0,True
2001956,4,0.0,220.0,0,0,True
2001962,6,0.0,18.0,0,0,True
2001963,15,0.0,221.0,0,1,True
2001978,6,0.0,15.0,0,0,True
2001979,5,0.0,15.0,0,0,True
2001980,2,0.0,20.0,0,0,True
2001981,5,0.0,25.0,0,0,True
2002026,4,0.0,218.0,0,1,True
2002039,5,0.0,87.0,0,0,True
2002040,3,0.0,104.0,0,0,True
2002055,2,0.0,40.0,0,0,True
2002056,2,0.0,40.0,0,0,True
2002057,1,0.0,15.0,0,0,True
2002058,1,0.0,20.0,0,0,True
2002059,1,0.0,20.0,0,0,True
2002061,1,0.0,15.0,0,0,True
2002062,1,0.0,20.0,0,0,True
2002063,1,0.0,15.0,0,0,True
2002064,5,0.0,141.0,0,0,True
2002082,4,0.0,97.0,0,0,True
2002083,3,0.0,104.0,0,0,True
2002085,5,0.0,122.0,0,0,True
2002087,3,0.0,96.0,0,0,True
2002088,3,0.0,55.0,0,0,True
2002089,3,0.0,79.0,0,0,True
2002097,6,0.0,181.0,0,0,True
2002098,7,0.0,242.0,0,0,True
2002100,5,0.0,302.0,0,0,True
2002101,4,0.0,43.0,0,0,True
2002150,3,1.0,20.0,0,0,True
2002151,3,0.0,42.0,0,0,True
2002152,3,0.0,43.0,0,0,True
2002153,2,0.0,16.0,0,0,True
2002207,6,0.0,19.5,0,0,True
2002208,4,0.0,20.0,0,0,True
2002209,10,0.0,22.0,0,0,True
2002211,6,0.0,21.0,0,1,True
2002212,7,1.0,20.0,0,0,True
2002222,4,0.0,248.0,0,0,True
2002237,7,0.0,98.0,0,0,True
2002238,4,0.0,53.0,0,0,True
2002246,3,0.0,85.0,0,0,True
2002252,2,0.0,32.0,0,0,True
2002254,2,0.0,20.0,0,0,True
2002255,2,0.0,19.0,0,0,True
2002256,2,0.0,37.0,0,0,True
2002257,2,0.0,43.0,0,0,True
2002262,5,0.0,214.0,0,0,True
2002279,7,0.0,21.5,0,0,True
2002280,9,0.0,20.5,0,0,True
2002282,6,0.0,125.0,0,0,True
2002283,8,0.0,222.0,0,0,True
2002284,5,0.0,142.0,0,0,True
2002287,6,0.0,119.0,0,0,True
2002288,4,0.0,81.0,0,0,True
2002289,4,0.0,56.0,0,0,True
2002323,3,0.0,73.0,0,0,True
2002337,7,0.0,140.0,0,0,True
2002383,5,0.0,104.0,0,0,True
2002418,6,0.0,138.0,0,0,True
2002419,10,0.0,106.0,0,0,True
2002420,7,0.0,190.0,0,0,True
2002422,3,0.0,53.0,0,0,True
2002430,3,0.0,96.0,0,0,True
2002431,3,0.0,100.0,0,0,True
2002434,3,0.0,92.0,0,0,True
2002439,5,0.0,169.0,0,0,True
2002447,4,0.0,51.0,0,0,True
2002448,3,0.0,98.0,0,0,True
2002450,4,0.0,182.0,0,0,True
2002464,10,0.0,142.0,0,0,True
2002471,4,0.0,215.0,0,0,True
2002472,6,0.0,160.0,0,0,True
2002494,4,0.0,99.0,0,0,True
2002592,4,0.0,97.0,0,0,True
2002605,6,0.0,130.0,0,0,True
2002650,4,0.0,65.0,0,0,True
2002651,5,0.0,180.0,0,0,True
2002653,2,0.0,180.0,0,0,True
2002670,4,0.0,136.0,0,0,True
2002671,4,0.0,33.0,0,0,True
2002672,5,0.0,82.0,0,0,True
2002704,8,0.0,158.0,0,0,True
2002711,4,0.0,40.0,0,0,True
2002712,4,0.0,202.0,0,0,True
2002779,6,0.0,86.0,0,0,True
2002781,8,0.0,90.0,0,0,True
2002796,7,0.0,161.0,0,0,True
2002797,4,0.0,92.0,0,0,True
2002818,3,0.0,15.0,0,0,True
2002821,3,0.0,15.0,0,0,True
2002938,1,0.0,15.0,0,0,True
2002941,2,0.0,23.0,0,0,True
2002942,2,0.0,11.0,0,0,True
2002943,2,0.0,22.0,0,0,True
2002944,2,0.0,21.0,0,0,True
2002965,4,0.0,30.0,0,0,True
2002966,6,0.0,30.2,1,0,True
2002967,4,0.0,22.2,0,0,True
2002976,3,0.0,15.0,0,0,True
2002980,4,0.0,199.0,0,0,True
2002981,3,0.0,131.0,0,0,True
2003006,3,0.0,15.0,0,0,True
2003022,9,0.0,85.0,0,0,True
2003047,4,0.0,51.0,0,0,True
2003048,8,0.0,159.0,0,0,True
2003049,8,0.0,110.0,0,0,True
2003050,4,0.0,59.0,0,0,True
2003051,3,0.0,51.0,0,0,True
2003052,4,0.0,166.0,0,0,True
2003064,5,0.0,64.0,0,0,True
2003065,3,0.0,58.0,0,0,True
2003070,5,0.0,80.0,0,0,True
2003071,6,0.0,179.0,0,0,True
2003072,5,0.0,96.0,0,0,True
2003084,3,0.0,20.0,0,0,True
2003085,3,0.0,30.0,0,0,True
2003110,10,1.0,69.0,0,0,True
2003118,6,7.0,174.0,0,1,False
2003119,4,0.0,82.0,0,0,True
2003122,4,0.0,44.0,0,0,True
2003126,4,0.0,45.0,0,0,True
2003127,4,0.0,59.0,0,0,True
2003128,3,1.0,53.0,0,0,True
2003135,6,0.0,281.0,0,0,True
2003136,5,0.0,182.0,0,0,True
2003175,4,0.0,262.0,0,0,True
2003180,3,0.0,145.0,0,0,True
2003185,4,0.0,105.0,0,0,True
2003208,2,1.0,30.0,0,0,True
2003209,2,1.0,30.0,0,0,True
2003211,2,1.0,30.0,0,0,True
2003212,2,1.0,30.0,0,0,True
2003213,2,1.0,30.0,0,0,True
2003235,4,0.0,121.0,0,0,True
2003276,7,1.0,174.0,0,0,True
2003318,3,0.0,168.0,0,1,True
2003320,3,0.0,109.0,0,1,True
2003328,3,0.0,115.0,0,0,True
2003329,6,0.0,160.0,0,0,True
2003381,4,0.0,80.0,0,0,True
2003390,6,0.0,118.0,0,0,True
2003392,3,0.0,49.0,0,0,True
2003403,4,0.0,67.0,0,0,True
2003404,4,0.0,134.0,0,0,True
2003408,8,0.0,202.0,0,0,True
2003414,5,0.0,85.0,0,0,True
2003421,2,0.0,25.0,0,0,True
2003422,2,0.0,15.0,0,0,True
2003431,5,0.0,201.0,0,0,True
2003445,10,0.0,245.0,0,0,True
2003452,3,0.0,49.0,0,0,True
2003460,5,0.0,158.0,0,0,True
2003498,4,0.0,200.0,0,0,True
2003500,6,0.0,263.0,0,0,True
2003502,5,0.0,136.0,0,0,True
2003506,5,0.0,91.0,0,0,True
2003507,3,0.0,46.0,0,0,True
2003508,5,0.0,362.0,0,0,True
2003509,4,0.0,213.0,0,0,True
2003510,5,0.0,70.0,0,0,True
2003511,6,0.0,128.0,0,0,True
2003512,5,0.0,81.0,0,0,True
2003532,2,0.0,40.0,0,0,True
2003533,2,0.0,41.0,0,0,True
2003534,2,0.0,39.0,0,0,True
2003535,2,0.0,40.0,0,0,True
2003547,6,0.0,182.0,0,0,True
2003548,9,0.0,161.0,0,0,True
2003574,3,0.0,56.0,0,0,True
2003575,4,0.0,53.0,0,0,True
2003577,5,0.0,155.0,0,0,True
2003598,5,0.0,52.0,0,0,True
2003599,2,0.0,65.0,0,1,True
2003601,3,0.0,77.0,0,0,True
2003602,3,0.0,105.0,0,0,True
2003606,3,0.0,153.0,0,0,True
2003607,3,0.0,63.0,0,0,True
2003608,2,0.0,58.0,0,0,True
2003613,4,0.0,147.0,0,0,True
2003614,2,0.0,84.0,0,0,True
2003656,5,25.0,157.0,0,0,False
2003667,6,0.0,150.0,0,0,True
2003681,8,0.0,157.0,0,0,True
2003682,6,0.0,91.0,0,0,True
2003683,5,0.0,161.0,0,0,True
2003699,4,0.0,59.0,0,0,True
2003749,2,1.0,16.0,0,0,True
2003750,2,1.0,20.0,0,0,True
2003751,2,1.0,17.0,0,0,True
2003798,5,0.0,97.0,0,0,True
2003803,4,0.0,399.0,0,0,True
2003805,11,0.0,102.0,0,0,True
2003807,5,0.0,182.0,0,0,True
2003813,3,0.0,42.0,0,0,True
2003814,3,0.0,147.0,0,0,True
2003815,5,0.0,156.0,0,0,True
2003816,5,0.0,154.0,0,0,True
2003837,3,0.0,36.0,0,0,True
2003839,3,0.0,36.0,0,0,True
2003840,3,0.0,36.0,0,0,True
2003947,3,0.0,61.0,0,0,True
2003948,3,0.0,140.0,0,0,True
2003953,6,0.0,174.0,0,0,True
2003955,4,0.0,198.0,0,0,True
2003956,3,0.0,106.0,0,0,True
2003971,6,0.0,97.0,0,0,True
2004027,5,0.0,87.0,0,0,True
2004028,3,0.0,91.0,0,0,True
2004031,4,0.0,122.0,0,0,True
2004032,3,0.0,45.0,0,0,True
2004033,5,0.0,66.0,0,0,True
2004034,6,0.0,22.0,1,0,True
2004039,3,0.0,36.0,0,0,True
2004040,3,0.0,36.0,0,0,True
2004041,3,0.0,36.0,0,0,True
2004042,2,0.0,14.0,0,0,True
2004043,7,0.0,18.0,1,0,True
2004151,3,0.0,160.0,0,0,True
2004156,3,0.0,80.0,0,0,True
2004164,6,0.0,202.0,0,0,True
2004184,3,0.0,65.0,0,0,True
2004212,4,0.0,181.0,0,0,True
2004213,5,0.0,252.0,0,0,True
2004215,3,0.0,97.0,0,1,True
2004217,10,0.0,292.0,0,0,True
2004218,3,0.0,135.0,0,0,True
2004219,3,0.0,50.0,0,0,True
2004220,4,0.0,163.0,0,0,True
2004221,5,0.0,242.0,0,0,True
2004222,3,1.0,37.0,0,0,True
2004236,4,0.0,119.0,0,0,True
2004238,5,0.0,130.0,0,0,True
2004252,3,0.0,35.0,0,0,True
2004305,5,0.0,81.0,0,0,True
2004306,4,0.0,166.0,0,0,True
2004355,3,0.0,68.0,0,0,True
2004356,4,0.0,92.0,0,0,True
2004357,5,0.0,143.0,2,0,True
2004358,3,1.0,69.0,0,0,True
2004361,3,0.0,115.0,0,0,True
2004362,3,1.0,46.0,0,0,True
2004363,2,0.0,62.0,0,0,True
2004364,4,0.0,43.0,0,0,True
2004365,3,0.0,74.0,0,0,True
2004366,4,1.0,137.0,0,0,True
2004367,5,0.0,67.0,0,0,True
2004368,6,0.0,163.0,0,0,True
2004403,4,0.0,128.0,0,0,True
2004405,4,0.0,90.0,0,0,True
2004409,3,0.0,90.0,0,0,True
2004411,4,0.0,124.0,0,1,True
2004427,4,0.0,82.0,0,0,True
2004428,5,0.0,88.0,0,0,True
2004445,3,1.0,15.0,0,0,True
2004446,1,1.0,13.0,0,0,True
2004447,3,1.0,16.0,0,0,True
2004448,3,1.0,14.0,0,0,True
2004457,5,0.0,174.0,0,0,True
2004465,1,1.0,17.0,0,0,True
2004466,1,1.0,14.0,0,0,True
2004467,1,1.0,15.0,0,0,True
2004488,4,0.0,140.0,0,0,True
2004489,3,0.0,112.0,0,1,True
2004493,4,0.0,130.0,0,0,True
2004494,6,0.0,62.0,0,0,True
2004495,4,0.0,111.0,0,0,True
2004507,3,0.0,100.0,0,1,True
2004512,3,0.0,120.0,0,0,True
2004517,5,0.0,200.0,0,0,True
2004518,3,0.0,90.0,0,0,True
2004565,4,0.0,200.0,0,0,True
2004571,4,0.0,146.0,0,0,True
2004572,6,0.0,134.0,0,0,True
2004587,5,0.0,122.0,0,0,True
2004588,4,0.0,218.0,0,0,True
2004589,4,0.0,218.0,0,0,True
2004626,3,0.0,104.0,0,0,True
2004643,4,0.0,167.0,0,0,True
2004644,2,0.0,60.0,0,0,True
2004645,5,0.0,220.0,0,0,True
2004646,1,0.0,43.0,0,0,True
2004664,4,0.0,185.0,0,0,True
2004681,6,0.0,162.0,0,0,True
2004684,4,0.0,201.0,0,0,True
2004717,3,0.0,86.0,0,0,True
2004718,4,0.0,117.0,0,0,True
2004720,3,1.0,23.0,0,0,True
2004724,3,0.0,101.0,1,0,True
2004725,3,0.0,197.0,0,0,True
2004734,6,0.0,100.0,0,0,True
2004735,1,2.0,15.0,0,0,False
2004750,5,0.0,130.0,0,0,True
2004762,11,0.0,119.0,0,0,True
2004786,3,0.0,43.0,0,0,True
2004787,3,0.0,45.0,0,0,True
2004791,9,0.0,70.0,0,0,True
2004806,6,0.0,342.0,0,0,True
2004814,4,0.0,83.0,0,0,True
2004823,8,0.0,139.0,0,0,True
2004827,5,0.0,114.0,0,0,True
2004844,7,0.0,221.0,0,0,True
2004845,4,0.0,82.0,0,0,True
2004847,4,0.0,100.0,0,0,True
2004855,6,0.0,167.0,0,0,True
2004877,5,0.0,104.0,0,0,True
2004885,5,0.0,130.0,0,0,True
2004889,6,0.0,130.0,0,0,True
2004901,4,0.0,82.0,0,0,True
2004919,6,0.0,110.0,0,0,True
2004963,3,0.0,50.0,0,0,True
2004967,3,0.0,66.0,0,0,True
2004968,4,0.0,86.0,0,0,True
2004973,5,0.0,124.0,0,0,True
2004974,5,0.0,87.0,0,0,True
2004975,6,0.0,108.0,0,0,True
2004976,7,0.0,56.0,0,0,True
2004996,3,0.0,60.0,0,0,True
2005001,2,1.0,75.0,0,0,True
2005009,4,0.0,100.0,0,0,True
2005010,4,0.0,125.0,0,0,True
2005012,5,0.0,135.0,0,0,True
2005013,4,0.0,85.0,0,0,True
2005020,5,0.0,85.0,0,0,True
2005021,3,0.0,65.0,0,0,True
2005023,3,0.0,80.0,0,0,True
2005024,7,0.0,100.0,0,0,True
2005031,5,0.0,110.0,0,0,True
2005033,5,0.0,222.0,0,0,True
2005038,4,0.0,180.0,0,0,True
2005041,3,0.0,26.0,1,0,True
2005047,4,0.0,65.0,0,0,True
2005060,5,0.0,182.0,0,0,True
2005062,3,0.0,63.0,0,0,True
2005063,5,0.0,81.0,0,0,True
2005064,4,0.0,102.0,0,0,True
2005065,6,0.0,162.0,0,0,True
2005067,3,0.0,155.0,0,0,True
2005096,5,0.0,46.0,0,0,True
2005098,4,0.0,112.0,0,0,True
2005107,5,0.0,95.0,0,0,True
2005142,4,0.0,49.0,0,0,True
2005143,4,0.0,140.0,0,0,True
2005144,10,0.0,36.0,0,0,True
2005149,5,0.0,181.0,0,0,True
2005183,6,0.0,205.0,0,0,True
2005184,3,0.0,60.0,0,0,True
2005185,2,0.0,50.0,0,0,True
2005187,8,0.0,160.0,0,0,True
2005195,4,0.0,76.0,0,0,True
2005209,5,0.0,55.0,0,0,True
2005210,11,0.0,110.0,0,0,True
2005211,3,0.0,61.0,0,0,True
2005212,5,0.0,139.0,0,0,True
2005214,6,0.0,130.0,0,0,True
2005215,3,0.0,65.0,0,0,True
2005306,3,0.0,39.0,0,0,True
2005312,3,0.0,56.0,0,0,True
2005320,3,0.0,68.0,0,0,True
2005322,4,0.0,77.0,0,0,True
2005330,3,0.0,185.0,0,0,True
2005333,3,0.0,50.0,0,0,True
2005354,5,0.0,181.0,0,0,True
2005362,8,0.0,140.0,2,1,True
2005405,5,0.0,105.0,0,0,True
2005408,5,0.0,139.0,0,0,True
2005410,3,0.0,90.0,0,0,True
2005412,2,1.0,157.0,0,0,True
2005446,3,0.0,100.0,0,0,True
2005447,4,0.0,140.0,0,0,True
2005450,6,0.0,74.0,0,0,True
2005455,4,0.0,123.0,0,0,True
2005507,5,0.0,139.0,0,0,True
2005541,5,0.0,160.0,0,0,True
2005555,7,0.0,210.0,0,0,True
2005625,3,0.0,52.0,0,0,True
2005626,4,0.0,116.0,0,0,True
2005627,6,0.0,133.0,0,0,True
2005628,4,0.0,38.0,0,0,True
2005629,3,0.0,161.0,0,0,True
2005637,6,0.0,76.0,0,0,True
2005642,5,0.0,119.0,0,0,True
2005644,5,0.0,129.0,0,0,True
2005646,3,0.0,114.0,0,1,True
2005647,5,0.0,170.0,0,0,True
2005649,4,0.0,170.0,0,0,True
2005650,3,0.0,55.0,0,0,True
2005670,6,0.0,121.0,0,0,True
2005671,3,0.0,121.0,0,0,True
2005721,4,0.0,50.0,0,0,True
2005765,10,0.0,121.0,0,0,True
2005766,4,0.0,101.0,0,0,True
2005767,10,0.0,147.0,0,0,True
2005770,10,0.0,76.0,0,0,True
2005772,6,0.0,81.0,0,0,True
2005773,6,0.0,175.0,0,0,True
2005774,10,0.0,165.0,0,0,True
2005775,8,0.0,85.0,0,0,True
2005781,4,0.0,55.0,0,0,True
2005782,10,0.0,149.0,0,0,True
2005787,5,0.0,62.0,0,0,True
2005788,3,0.0,103.0,0,0,True
2005789,4,1.0,136.0,0,0,True
2005790,5,0.0,193.0,0,0,True
2005880,5,0.0,101.0,0,0,True
2005892,4,0.0,210.0,0,0,True
2006048,7,0.0,126.0,0,0,True
2006049,6,0.0,102.0,0,0,True
2006057,10,0.0,180.0,0,0,True
2006058,8,0.0,175.0,0,1,True
2006070,4,0.0,162.0,0,0,True
2006087,4,0.0,20.0,1,0,True
2006088,3,0.0,68.0,0,0,True
2006089,7,0.0,208.0,0,0,True
2006090,3,0.0,96.0,0,0,True
2006091,6,0.0,158.0,0,0,True
2006092,4,0.0,102.0,0,0,True
2006094,5,0.0,122.0,0,0,True
2006095,5,0.0,78.0,0,0,True
2006103,5,0.0,18.9,1,0,True
2006108,3,0.0,128.0,0,0,True
2006111,5,0.0,67.0,0,0,True
2006117,4,0.0,202.0,0,0,True
2006132,3,1.0,55.0,0,0,True
2006175,7,0.0,137.0,0,0,True
2006176,6,0.0,200.0,0,0,True
2006178,8,0.0,93.0,0,0,True
2006190,6,0.0,222.0,0,0,True
2006208,4,0.0,262.0,0,0,True
2006219,6,0.0,167.0,0,0,True
2006227,7,0.0,108.0,1,0,True
2006228,7,0.0,100.0,0,0,True
2006230,7,0.0,80.0,0,0,True
2006232,6,0.0,177.0,0,0,True
2006234,4,0.0,63.0,0,0,True
2006237,3,0.0,70.0,0,0,True
2006240,6,0.0,167.0,0,0,True
2006241,3,0.0,41.0,0,0,True
2006242,5,0.0,386.0,0,0,True
2006243,6,0.0,118.0,0,0,True
2006244,6,0.0,124.0,0,0,True
2006245,4,0.0,69.0,0,0,True
2006267,5,0.0,106.0,0,0,True
2006299,10,0.0,192.0,0,0,True
2006300,10,0.0,110.0,0,0,True
2006301,8,0.0,52.0,0,0,True
2006346,5,0.0,213.0,0,0,True
2006347,4,0.0,75.0,0,0,True
2006348,3,0.0,111.0,0,0,True
2006349,3,0.0,50.0,0,0,True
2006365,3,0.0,91.0,0,0,True
2006463,4,0.0,97.0,0,0,True
2006477,3,0.0,60.0,0,0,True
2006478,5,0.0,143.0,0,0,True
2006479,6,0.0,174.0,1,0,True
2006480,4,0.0,222.0,0,0,True
2006504,2,10.0,20.0,0,0,False
2006507,4,0.0,121.0,0,0,True
2006510,5,0.0,178.0,0,0,True
2006511,5,0.0,117.0,0,0,True
2006530,4,0.0,20.0,0,0,True
2006535,5,0.0,20.0,0,0,True
2006536,5,0.0,20.0,0,0,True
2006537,5,0.0,20.0,0,0,True
2006540,4,0.0,20.0,0,0,True
2006548,4,0.0,65.0,0,0,True
2006549,4,0.0,128.0,0,0,True
2006558,4,0.0,82.0,0,0,True
2006563,10,0.0,70.0,0,0,True
2006564,6,0.0,101.0,0,0,True
2006641,6,0.0,101.0,0,1,True
2006644,10,0.0,121.0,0,0,True
2006647,10,0.0,78.0,0,0,True
2006650,3,1.0,92.5,0,0,True
2006651,2,1.0,122.0,0,0,True
2006652,12,0.0,139.0,1,0,True
2006653,3,0.0,39.0,0,0,True
2006656,2,0.0,40.0,0,0,True
2006666,5,0.0,78.0,0,0,True
2006667,4,0.0,57.0,0,0,True
2006683,1,0.0,36.0,0,0,True
2006698,8,0.0,59.0,0,0,True
2006715,4,0.0,59.0,0,0,True
2006718,5,0.0,45.0,0,0,True
2006720,3,0.0,25.0,0,0,True
2006722,3,1.0,79.0,0,0,True
2006724,4,0.0,25.0,1,0,True
2006734,6,0.0,67.0,0,0,True
2006740,1,1.0,25.0,0,0,True
2006741,11,0.0,99.0,0,0,True
2006743,2,0.0,25.0,0,0,True
2006744,7,0.0,29.0,0,0,True
2006746,3,0.0,59.0,0,0,True
2006749,1,1.0,45.0,0,0,True
2006750,1,1.0,45.0,0,0,True
2006751,1,1.0,46.0,0,0,True
2006765,5,0.0,59.0,0,0,True
2006767,3,0.0,49.0,0,0,True
2006800,3,0.0,53.0,0,0,True
2006802,3,0.0,143.0,0,1,True
2006806,5,0.0,156.0,0,0,True
2006807,3,0.0,54.0,0,0,True
2006810,4,0.0,177.0,0,0,True
2006811,5,0.0,166.0,0,0,True
2006836,4,0.0,90.0,0,0,True
2006837,7,0.0,130.0,0,0,True
2006838,4,0.0,82.0,0,0,True
2006857,4,0.0,28.0,0,0,True
2006859,6,0.0,190.0,0,0,True
2006861,2,0.0,20.0,1,0,True
2006864,3,0.0,40.0,0,0,True
2006865,3,0.0,40.0,0,0,True
2006867,3,0.0,40.0,0,0,True
2006868,3,0.0,40.0,0,0,True
2006869,3,0.0,40.0,0,0,True
2006872,6,0.0,121.0,0,0,True
2006897,2,0.0,40.0,0,0,True
2006898,5,0.0,245.0,0,0,True
2006899,4,0.0,83.0,0,0,True
2006900,4,0.0,204.0,0,0,True
2006901,4,0.0,84.0,0,0,True
2006902,4,0.0,185.0,0,0,True
2006903,4,0.0,127.0,0,0,True
2006909,6,0.0,18.0,0,0,True
2006910,8,0.0,16.0,0,0,True
2006911,5,0.0,18.0,0,0,True
2006912,9,0.0,16.0,0,0,True
2006913,5,0.0,19.0,0,0,True
2006917,4,0.0,89.0,0,0,True
2006918,8,0.0,181.0,0,0,True
2006927,2,0.0,100.0,0,0,True
2007027,4,0.0,57.0,0,0,True
2007028,5,0.0,119.0,0,0,True
2007032,7,0.0,281.0,0,0,True
2007033,10,0.0,120.0,0,0,True
2007036,6,0.0,123.0,0,1,True
2007082,3,0.0,88.0,0,0,True
2007083,4,0.0,200.0,0,1,True
2007091,5,0.0,160.0,0,1,True
2007133,3,0.0,80.0,0,0,True
2007135,4,0.0,79.0,0,0,True
2007139,4,0.0,131.0,0,1,True
2007179,4,1.0,13.0,0,0,True
2007183,4,1.0,14.0,0,0,True
2007186,1,0.0,59.5,0,0,True
2007187,1,0.0,59.5,0,0,True
2007189,1,0.0,69.0,0,0,True
2007191,1,0.0,37.0,0,0,True
2007193,1,1.0,40.0,0,0,True
2007202,6,0.0,50.0,0,0,True
2007203,5,0.0,64.0,0,0,True
2007204,8,0.0,90.0,0,0,True
2007254,3,0.0,68.0,0,0,True
2007265,3,0.0,75.0,0,0,True
2007279,7,0.0,81.0,0,1,True
2007343,2,0.0,15.0,0,0,True
2007344,4,0.0,15.0,0,0,True
2007345,7,1.0,20.0,0,0,True
2007346,3,1.0,20.0,0,0,True
2007352,8,0.0,63.0,0,0,True
2007399,9,0.0,290.0,0,0,True
2007400,4,0.0,98.0,0,0,True
2007401,8,0.0,134.0,0,0,True
2007403,7,0.0,180.0,0,0,True
2007404,2,0.0,82.0,0,0,True
2007409,9,4.0,122.0,0,0,False
2007456,2,0.0,73.0,0,0,True
2007457,4,0.0,100.0,0,0,True
2007463,4,1.0,101.0,0,0,True
2007478,4,0.0,157.0,0,0,True
2007481,3,0.0,107.0,0,1,True
2007482,14,0.0,262.0,0,1,True
2007500,4,0.0,38.0,0,0,True
2007501,7,0.0,37.5,0,0,True
2007502,7,0.0,38.0,0,0,True
2007504,6,0.0,163.0,0,0,True
2007506,4,0.0,122.0,0,0,True
2007510,4,0.0,273.0,0,0,True
2007515,4,0.0,137.0,0,0,True
2007518,5,0.0,152.0,0,0,True
2007535,2,0.0,300.0,0,0,True
2007539,5,0.0,50.0,0,0,True
2007570,4,0.0,106.0,0,0,True
2007574,5,0.0,141.0,0,0,True
2007585,6,0.0,70.0,0,0,True
2007587,4,0.0,141.0,0,0,True
2007589,9,0.0,210.0,0,0,True
2007590,8,0.0,155.0,0,0,True
2007591,5,0.0,55.0,0,0,True
2007592,6,0.0,95.0,0,0,True
2007615,7,0.0,81.0,0,0,True
2007630,4,0.0,71.0,0,0,True
2007647,3,0.0,42.0,0,0,True
2007648,3,0.0,123.0,0,0,True
2007669,11,0.0,70.0,0,1,True
2007670,6,0.0,141.0,0,0,True
2007708,3,0.0,44.0,0,0,True
2007763,3,0.0,100.0,0,0,True
2007764,3,0.0,50.0,0,0,True
2007785,3,0.0,65.0,0,0,True
2007787,5,0.0,45.0,0,0,True
2007788,8,0.0,150.0,0,0,True
2007789,4,0.0,70.0,0,0,True
2007790,4,0.0,70.0,0,0,True
2007792,7,0.0,182.0,4,1,True
2007793,4,0.0,224.0,0,0,True
2007795,4,0.0,93.0,0,0,True
2007796,4,0.0,97.0,0,0,True
2007800,6,0.0,300.0,0,0,True
2007823,4,0.0,98.0,0,0,True
2007894,7,0.0,102.0,0,0,True
2007895,6,0.0,70.0,0,0,True
2007899,4,0.0,110.0,0,0,True
2007900,4,0.0,217.0,0,0,True
2007901,3,3.0,135.0,0,0,False
2007907,3,0.0,45.0,0,0,True
2007908,3,0.0,45.0,0,0,True
2007918,4,0.0,233.0,0,0,True
2007919,3,0.0,104.0,0,0,True
2007920,5,0.0,338.0,0,0,True
2007941,4,0.0,181.0,0,0,True
2007971,5,0.0,141.0,0,0,True
2008002,3,1.0,19.0,0,0,True
2008003,3,1.0,18.0,0,0,True
2008007,5,0.0,200.0,0,0,True
2008009,5,0.0,135.0,0,0,True
2008012,3,0.0,56.0,0,0,True
2008013,4,0.0,83.0,0,0,True
2008014,3,0.0,66.0,0,0,True
2008015,3,0.0,145.0,0,0,True
2008018,4,0.0,102.0,0,0,True
2008032,3,0.0,119.0,0,0,True
2008035,3,0.0,72.0,0,0,True
2008038,5,0.0,130.0,0,0,True
2008051,4,0.0,100.0,0,0,True
2008073,3,0.0,100.0,0,1,True
2008092,5,0.0,63.0,0,0,True
2008112,3,0.0,142.0,0,0,True
2008130,4,0.0,122.0,0,0,True
2008132,5,0.0,122.0,0,0,True
2008139,3,0.0,15.0,0,0,True
2008140,3,0.0,15.0,0,0,True
2008141,3,0.0,15.0,0,0,True
2008198,8,0.0,119.0,0,0,True
2008199,7,0.0,195.0,0,0,True
2008233,4,1.0,20.0,0,0,True
2008236,2,1.0,25.0,0,0,True
2008237,1,1.0,15.0,0,0,True
2008255,5,0.0,144.0,0,0,True
2008275,5,0.0,23.0,1,0,True
2008289,5,0.0,26.0,0,0,True
2008294,2,0.0,18.0,0,0,True
2008295,3,0.0,18.0,1,0,True
2008319,5,0.0,45.0,0,0,True
2008320,2,0.0,52.0,0,0,True
2008334,5,0.0,110.0,0,0,True
2008402,2,0.0,34.5,0,0,True
2008415,4,0.0,143.0,0,0,True
2008419,5,0.0,50.0,0,0,True
2008428,3,0.0,103.0,0,0,True
2008459,3,0.0,23.0,0,0,True
2008460,2,0.0,20.0,0,0,True
2008467,1,0.0,17.0,0,0,True
2008468,5,0.0,17.0,0,0,True
2008477,11,0.0,198.0,0,0,True
2008542,3,0.0,98.0,0,0,True
2008550,10,0.0,202.0,0,0,True
2008554,5,0.0,142.0,0,0,True
2008555,11,0.0,318.0,0,0,True
2008556,4,0.0,231.0,0,0,True
2008578,5,0.0,61.0,0,0,True
2008589,8,11.0,257.0,0,0,False
2008590,7,0.0,122.0,0,0,True
2008596,4,0.0,58.0,0,0,True
2008597,3,0.0,123.0,0,0,True
2008607,3,0.0,50.0,0,0,True
2008631,5,0.0,242.0,0,0,True
2008632,3,0.0,76.0,0,0,True
2008633,2,1.0,22.0,0,0,True
2008634,3,0.0,16.0,0,0,True
2008636,3,0.0,25.0,0,0,True
2008637,2,1.0,16.0,0,0,True
2008641,1,1.0,13.0,0,0,True
2008642,1,1.0,11.0,0,0,True
2008643,1,1.0,15.0,0,0,True
2008663,4,0.0,202.0,0,0,True
2008664,4,0.0,168.0,0,0,True
2008669,6,0.0,121.0,0,0,True
2008671,5,0.0,83.0,0,0,True
2008672,2,0.0,14.0,0,0,True
2008673,3,0.0,17.0,0,0,True
2008674,2,0.0,19.0,0,0,True
2008675,2,0.0,20.0,0,0,True
2008676,6,0.0,121.0,0,0,True
2008710,3,0.0,35.0,0,0,True
2008732,4,0.0,160.0,0,0,True
2008737,6,0.0,121.0,0,0,True
2008738,14,0.0,109.0,0,1,True
2008765,4,0.0,77.0,0,0,True
2008771,6,0.0,180.0,0,0,True
2008773,3,0.0,34.0,0,0,True
2008802,3,0.0,45.0,0,0,True
2008803,3,0.0,70.0,0,0,True
2008804,3,0.0,130.0,0,0,True
2008805,5,0.0,148.0,0,0,True
2008835,5,0.0,47.0,0,0,True
2008845,7,0.0,20.0,0,0,True
2008847,4,0.0,100.0,0,0,True
2008851,5,0.0,179.0,0,0,True
2008854,3,0.0,18.0,0,0,True
2008855,5,0.0,14.0,0,0,True
2008856,2,1.0,15.0,0,0,True
2008857,3,1.0,15.0,0,0,True
2008867,5,0.0,112.0,0,0,True
2008868,5,0.0,105.0,0,0,True
2008871,4,0.0,57.0,0,0,True
2008872,6,0.0,142.0,0,0,True
2008873,5,0.0,142.0,0,0,True
2008874,3,0.0,51.0,0,0,True
2008881,9,0.0,125.0,0,0,True
2008882,6,0.0,60.0,0,0,True
2008931,4,0.0,180.0,0,1,True
2008932,4,0.0,109.0,0,0,True
2008942,3,0.0,98.0,0,0,True
2008950,8,0.0,225.0,0,0,True
2008957,5,0.0,115.0,0,0,True
2008959,7,0.0,70.0,0,0,True
2008961,4,0.0,90.0,0,0,True
2008964,8,0.0,101.0,0,0,True
2008976,1,1.0,20.0,0,0,True
2008978,1,1.0,18.0,0,0,True
2008979,4,0.0,40.0,0,0,True
2008980,4,0.0,79.0,0,0,True
2009003,5,0.0,54.0,0,0,True
2009006,8,0.0,118.0,0,0,True
2009017,3,0.0,100.0,0,0,True
2009077,6,0.0,162.0,0,0,True
2009101,3,12.0,182.0,0,0,False
2009103,3,0.0,102.0,0,0,True
2009107,2,0.0,65.0,0,0,True
2009108,4,0.0,32.0,0,0,True
2009109,5,1.0,65.0,0,1,True
2009110,3,0.0,70.0,0,0,True
2009113,8,0.0,170.0,0,0,True
2009124,6,0.0,80.0,0,0,True
2009126,5,0.0,71.0,0,0,True
2009137,4,0.0,182.0,0,0,True
2009138,6,0.0,148.0,0,0,True
2009140,5,0.0,150.0,0,1,True
2009141,10,0.0,78.0,0,0,True
2009142,10,0.0,161.0,0,0,True
2009143,2,0.0,163.0,0,0,True
2009144,4,0.0,208.0,0,0,True
2009156,3,0.0,84.0,0,0,True
2009157,5,0.0,130.0,0,0,True
2009158,9,0.0,182.0,0,0,True
2009159,4,0.0,53.0,0,0,True
2009161,5,0.0,113.0,0,0,True
2009232,5,0.0,160.0,0,0,True
2009233,4,0.0,84.0,0,0,True
2009240,7,0.0,191.0,0,0,True
2009247,4,0.0,14.0,0,0,True
2009248,3,0.0,10.0,0,0,True
2009257,5,0.0,177.0,0,0,True
2009264,5,0.0,53.0,0,0,True
2009265,3,0.0,40.0,0,0,True
2009277,5,0.0,136.0,0,0,True
2009283,6,0.0,85.0,0,0,True
2009284,6,0.0,101.0,0,0,True
2009286,5,0.0,177.0,0,0,True
2009287,10,0.0,292.0,0,0,True
2009288,5,0.0,156.0,0,0,True
2009298,6,8.0,60.0,0,0,False
2009353,9,0.0,20.0,1,0,True
2009362,2,0.0,50.0,0,0,True
2009366,5,0.0,150.0,0,0,True
2009367,4,0.0,150.0,0,1,True
2009385,5,0.0,134.0,0,0,True
2009386,2,0.0,85.0,0,0,True
2009388,4,0.0,40.0,0,0,True
2009391,11,0.0,60.0,0,0,True
2009429,2,0.0,180.0,0,0,True
2009430,3,0.0,180.0,0,0,True
2009437,5,0.0,134.0,0,0,True
2009438,6,0.0,141.0,0,0,True
2009461,5,0.0,150.0,0,0,True
2009463,5,0.0,90.0,0,0,True
2009465,5,0.0,66.0,0,0,True
2009466,10,0.0,32.0,1,0,True
2009467,4,0.0,30.0,0,0,True
2009468,7,0.0,30.0,0,0,True
2009469,5,0.0,32.0,0,0,True
2009470,7,0.0,37.0,1,0,True
2009471,3,0.0,102.0,0,0,True
2009535,5,0.0,55.0,0,0,True
2009556,4,0.0,42.0,0,0,True
2009587,4,0.0,101.0,0,0,True
2009588,8,0.0,181.0,0,0,True
2009590,8,0.0,80.0,0,0,True
2009591,8,0.0,83.0,0,0,True
2009596,2,0.0,92.0,0,0,True
2009600,6,0.0,142.0,0,0,True
2009611,10,0.0,125.0,0,0,True
2009615,6,0.0,100.0,0,0,True
2009622,3,0.0,55.0,0,0,True
2009624,7,0.0,155.0,0,0,True
2009629,4,0.0,110.0,0,0,True
2009631,6,0.0,167.0,0,0,True
2009632,5,0.0,179.0,0,0,True
2009638,3,0.0,56.0,0,0,True
2009644,4,0.0,141.0,0,0,True
2009664,7,0.0,105.0,0,0,True
2009680,3,0.0,26.0,0,0,True
2009682,3,0.0,65.0,0,0,True
2009701,6,0.0,259.0,0,0,True
2009702,4,0.0,118.0,0,0,True
2009709,4,0.0,30.0,0,0,True
2009711,10,0.0,121.0,0,0,True
2009712,7,0.0,90.0,0,0,True
2009713,8,0.0,131.0,0,0,True
2009726,5,0.0,42.0,0,0,True
2009728,8,0.0,121.0,0,0,True
2009732,9,0.0,233.0,0,0,True
2009733,3,0.0,38.0,0,0,True
2009734,6,0.0,302.0,0,0,True
2009735,3,0.0,33.0,0,0,True
2009803,4,0.0,202.0,0,0,True
2009806,8,0.0,201.0,0,0,True
2009811,4,0.0,125.0,0,0,True
2009814,10,0.0,99.0,0,0,True
2009815,9,0.0,115.0,0,0,True
2009817,8,0.0,63.0,0,0,True
2009882,8,0.0,261.0,0,0,True
2009883,4,0.0,77.0,0,0,True
2009884,4,0.0,65.0,0,0,True
2009889,6,0.0,217.0,0,0,True
2009981,5,0.0,91.0,0,0,True
2010013,5,0.0,138.0,0,0,True
2010026,4,0.0,101.0,0,0,True
2010027,3,0.0,101.0,0,0,True
2010028,5,0.0,101.0,0,0,True
2010029,8,0.0,121.0,0,0,True
2010030,3,0.0,101.0,0,0,True
2010032,6,0.0,75.0,0,2,True
2010048,5,0.0,16.0,0,0,True
2010095,4,0.0,104.0,0,0,True
2010097,5,0.0,78.0,0,0,True
2010098,4,0.0,346.0,0,0,True
2010116,5,0.0,122.0,0,0,True
2010119,4,0.0,61.0,0,0,True
2010123,5,0.0,60.0,0,0,True
2010143,2,0.0,41.0,0,0,True
2010226,4,0.0,70.0,0,0,True
2010227,5,0.0,100.0,0,0,True
2010242,2,0.0,202.0,0,1,True
2010243,5,0.0,121.0,0,0,True
2010245,7,0.0,100.0,0,0,True
2010246,5,0.0,106.0,0,0,True
2010248,5,0.0,202.0,0,0,True
2010249,5,0.0,132.0,0,0,True
2010250,4,0.0,31.0,0,0,True
2010253,4,0.0,139.0,0,1,True
2010259,5,0.0,94.0,0,0,True
2010261,5,0.0,185.0,0,0,True
2010262,4,0.0,117.0,0,0,True
2010268,5,0.0,80.0,0,0,True
2010269,5,0.0,80.0,0,0,True
2010270,6,0.0,141.0,0,0,True
2010289,4,0.0,103.0,0,0,True
2010291,5,0.0,250.0,0,0,True
2010292,4,0.0,142.0,0,0,True
2010298,9,0.0,207.0,0,0,True
2010318,5,0.0,119.0,0,0,True
2010320,3,0.0,84.0,0,0,True
2010349,2,2.0,22.0,0,0,False
2010350,2,2.0,22.0,0,0,False
2010352,13,0.0,121.0,0,2,True
2010354,11,0.0,150.0,0,1,True
2010355,3,0.0,104.0,0,0,True
2010380,5,0.0,95.0,0,0,True
2010382,7,0.0,141.0,0,0,True
2010383,7,0.0,141.0,0,0,True
2010387,8,0.0,202.0,0,0,True
2010402,3,0.0,120.0,0,0,True
2010414,4,0.0,83.0,0,0,True
2010427,3,0.0,36.0,0,0,True
2010428,6,0.0,35.0,1,0,True
2010434,5,0.0,168.0,0,0,True
2010436,3,0.0,35.0,0,0,True
2010438,5,0.0,70.0,0,0,True
2010440,6,0.0,52.0,0,0,True
2010442,4,0.0,50.0,0,0,True
2010452,5,0.0,82.0,0,0,True
2010453,6,0.0,136.0,0,0,True
2010454,5,0.0,71.0,0,0,True
2010455,4,0.0,64.0,0,0,True
2010457,4,1.0,50.0,0,0,True
2010458,3,0.0,42.0,0,0,True
2010459,7,0.0,450.0,0,0,True
2010461,3,0.0,42.0,0,0,True
2010463,3,0.0,113.0,0,0,True
2010464,6,0.0,112.0,0,0,True
2010525,4,0.0,159.0,0,0,True
2010600,5,0.0,110.0,0,0,True
2010602,9,0.0,101.0,0,0,True
2010603,8,0.0,95.0,0,0,True
2010606,9,0.0,79.0,0,0,True
2010608,6,0.0,101.0,0,0,True
2010610,10,0.0,170.0,2,0,True
2010621,5,0.0,60.0,0,0,True
2010624,5,0.0,126.0,0,0,True
2010646,3,0.0,102.0,0,1,True
2010647,4,0.0,100.0,0,0,True
2010662,3,0.0,60.0,0,0,True
2010665,8,0.0,148.0,0,0,True
2010667,6,0.0,126.0,0,0,True
2010669,5,0.0,181.0,0,0,True
2010674,5,0.0,81.0,0,0,True
2010675,7,0.0,156.0,0,0,True
2010676,6,0.0,181.0,0,0,True
2010677,3,0.0,95.0,0,0,True
2010679,3,0.0,115.0,0,0,True
2010690,3,0.0,18.0,0,0,True
2010691,6,0.0,18.0,0,0,True
2010693,8,0.0,238.0,0,0,True
2010694,3,0.0,61.0,0,0,True
2010696,5,0.0,235.0,0,0,True
2010722,5,0.0,90.0,0,0,True
2010723,5,0.0,50.0,0,0,True
2010776,5,0.0,82.0,0,0,True
2010778,3,0.0,10.0,0,0,True
2010779,3,0.0,10.0,0,0,True
2010780,3,0.0,10.0,0,0,True
2010781,3,0.0,12.0,0,0,True
2010783,3,0.0,13.0,0,0,True
2010784,3,0.0,12.0,0,0,True
2010785,3,0.0,12.0,0,0,True
2010834,4,0.0,100.0,0,0,True
2010836,7,0.0,322.0,0,0,True
2010840,4,0.0,140.0,0,0,True
2010863,2,0.0,17.0,0,0,True
2010864,2,0.0,43.0,0,0,True
2010871,3,0.0,48.0,0,0,True
2010882,4,0.0,122.0,0,0,True
2010899,3,0.0,155.0,0,0,True
2010900,3,0.0,115.0,0,0,True
2010901,4,0.0,62.0,0,0,True
2010902,8,0.0,98.5,0,0,True
2010906,2,0.0,40.0,0,0,True
2010907,3,0.0,102.0,0,0,True
2010908,5,0.0,136.0,0,0,True
2010910,4,0.0,50.0,0,0,True
2010926,6,0.0,54.0,0,1,True
2010927,5,0.0,101.0,0,0,True
2010929,4,0.0,81.0,0,0,True
2010931,8,0.0,170.0,0,0,True
2010932,5,0.0,141.0,0,0,True
2010933,10,0.0,50.0,0,0,True
2010935,10,0.0,150.0,0,0,True
2010936,4,0.0,90.0,0,0,True
2010938,7,0.0,57.0,0,0,True
2010939,6,0.0,75.0,0,0,True
2010940,8,0.0,150.0,0,0,True
2010941,11,0.0,201.0,0,1,True
2010943,9,0.0,120.0,0,0,True
2010957,6,0.0,55.0,0,0,True
2010958,4,0.0,90.0,0,0,True
2010985,4,0.0,30.0,0,0,True
2010986,4,0.0,28.0,0,0,True
2010987,4,0.0,28.0,0,0,True
2010998,2,0.0,42.0,0,0,True
2011001,4,0.0,19.0,0,0,True
2011002,3,0.0,19.0,0,0,True
2011003,4,0.0,19.0,0,0,True
2011005,4,0.0,132.0,0,0,True
2011012,4,0.0,174.0,0,0,True
2011022,4,0.0,79.0,0,0,True
2011023,4,0.0,163.0,0,0,True
2011027,6,0.0,225.0,0,0,True
2011034,5,0.0,112.0,0,0,True
2011035,4,0.0,80.0,0,0,True
2011036,4,0.0,133.0,0,0,True
2011038,3,0.0,65.0,0,0,True
2011039,4,0.0,50.0,0,0,True
2011048,5,0.0,102.0,0,0,True
2011050,8,0.0,83.0,0,0,True
2011051,4,0.0,55.0,0,0,True
2011056,3,0.0,81.0,0,0,True
2011120,7,0.0,185.0,1,0,True
2011122,4,0.0,52.0,0,0,True
2011124,4,0.0,50.0,0,0,True
2011200,4,0.0,31.0,0,0,True
2011220,10,0.0,340.0,0,0,True
2011241,4,0.0,105.0,0,0,True
2011289,3,0.0,72.0,0,0,True
2011302,8,0.0,175.0,0,0,True
2011314,6,0.0,222.0,0,0,True
2011322,3,0.0,114.0,0,0,True
2011325,4,0.0,202.0,0,0,True
2011344,3,0.0,15.0,0,0,True
2011349,3,0.0,15.0,0,0,True
2011351,3,0.0,15.0,0,0,True
2011353,4,0.0,15.0,1,0,True
2011354,4,0.0,15.0,1,0,True
2011356,3,0.0,15.0,0,0,True
2011357,4,0.0,100.0,0,0,True
2011365,5,0.0,114.0,0,0,True
2011372,4,0.0,60.0,0,0,True
2011373,4,0.0,125.0,0,0,True
2011374,4,0.0,100.0,0,0,True
2011375,5,0.0,105.0,0,0,True
2011378,5,0.0,135.0,0,0,True
2011382,4,0.0,201.0,0,0,True
2011383,4,0.0,65.0,0,0,True
2011424,5,0.0,191.0,0,0,True
2011425,3,0.0,142.0,0,0,True
2011427,5,0.0,70.0,0,0,True
2011434,9,0.0,172.0,0,0,True
2011435,7,0.0,114.0,2,0,True
2011436,3,0.0,121.0,0,0,True
2011439,5,0.0,48.0,0,0,True
2011440,9,0.0,185.0,0,0,True
2011451,4,0.0,46.0,0,0,True
2011452,4,0.0,60.0,0,0,True
2011459,5,0.0,282.0,0,0,True
2011460,6,0.0,131.0,0,0,True
2011462,3,0.0,201.0,0,0,True
2011474,5,0.0,47.0,0,0,True
2011480,4,0.0,91.0,0,0,True
2011485,3,0.0,91.0,0,0,True
2011486,5,0.0,86.0,0,0,True
2011503,10,0.0,263.0,0,0,True
2011504,3,0.0,98.0,0,0,True
2011505,3,0.0,138.0,0,0,True
2011506,3,0.0,80.0,0,0,True
2011507,8,0.0,195.0,0,0,True
2011528,4,0.0,120.0,0,0,True
2011541,3,0.0,26.0,0,0,True
2011542,3,0.0,18.0,0,0,True
2011543,3,0.0,22.0,0,0,True
2011545,3,0.0,16.0,0,0,True
2011546,3,0.0,25.0,0,0,True
2011547,3,0.0,18.0,0,0,True
2011548,3,0.0,18.0,0,0,True
2011549,3,0.0,18.0,0,0,True
2011555,5,0.0,185.0,0,0,True
2011556,4,0.0,146.0,0,0,True
2011557,4,0.0,200.0,0,0,True
2011559,4,0.0,70.0,0,0,True
2011560,2,0.0,48.0,0,0,True
2011578,5,0.0,64.0,0,0,True
2011579,4,0.0,70.0,0,0,True
2011580,6,0.0,70.0,0,0,True
2011581,8,0.0,70.0,0,0,True
2011582,5,0.0,75.0,0,0,True
2011583,8,0.0,121.0,0,0,True
2011584,11,0.0,163.0,0,1,True
2011603,5,0.0,182.0,0,1,True
2011605,5,0.0,125.0,0,0,True
2011606,4,0.0,100.0,0,0,True
2011630,4,0.0,262.0,0,0,True
2011632,4,0.0,182.0,0,0,True
2011681,5,0.0,128.0,0,0,True
2011691,3,0.0,87.0,0,0,True
2011703,4,0.0,130.0,0,0,True
2011704,5,0.0,64.0,0,0,True
2011706,4,0.0,162.0,0,0,True
2011708,3,0.0,62.0,0,0,True
2011709,1,0.0,84.3,0,0,True
2011710,1,0.0,85.9,0,0,True
2011711,1,0.0,85.0,0,0,True
2011735,3,0.0,280.0,0,0,True
2011736,7,0.0,520.0,0,0,True
2011775,5,0.0,12.0,0,0,True
2011776,4,0.0,12.0,0,0,True
2011777,4,0.0,12.0,0,0,True
2011778,5,0.0,13.0,0,0,True
2011806,3,0.0,124.0,0,0,True
2011807,5,0.0,174.0,0,0,True
2011808,5,0.0,100.0,0,0,True
2011809,4,0.0,122.0,0,0,True
2011810,4,0.0,113.0,0,0,True
2011811,5,0.0,82.0,0,0,True
2011812,7,0.0,56.0,0,0,True
2011813,5,0.0,91.0,0,0,True
2011822,5,0.0,202.0,0,0,True
2011823,3,0.0,142.0,0,0,True
2011824,5,0.0,202.0,0,0,True
2011825,3,0.0,70.0,0,0,True
2011826,3,0.0,65.0,0,0,True
2011827,6,0.0,170.0,0,0,True
2011832,7,0.0,25.0,0,0,True
2011833,3,0.0,25.0,0,0,True
2011843,2,0.0,19.7,0,0,True
2011844,4,0.0,20.7,0,0,True
2011845,4,0.0,19.7,0,0,True
2011847,2,0.0,11.5,0,0,True
2011848,1,1.0,11.0,0,0,True
2011849,1,1.0,11.0,0,0,True
2011850,1,1.0,11.0,0,0,True
2011851,2,0.0,24.0,0,0,True
2011852,2,0.0,30.0,0,0,True
2011854,2,0.0,17.9,0,0,True
2011857,6,0.0,164.0,0,0,True
2011858,3,0.0,91.0,0,0,True
2011863,11,0.0,80.0,0,1,True
2011864,10,0.0,94.0,0,0,True
2011865,4,0.0,79.0,0,0,True
2011866,11,0.0,67.0,0,1,True
2011867,7,0.0,175.0,0,0,True
2011868,7,0.0,281.0,0,0,True
2011869,10,0.0,117.0,0,0,True
2011870,9,0.0,79.0,0,0,True
2011871,7,0.0,220.0,0,0,True
2011873,6,0.0,80.0,0,0,True
2011927,2,0.0,12.0,0,0,True
2011928,7,0.0,20.0,0,0,True
2011931,5,0.0,16.0,0,0,True
2011940,6,0.0,177.0,0,0,True
2011942,7,0.0,179.0,0,0,True
2011944,7,0.0,98.0,0,0,True
2011958,3,0.0,111.0,0,0,True
2011965,2,0.0,45.0,0,0,True
2011966,3,0.0,125.0,0,0,True
2012004,3,0.0,91.0,0,0,True
2012023,5,0.0,17.0,0,0,True
2012024,4,0.0,16.0,0,0,True
2012025,4,0.0,15.0,0,0,True
2012026,4,0.0,15.0,0,0,True
2012027,3,0.0,12.0,0,0,True
2012028,6,0.0,23.0,0,0,True
2012030,7,0.0,28.0,0,0,True
2012045,7,0.0,182.0,0,0,True
2012063,7,0.0,110.0,0,0,True
2012067,5,0.0,56.0,0,0,True
2012098,3,0.0,92.0,0,0,True
2012099,3,0.0,102.0,0,0,True
2012108,5,0.0,75.0,0,0,True
2012111,4,0.0,49.0,0,0,True
2012132,4,0.0,162.0,0,0,True
2012133,7,0.0,162.0,0,0,True
2012134,4,0.0,75.0,0,0,True
2012138,5,0.0,126.0,0,0,True
2012139,5,0.0,74.0,0,0,True
2012141,4,0.0,230.0,0,0,True
2012142,4,0.0,83.0,0,0,True
2012166,3,0.0,120.0,0,0,True
2012168,3,0.0,145.0,0,0,True
2012169,4,0.0,355.0,0,0,True
2012170,3,0.0,143.0,0,0,True
2012171,3,0.0,123.0,0,0,True
2012186,3,0.0,70.0,0,0,True
2012188,5,0.0,152.0,0,0,True
2012197,7,0.0,242.0,0,0,True
2012206,4,0.0,50.0,0,0,True
2012207,8,0.0,84.0,0,0,True
2012212,2,0.0,42.0,0,0,True
2012213,3,0.0,171.0,0,1,True
2012222,5,0.0,96.0,0,0,True
2012223,3,0.0,92.0,0,0,True
2012224,3,0.0,46.0,0,0,True
2012225,3,0.0,46.0,0,0,True
2012227,3,0.0,53.0,0,0,True
2012228,2,1.0,44.0,0,0,True
2012229,3,0.0,49.0,0,0,True
2012236,4,0.0,101.0,0,0,True
2012239,3,0.0,15.0,0,0,True
2012240,3,0.0,16.0,0,0,True
2012251,4,0.0,122.0,0,0,True
2012253,5,0.0,182.0,0,0,True
2012254,4,0.0,102.0,0,0,True
2012255,3,0.0,135.0,0,0,True
2012266,4,0.0,177.0,0,0,True
2012278,5,0.0,196.0,0,0,True
2012286,5,0.0,180.0,0,0,True
2012331,6,0.0,200.0,0,0,True
2012333,11,0.0,105.0,0,1,True
2012344,10,0.0,256.0,0,0,True
2012346,3,0.0,50.0,0,0,True
2012364,3,0.0,102.0,0,0,True
2012371,3,0.0,141.0,0,0,True
2012372,3,0.0,142.0,0,0,True
2012373,2,0.0,141.0,0,0,True
2012374,3,0.0,50.0,0,0,True
2012379,5,0.0,84.0,0,0,True
2012381,6,0.0,156.0,2,0,True
2012396,4,0.0,46.0,0,0,True
2012404,5,0.0,162.0,0,0,True
2012405,3,0.0,104.0,0,0,True
2012475,5,0.0,17.0,0,0,True
2012476,4,0.0,15.0,0,0,True
2012477,4,0.0,15.0,0,0,True
2012480,2,0.0,100.0,0,0,True
2012481,5,0.0,116.0,0,0,True
2012501,6,0.0,182.0,0,0,True
2012504,2,0.0,45.0,0,0,True
2012506,5,0.0,75.0,0,0,True
2012515,8,0.0,101.0,0,0,True
2012517,6,0.0,67.0,0,0,True
2012518,6,0.0,121.0,0,0,True
2012519,11,0.0,141.0,0,1,True
2012522,5,0.0,150.0,0,0,True
2012523,5,0.0,100.0,0,0,True
2012528,3,0.0,46.0,0,0,True
2012529,4,0.0,89.0,0,0,True
2012534,4,0.0,75.0,0,0,True
2012535,5,0.0,79.0,0,0,True
2012537,2,1.0,99.0,0,0,True
2012538,4,0.0,99.0,0,0,True
2012539,2,0.0,99.0,0,0,True
2012540,7,0.0,99.0,0,0,True
2012541,3,1.0,56.0,0,0,True
2012542,4,1.0,69.0,0,0,True
2012543,3,0.0,79.0,0,0,True
2012544,3,0.0,56.0,0,0,True
2012547,10,0.0,90.0,0,0,True
2012548,3,1.0,23.0,0,0,True
2012551,5,0.0,27.0,0,1,True
2012553,6,0.0,79.0,0,0,True
2012555,10,0.0,66.0,0,0,True
2012557,5,1.0,33.0,0,0,True
2012558,5,0.0,49.0,0,0,True
2012559,6,1.0,44.0,2,0,True
2012560,2,0.0,13.5,0,0,True
2012561,7,0.0,59.0,0,1,True
2012562,8,2.0,69.0,0,0,False
2012563,10,0.0,69.0,0,0,True
2012564,1,0.0,10.0,0,0,True
2012565,1,0.0,10.0,0,0,True
2012574,3,1.0,80.0,0,0,True
2012582,4,0.0,40.0,0,0,True
2012586,10,0.0,128.0,0,0,True
2012623,3,0.0,250.0,0,0,True
2012651,2,0.0,75.0,0,0,True
2012652,3,0.0,114.0,0,0,True
2012668,6,0.0,122.0,0,0,True
2012690,4,0.0,87.0,0,0,True
2012716,7,0.0,178.0,0,0,True
2012728,5,0.0,100.0,0,0,True
2012792,3,0.0,54.0,0,0,True
2012816,9,0.0,121.0,0,0,True
2012818,10,0.0,90.0,0,0,True
2012819,9,0.0,110.0,0,0,True
2012820,4,0.0,50.0,0,0,True
2012822,6,0.0,30.0,0,0,True
2012824,6,0.0,85.0,0,0,True
2012847,7,0.0,202.0,0,0,True
2012849,4,0.0,80.0,0,0,True
2012869,10,0.0,151.0,0,0,True
2012871,5,0.0,104.0,0,0,True
2012874,6,0.0,98.0,0,0,True
2012875,5,0.0,159.0,0,0,True
2012911,3,0.0,72.0,0,0,True
2012912,2,0.0,30.0,0,0,True
2012913,5,0.0,210.0,0,0,True
2012916,3,0.0,79.0,0,0,True
2012922,5,0.0,149.0,0,0,True
2012925,5,0.0,78.0,0,0,True
2012931,4,0.0,120.0,0,0,True
2012936,6,0.0,380.0,0,0,True
2013005,10,0.0,64.0,0,0,True
2013007,3,0.0,88.0,0,0,True
2013045,4,0.0,140.0,0,0,True
2013054,5,0.0,222.0,0,0,True
2013059,3,0.0,202.0,0,0,True
2013060,5,0.0,149.0,0,0,True
2013061,3,0.0,123.0,0,0,True
2013079,7,0.0,157.0,0,0,True
2013089,5,0.0,35.0,0,0,True
2013090,2,0.0,35.0,0,0,True
2013091,7,1.0,28.0,0,0,True
2013092,6,0.0,28.0,0,0,True
2013093,7,0.0,28.0,0,0,True
2013094,4,5.0,25.0,0,0,False
2013109,8,0.0,140.0,0,0,True
2013110,6,0.0,161.0,0,0,True
2013111,8,0.0,101.0,0,0,True
2013112,3,0.0,161.0,0,0,True
2013113,6,0.0,81.0,0,0,True
2013114,5,0.0,141.0,0,0,True
2013115,10,0.0,82.0,0,0,True
2013136,4,0.0,190.0,0,0,True
2013173,6,0.0,241.0,0,0,True
2013176,4,0.0,175.0,0,0,True
2013179,8,0.0,238.0,0,0,True
2013180,6,0.0,60.0,1,0,True
2013182,5,0.0,40.0,0,0,True
2013183,9,2.0,50.0,0,0,False
2013184,7,0.0,40.0,0,0,True
2013214,6,0.0,114.0,0,0,True
2013224,3,0.0,145.0,0,0,True
2013225,3,0.0,145.0,0,0,True
2013227,3,0.0,70.0,0,0,True
2013254,5,0.0,81.0,0,0,True
2013277,4,0.0,370.0,0,0,True
2013301,3,0.0,133.0,0,0,True
2013302,6,0.0,120.0,0,0,True
2013303,5,0.0,161.0,0,0,True
2013304,6,0.0,208.0,0,0,True
2013312,5,0.0,141.0,0,0,True
2013313,4,0.0,82.0,0,0,True
2013314,4,0.0,45.0,0,0,True
2013315,5,0.0,70.0,0,0,True
2013316,4,0.0,50.0,0,0,True
2013317,5,0.0,190.0,1,0,True
2013318,4,0.0,201.0,0,0,True
2013331,5,0.0,403.0,0,0,True
2013332,4,0.0,341.0,0,0,True
2013339,4,0.0,71.0,0,0,True
2013340,5,0.0,393.0,0,0,True
2013341,5,0.0,313.0,0,0,True
2013342,2,0.0,65.0,0,0,True
2013343,3,0.0,180.0,0,0,True
2013351,2,0.0,102.0,0,0,True
2013352,2,0.0,57.0,0,0,True
2013401,2,0.0,70.0,0,0,True
2013403,3,0.0,59.0,0,0,True
2013404,2,0.0,25.0,0,0,True
2013405,4,0.0,90.0,0,0,True
2013408,6,1.0,120.0,0,0,True
2013409,6,1.0,120.0,0,0,True
2013411,2,1.0,43.0,0,0,True
2013412,6,0.0,100.0,0,0,True
2013426,8,0.0,350.0,0,0,True
2013431,6,0.0,156.0,0,0,True
2013433,3,0.0,98.0,0,0,True
2013434,4,0.0,220.0,0,0,True
2013437,2,0.0,85.0,0,0,True
2013471,4,0.0,270.0,0,0,True
2013492,5,0.0,220.0,0,0,True
2013493,3,0.0,100.0,0,0,True
2013495,4,0.0,165.0,0,0,True
2013501,5,0.0,199.0,0,0,True
2013514,3,0.0,140.0,0,0,True
2013515,4,0.0,120.0,0,0,True
2013516,4,0.0,162.0,0,0,True
2013536,7,0.0,302.0,0,0,True
2013546,4,0.0,182.0,0,0,True
2013576,8,0.0,51.0,0,0,True
2013582,6,0.0,120.0,0,0,True
2013585,4,0.0,185.0,0,0,True
2013587,4,0.0,92.0,0,0,True
2013599,3,0.0,199.0,0,0,True
2013609,5,0.0,141.0,0,0,True
2013610,7,0.0,55.0,0,0,True
2013611,7,0.0,63.0,0,0,True
2013612,5,0.0,121.0,0,0,True
2013622,8,0.0,165.0,0,0,True
2013639,1,1.0,14.0,0,0,True
2013640,5,1.0,13.0,0,0,True
2013641,4,1.0,15.0,0,0,True
2013642,3,0.0,13.0,0,0,True
2013643,2,0.0,14.0,0,0,True
2013667,5,0.0,181.0,2,1,True
2013688,3,0.0,20.0,0,0,True
2013689,3,0.0,16.0,0,0,True
2013691,3,0.0,15.0,0,0,True
2013704,7,0.0,38.0,0,0,True
2013729,2,0.0,63.0,0,0,True
2013738,1,0.0,14.0,0,0,True
2013739,1,0.0,14.0,0,0,True
2013740,1,0.0,14.0,0,0,True
2013742,1,0.0,14.0,0,0,True
2013748,3,0.0,59.0,0,0,True
2013777,4,0.0,116.0,0,0,True
2013811,1,0.0,65.0,0,0,True
2013818,3,0.0,96.0,0,0,True
2013819,4,0.0,80.0,0,0,True
2013821,7,0.0,141.0,0,0,True
2013822,6,0.0,160.0,0,0,True
2013823,5,0.0,152.0,0,0,True
2013828,9,0.0,145.0,0,0,True
2013833,3,0.0,40.0,0,0,True
2013834,3,0.0,40.0,0,0,True
2013835,2,0.0,120.0,0,0,True
2013836,2,0.0,120.0,0,0,True
2013846,3,0.0,21.5,0,0,True
2013848,2,0.0,14.0,0,0,True
2013850,3,0.0,21.5,0,0,True
2013851,2,0.0,13.5,0,0,True
2013853,1,1.0,15.0,0,0,True
2013854,1,1.0,13.0,0,0,True
2013857,2,0.0,32.0,0,0,True
2013869,3,0.0,16.0,0,0,True
2013870,3,1.0,20.0,0,0,True
2013872,4,0.0,78.0,0,0,True
2013873,3,0.0,65.0,0,0,True
2013874,3,0.0,112.0,0,0,True
2013878,5,0.0,50.0,0,0,True
2013881,6,0.0,81.0,0,0,True
2013882,8,0.0,155.0,0,0,True
2013923,6,0.0,53.0,0,0,True
2013924,7,0.0,92.0,0,0,True
2013925,4,0.0,155.0,0,0,True
2013926,3,0.0,103.0,0,0,True
2013929,4,0.0,100.0,0,0,True
2013930,2,0.0,41.0,0,0,True
2013965,10,0.0,110.0,0,0,True
2013966,6,0.0,59.0,0,0,True
2013967,4,0.0,81.0,0,0,True
2013976,5,0.0,60.0,0,0,True
2013978,3,0.0,150.0,0,1,True
2013989,2,0.0,9.0,0,0,True
2013990,2,0.0,29.0,0,0,True
2013991,2,0.0,9.0,0,0,True
2013992,2,0.0,25.0,0,0,True
2013993,6,0.0,169.0,0,0,True
2014006,2,0.0,11.0,0,0,True
2014007,2,0.0,24.0,0,0,True
2014012,9,0.0,119.0,2,1,True
2014017,12,0.0,226.0,0,0,True
2014055,2,0.0,60.0,0,0,True
2014056,5,0.0,87.0,0,0,True
2014059,4,1.0,75.0,0,0,True
2014068,4,0.0,31.5,0,0,True
2014072,4,0.0,134.0,0,0,True
2014074,4,0.0,99.0,0,0,True
2014113,4,0.0,165.0,0,0,True
2014168,11,0.0,150.0,0,0,True
2014176,4,0.0,101.0,0,0,True
2014178,4,0.0,121.0,0,0,True
2014180,5,0.0,70.0,0,0,True
2014181,6,0.0,141.0,0,0,True
2014184,2,0.0,37.0,0,0,True
2014205,3,0.0,106.0,0,0,True
2014217,1,1.0,13.0,0,0,True
2014301,7,0.0,15.0,0,0,True
2014302,4,0.0,160.0,0,0,True
2014303,7,0.0,15.0,0,0,True
2014304,11,0.0,15.0,0,0,True
2014305,6,0.0,15.0,0,0,True
2014348,1,1.0,13.0,0,0,True
2014351,1,1.0,46.0,0,0,True
2014352,1,1.0,14.0,0,0,True
2014353,1,1.0,13.0,0,0,True
2014354,6,0.0,135.0,0,0,True
2014355,2,0.0,40.0,0,0,True
2014356,2,0.0,40.0,0,0,True
2014357,2,0.0,40.0,0,0,True
2014393,6,0.0,25.0,0,0,True
2014395,4,0.0,97.0,0,0,True
2014409,2,0.0,50.0,0,0,True
2014424,3,0.0,53.0,0,0,True
2014425,4,0.0,64.0,0,0,True
2014426,4,0.0,129.0,0,0,True
2014466,7,0.0,83.0,0,0,True
2014468,6,0.0,107.0,0,0,True
2014472,3,0.0,216.0,0,0,True
2014485,7,0.0,28.0,0,0,True
2014486,6,0.0,28.0,0,0,True
2014487,7,0.0,28.0,0,0,True
2014523,2,0.0,16.0,0,0,True
2014524,2,1.0,15.0,0,0,True
2014525,2,1.0,15.0,0,0,True
2014526,9,0.0,159.0,0,0,True
2014528,5,0.0,60.0,0,0,True
2014542,5,0.0,105.0,0,0,True
2014543,3,0.0,58.0,0,0,True
2014597,7,20.0,90.0,0,0,False
2014598,10,3.0,86.0,0,0,False
2014601,9,2.0,75.0,0,0,False
2014602,7,24.0,85.0,0,0,False
2014603,8,11.0,89.0,0,0,False
2014605,9,0.0,101.0,0,0,True
2014607,3,0.0,100.0,0,1,True
2014608,3,0.0,100.0,0,1,True
2014628,5,0.0,141.0,0,0,True
2014629,6,0.0,141.0,0,1,True
2014630,10,0.0,145.0,0,0,True
2014631,7,0.0,101.0,0,0,True
2014645,4,0.0,76.0,0,0,True
2014647,4,0.0,130.0,0,0,True
2014649,5,0.0,162.0,0,0,True
2014650,3,0.0,68.0,0,0,True
2014666,5,0.0,165.0,0,0,True
2014667,4,0.0,132.0,0,0,True
2014682,4,0.0,85.0,0,0,True
2014690,5,0.0,140.0,0,0,True
2014742,3,0.0,15.0,0,0,True
2014744,6,0.0,15.0,0,0,True
2014745,4,0.0,15.0,0,0,True
2014747,3,0.0,15.0,0,0,True
2014748,4,0.0,15.0,0,0,True
2014777,4,0.0,192.0,0,0,True
2014780,8,0.0,110.0,0,0,True
2014786,7,0.0,132.0,0,0,True
2014787,5,0.0,181.0,0,0,True
2014788,10,0.0,190.0,0,0,True
2014808,7,0.0,202.0,0,0,True
2014832,11,0.0,98.0,0,1,True
2014857,2,0.0,101.0,0,1,True
2014883,2,0.0,39.0,0,0,True
2014892,11,0.0,168.0,2,0,True
2014903,4,0.0,227.0,0,0,True
2014907,5,0.0,175.0,0,0,True
2014908,3,0.0,56.0,0,0,True
2014923,4,0.0,40.0,0,0,True
2014924,8,0.0,62.0,0,0,True
2014946,6,0.0,195.0,0,0,True
2014949,5,0.0,143.0,0,0,True
2014964,7,0.0,179.0,0,0,True
2014965,3,0.0,70.0,0,0,True
2014969,4,0.0,119.0,0,0,True
2014998,2,0.0,18.0,0,0,True
2015001,1,1.0,18.5,0,0,True
2015002,1,2.0,21.0,0,0,False
2015003,1,2.0,24.0,0,0,False
2015009,4,0.0,79.0,0,0,True
2015011,5,0.0,170.0,0,0,True
2015020,5,0.0,55.0,0,0,True
2015039,5,0.0,83.0,0,0,True
2015040,3,0.0,32.0,0,0,True
2015044,5,0.0,286.0,0,0,True
2015047,6,0.0,101.0,0,0,True
2015048,7,0.0,63.0,0,0,True
2015055,5,0.0,45.0,0,0,True
2015056,3,0.0,98.0,0,0,True
2015096,5,0.0,130.0,0,0,True
2015097,3,0.0,118.0,1,0,True
2015105,9,0.0,201.0,0,0,True
2015112,5,0.0,103.0,1,0,True
2015133,5,0.0,162.0,0,0,True
2015159,4,1.0,20.0,0,0,True
2015160,6,1.0,18.0,0,0,True
2015163,6,0.0,125.0,0,0,True
2015164,9,0.0,60.0,0,0,True
2015165,6,0.0,131.0,0,0,True
2015166,4,0.0,141.0,0,1,True
2015170,3,0.0,160.0,0,0,True
2015186,3,0.0,57.0,0,0,True
2015187,3,0.0,79.0,0,0,True
2015189,5,0.0,62.0,0,0,True
2015190,7,0.0,288.0,0,0,True
2015218,3,0.0,30.0,0,0,True
2015219,4,0.0,77.0,0,0,True
2015221,6,0.0,168.0,0,0,True
2015226,1,1.0,16.0,0,0,True
2015227,2,1.0,33.0,0,0,True
2015232,2,1.0,33.0,0,0,True
2015233,2,1.0,33.0,0,0,True
2015243,2,1.0,15.0,0,0,True
2015244,2,1.0,15.0,0,0,True
2015258,6,3.0,120.0,0,1,False
2015259,2,0.0,54.0,0,0,True
2015260,6,0.0,120.0,0,0,True
2015261,5,0.0,120.0,0,0,True
2015298,5,0.0,198.0,0,0,True
2015299,6,0.0,221.0,0,0,True
2015300,3,0.0,38.0,0,0,True
2015310,3,0.0,30.0,0,0,True
2015312,4,0.0,70.0,0,0,True
2015313,4,0.0,90.0,0,0,True
2015314,4,0.0,170.0,0,0,True
2015317,5,0.0,105.0,0,0,True
2015318,1,0.0,12.0,0,0,True
2015319,1,0.0,10.5,0,0,True
2015320,1,0.0,12.0,0,0,True
2015321,1,0.0,9.5,0,0,True
2015322,1,0.0,9.5,0,0,True
2015323,1,0.0,11.0,0,0,True
2015324,1,0.0,10.0,0,0,True
2015325,1,0.0,11.0,0,0,True
2015326,1,0.0,10.5,0,0,True
2015327,1,0.0,9.5,0,0,True
2015337,9,0.0,141.0,0,0,True
2015339,6,0.0,110.0,0,0,True
2015372,4,0.0,80.0,0,0,True
2015373,7,0.0,169.0,0,0,True
2015376,6,0.0,100.0,0,0,True
2015379,4,0.0,77.0,0,0,True
2015413,9,0.0,87.0,0,0,True
2015420,5,0.0,195.0,0,0,True
2015429,8,0.0,98.0,0,0,True
2015430,10,0.0,77.0,0,0,True
2015440,11,0.0,63.0,0,1,True
2015441,2,1.0,15.0,0,0,True
2015443,2,1.0,20.0,0,0,True
2015472,9,0.0,402.0,0,0,True
2015473,2,0.0,65.0,0,0,True
2015478,7,0.0,26.0,0,0,True
2015479,8,0.0,25.0,0,0,True
2015480,8,0.0,25.0,0,0,True
2015481,9,0.0,25.0,0,0,True
2015496,3,0.0,101.0,0,0,True
2015525,5,0.0,146.0,0,0,True
2015552,4,0.0,122.0,0,0,True
2015570,2,1.0,15.0,0,0,True
2015571,2,1.0,14.0,0,0,True
2015572,2,1.0,15.0,0,0,True
2015578,7,0.0,151.0,0,0,True
2015595,3,0.0,120.0,2,0,True
2015597,3,1.0,12.4,0,0,True
2015606,5,0.0,105.0,0,0,True
2015669,4,0.0,15.0,0,0,True
2015671,5,0.0,15.0,0,0,True
2015672,5,0.0,15.0,0,0,True
2015673,5,0.0,15.0,0,0,True
2015674,5,0.0,15.0,0,0,True
2015718,10,0.0,100.0,0,0,True
2015719,3,0.0,57.5,0,0,True
2015720,8,0.0,185.0,0,0,True
2015721,9,0.0,61.0,0,0,True
2015722,9,0.0,61.0,0,0,True
2015723,11,0.0,107.0,0,1,True
2015742,4,0.0,135.0,0,0,True
2015743,3,0.0,44.0,0,0,True
2015745,8,0.0,168.0,0,0,True
2015755,7,0.0,145.0,0,0,True
2015770,7,0.0,150.0,0,0,True
2015788,3,0.0,320.0,0,0,True
2015796,3,0.0,43.0,0,0,True
2015825,4,0.0,50.0,0,0,True
2015847,7,0.0,220.0,0,0,True
2015848,7,0.0,121.0,0,0,True
2015878,7,0.0,101.0,0,1,True
2015879,5,0.0,101.0,0,1,True
2015922,5,0.0,149.0,0,0,True
2015934,9,0.0,140.0,0,0,True
2015935,12,0.0,110.0,0,0,True
2015943,6,0.0,125.0,0,0,True
2015958,1,0.0,90.0,0,0,True
2015960,1,0.0,90.0,0,0,True
2015961,1,0.0,25.0,0,0,True
2015972,3,0.0,60.0,0,0,True
2015981,3,0.0,46.0,0,0,True
2015983,3,0.0,128.0,0,0,True
2015994,5,0.0,175.0,0,0,True
2015995,7,0.0,150.0,0,0,True
2015996,5,0.0,182.0,0,0,True
2015997,5,0.0,197.0,0,0,True
2015999,3,0.0,135.0,0,0,True
2016001,5,0.0,130.0,0,0,True
2016013,1,0.0,25.0,0,0,True
2016017,1,0.0,25.0,0,0,True
2016023,5,0.0,180.0,0,0,True
2016024,5,0.0,280.0,0,0,True
2016031,1,0.0,25.0,0,0,True
2016032,1,0.0,25.0,0,0,True
2016033,1,0.0,25.0,0,0,True
2016053,6,0.0,110.0,0,0,True
2016054,7,0.0,50.0,0,0,True
2016056,5,0.0,54.0,0,0,True
2016058,11,0.0,270.0,0,1,True
2016059,3,0.0,51.0,0,0,True
2016065,5,0.0,70.0,0,0,True
2016078,1,0.0,25.0,0,0,True
2016087,5,0.0,181.0,0,0,True
2016095,2,0.0,45.0,0,0,True
2016101,5,0.0,280.0,0,0,True
2016117,4,0.0,202.0,0,0,True
2016118,3,0.0,122.0,0,0,True
2016119,3,0.0,61.0,0,0,True
2016122,3,0.0,202.0,0,0,True
2016148,4,0.0,141.0,0,0,True
2016149,7,0.0,155.0,0,0,True
2016150,6,0.0,110.0,0,0,True
2016165,4,0.0,15.0,0,0,True
2016167,4,0.0,15.0,0,0,True
2016168,4,0.0,15.0,0,0,True
2016170,4,0.0,15.0,0,0,True
2016171,4,0.0,15.0,0,0,True
2016177,9,0.0,76.0,0,0,True
2016179,4,0.0,106.0,0,0,True
2016189,4,0.0,90.0,0,0,True
2016215,3,0.0,56.0,0,0,True
2016262,3,0.0,102.0,0,0,True
2016264,5,0.0,259.0,0,0,True
2016293,5,0.0,50.0,0,0,True
2016300,3,1.0,45.0,0,0,True
2016322,5,0.0,60.0,0,0,True
2016329,5,0.0,260.0,0,0,True
2016347,6,0.0,201.0,0,0,True
2016348,4,0.0,46.0,0,0,True
2016351,3,0.0,126.0,0,0,True
2016352,5,0.0,114.0,0,0,True
2016357,8,0.0,162.0,0,0,True
2016359,7,0.0,214.0,0,0,True
2016362,4,0.0,169.0,0,0,True
2016364,4,0.0,66.0,0,0,True
2016397,6,0.0,50.0,0,0,True
2016398,5,0.0,44.0,0,0,True
2016399,4,0.0,120.0,0,0,True
2016422,6,0.0,120.0,0,0,True
2016424,4,0.0,70.0,0,0,True
2016446,8,0.0,80.0,0,0,True
2016448,10,0.0,70.0,0,0,True
2016478,3,0.0,42.0,0,0,True
2016487,3,0.0,66.0,0,0,True
2016488,4,0.0,128.0,0,0,True
2016502,5,0.0,70.0,0,0,True
2016503,5,0.0,96.0,0,0,True
2016521,3,0.0,75.0,0,0,True
2016522,5,0.0,76.0,0,0,True
2016527,4,0.0,180.0,0,0,True
2016530,6,0.0,80.0,0,0,True
2016531,6,0.0,121.0,0,0,True
2016532,5,0.0,137.0,0,0,True
2016533,6,0.0,90.0,0,0,True
2016537,4,0.0,123.0,0,0,True
2016541,4,0.0,124.0,0,0,True
2016579,4,0.0,100.0,0,0,True
2016603,6,0.0,122.0,0,0,True
2016612,2,0.0,19.0,0,0,True
2016613,1,1.0,20.0,0,0,True
2016614,1,1.0,20.0,0,0,True
2016618,5,0.0,237.0,0,1,True
2016625,1,1.0,14.0,0,0,True
2016626,2,1.0,18.0,0,0,True
2016629,4,0.0,76.0,0,0,True
2016630,4,0.0,160.0,0,0,True
2016632,4,0.0,88.0,0,0,True
2016633,5,0.0,127.0,0,0,True
2016635,4,0.0,101.0,0,0,True
2016638,4,0.0,183.0,0,0,True
2016642,2,0.0,19.0,0,0,True
2016643,2,0.0,15.0,0,0,True
2016644,2,0.0,15.0,0,0,True
2016645,2,0.0,12.0,0,0,True
2016651,5,0.0,116.0,0,0,True
2016652,5,0.0,118.0,0,0,True
2016653,5,0.0,126.0,0,0,True
2016672,3,0.0,51.0,0,0,True
2016691,9,0.0,150.0,0,0,True
2016696,3,0.0,162.0,0,0,True
2016698,4,0.0,49.0,0,0,True
2016700,6,0.0,242.0,0,0,True
2016704,4,0.0,210.0,0,0,True
2016707,4,0.0,85.0,0,0,True
2016709,5,0.0,274.0,0,0,True
2016739,9,0.0,137.0,0,2,True
2016742,6,0.0,80.0,0,0,True
2016745,8,0.0,60.0,0,0,True
2016766,5,0.0,186.0,0,0,True
2016768,4,0.0,127.0,0,0,True
2016806,4,0.0,202.0,0,0,True
2016827,3,0.0,37.0,0,0,True
2016832,5,0.0,154.0,0,0,True
2016833,5,0.0,243.0,0,0,True
2016846,1,0.0,50.0,0,0,True
2016856,8,0.0,101.0,0,0,True
2016857,5,0.0,121.0,0,0,True
2016860,9,0.0,210.0,0,0,True
2016861,6,0.0,121.0,0,0,True
2016862,8,0.0,83.0,0,0,True
2016875,6,0.0,170.0,0,0,True
2016876,6,0.0,170.0,0,0,True
2016918,7,0.0,98.0,0,0,True
2016920,5,0.0,202.0,0,0,True
2016921,4,0.0,79.0,0,0,True
2016922,7,0.0,226.0,0,0,True
2016924,3,0.0,182.0,0,0,True
2016940,3,0.0,92.0,0,0,True
2016944,2,0.0,15.0,0,0,True
2016945,2,0.0,15.0,0,0,True
2016946,5,0.0,200.0,0,0,True
2016958,6,0.0,320.0,0,0,True
2016959,4,0.0,90.0,0,0,True
2016989,5,0.0,75.0,0,0,True
2016999,7,0.0,173.0,0,0,True
2017000,5,0.0,181.0,0,0,True
2017043,5,0.0,121.0,0,0,True
2017044,7,0.0,110.0,0,0,True
2017045,12,0.0,161.0,0,2,True
2017081,9,0.0,157.0,0,0,True
2017111,5,0.0,159.0,2,0,True
2017112,4,0.0,96.0,0,0,True
2017129,3,0.0,101.0,0,0,True
2017159,3,0.0,42.0,0,0,True
2017180,4,0.0,113.0,0,0,True
2017181,8,0.0,121.0,0,0,True
2017182,5,0.0,70.0,0,0,True
2017184,7,0.0,110.0,0,0,True
2017196,4,0.0,157.0,0,0,True
2017197,4,0.0,74.0,0,0,True
2017198,5,0.0,128.0,0,0,True
2017199,5,0.0,62.0,0,0,True
2017201,3,1.0,53.0,0,0,True
2017202,4,0.0,55.0,0,0,True
2017203,3,0.0,298.0,0,0,True
2017209,4,0.0,127.0,0,0,True
2017212,7,0.0,96.0,0,0,True
2017214,3,0.0,136.0,0,0,True
2017215,4,0.0,52.0,0,0,True
2017216,3,0.0,92.0,0,0,True
2017217,3,0.0,126.0,0,0,True
2017218,2,1.0,35.0,0,0,True
2017219,4,0.0,64.0,0,0,True
2017220,4,0.0,127.0,0,0,True
2017221,3,0.0,144.0,0,0,True
2017222,5,0.0,562.0,0,0,True
2017223,4,0.0,89.0,0,0,True
2017250,4,0.0,162.0,0,0,True
2017262,4,0.0,183.0,0,0,True
2017305,7,0.0,141.0,0,0,True
2017329,5,0.0,155.0,0,0,True
2017332,4,0.0,101.0,0,0,True
2017333,4,0.0,130.0,0,0,True
2017355,4,0.0,141.0,0,0,True
2017356,7,0.0,75.0,0,0,True
2017361,5,0.0,101.0,0,0,True
2017363,7,0.0,70.0,0,0,True
2017365,6,0.0,100.0,0,0,True
2017375,4,0.0,204.0,0,0,True
2017377,3,0.0,204.0,0,0,True
2017395,3,1.0,15.0,0,0,True
2017439,7,0.0,50.0,0,0,True
2017440,7,0.0,121.0,0,0,True
2017441,5,0.0,101.0,0,0,True
2017442,5,0.0,101.0,0,0,True
2017443,5,0.0,101.0,0,0,True
2017444,5,0.0,121.0,0,0,True
2017454,6,0.0,95.0,0,0,True
2017460,5,0.0,160.0,0,0,True
2017462,5,0.0,160.0,0,0,True
2017492,4,0.0,100.0,0,1,True
2017494,6,0.0,122.0,0,0,True
2017495,5,0.0,49.0,0,0,True
2017502,5,8.0,175.0,0,0,False
2017518,5,0.0,290.0,0,0,True
2017519,3,66.0,194.0,1,1,False
2017535,5,0.0,101.0,0,0,True
2017551,6,0.0,70.0,0,0,True
2017552,8,0.0,121.0,0,0,True
2017561,4,0.0,25.0,0,0,True
2017562,4,0.0,25.0,0,0,True
2017619,5,0.0,136.0,0,1,True
2017625,9,0.0,79.0,0,0,True
2017630,8,0.0,130.0,0,0,True
2017631,3,0.0,30.0,0,0,True
2017632,6,0.0,73.0,0,0,True
2017644,3,0.0,99.0,0,0,True
2017645,5,0.0,141.0,0,0,True
2017671,5,0.0,85.0,0,0,True
2017672,3,23.0,212.0,0,0,False
2017698,6,0.0,152.0,0,0,True
2017700,6,0.0,301.0,0,0,True
2017701,4,0.0,191.0,0,0,True
2017707,3,0.0,83.0,0,0,True
2017708,5,0.0,93.0,0,0,True
2017720,2,0.0,49.0,0,0,True
2017726,8,0.0,36.0,0,0,True
2017727,6,0.0,34.0,0,0,True
2017729,10,0.0,34.0,0,0,True
2017745,4,0.0,76.0,0,0,True
2017759,7,0.0,165.0,0,0,True
2017760,6,0.0,190.0,0,0,True
2017767,1,1.0,35.0,0,0,True
2017769,1,1.0,35.0,0,0,True
2017770,1,1.0,35.0,0,0,True
2017772,1,1.0,39.0,0,0,True
2017773,1,1.0,35.0,0,0,True
2017774,1,1.0,35.0,0,0,True
2017787,7,0.0,42.0,0,0,True
2017788,11,0.0,41.0,0,1,True
2017789,6,1.0,36.0,0,0,True
2017790,2,0.0,40.0,0,0,True
2017809,3,0.0,90.0,0,0,True
2017811,5,0.0,192.0,0,0,True
2017812,3,0.0,112.0,0,0,True
2017813,5,0.0,141.0,0,0,True
2017814,5,0.0,163.0,0,0,True
2017816,3,0.0,102.0,0,0,True
2017817,5,0.0,181.0,0,0,True
2017819,6,0.0,155.0,0,0,True
2017820,5,1.0,156.0,0,0,True
2017933,5,0.0,183.0,0,1,True
2017944,4,0.0,101.0,0,0,True
2017945,4,0.0,100.0,0,0,True
2017947,9,0.0,97.0,0,0,True
2017948,6,0.0,65.0,0,0,True
2017949,10,0.0,141.0,0,0,True
2017960,6,0.0,255.0,0,0,True
2017970,2,1.0,15.0,0,0,True
2017974,3,0.0,103.0,0,0,True
2017975,3,0.0,80.0,0,0,True
2017976,4,0.0,179.0,1,0,True
2017978,3,0.0,75.0,0,0,True
2017991,5,0.0,181.0,0,0,True
2017998,8,0.0,98.0,0,0,True
2018056,5,0.0,124.0,0,0,True
2018060,4,0.0,200.0,0,0,True
2018074,5,0.0,122.0,0,0,True
2018076,4,0.0,81.0,0,0,True
2018078,4,0.0,223.0,0,0,True
2018112,3,0.0,100.0,0,1,True
2018118,7,0.0,129.0,0,1,True
2018158,5,0.0,185.0,0,0,True
2018179,2,0.0,54.0,0,0,True
2018180,5,0.0,140.0,0,0,True
2018184,10,0.0,161.0,0,0,True
2018189,6,0.0,74.0,0,0,True
2018190,9,0.0,150.0,0,0,True
2018193,2,0.0,161.0,0,0,True
2018201,7,0.0,160.0,0,0,True
2018214,8,0.0,142.0,0,0,True
2018232,5,0.0,183.0,0,0,True
2018234,3,0.0,100.0,0,0,True
2018263,5,0.0,100.0,0,0,True
2018265,4,0.0,100.0,0,0,True
2018279,1,1.0,43.5,0,0,True
2018282,1,1.0,37.3,0,0,True
2018283,2,0.0,36.0,0,0,True
2018305,3,0.0,38.0,0,0,True
2018310,3,0.0,76.0,0,0,True
2018317,3,0.0,79.0,0,0,True
2018319,4,0.0,34.0,0,0,True
2018322,6,0.0,143.0,0,0,True
2018323,4,0.0,59.0,0,0,True
2018324,3,0.0,101.0,0,0,True
2018325,4,0.0,122.0,0,0,True
2018326,6,0.0,116.0,0,0,True
2018328,6,0.0,113.0,0,0,True
2018332,3,0.0,38.0,0,0,True
2018335,5,0.0,131.0,0,0,True
2018337,4,0.0,84.0,0,0,True
2018338,6,0.0,101.0,0,0,True
2018343,9,0.0,121.0,0,1,True
2018345,5,0.0,50.0,0,0,True
2018365,4,0.0,222.0,0,0,True
2018366,3,0.0,87.0,0,0,True
2018367,5,1.0,149.0,0,0,True
2018369,8,0.0,95.0,0,0,True
2018379,4,0.0,166.0,0,0,True
2018404,3,0.0,81.0,0,1,True
2018419,5,0.0,60.0,0,0,True
2018452,4,0.0,142.0,0,0,True
2018454,3,0.0,61.0,0,0,True
2018455,6,0.0,242.0,0,0,True
2018457,5,0.0,182.0,0,1,True
2018464,3,0.0,100.0,0,0,True
2018495,5,0.0,215.0,0,0,True
2018519,4,0.0,65.0,0,0,True
2018525,3,0.0,141.0,0,0,True
2018551,7,0.0,281.0,0,0,True
2018553,3,0.0,181.0,0,0,True
2018555,5,0.0,61.0,0,0,True
2018556,9,0.0,120.0,0,0,True
2018565,4,0.0,100.0,0,0,True
2018576,9,0.0,142.0,0,0,True
2018587,5,0.0,253.0,0,0,True
2018588,7,0.0,166.0,0,0,True
2018589,3,0.0,72.0,0,0,True
2018591,6,0.0,242.0,0,0,True
2018629,8,0.0,221.0,0,0,True
2018630,4,0.0,60.0,0,0,True
2018632,6,0.0,70.0,0,0,True
2018663,5,0.0,200.0,0,0,True
2018667,4,0.0,165.0,0,0,True
2018674,4,0.0,72.0,0,0,True
2018675,4,0.0,162.0,0,0,True
2018688,7,0.0,182.0,0,0,True
2018698,6,0.0,161.0,0,1,True
2018702,4,0.0,80.0,0,0,True
2018704,5,0.0,43.0,0,0,True
2018705,8,0.0,120.0,0,0,True
2018733,6,0.0,20.0,0,0,True
2018734,7,0.0,20.0,1,0,True
2018745,7,0.0,20.0,0,0,True
2018757,4,0.0,167.0,2,0,True
2018759,4,0.0,142.0,0,0,True
2018774,7,0.0,110.0,0,1,True
2018775,9,0.0,110.0,0,0,True
2018776,10,0.0,110.0,0,0,True
2018801,2,0.0,20.0,0,0,True
2018816,4,0.0,71.0,0,0,True
2018817,6,0.0,182.0,0,0,True
2018818,6,0.0,118.0,0,0,True
2018865,10,0.0,150.0,0,0,True
2018877,4,1.0,60.0,0,0,True
2018883,3,0.0,100.0,0,0,True
2018890,5,0.0,91.0,0,0,True
2018897,5,0.0,117.0,0,0,True
2018907,7,0.0,35.0,1,0,True
2018912,10,0.0,135.0,0,0,True
2018913,6,0.0,80.0,0,0,True
2018915,10,0.0,85.0,0,0,True
2018916,4,1.0,25.0,0,0,True
2018917,7,0.0,181.0,0,0,True
2018918,4,0.0,70.0,0,0,True
2018919,4,1.0,25.0,0,0,True
2018920,4,1.0,25.0,0,0,True
2018921,5,0.0,36.9,1,0,True
2018926,7,0.0,39.5,1,0,True
2018927,8,0.0,45.0,1,0,True
2018932,5,0.0,45.0,1,0,True
2018940,5,0.0,221.0,0,0,True
2018942,5,0.0,181.0,0,0,True
2018943,6,0.0,86.0,0,0,True
2018946,5,0.0,137.0,0,0,True
2018948,4,0.0,223.0,0,0,True
2018980,2,0.0,80.0,0,0,True
2018981,2,0.0,176.0,0,0,True
2018982,2,0.0,100.0,0,0,True
2018984,2,0.0,146.0,0,0,True
2018985,2,0.0,126.0,0,0,True
2018988,2,0.0,86.0,0,0,True
2018990,5,1.0,76.0,0,0,True
2018991,7,0.0,200.0,0,0,True
2018992,7,1.0,176.0,0,0,True
2018999,1,0.0,116.0,0,0,True
2019002,1,0.0,70.0,0,0,True
2019004,2,0.0,124.0,0,0,True
2019009,10,0.0,319.0,1,0,True
2019011,3,0.0,64.0,0,0,True
2019012,3,0.0,126.0,0,0,True
2019013,3,0.0,81.0,0,0,True
2019021,4,0.0,112.0,0,1,True
2019027,4,0.0,64.0,0,0,True
2019040,6,0.0,174.0,0,0,True
2019064,3,0.0,140.0,0,0,True
2019068,4,0.0,120.0,0,0,True
2019073,1,0.0,40.0,0,0,True
2019074,1,0.0,40.0,0,0,True
2019075,1,0.0,40.0,0,0,True
2019087,5,2.0,172.0,0,0,False
2019116,6,0.0,32.0,0,0,True
2019118,2,0.0,32.0,0,0,True
2019141,10,0.0,202.0,0,0,True
2019152,4,0.0,57.0,0,0,True
2019155,8,0.0,135.0,0,0,True
2019212,4,0.0,120.0,0,0,True
2019217,6,0.0,121.0,0,0,True
2019218,7,0.0,121.0,0,0,True
2019219,7,0.0,80.0,0,0,True
2019221,9,0.0,123.0,0,0,True
2019222,7,0.0,141.0,0,0,True
2019223,5,0.0,62.0,0,0,True
2019224,7,1.0,70.0,0,0,True
2019237,6,0.0,74.0,0,0,True
2019238,6,0.0,181.0,0,0,True
2019257,3,0.0,83.0,0,0,True
2019267,7,0.0,198.0,0,0,True
2019268,3,0.0,32.0,0,0,True
2019270,4,0.0,142.0,0,0,True
2019274,3,0.0,80.0,0,0,True
2019279,7,0.0,100.0,0,0,True
2019292,3,0.0,142.0,0,0,True
2019302,5,0.0,115.0,0,0,True
2019303,4,0.0,148.0,0,0,True
2019304,5,0.0,82.0,0,0,True
2019305,6,0.0,183.0,0,0,True
2019306,10,0.0,281.0,0,0,True
2019311,4,0.0,82.0,0,0,True
2019312,10,0.0,130.0,0,0,True
2019315,3,0.0,201.0,0,0,True
2019318,5,0.0,96.0,0,0,True
2019319,4,0.0,148.0,0,0,True
2019325,5,0.0,65.0,0,0,True
2019326,3,0.0,123.0,0,0,True
2019327,4,0.0,59.0,0,0,True
2019328,5,0.0,39.0,0,0,True
2019329,8,0.0,170.0,0,0,True
2019337,11,0.0,227.0,0,1,True
2019342,3,0.0,81.0,0,2,True
2019345,10,0.0,104.0,0,0,True
2019347,9,0.0,76.0,0,0,True
2019350,8,0.0,141.0,0,0,True
2019354,9,0.0,182.0,0,0,True
2019357,5,0.0,80.0,0,0,True
2019376,3,0.0,71.0,0,0,True
2019408,3,0.0,240.0,0,1,True
2019410,4,0.0,210.0,0,0,True
2019429,6,0.0,78.0,0,0,True
2019430,7,0.0,81.0,0,0,True
2019439,3,0.0,35.0,0,0,True
2019441,7,0.0,24.0,0,0,True
2019443,6,0.0,230.0,0,0,True
2019444,5,0.0,158.0,0,0,True
2019445,5,0.0,191.0,0,0,True
2019446,6,0.0,140.0,0,0,True
2019447,3,0.0,154.0,0,0,True
2019448,7,14.0,215.0,0,0,False
2019449,3,0.0,145.0,0,0,True
2019485,5,0.0,242.0,0,0,True
2019486,5,0.0,122.0,0,0,True
2019521,4,0.0,82.0,0,0,True
2019522,4,0.0,86.0,0,0,True
2019556,2,0.0,58.0,0,0,True
2019558,2,0.0,68.0,0,0,True
2019567,5,0.0,242.0,0,0,True
2019568,5,0.0,180.0,0,0,True
2019570,4,0.0,90.0,0,0,True
2019571,3,0.0,90.0,0,1,True
2019576,5,0.0,142.0,0,0,True
2019586,7,0.0,201.0,0,0,True
2019587,4,0.0,60.0,0,0,True
2019588,6,0.0,141.0,0,0,True
2019590,4,0.0,50.0,0,0,True
2019591,10,0.0,65.0,0,0,True
2019593,19,0.0,325.0,0,3,True
2019594,7,0.0,90.0,0,0,True
2019595,5,0.0,90.0,0,0,True
2019599,21,0.0,325.0,0,3,True
2019600,3,0.0,78.0,0,0,True
2019607,3,0.0,90.0,0,0,True
2019615,7,0.0,108.0,0,0,True
2019617,5,0.0,121.0,0,0,True
2019620,6,0.0,197.0,0,0,True
2019642,8,0.0,150.0,0,1,True
2019644,6,0.0,156.0,0,1,True
2019656,6,0.0,120.0,0,1,True
2019657,3,0.0,150.0,0,0,True
2019659,6,0.0,129.0,0,0,True
2019661,8,0.0,163.0,0,0,True
2019750,5,0.0,122.0,0,0,True
2019752,3,0.0,102.0,0,0,True
2019753,7,0.0,126.0,0,0,True
2019783,4,0.0,91.0,0,0,True
2019791,6,0.0,141.0,0,1,True
2019792,8,0.0,121.0,0,0,True
2019794,5,0.0,50.0,0,0,True
2019796,5,0.0,50.0,0,0,True
2019798,11,0.0,120.0,0,1,True
2019799,6,0.0,140.0,0,0,True
2019800,6,0.0,130.0,0,0,True
2019801,6,0.0,130.0,0,0,True
2019802,10,0.0,135.0,0,0,True
2019803,7,0.0,90.0,0,0,True
2019809,4,0.0,104.0,0,0,True
2019821,6,0.0,70.0,0,0,True
2019823,2,0.0,17.0,0,0,True
2019826,3,0.0,15.0,0,0,True
2019827,7,0.0,25.0,0,0,True
2019829,4,0.0,25.0,0,0,True
2019830,4,0.0,37.0,0,0,True
2019831,1,0.0,33.0,0,0,True
2019834,1,0.0,40.0,0,0,True
2019837,1,0.0,40.0,0,0,True
2019840,4,0.0,46.0,0,0,True
2019842,5,0.0,49.0,0,0,True
2019859,11,0.0,267.0,3,0,True
2019861,7,0.0,150.0,0,0,True
2019862,5,1.0,149.0,0,0,True
2019864,6,0.0,140.0,0,0,True
2019886,6,0.0,183.0,0,0,True
2019899,6,0.0,33.0,0,0,True
2019904,6,0.0,187.0,0,0,True
2019906,5,1.0,139.0,0,0,True
2019924,4,0.0,37.5,0,0,True
2019929,6,0.0,121.0,0,0,True
2019977,10,0.0,195.0,3,1,True
2019978,5,0.0,90.0,0,0,True
2019984,7,0.0,76.0,0,1,True
2019985,7,0.0,165.0,2,1,True
2019986,8,0.0,182.0,0,0,True
2019987,5,0.0,83.0,0,0,True
2019988,3,0.0,95.0,0,0,True
2019999,7,0.0,175.0,0,0,True
2020005,10,0.0,197.0,0,0,True
2020018,4,0.0,63.0,0,0,True
2020050,6,0.0,179.0,0,0,True
2020051,4,0.0,182.0,0,0,True
2020052,2,0.0,88.0,0,0,True
2020061,3,0.0,48.0,0,0,True
2020063,4,1.0,42.0,0,0,True
2020092,2,0.0,15.0,0,0,True
2020093,2,0.0,15.0,0,0,True
2020094,2,0.0,15.0,0,0,True
2020097,2,0.0,196.0,0,0,True
2020100,7,0.0,182.0,0,0,True
2020101,7,0.0,137.0,0,0,True
2020102,4,0.0,70.0,0,0,True
2020125,5,0.0,182.0,0,0,True
2020130,7,0.0,176.0,0,0,True
2020132,1,0.0,70.5,0,0,True
2020133,2,0.0,43.5,0,0,True
2020176,2,0.0,51.0,0,0,True
2020178,2,0.0,51.0,0,0,True
2020179,2,0.0,46.0,0,0,True
2020182,2,0.0,37.0,0,0,True
2020185,2,0.0,42.0,0,0,True
2020189,2,0.0,42.0,0,0,True
2020190,2,0.0,46.0,0,0,True
2020191,2,0.0,47.0,0,0,True
2020192,2,0.0,51.0,0,0,True
2020193,2,0.0,49.0,0,0,True
2020194,2,0.0,50.0,0,0,True
2020195,2,0.0,26.0,0,0,True
2020196,2,0.0,51.0,0,0,True
2020212,3,0.0,107.0,0,0,True
2020215,1,0.0,127.0,0,0,True
2020225,3,0.0,97.0,0,0,True
2020227,1,0.0,60.0,0,0,True
2020228,1,0.0,177.0,0,0,True
2020230,1,0.0,167.0,0,0,True
2020240,5,0.0,64.0,0,0,True
2020284,5,0.0,53.0,0,0,True
2020285,7,0.0,83.0,0,0,True
2020286,11,0.0,176.0,0,1,True
2020287,9,0.0,210.0,2,1,True
2020290,7,0.0,122.0,0,0,True
2020292,10,0.0,115.0,0,0,True
2020294,8,2.0,83.0,0,0,False
2020296,11,0.0,286.0,0,1,True
2020297,8,0.0,206.0,0,0,True
2020298,8,0.0,140.0,0,0,True
2020299,9,0.0,120.0,0,0,True
2020300,9,0.0,128.0,2,0,True
2020304,7,0.0,90.0,0,0,True
2020305,5,0.0,79.0,0,0,True
2020312,6,0.0,130.0,0,0,True
2020314,6,0.0,85.0,0,0,True
2020315,9,0.0,105.0,0,0,True
2020317,11,0.0,108.0,0,1,True
2020319,5,0.0,30.0,0,1,True
2020374,10,0.0,169.0,0,0,True
2020375,7,0.0,161.0,0,0,True
2020376,3,0.0,141.0,0,0,True
2020380,11,0.0,281.0,0,1,True
2020387,4,0.0,142.0,0,0,True
2020414,3,0.0,30.0,0,0,True
2020420,2,0.0,30.0,0,0,True
2020422,4,0.0,30.0,0,0,True
2020424,4,0.0,30.0,0,0,True
2020425,4,0.0,30.0,0,0,True
2020428,8,0.0,123.0,0,0,True
2020429,5,0.0,75.0,0,0,True
2020436,2,0.0,60.0,0,0,True
2020440,6,0.0,110.0,0,0,True
2020464,1,0.0,30.0,0,0,True
2020469,1,0.0,25.0,0,0,True
2020470,1,0.0,81.0,0,0,True
2020475,2,1.0,50.0,0,0,True
2020488,1,0.0,80.0,0,0,True
2020489,1,0.0,54.0,0,0,True
2020490,1,0.0,100.0,0,0,True
2020491,1,0.0,49.5,0,0,True
2020492,1,0.0,37.0,0,0,True
2020493,1,0.0,82.0,0,0,True
2020521,5,0.0,80.0,0,0,True
2020526,3,0.0,94.0,0,0,True
2020540,6,0.0,105.0,0,1,True
2020567,3,0.0,35.0,0,0,True
2020568,3,1.0,35.0,0,0,True
2020569,2,0.0,35.0,0,0,True
2020570,2,0.0,35.0,0,0,True
2020571,3,1.0,60.0,0,0,True
2020572,3,1.0,59.0,0,0,True
2020573,3,1.0,57.0,0,0,True
2020574,3,1.0,64.0,0,0,True
2020575,3,1.0,67.0,0,0,True
2020598,4,0.0,150.0,0,0,True
2020599,6,0.0,129.0,0,0,True
2020601,6,0.0,129.0,0,0,True
2020618,5,3.0,122.0,0,0,False
2020631,6,0.0,165.0,0,0,True
2020645,11,0.0,163.0,0,1,True
2020646,3,0.0,95.0,0,0,True
2020647,5,0.0,323.0,0,0,True
2020664,13,0.0,108.0,0,1,True
2020676,6,0.0,170.0,0,0,True
2020677,8,0.0,181.0,0,1,True
2020691,5,0.0,145.0,0,0,True
2020700,3,0.0,16.0,0,0,True
2020701,3,0.0,17.0,0,0,True
2020702,3,0.0,17.0,0,0,True
2020703,3,0.0,18.0,0,0,True
2020721,10,1.0,146.0,0,1,True
2020730,9,0.0,181.0,0,0,True
2020731,9,0.0,182.0,0,0,True
2020736,9,0.0,109.0,0,0,True
2020739,7,0.0,132.0,0,0,True
2020742,7,0.0,182.0,0,0,True
2020770,7,0.0,166.0,0,0,True
2020774,2,0.0,35.0,0,0,True
2020775,2,0.0,31.0,0,0,True
2020776,2,0.0,33.0,0,0,True
2020777,2,0.0,32.5,0,0,True
2020811,7,0.0,100.0,0,0,True
2020812,8,0.0,121.0,0,0,True
2020818,3,16.0,73.0,0,0,False
2020839,4,0.0,90.0,0,0,True
2020846,5,0.0,60.0,0,0,True
2020847,10,0.0,25.0,0,0,True
2020848,3,0.0,11.0,0,0,True
2020849,17,0.0,30.5,0,3,True
2020851,4,0.0,79.0,0,0,True
2020860,7,0.0,75.0,0,0,True
2020866,5,0.0,60.0,0,0,True
2020874,8,0.0,150.0,0,0,True
2020879,10,0.0,200.0,0,0,True
2020893,4,0.0,100.0,0,0,True
2020896,8,0.0,100.0,0,0,True
2020899,7,0.0,140.0,0,0,True
2020902,8,1.0,56.0,0,0,True
2020903,10,0.0,59.0,0,0,True
2020904,9,0.0,70.0,0,0,True
2020905,6,0.0,60.0,0,0,True
2020906,6,1.0,50.0,0,0,True
2020907,7,1.0,60.0,0,0,True
2020908,7,0.0,50.0,0,0,True
2020912,3,0.0,101.0,0,0,True
2020913,6,0.0,70.0,0,0,True
2020915,6,0.0,183.0,0,0,True
2020916,11,0.0,182.0,0,1,True
2020947,9,0.0,13.0,0,0,True
2020949,3,2.0,14.0,0,0,False
2020975,5,0.0,40.0,0,0,True
2020976,5,0.0,282.0,0,0,True
2020977,4,0.0,194.0,0,0,True
2020978,4,0.0,88.0,0,0,True
2020979,3,0.0,65.0,0,0,True
2020980,4,0.0,75.0,0,0,True
2020994,4,0.0,80.0,0,0,True
2020996,4,0.0,75.0,0,0,True
2021014,1,0.0,12.0,0,0,True
2021016,7,0.0,143.0,0,0,True
2021018,6,0.0,125.0,0,0,True
2021020,3,0.0,55.0,0,0,True
2021021,2,0.0,77.5,0,0,True
2021022,6,0.0,80.0,0,0,True
2021023,8,0.0,97.0,0,0,True
2021024,4,0.0,94.0,0,0,True
2021028,8,0.0,90.0,0,0,True
2021029,5,0.0,87.0,0,0,True
2021030,6,0.0,87.0,0,0,True
2021031,8,0.0,101.0,0,0,True
2021032,4,0.0,87.0,0,0,True
2021033,5,0.0,80.0,0,0,True
2021055,5,0.0,12.0,0,0,True
2021057,4,0.0,12.0,0,0,True
2021059,4,0.0,12.0,0,0,True
2021066,10,0.0,81.0,0,0,True
2021073,4,0.0,222.0,0,0,True
2021087,4,0.0,91.5,0,0,True
2021088,10,0.0,91.5,0,0,True
2021089,5,0.0,60.0,0,0,True
2021103,3,0.0,100.0,0,0,True
2021104,2,0.0,39.0,0,0,True
2021111,2,0.0,75.0,0,0,True
2021113,7,0.0,75.0,0,0,True
2021121,5,0.0,75.0,0,0,True
2021122,2,0.0,75.0,0,0,True
2021123,8,0.0,202.0,0,0,True
2021137,7,0.0,62.5,0,0,True
2021141,6,0.0,79.0,0,0,True
2021145,2,0.0,47.0,0,0,True
2021148,3,1.0,12.0,0,0,True
2021149,3,1.0,20.0,0,0,True
2021150,3,0.0,14.0,0,0,True
2021151,3,1.0,20.0,0,0,True
2021152,3,1.0,18.0,0,0,True
2021153,5,0.0,27.0,0,0,True
2021155,3,1.0,14.0,0,0,True
2021156,3,1.0,16.0,0,0,True
2021157,3,1.0,16.0,0,0,True
2021158,3,1.0,12.0,0,0,True
2021160,3,1.0,14.0,0,0,True
2021161,2,2.5,25.0,0,0,False
2021163,3,1.0,10.0,0,0,True
2021165,3,1.0,14.0,0,0,True
2021196,7,0.0,70.0,0,0,True
2021198,8,0.0,200.0,0,0,True
2021217,4,0.0,100.0,0,0,True
2021218,3,0.0,45.0,0,0,True
2021226,13,0.0,96.0,0,1,True
2021227,10,0.0,22.0,0,0,True
2021236,7,0.0,102.0,0,0,True
2021277,6,0.0,230.0,0,0,True
2021278,8,0.0,90.0,0,0,True
2021292,5,0.0,241.0,0,0,True
2021293,6,0.0,154.0,0,0,True
2021305,3,0.0,131.0,0,0,True
2021306,8,0.0,344.0,0,0,True
2021308,4,0.0,188.0,0,0,True
2021309,3,0.0,147.0,0,0,True
2021310,3,0.0,160.0,0,0,True
2021314,4,0.0,110.0,2,1,True
2021316,5,0.0,141.0,0,0,True
2021319,7,0.0,53.0,0,0,True
2021323,4,0.0,85.0,0,0,True
2021331,3,0.0,22.0,0,0,True
2021332,1,0.0,13.2,0,0,True
2021334,2,1.0,15.0,0,0,True
2021368,5,0.0,62.0,0,0,True
2021369,7,0.0,39.0,0,0,True
2021374,9,0.0,90.0,0,0,True
2021381,2,0.0,25.0,0,0,True
2021385,8,0.0,153.0,0,0,True
2021391,3,0.0,35.0,0,0,True
2021392,5,0.0,32.0,0,0,True
2021401,5,0.0,80.0,0,0,True
2021402,3,0.0,78.0,0,0,True
2021423,11,0.0,129.0,0,1,True
2021424,2,0.0,50.0,0,0,True
2021425,2,0.0,50.0,0,0,True
2021454,5,0.0,121.0,0,0,True
2021480,2,0.0,55.0,0,0,True
2021481,4,0.0,143.0,0,0,True
2021482,3,0.0,160.0,0,0,True
2021485,3,0.0,80.0,0,0,True
2021488,3,0.0,70.0,0,0,True
2021490,4,0.0,182.0,0,0,True
2021495,3,0.0,160.0,0,0,True
2021497,3,0.0,182.0,0,0,True
2021498,5,0.0,159.0,0,0,True
2021503,5,0.0,86.0,0,0,True
2021505,4,0.0,90.0,0,1,True
2021506,6,0.0,60.0,0,0,True
2021508,6,0.0,292.0,0,0,True
2021522,1,0.0,75.0,0,0,True
2021525,1,0.0,21.0,0,0,True
2021526,4,31.0,39.0,0,0,False
2021528,1,36.5,37.0,0,0,False
2021529,1,0.0,36.0,0,0,True
2021530,1,0.0,30.0,0,0,True
2021531,1,0.0,26.0,0,0,True
2021535,1,0.0,26.0,0,0,True
2021536,1,0.0,26.0,0,0,True
2021542,1,0.0,56.0,0,0,True
2021543,1,0.0,22.0,0,0,True
2021545,1,0.0,26.0,0,0,True
2021546,1,0.0,14.0,0,0,True
2021547,1,0.0,26.0,0,0,True
2021548,1,0.0,26.0,0,0,True
2021549,1,0.0,28.0,0,0,True
2021550,4,0.0,83.0,0,0,True
2021585,4,0.0,142.0,0,0,True
2021587,5,0.0,160.0,0,0,True
2021606,5,15.0,179.0,0,0,False
2021607,7,0.0,153.0,0,0,True
2021631,9,0.0,101.0,0,0,True
2021672,5,0.0,60.0,0,0,True
2021674,3,0.0,57.0,0,0,True
2021675,7,0.0,110.0,0,0,True
2021680,3,0.0,37.0,0,0,True
2021685,3,9.0,35.0,0,0,False
2021687,3,0.0,45.0,0,0,True
2021688,1,16.5,48.0,0,0,False
2021689,2,4.5,45.0,0,0,False
2021711,5,0.0,40.0,0,0,True
2021713,10,0.0,145.0,0,0,True
2021715,8,0.0,178.0,0,0,True
2021716,3,0.0,106.0,0,0,True
2021719,6,0.0,85.5,0,0,True
2021720,3,0.0,41.0,0,0,True
2021721,4,0.0,86.5,0,0,True
2021732,5,0.0,141.0,0,0,True
2021733,5,0.0,90.0,0,0,True
2021740,7,0.0,117.0,0,0,True
2021741,7,0.0,141.0,0,0,True
2021773,6,0.0,28.0,0,0,True
2021798,5,0.0,141.0,0,0,True
2021828,5,0.0,220.0,0,0,True
2021829,4,0.0,70.0,0,0,True
2021834,5,0.0,60.0,0,0,True
2021837,5,0.0,39.0,0,0,True
2021839,4,0.0,44.0,0,0,True
2021842,3,0.0,40.0,0,0,True
2021852,12,0.0,97.0,0,0,True
2021861,5,0.0,140.0,0,0,True
2021875,6,0.0,22.0,0,0,True
2021895,8,0.0,178.0,0,0,True
2021896,6,0.0,102.0,0,0,True
2021897,6,0.0,101.0,0,1,True
2021938,5,0.0,122.0,0,0,True
2021939,3,0.0,100.0,0,0,True
2021942,10,0.0,175.0,5,0,True
2021943,3,0.0,46.0,0,0,True
2021944,6,0.0,164.0,0,0,True
2021945,6,0.0,118.0,0,0,True
2021962,5,0.0,142.0,2,0,True
2021986,7,0.0,100.0,0,0,True
2021987,8,0.0,161.0,0,0,True
2022024,7,0.0,122.0,0,0,True
2022096,3,0.0,101.0,0,1,True
2022099,11,0.0,188.0,0,1,True
2022110,2,0.0,16.0,0,0,True
2022111,3,0.0,16.0,0,0,True
2022134,4,0.0,125.0,0,0,True
2022143,3,0.0,125.0,0,0,True
2022144,4,0.0,120.0,0,0,True
2022145,10,0.0,90.0,0,0,True
2022146,7,0.0,71.0,0,0,True
2022147,7,0.0,60.0,0,0,True
2022148,5,0.0,150.0,0,0,True
2022149,3,6.0,210.0,0,0,False
2022151,4,0.0,88.0,0,0,True
2022152,4,0.0,162.0,0,0,True
2022154,3,0.0,123.0,0,0,True
2022155,3,0.0,56.0,0,0,True
2022156,3,0.0,118.0,0,0,True
2022180,12,0.0,147.0,0,0,True
2022196,4,0.0,126.0,0,0,True
2022197,3,0.0,181.0,0,0,True
2022200,5,0.0,186.0,0,0,True
2022202,4,0.0,90.0,0,0,True
2022204,4,0.0,240.0,0,0,True
2022217,7,0.0,70.0,0,0,True
2022222,3,0.0,198.0,0,0,True
2022227,5,0.0,45.0,0,0,True
2022242,6,0.0,100.0,0,0,True
2022244,1,0.0,100.0,0,0,True
2022246,2,0.0,90.0,0,0,True
2022247,2,0.0,85.0,0,0,True
2022248,4,0.0,95.0,0,0,True
2022260,4,0.0,127.0,0,0,True
2022295,4,0.0,50.0,0,0,True
2022310,6,0.0,82.0,0,0,True
2022311,4,0.0,134.0,0,0,True
2022318,6,0.0,185.0,0,0,True
2022319,8,0.0,70.0,0,0,True
2022320,4,0.0,60.0,0,0,True
2022322,7,0.0,67.0,0,0,True
2022334,4,0.0,106.0,0,0,True
2022341,6,0.0,67.0,0,0,True
2022383,4,0.0,40.0,0,0,True
2022389,4,0.0,125.0,0,0,True
2022391,5,0.0,85.0,0,0,True
2022393,5,0.0,93.0,0,0,True
2022394,10,0.0,157.0,0,2,True
2022399,9,0.0,202.0,0,0,True
2022404,4,5.0,140.0,1,0,False
2022432,6,0.0,126.0,0,0,True
2022433,4,0.0,81.0,0,0,True
2022434,9,0.0,135.0,0,0,True
2022462,3,0.0,32.0,0,0,True
2022464,3,0.0,32.0,0,0,True
2022465,3,0.0,32.0,0,0,True
2022466,3,0.0,32.0,0,0,True
2022482,6,0.0,161.0,0,0,True
2022483,3,0.0,82.0,0,0,True
2022484,3,0.0,129.0,0,0,True
2022485,3,0.0,168.0,0,0,True
2022487,4,0.0,78.0,0,0,True
2022488,3,0.0,56.0,0,0,True
2022489,3,0.0,130.0,0,0,True
2022490,4,0.0,51.0,0,0,True
2022491,8,0.0,203.0,0,0,True
2022492,9,0.0,234.0,0,0,True
2022524,5,0.0,144.0,0,0,True
2022557,8,0.0,142.0,0,0,True
2022605,4,0.0,175.0,0,0,True
2022618,4,0.0,133.0,0,0,True
2022647,3,0.0,66.0,0,0,True
2022649,4,0.0,100.0,0,0,True
2022651,3,0.0,80.0,0,0,True
2022653,10,2.0,107.0,0,0,False
2022654,6,0.0,82.0,0,0,True
2022657,8,0.0,90.0,0,0,True
2022658,4,0.0,50.0,0,0,True
2022659,6,0.0,168.0,0,0,True
2022663,3,0.0,38.0,0,0,True
2022683,2,0.0,25.0,0,0,True
2022691,5,0.0,83.0,0,0,True
2022697,3,0.0,160.0,0,0,True
2022724,3,0.0,90.0,0,0,True
2022731,5,0.0,140.0,0,0,True
2022739,9,0.0,142.0,0,0,True
2022758,5,0.0,122.0,0,0,True
2022763,7,0.0,85.0,0,0,True
2022766,4,0.0,107.0,0,0,True
2022779,6,0.0,17.5,0,0,True
2022780,8,1.0,21.0,0,0,True
2022782,6,0.0,23.0,0,0,True
2022784,6,0.0,17.1,0,0,True
2022785,7,2.0,17.0,0,0,False
2022786,4,1.0,16.0,0,0,True
2022788,6,0.0,161.0,0,0,True
2022789,10,0.0,85.0,0,0,True
2022790,4,0.0,110.0,2,1,True
2022811,2,0.0,130.0,0,0,True
2022823,9,0.0,161.0,0,0,True
2022824,5,0.0,136.0,0,0,True
2022827,2,1.0,60.0,0,0,True
2022829,3,0.0,50.0,0,0,True
2022852,6,0.0,158.0,0,0,True
2022855,4,0.0,147.0,0,0,True
2022864,5,0.0,186.0,0,0,True
2022866,5,0.0,140.0,0,0,True
2022869,3,0.0,80.0,0,0,True
2022870,6,0.0,180.0,0,0,True
2022882,7,0.0,167.0,0,0,True
2022884,4,0.0,89.0,0,0,True
2022885,6,0.0,180.0,0,0,True
2022892,5,0.0,70.0,0,0,True
2022895,4,0.0,68.0,0,0,True
2022896,9,0.0,181.0,0,0,True
2022897,5,0.0,188.0,0,0,True
2022899,6,0.0,92.0,0,0,True
2022909,7,0.0,160.0,0,0,True
2022932,6,0.0,101.0,0,0,True
2022943,5,0.0,141.0,0,0,True
2022957,4,0.0,47.0,0,0,True
2022962,11,0.0,182.0,0,1,True
2022964,7,0.0,150.0,0,0,True
2022965,3,1.0,60.0,0,0,True
2022966,6,0.0,128.0,0,0,True
2022968,5,0.0,63.0,0,0,True
2022982,8,0.0,200.0,0,0,True
2022983,8,0.0,144.0,0,0,True
2022987,2,0.0,150.0,0,0,True
2022999,11,0.0,99.0,0,0,True
2023000,5,0.0,176.0,0,0,True
2023002,7,0.0,99.5,1,0,True
2023003,3,0.0,81.0,0,0,True
2023004,8,0.0,99.0,2,0,True
2023008,5,0.0,125.0,0,0,True
2023046,5,0.0,75.0,0,0,True
2023052,5,0.0,189.0,0,0,True
2023057,3,0.0,44.0,0,0,True
2023058,4,0.0,103.0,0,0,True
2023059,3,0.0,50.0,0,0,True
2023061,5,0.0,217.0,0,0,True
2023062,3,0.0,147.0,0,0,True
2023065,3,0.0,62.0,0,0,True
2023066,6,0.0,346.0,0,0,True
2023067,3,0.0,73.0,0,0,True
2023069,3,0.0,141.0,0,0,True
2023070,5,0.0,141.0,0,0,True
2023071,7,0.0,125.0,0,0,True
2023093,6,0.0,217.0,0,0,True
2023101,3,0.0,41.0,0,0,True
2023102,3,0.0,69.0,0,0,True
2023103,5,0.0,52.0,0,0,True
2023141,7,0.0,160.0,0,0,True
2023174,6,0.0,139.0,0,0,True
2023177,4,0.0,200.0,0,0,True
2023187,5,0.0,70.0,0,0,True
2023188,8,0.0,121.0,0,2,True
2023189,5,0.0,195.0,0,0,True
2023190,4,0.0,40.0,0,0,True
2023194,3,0.0,50.0,0,0,True
2023195,5,0.0,50.5,0,0,True
2023196,4,12.4,35.0,0,0,False
2023197,1,0.0,12.5,0,0,True
2023201,3,6.0,50.0,0,0,False
2023203,4,0.0,35.0,0,0,True
2023205,2,0.0,13.0,0,0,True
2023209,4,0.0,280.0,0,0,True
2023210,2,0.0,50.0,0,0,True
2023212,2,15.0,50.0,0,0,False
2023216,2,0.0,35.5,0,0,True
2023217,2,15.0,50.0,0,0,False
2023218,2,0.0,13.0,0,0,True
2023222,2,15.0,40.0,0,0,False
2023223,2,15.0,50.0,0,0,False
2023226,3,11.5,45.0,0,0,False
2023227,2,15.0,50.0,0,0,False
2023229,2,11.5,35.0,0,0,False
2023230,2,15.0,53.0,0,0,False
2023232,2,11.5,30.0,0,0,False
2023233,2,0.0,40.0,0,1,True
2023234,1,11.5,25.5,0,0,False
2023238,4,0.0,45.0,0,0,True
2023239,3,15.0,50.0,0,0,False
2023240,3,15.0,53.0,0,0,False
2023241,3,15.0,45.0,0,0,False
2023242,3,5.0,62.0,0,0,False
2023243,2,0.0,36.0,0,0,True
2023244,1,5.0,43.0,0,0,False
2023245,1,5.0,32.0,0,0,False
2023247,6,0.0,46.0,0,0,True
2023248,5,9.0,36.0,0,0,False
2023249,4,9.0,30.0,0,0,False
2023250,3,9.0,24.0,0,0,False
2023253,8,0.0,104.5,0,0,True
2023254,6,0.0,68.0,0,0,True
2023255,6,0.0,64.0,0,0,True
2023256,6,0.0,60.0,0,0,True
2023287,7,0.0,152.0,0,0,True
2023291,10,6.0,160.0,0,0,False
2023313,4,0.0,70.0,0,0,True
2023355,3,0.0,60.0,0,0,True
2023368,7,0.0,141.0,0,0,True
2023370,9,0.0,61.0,0,0,True
2023372,9,0.0,121.0,0,0,True
2023397,3,0.0,50.0,0,0,True
2023414,8,0.0,180.0,0,1,True
2023419,8,0.0,50.0,0,0,True
2023427,5,0.0,21.5,0,0,True
2023437,6,11.0,159.0,0,0,False
2023446,5,0.0,65.0,0,0,True
2023485,9,0.0,80.0,0,0,True
2023486,6,0.0,85.0,0,0,True
2023487,5,0.0,82.0,0,0,True
2023501,3,0.0,60.0,0,0,True
2023502,3,0.0,101.0,0,0,True
2023509,4,0.0,168.0,0,0,True
2023521,7,0.0,80.0,0,0,True
2023524,8,0.0,250.0,0,0,True
2023529,3,0.0,27.0,0,0,True
2023530,3,0.0,27.0,0,0,True
2023531,3,0.0,29.0,0,0,True
2023541,6,0.0,158.0,0,0,True
2023568,5,0.0,148.0,0,0,True
2023571,4,0.0,110.0,0,0,True
2023576,5,0.0,70.0,0,0,True
2023591,7,0.0,138.0,0,0,True
2023609,2,0.0,63.0,0,0,True
2023612,3,0.0,50.0,0,0,True
2023615,2,0.0,21.0,0,0,True
2023617,2,0.0,21.0,0,0,True
2023618,2,0.0,21.0,0,0,True
2023619,1,0.0,12.0,0,0,True
2023623,7,0.0,134.0,0,0,True
2023625,8,0.0,45.0,1,0,True
2023626,3,0.0,45.0,1,0,True
2023628,9,0.0,45.0,1,0,True
2023640,3,0.0,64.0,0,0,True
2023652,4,0.0,142.0,0,0,True
2023660,6,0.0,128.0,0,0,True
2023663,4,0.0,101.0,0,0,True
2023664,4,0.0,101.0,0,0,True
2023682,6,0.0,125.0,0,0,True
2023686,5,0.0,231.0,0,0,True
2023696,4,0.0,65.0,0,0,True
2023698,4,0.0,65.0,0,0,True
2023718,5,0.0,14.5,0,0,True
2023719,5,0.0,13.0,0,0,True
2023743,5,0.0,41.0,0,0,True
2023766,5,0.0,95.0,0,0,True
2023786,4,0.0,223.0,0,0,True
2023789,4,0.0,78.0,0,0,True
2023790,4,0.0,160.0,0,0,True
2023791,4,0.0,120.0,0,0,True
2023794,1,0.0,75.0,0,0,True
2023796,4,0.0,180.0,0,0,True
2023797,5,0.0,100.0,0,0,True
2023813,5,0.0,101.0,0,0,True
2023815,5,0.0,160.0,0,0,True
2023818,8,0.0,190.0,0,0,True
2023819,9,15.0,174.0,0,0,False
2023821,5,0.0,151.0,0,1,True
2023822,7,0.0,145.0,0,0,True
2023861,6,0.0,49.0,0,0,True
2023867,7,0.0,63.0,0,0,True
2023869,6,0.0,112.0,0,0,True
2023879,5,0.0,145.0,0,0,True
2023881,3,0.0,40.0,0,0,True
2023883,3,0.0,67.0,0,0,True
2023884,4,0.0,37.0,0,0,True
2023885,5,0.0,202.0,0,0,True
2023919,5,0.0,200.0,0,1,True
2023930,6,0.0,300.0,0,0,True
2023931,4,0.0,160.0,0,0,True
2023932,3,0.0,120.0,0,0,True
2023935,3,0.0,126.0,0,0,True
2023955,5,0.0,174.0,0,0,True
2023969,5,0.0,200.0,0,0,True
2024007,4,0.0,101.0,0,0,True
2024008,11,0.0,210.0,0,1,True
2024018,3,0.0,60.0,0,0,True
2024029,9,0.0,242.0,0,0,True
2024031,4,0.0,100.0,0,0,True
2024033,5,0.0,122.0,0,0,True
2024036,5,0.0,73.0,0,0,True
2024038,5,0.0,174.0,0,0,True
2024056,4,0.0,92.0,0,0,True
2024057,2,0.0,33.0,0,0,True
2024058,4,0.0,160.0,0,0,True
2024059,5,0.0,75.0,0,0,True
2024060,5,0.0,147.0,0,0,True
2024061,7,0.0,86.0,0,0,True
2024070,5,0.0,200.0,0,0,True
2024103,4,0.0,102.0,0,0,True
2024105,7,0.0,105.0,0,0,True
2024121,5,0.0,160.0,0,0,True
2024124,5,0.0,85.0,0,0,True
2024126,6,0.0,185.0,0,0,True
2024150,3,0.0,57.0,0,0,True
2024160,5,0.0,115.0,0,0,True
2024174,3,0.0,21.8,1,0,True
2024175,3,0.0,21.9,1,0,True
2024177,3,0.0,21.5,1,0,True
2024190,12,0.0,154.0,0,2,True
2024248,4,1.0,15.0,0,0,True
2024249,5,1.0,30.0,0,1,True
2024250,5,1.0,15.0,0,0,True
2024269,5,11.0,156.0,1,0,False
2024281,3,0.0,105.0,0,0,True
2024289,8,0.0,107.0,0,0,True
2024290,4,0.0,75.0,0,0,True
2024297,3,0.0,65.0,0,0,True
2024306,7,0.0,125.0,0,0,True
2024342,10,0.0,179.0,0,0,True
2024343,7,0.0,179.0,0,0,True
2024352,4,0.0,207.0,0,0,True
2024353,3,0.0,66.0,0,0,True
2024358,10,0.0,175.0,0,0,True
2024359,6,0.0,58.0,0,0,True
2024360,4,0.0,90.0,0,0,True
2024361,5,0.0,16.0,1,0,True
2024375,7,1.0,60.0,0,0,True
2024378,5,2.0,14.0,1,0,False
2024410,3,0.0,55.0,0,0,True
2024420,2,0.0,8.0,0,0,True
2024421,3,0.0,8.0,0,0,True
2024424,6,0.0,79.0,0,0,True
2024430,4,0.0,64.0,0,0,True
2024431,4,0.0,63.0,0,0,True
2024445,5,0.0,150.0,0,0,True
2024447,6,0.0,210.0,0,0,True
2024450,5,0.0,155.0,0,0,True
2024451,9,0.0,64.0,0,0,True
2024462,7,0.0,27.0,0,1,True
2024463,3,0.0,20.5,0,0,True
2024501,3,0.0,132.0,0,0,True
2024503,2,0.0,80.0,0,1,True
2024505,6,0.0,122.0,0,0,True
2024506,6,0.0,142.0,0,0,True
2024507,6,0.0,158.0,0,0,True
2024508,3,0.0,179.0,0,0,True
2024509,4,0.0,130.0,0,0,True
2024520,3,0.0,100.0,0,0,True
2024532,3,1.0,30.0,0,0,True
2024533,2,0.0,30.0,0,0,True
2024534,2,0.0,30.0,0,0,True
2024565,7,0.0,128.0,0,0,True
2024567,6,0.0,170.0,0,0,True
2024568,5,0.0,71.0,0,0,True
2024569,4,0.0,90.0,0,0,True
2024595,3,0.0,105.0,1,0,True
2024596,5,0.0,382.0,0,0,True
2024597,5,0.0,75.0,0,0,True
2024598,8,0.0,202.0,0,0,True
2024605,3,0.0,135.0,0,0,True
2024606,5,0.0,102.0,0,0,True
2024609,3,0.0,45.0,0,0,True
2024610,4,0.0,142.0,0,1,True
2024612,3,0.0,97.0,0,0,True
2024613,10,1.0,175.0,0,0,True
2024614,3,0.0,90.0,0,0,True
2024615,4,0.0,162.0,0,0,True
2024616,2,0.0,57.0,0,0,True
2024617,4,0.0,155.0,0,0,True
2024618,3,0.0,137.0,0,0,True
2024619,4,0.0,65.0,0,0,True
2024620,3,0.0,70.0,0,0,True
2024621,4,0.0,129.0,0,0,True
2024622,3,0.0,80.0,0,0,True
2024623,3,0.0,56.0,0,0,True
2024624,3,0.0,36.0,0,0,True
2024625,4,0.0,145.0,0,0,True
2024626,3,0.0,129.0,0,0,True
2024644,8,0.0,180.0,0,0,True
2024667,3,0.0,15.0,0,0,True
2024668,1,0.0,15.0,0,0,True
2024669,6,0.0,15.0,1,0,True
2024677,4,0.0,62.0,0,0,True
2024678,6,0.0,136.0,0,0,True
2024692,4,0.0,130.0,0,0,True
2024693,4,0.0,121.0,0,1,True
2024694,6,0.0,110.0,0,0,True
2024741,5,0.0,135.0,0,0,True
2024777,7,0.0,22.0,0,1,True
2024782,7,0.0,24.0,0,0,True
2024785,10,0.0,28.0,0,0,True
2024789,4,4.0,20.5,1,0,False
2024797,3,0.0,142.0,0,0,True
2024800,4,0.0,180.0,0,0,True
2024805,4,0.0,154.0,0,0,True
2024815,9,0.0,61.0,0,0,True
2024842,4,0.0,90.0,0,0,True
2024843,4,0.0,45.0,0,0,True
2024844,9,0.0,101.0,0,0,True
2024845,6,0.0,101.0,0,1,True
2024856,7,0.0,156.0,0,0,True
2024858,8,0.0,163.0,0,0,True
2024877,1,0.0,18.0,0,0,True
2024880,1,0.0,20.0,0,0,True
2024881,1,0.0,14.0,0,0,True
2024906,6,0.0,121.0,0,0,True
2024950,7,0.0,130.0,0,0,True
2024953,4,1.0,18.0,0,0,True
2024991,3,0.0,97.0,0,0,True
2025035,4,0.0,174.0,0,0,True
2025043,7,0.0,81.0,0,0,True
2025044,6,0.0,150.0,0,0,True
2025047,6,0.0,40.0,0,0,True
2025049,15,0.0,150.0,0,2,True
2025062,6,0.0,180.0,0,0,True
2025066,4,0.0,141.0,0,0,True
2025071,3,0.0,80.0,0,0,True
2025096,4,0.0,19.0,1,0,True
2025100,5,0.0,70.0,0,0,True
2025104,4,0.0,182.0,0,0,True
2025120,6,0.0,122.0,0,0,True
2025123,3,1.0,15.0,0,0,True
2025125,5,1.0,15.0,0,0,True
2025126,5,0.0,159.0,0,0,True
2025127,5,1.0,15.0,0,0,True
2025154,4,0.0,49.0,0,0,True
2025155,2,0.0,32.0,0,0,True
2025167,4,0.0,66.0,0,0,True
2025168,6,0.0,135.0,0,0,True
2025177,12,0.0,138.0,0,2,True
2025195,10,0.0,60.0,0,0,True
2025206,16,0.0,190.0,0,3,True
2025207,3,0.0,62.0,0,0,True
2025211,6,0.0,139.0,0,0,True
2025213,2,0.0,85.0,0,0,True
2025261,4,0.0,162.0,0,0,True
2025263,3,0.0,22.0,0,0,True
2025264,2,0.0,18.0,0,0,True
2025265,3,0.0,25.0,0,0,True
2025266,5,0.0,60.0,0,0,True
2025267,3,0.0,69.0,0,0,True
2025268,4,0.0,70.0,0,0,True
2025270,2,0.0,63.0,0,0,True
2025271,2,0.0,54.0,0,0,True
2025272,1,0.0,48.0,0,0,True
2025276,4,0.0,101.0,0,0,True
2025290,3,0.0,115.0,0,0,True
2025294,5,0.0,65.0,0,0,True
2025315,3,0.0,26.0,0,0,True
2025317,5,0.0,104.0,0,0,True
2025331,3,0.0,59.0,0,0,True
2025379,6,0.0,90.0,0,0,True
2025387,3,0.0,46.0,0,0,True
2025388,3,0.0,46.0,0,0,True
2025390,3,0.0,120.0,0,0,True
2025392,4,0.0,86.0,0,0,True
2025406,2,0.0,48.0,0,0,True
2025407,2,0.0,48.0,0,0,True
2025408,2,0.0,48.0,0,0,True
2025409,3,1.0,53.0,0,0,True
2025421,10,0.0,36.0,0,0,True
2025422,11,0.0,35.0,0,0,True
2025423,2,0.0,48.0,0,0,True
2025424,2,1.0,52.0,0,0,True
2025425,3,0.0,52.0,0,0,True
2025426,2,0.0,52.0,0,0,True
2025430,12,0.0,36.0,0,0,True
2025432,12,0.0,40.0,0,0,True
2025433,7,0.0,38.0,0,0,True
2025435,8,0.0,36.0,0,0,True
2025450,5,0.0,16.0,1,0,True
2025451,5,0.0,20.0,1,0,True
2025452,2,0.0,20.0,0,0,True
2025453,6,0.0,23.0,0,0,True
2025454,2,0.0,20.0,0,0,True
2025455,3,0.0,20.0,0,0,True
2025456,6,0.0,20.0,0,0,True
2025457,4,0.0,17.0,0,0,True
2025458,3,0.0,16.0,0,0,True
2025459,7,0.0,14.0,1,0,True
2025460,5,0.0,20.0,1,0,True
2025461,4,0.0,20.0,1,0,True
2025487,6,0.0,34.0,0,0,True
2025488,4,0.0,34.0,0,0,True
2025489,3,0.0,25.0,0,0,True
2025494,2,0.0,16.0,1,0,True
2025498,6,0.0,70.0,0,0,True
2025499,9,0.0,181.0,0,0,True
2025512,3,0.0,110.0,0,0,True
2025537,5,0.0,106.0,0,0,True
2025539,2,0.0,7.0,0,0,True
2025540,6,0.0,161.0,0,0,True
2025542,2,0.0,6.0,0,0,True
2025544,4,0.0,11.0,0,0,True
2025546,2,0.0,9.0,0,0,True
2025548,2,0.0,8.0,0,0,True
2025550,2,0.0,7.0,0,0,True
2025589,3,0.0,30.0,0,0,True
2025590,1,0.0,30.0,0,0,True
2025591,1,0.0,30.0,0,0,True
2025606,2,0.0,40.0,0,0,True
2025608,1,1.0,48.0,0,0,True
2025645,3,0.0,40.0,0,0,True
2025646,3,0.0,35.0,0,0,True
2025648,3,0.0,92.0,0,0,True
2025649,3,0.0,59.0,0,0,True
2025651,5,0.0,55.0,0,0,True
2025652,3,0.0,202.0,0,0,True
2025653,3,0.0,73.0,0,0,True
2025654,3,0.0,45.0,0,0,True
2025655,3,0.0,128.0,0,0,True
2025656,4,0.0,129.0,0,0,True
2025657,3,0.0,83.0,0,0,True
2025658,3,0.0,216.0,0,1,True
2025659,5,0.0,237.0,0,0,True
2025660,3,0.0,117.0,0,0,True
2025661,2,0.0,43.0,0,0,True
2025663,3,0.0,33.0,0,0,True
2025664,4,0.0,98.0,0,0,True
2025665,8,0.0,161.0,0,0,True
2025666,2,0.0,50.0,0,0,True
2025668,8,0.0,161.0,2,1,True
2025669,5,0.0,85.0,0,0,True
2025727,6,0.0,81.0,0,0,True
2025736,6,0.0,135.0,0,0,True
2025772,6,0.0,110.0,0,0,True
2025778,7,0.0,26.0,0,0,True
2025779,5,14.0,36.0,0,0,False
2025857,8,0.0,163.0,0,0,True
2025858,2,6.5,40.0,1,0,False
2025860,10,0.0,180.0,0,0,True
2025861,3,8.5,39.5,1,1,False
2025862,5,0.0,175.0,0,0,True
2025891,8,0.0,202.0,0,0,True
2025915,5,0.0,139.0,0,0,True
2025917,5,0.0,180.0,0,0,True
2025922,6,0.0,100.0,0,0,True
2025923,6,0.0,110.0,0,0,True
2025924,3,0.0,45.0,0,0,True
2025936,8,1.0,20.0,0,0,True
2025937,7,2.0,70.0,0,0,False
2025939,8,1.0,28.5,0,0,True
2025945,4,0.0,97.0,0,0,True
2025971,6,0.0,119.0,0,0,True
2025991,12,0.0,168.0,0,0,True
2025992,4,0.0,30.0,0,0,True
2025993,4,0.0,30.0,0,0,True
2025999,4,0.0,166.0,0,0,True
2026025,7,0.0,165.0,0,0,True
2026042,3,0.0,121.0,0,0,True
2026056,2,0.0,30.0,0,0,True
2026057,3,0.0,15.0,0,0,True
2026058,7,0.0,22.0,0,0,True
2026059,5,0.0,22.0,0,0,True
2026060,5,0.0,26.0,0,0,True
2026063,11,0.0,90.0,1,0,True
2026064,8,0.0,90.0,0,0,True
2026067,7,0.0,60.0,0,0,True
2026070,8,0.0,90.0,0,0,True
2026071,3,0.0,20.0,0,0,True
2026073,3,0.0,20.0,0,0,True
2026074,3,0.0,20.0,0,0,True
2026075,3,0.0,20.0,0,0,True
2026077,1,0.0,9.0,0,0,True
2026078,1,0.0,12.0,0,0,True
2026079,1,0.0,13.0,0,0,True
2026080,1,0.0,17.0,0,0,True
2026081,1,0.0,11.0,0,0,True
2026082,1,0.0,11.0,0,0,True
2026083,1,0.0,13.5,0,0,True
2026092,4,0.0,28.0,0,0,True
2026093,3,0.0,35.0,0,0,True
2026094,4,0.0,28.0,0,0,True
2026101,9,0.0,200.0,0,0,True
2026102,3,0.0,80.0,0,0,True
2026107,6,0.0,101.0,0,0,True
2026111,5,0.0,16.0,1,0,True
2026112,6,0.0,25.0,0,0,True
2026113,7,1.0,28.0,0,0,True
2026114,6,0.0,28.0,0,0,True
2026115,9,0.0,24.0,0,0,True
2026116,6,1.0,15.0,0,0,True
2026125,5,0.0,130.0,0,0,True
2026150,5,0.0,90.0,0,0,True
2026184,4,0.0,195.0,0,0,True
2026218,6,0.0,136.0,0,0,True
2026224,2,1.0,15.0,0,0,True
2026225,3,0.0,13.0,1,0,True
2026226,7,0.0,110.0,0,0,True
2026250,6,0.0,20.0,1,0,True
2026251,8,0.0,20.0,1,0,True
2026252,3,0.0,20.0,0,0,True
2026254,5,0.0,20.0,0,0,True
2026256,4,0.0,20.0,0,0,True
2026258,3,0.0,20.0,0,0,True
2026264,4,0.0,20.0,1,0,True
2026265,5,0.0,20.0,0,0,True
2026266,4,0.0,20.0,0,0,True
2026267,1,0.0,16.0,0,0,True
2026268,3,0.0,20.0,0,0,True
2026269,8,0.0,20.0,1,0,True
2026274,3,0.0,128.0,0,0,True
2026287,4,0.0,101.0,0,0,True
2026288,10,0.0,117.0,0,0,True
2026292,6,0.0,45.0,0,0,True
2026293,6,0.0,40.0,0,0,True
2026305,5,0.0,80.0,0,0,True
2026318,4,0.0,85.0,0,0,True
2026326,5,0.0,101.0,0,0,True
2026327,3,0.0,101.0,0,0,True
2026347,5,0.0,15.0,0,0,True
2026348,3,0.0,15.0,0,0,True
2026349,6,0.0,15.0,0,0,True
2026350,4,0.0,16.0,0,0,True
2026351,4,0.0,16.0,1,0,True
2026353,3,0.0,16.0,1,0,True
2026388,4,0.0,75.0,0,0,True
2026402,5,0.0,58.0,0,0,True
2026404,3,0.0,66.0,0,0,True
2026408,5,0.0,66.0,0,0,True
2026412,6,0.0,45.0,0,1,True
2026415,4,0.0,44.0,0,0,True
2026416,4,0.0,123.0,0,0,True
2026417,3,0.0,83.0,0,0,True
2026418,3,0.0,153.0,0,0,True
2026419,5,0.0,78.0,0,0,True
2026422,2,0.0,16.0,0,0,True
2026424,2,0.0,13.5,0,0,True
2026426,7,0.0,20.0,1,0,True
2026427,10,0.0,20.0,1,0,True
2026428,8,0.0,20.0,1,0,True
2026429,4,0.0,150.0,0,0,True
2026430,5,0.0,20.0,0,0,True
2026433,5,0.0,17.0,1,0,True
2026434,8,0.0,17.0,1,0,True
2026452,3,0.0,121.0,0,0,True
2026461,4,0.0,16.0,0,0,True
2026462,6,0.0,16.0,0,0,True
2026463,5,0.0,16.0,0,0,True
2026465,6,0.0,16.0,0,0,True
2026466,5,0.0,28.0,0,0,True
2026467,3,0.0,17.0,0,0,True
2026468,4,0.0,267.0,0,0,True
2026469,3,0.0,24.0,0,0,True
2026470,4,0.0,287.0,0,0,True
2026471,3,0.0,84.0,0,0,True
2026472,3,0.0,16.0,1,0,True
2026481,5,0.0,127.0,0,0,True
2026485,2,0.0,14.0,0,0,True
2026486,2,0.0,13.0,0,0,True
2026487,11,0.0,191.0,0,0,True
2026488,6,0.0,41.0,0,0,True
2026491,9,0.0,41.0,0,0,True
2026492,10,0.0,103.0,0,0,True
2026494,7,0.0,218.0,0,0,True
2026500,7,0.0,70.0,0,0,True
2026501,5,0.0,70.0,0,0,True
2026519,1,0.0,30.0,0,0,True
2026520,3,0.0,30.0,0,0,True
2026521,2,0.0,33.0,0,0,True
2026531,3,0.0,67.0,0,0,True
2026532,9,0.0,195.0,0,0,True
2026583,1,0.0,40.0,0,0,True
2026584,1,0.0,40.0,0,0,True
2026616,5,0.0,17.0,0,0,True
2026617,3,0.0,17.0,0,0,True
2026619,5,0.0,212.0,0,0,True
2026621,7,0.0,78.0,0,0,True
2026622,5,0.0,125.0,0,0,True
2026633,7,0.0,120.0,0,0,True
2026634,5,0.0,57.0,0,0,True
2026635,7,0.0,131.0,0,0,True
2026651,5,0.0,141.0,0,0,True
2026652,10,0.0,221.0,0,0,True
2026681,8,0.0,96.0,0,0,True
2026682,4,0.0,167.0,0,0,True
2026747,4,0.0,141.0,0,0,True
2026748,4,0.0,101.0,0,0,True
2026749,7,0.0,90.0,0,0,True
2026753,6,0.0,90.0,0,0,True
2026755,4,0.0,16.0,0,0,True
2026757,4,0.0,16.0,0,0,True
2026758,5,0.0,15.0,0,0,True
2026774,7,0.0,168.0,0,0,True
2026783,4,0.0,202.0,0,0,True
2026786,6,0.0,503.0,0,0,True
2026787,3,0.0,166.0,0,0,True
2026803,5,0.0,138.0,0,0,True
2026804,3,0.0,105.0,0,0,True
2026805,3,0.0,178.0,0,0,True
2026806,2,0.0,48.0,0,0,True
2026807,3,0.0,113.0,0,0,True
2026809,3,0.0,120.0,0,0,True
2026826,10,0.0,181.0,2,1,True
2026828,5,0.0,76.0,0,0,True
2026831,1,0.0,17.0,0,0,True
2026832,7,0.0,17.0,0,0,True
2026833,4,0.0,17.0,0,0,True
2026834,4,0.0,17.0,0,0,True
2026855,4,0.0,200.0,0,0,True
2026874,6,0.0,150.0,1,0,True
2026876,3,0.0,81.0,0,0,True
2026914,2,0.0,342.0,0,0,True
2026933,5,0.0,125.0,0,0,True
2026934,6,0.0,145.0,0,0,True
2026935,9,0.0,185.0,0,0,True
2026941,6,0.0,141.0,0,0,True
2026949,10,0.0,192.0,0,0,True
2026993,4,0.0,375.0,0,0,True
2026995,8,0.0,101.0,0,0,True
2027064,6,0.0,90.0,0,0,True
2027067,8,0.0,126.0,0,0,True
2027071,6,0.0,65.0,0,0,True
2027087,5,0.0,121.0,0,0,True
2027088,7,0.0,50.0,0,0,True
2027090,4,0.0,56.0,0,0,True
2027097,9,0.0,72.0,0,0,True
2027123,4,0.0,211.0,0,0,True
2027128,8,0.0,267.0,0,0,True
2027147,6,0.0,140.0,0,0,True
2027148,5,1.0,175.0,0,0,True
2027191,5,0.0,68.0,0,0,True
2027199,5,0.0,110.0,0,0,True
2027233,8,0.0,262.0,0,0,True
2027242,6,0.0,62.0,0,0,True
2027247,3,0.0,41.0,0,0,True
2027265,6,0.0,89.0,0,0,True
2027268,7,0.0,150.0,0,0,True
2027275,3,0.0,35.0,0,0,True
2027284,4,0.0,66.0,0,0,True
2027286,6,0.0,212.0,0,0,True
2027287,3,0.0,56.0,0,0,True
2027288,3,0.0,149.0,0,0,True
2027297,4,0.0,188.0,0,0,True
2027299,3,0.0,35.0,0,0,True
2027304,3,0.0,35.0,0,0,True
2027306,3,0.0,129.0,0,0,True
2027307,3,0.0,162.0,0,0,True
2027309,3,0.0,40.0,0,0,True
2027310,5,0.0,158.0,0,0,True
2027311,3,0.0,178.0,0,0,True
2027312,4,0.0,97.0,0,0,True
2027319,3,0.0,13.0,0,0,True
2027320,2,0.0,13.0,0,0,True
2027322,3,0.0,13.0,0,0,True
2027323,3,0.0,30.0,0,0,True
2027324,2,0.0,25.0,0,0,True
2027344,6,0.0,16.0,0,0,True
2027352,6,0.0,16.0,1,0,True
2027353,5,0.0,16.0,1,0,True
2027354,7,0.0,17.0,1,0,True
2027371,4,0.0,65.0,0,0,True
2027375,6,0.0,50.0,0,0,True
2027376,6,0.0,148.0,0,0,True
2027379,8,0.0,202.0,0,0,True
2027392,5,0.0,281.0,0,0,True
2027410,3,0.0,155.0,0,0,True
2027413,5,0.0,90.0,0,0,True
2027427,3,0.0,62.0,0,0,True
2027428,3,0.0,70.0,0,0,True
2027429,3,0.0,110.0,0,1,True
2027430,4,0.0,80.0,0,0,True
2027439,2,1.0,35.0,0,0,True
2027463,3,0.0,114.0,0,0,True
2027465,4,0.0,92.0,0,0,True
2027475,7,0.0,262.0,0,0,True
2027492,7,0.0,282.0,0,0,True
2027510,8,0.0,50.0,0,0,True
2027532,3,0.0,50.0,1,0,True
2027576,6,0.0,137.0,0,0,True
2027582,6,0.0,122.0,0,0,True
2027583,2,0.0,95.0,0,0,True
2027584,2,0.0,95.0,0,0,True
2027586,4,0.0,68.0,0,0,True
2027609,3,0.0,76.0,0,0,True
2027624,2,1.0,9.0,0,0,True
2027625,2,1.0,9.0,0,0,True
2027626,2,1.0,15.0,0,0,True
2027627,2,1.0,19.0,0,0,True
2027628,2,1.0,10.0,0,0,True
2027672,3,0.0,101.0,0,0,True
2027683,6,0.0,150.0,0,0,True
2027684,7,0.0,107.0,0,0,True
2027695,4,0.0,120.0,0,0,True
2027713,4,0.0,101.0,0,0,True
2027734,8,0.0,95.0,0,0,True
2027739,3,0.0,50.0,0,0,True
2027762,5,0.0,90.0,0,0,True
2027771,9,0.0,118.0,0,0,True
2027772,4,0.0,140.0,0,0,True
2027778,7,0.0,65.0,0,0,True
2027787,4,0.0,42.0,0,0,True
2027788,6,0.0,220.0,0,0,True
2027822,7,0.0,182.0,0,0,True
2027833,2,0.0,201.0,0,0,True
2027863,7,0.0,160.0,0,0,True
2027893,9,0.0,127.0,0,0,True
2027894,6,0.0,110.0,0,0,True
2027895,9,0.0,127.0,0,0,True
2027901,5,0.0,141.0,0,0,True
2027955,5,0.0,81.0,0,0,True
2027958,6,0.0,101.0,0,0,True
2027965,7,0.0,83.0,0,0,True
2027966,4,0.0,90.0,0,1,True
2028004,5,0.0,81.0,0,0,True
2028037,4,0.0,107.0,0,0,True
2028039,5,0.0,119.0,0,0,True
2028091,9,0.0,121.0,0,0,True
2028099,7,0.0,95.0,0,0,True
2028122,6,0.0,201.0,0,0,True
2028153,6,0.0,83.0,0,0,True
2028173,7,0.0,117.0,0,0,True
2028180,5,0.0,121.0,0,0,True
2028213,7,0.0,235.0,0,0,True
2028234,5,0.0,114.0,0,0,True
2028251,3,0.0,77.0,0,0,True
2028268,1,0.0,20.0,0,0,True
2028271,1,0.0,20.0,0,0,True
2028280,8,0.0,161.0,0,0,True
2028281,4,0.0,121.0,0,0,True
2028282,2,0.5,22.0,0,0,True
2028284,7,0.0,165.0,0,0,True
2028289,3,0.0,101.0,0,0,True
2028292,4,0.5,22.0,0,0,True
2028298,3,0.0,400.0,0,0,True
2028299,3,0.0,122.0,0,0,True
2028308,5,0.0,70.0,0,0,True
2028310,6,0.0,148.0,0,0,True
2028319,5,0.0,60.0,0,0,True
2028340,5,0.0,130.0,0,0,True
2028341,4,0.0,163.0,0,0,True
2028352,3,0.0,60.0,0,0,True
2028369,4,0.0,125.0,0,0,True
2028381,4,0.0,102.0,0,0,True
2028382,6,0.0,73.0,0,0,True
2028383,3,0.0,128.0,0,0,True
2028392,4,0.0,50.0,0,0,True
2028394,5,0.0,191.0,0,0,True
2028410,5,0.0,127.0,0,0,True
2028479,2,0.0,114.0,0,0,True
2028484,5,0.0,155.0,0,0,True
2028496,4,0.0,106.0,0,0,True
2028497,3,0.0,104.0,0,0,True
2028498,5,0.0,103.0,0,0,True
2028507,5,0.0,90.0,0,0,True
2028522,5,0.0,215.0,0,0,True
2028527,4,0.0,172.0,0,0,True
2028576,10,0.0,161.0,0,0,True
2028582,3,0.0,65.0,0,0,True
2028590,7,6.0,258.0,1,1,False
2028602,4,0.0,137.0,0,0,True
2028605,7,0.0,134.0,0,0,True
2028608,5,0.0,159.0,0,0,True
2028610,4,0.0,225.0,0,0,True
2028629,5,0.0,178.0,0,0,True
2028630,5,0.0,38.0,0,0,True
2028635,5,0.0,121.0,0,0,True
2028639,3,0.0,168.0,0,0,True
2028640,4,0.0,121.0,0,0,True
2028656,4,0.0,220.0,0,0,True
2028660,6,0.0,65.0,0,0,True
2028666,5,0.0,63.0,0,0,True
2028671,4,0.0,57.0,0,0,True
2028673,3,0.0,86.0,0,0,True
2028675,4,0.0,175.0,0,0,True
2028676,3,0.0,40.0,0,0,True
2028679,4,0.0,111.0,0,0,True
2028682,5,0.0,154.0,0,0,True
2028684,5,0.0,402.0,0,0,True
2028685,3,0.0,71.0,0,0,True
2028686,4,0.0,202.0,0,0,True
2028687,7,0.0,116.0,0,0,True
2028689,4,0.0,60.0,0,0,True
2028690,4,0.0,122.0,0,0,True
2028691,6,0.0,162.0,0,0,True
2028692,6,0.0,126.0,0,0,True
2028695,4,0.0,282.0,0,0,True
2028697,4,0.0,125.0,0,0,True
2028700,3,0.0,104.0,1,0,True
2028702,9,0.0,242.0,0,0,True
2028725,9,0.0,256.0,0,0,True
2028731,6,0.0,174.0,0,0,True
2028750,6,0.0,141.0,0,0,True
2028751,5,0.0,56.0,0,0,True
2028752,6,0.0,121.0,0,0,True
2028753,12,0.0,142.0,0,0,True
2028773,4,0.0,55.0,0,0,True
2028779,7,0.0,101.0,0,0,True
2028792,5,0.0,197.0,0,0,True
2028793,7,0.0,119.0,0,0,True
2028798,6,0.0,70.0,0,0,True
2028803,7,0.0,185.0,0,0,True
2028845,5,0.0,102.0,0,0,True
2028893,2,0.0,55.0,0,0,True
2028894,3,0.0,103.0,0,1,True
2028904,7,0.0,90.0,0,0,True
2028905,7,0.0,81.0,0,0,True
2028926,5,0.0,91.0,0,0,True
2028951,7,0.0,130.0,0,0,True
2028966,9,0.0,70.0,0,0,True
2028981,5,0.0,109.0,0,0,True
2028992,5,0.0,182.0,0,0,True
2028993,4,0.0,100.0,0,0,True
2028997,5,0.0,55.0,0,0,True
2029004,6,0.0,165.0,0,0,True
2029025,3,0.0,170.0,0,0,True
2029029,4,0.0,121.0,0,0,True
2029031,3,0.0,90.0,0,0,True
2029047,3,5.0,82.0,0,0,False
2029048,3,0.0,240.0,0,0,True
2029049,2,0.0,170.0,0,0,True
2029083,6,0.0,73.0,0,0,True
2029096,4,0.0,80.0,0,0,True
2029117,5,0.0,121.0,0,0,True
2029145,3,0.0,12.0,0,0,True
2029158,5,0.0,131.0,0,0,True
2029160,8,0.0,70.0,0,0,True
2029185,6,0.0,167.0,0,0,True
2029188,4,0.0,161.0,0,0,True
2029214,9,0.0,20.0,0,0,True
2029215,5,0.0,14.0,0,0,True
2029216,5,0.0,197.0,0,0,True
2029239,6,0.5,40.0,0,0,True
2029242,6,0.5,40.0,0,0,True
2029262,10,0.0,120.0,0,0,True
2029289,3,8.1,36.5,0,0,False
2029293,6,0.5,40.0,0,0,True
2029294,6,0.0,132.0,0,0,True
2029295,7,0.0,70.0,0,0,True
2029298,5,0.0,144.0,0,0,True
2029301,2,84.0,130.5,1,0,False
2029314,5,0.5,40.0,0,0,True
2029315,8,0.0,40.0,0,0,True
2029318,5,0.5,40.0,0,0,True
2029319,6,0.5,40.0,0,0,True
2029320,8,0.0,40.0,0,0,True
2029339,2,82.2,95.7,1,0,False
2029342,3,6.0,25.9,1,0,False
2029343,7,0.0,14.0,0,0,True
2029344,5,1.0,14.0,0,0,True
2029345,8,0.0,14.0,0,0,True
2029346,4,0.0,14.0,0,0,True
2029354,5,0.0,98.0,0,0,True
2029366,4,0.0,42.0,0,0,True
2029385,4,0.0,33.0,0,0,True
2029386,7,0.0,110.0,0,1,True
2029391,4,0.0,78.0,0,0,True
2029393,4,0.0,78.0,0,0,True
2029395,4,0.0,140.0,0,0,True
2029404,3,0.0,18.0,0,0,True
2029405,3,0.0,15.0,0,0,True
2029440,6,0.0,116.0,0,0,True
2029441,3,0.0,183.0,0,0,True
2029449,7,0.0,23.0,0,0,True
2029469,5,0.0,80.0,0,0,True
2029471,7,0.0,68.0,0,0,True
2029476,6,0.0,141.0,0,0,True
2029495,3,0.0,46.0,0,0,True
2029543,6,0.0,47.0,0,0,True
2029545,7,0.0,167.0,0,0,True
2029565,4,0.0,209.0,0,0,True
2029569,8,0.0,95.0,0,0,True
2029596,8,0.0,181.0,0,0,True
2029605,7,0.0,107.0,0,0,True
2029608,6,0.0,176.0,0,0,True
2029619,4,0.0,480.0,0,0,True
2029657,6,0.0,74.0,0,0,True
2029658,3,0.0,100.0,0,1,True
2029660,4,0.0,121.0,0,0,True
2029661,5,0.0,165.0,0,0,True
2029663,2,0.0,40.0,0,0,True
2029665,3,0.0,52.0,0,0,True
2029693,6,0.0,50.0,0,0,True
2029711,3,0.0,170.0,0,0,True
2029712,3,0.0,113.0,0,0,True
2029713,2,0.0,49.0,0,0,True
2029732,3,0.0,141.0,0,0,True
2029733,3,0.0,102.0,0,0,True
2029734,3,0.0,51.0,0,0,True
2029736,10,0.0,248.0,0,0,True
2029737,5,0.0,40.0,0,0,True
2029738,8,0.0,86.0,0,0,True
2029741,5,0.0,101.0,0,0,True
2029753,4,0.0,70.0,0,0,True
2029754,4,0.0,70.0,0,0,True
2029759,3,0.0,81.0,0,0,True
2029767,4,0.0,181.0,0,0,True
2029771,5,0.0,135.0,0,0,True
2029779,5,0.0,121.0,0,0,True
2029788,4,0.0,157.0,0,0,True
2029794,8,0.0,219.0,0,0,True
2029796,6,0.0,178.0,0,0,True
2029804,2,0.0,20.0,0,0,True
2029805,2,0.0,24.0,0,0,True
2029806,1,0.0,14.0,0,0,True
2029807,2,0.0,15.0,0,0,True
2029808,1,0.0,14.0,0,0,True
2029809,3,0.0,14.0,0,0,True
2029810,3,0.0,24.0,0,0,True
2029811,1,0.0,13.0,0,0,True
2029812,1,0.0,10.0,0,0,True
2029813,1,0.0,10.0,0,0,True
2029814,1,0.0,13.0,0,0,True
2029816,1,0.0,13.0,0,0,True
2029818,1,0.0,13.0,0,0,True
2029819,2,0.0,24.0,0,0,True
2029820,2,0.0,20.0,0,0,True
2029829,3,0.0,52.0,0,0,True
2029831,6,0.0,202.0,0,0,True
2029841,4,16.0,97.0,0,0,False
2029843,4,0.0,105.0,0,0,True
2029854,3,0.0,45.0,0,0,True
2029856,5,0.0,207.0,0,0,True
2029858,11,0.0,78.0,0,0,True
2029871,4,0.0,175.0,0,0,True
2029876,4,0.0,120.0,0,0,True
2029879,6,0.0,80.0,0,0,True
2029911,4,0.0,90.0,0,0,True
2029946,6,0.0,302.0,0,0,True
2029951,3,0.0,24.0,0,0,True
2029952,2,0.0,25.0,0,0,True
2029953,5,0.0,27.0,0,0,True
2029969,4,0.0,98.0,0,0,True
2029978,8,0.0,115.0,0,0,True
2029996,3,0.5,32.0,0,0,True
2029997,3,0.5,26.0,0,0,True
2029999,4,0.5,26.0,0,0,True
2030000,3,0.5,26.0,0,0,True
2030006,7,0.0,107.0,0,0,True
2030008,3,1.0,30.0,0,0,True
2030023,5,0.0,101.0,0,0,True
2030024,4,0.0,90.0,0,0,True
2030025,3,0.0,86.0,0,0,True
2030034,5,0.0,40.0,0,0,True
2030035,5,0.0,201.0,1,0,True
2030036,5,0.0,201.0,1,0,True
2030037,5,0.0,42.0,0,0,True
2030041,3,0.0,94.0,0,0,True
2030049,5,0.0,50.0,0,0,True
2030095,8,0.0,112.0,0,0,True
2030099,7,0.0,77.0,0,0,True
2030121,9,0.0,130.0,0,0,True
2030127,5,0.0,84.0,0,0,True
2030130,5,0.0,100.0,0,0,True
2030131,5,0.0,101.0,0,0,True
2030154,2,0.0,27.0,0,0,True
2030156,2,0.0,26.0,0,0,True
2030157,2,0.0,26.0,0,0,True
2030158,2,0.0,26.0,0,0,True
2030160,2,0.0,27.0,0,0,True
2030161,3,0.0,26.0,0,0,True
2030162,2,0.0,26.0,0,0,True
2030163,2,0.0,27.0,0,0,True
2030164,3,0.0,26.0,0,0,True
2030165,3,0.0,19.0,0,0,True
2030206,7,0.0,166.0,0,0,True
2030216,9,0.0,90.0,0,0,True
2030224,10,0.0,115.0,0,0,True
2030292,4,0.0,17.0,0,0,True
2030293,4,0.0,21.0,0,0,True
2030294,8,0.0,21.0,0,0,True
2030295,5,0.5,20.0,0,0,True
2030296,3,0.0,20.0,0,0,True
2030297,6,0.0,20.0,0,0,True
2030299,8,0.0,20.0,0,0,True
2030302,4,0.0,20.0,0,0,True
2030311,4,0.0,20.0,0,0,True
2030312,4,0.0,20.0,0,0,True
2030313,5,0.0,20.0,0,0,True
2030314,4,0.0,20.0,0,0,True
2030315,3,0.0,16.0,0,0,True
2030319,5,0.0,101.0,0,0,True
2030333,9,0.0,145.0,0,0,True
2030336,3,0.5,17.0,0,0,True
2030337,5,0.5,17.0,0,0,True
2030350,5,0.0,90.0,0,0,True
2030384,5,0.5,14.0,0,0,True
2030385,3,0.5,12.0,0,0,True
2030390,6,0.0,20.0,0,0,True
2030392,7,0.5,20.0,0,0,True
2030393,6,0.5,23.0,0,0,True
2030432,4,0.0,45.0,0,0,True
2030433,4,0.0,121.0,0,0,True
2030466,3,0.0,146.0,0,0,True
2030467,4,0.0,60.0,0,0,True
2030468,6,0.0,157.0,0,0,True
2030498,4,0.0,58.0,0,0,True
2030504,8,0.0,125.0,0,0,True
2030510,5,0.0,160.0,0,0,True
2030514,3,0.0,64.0,0,0,True
2030528,3,0.0,101.0,0,0,True
2030530,6,0.0,157.0,0,0,True
2030531,6,0.0,81.0,0,0,True
2030532,5,0.0,141.0,0,0,True
2030548,6,0.0,60.0,0,0,True
2030563,4,0.0,85.0,1,1,True
2030566,3,0.0,94.0,0,0,True
2030576,2,0.0,44.0,0,0,True
2030577,5,0.0,149.0,0,0,True
2030578,5,0.0,181.0,0,0,True
2030583,5,0.0,108.0,0,0,True
2030585,2,0.0,45.0,0,0,True
2030588,3,0.0,95.0,0,0,True
2030596,3,0.0,180.0,0,0,True
2030599,7,0.0,192.0,0,0,True
2030600,3,0.0,72.0,0,0,True
2030601,3,0.0,44.0,0,0,True
2030602,3,0.0,74.0,0,0,True
2030634,6,0.0,25.0,0,0,True
2030636,6,0.3,30.0,0,0,True
2030640,3,0.0,65.0,0,0,True
2030641,5,0.0,80.0,0,0,True
2030649,6,0.0,56.0,0,0,True
2030673,5,0.0,43.0,0,0,True
2030703,4,0.0,138.0,0,0,True
2030706,5,0.0,80.0,0,0,True
2030728,4,0.0,85.0,0,0,True
2030744,1,0.0,15.0,0,0,True
2030745,1,0.0,15.0,0,0,True
2030747,1,0.0,15.0,0,0,True
2030753,5,0.0,154.0,0,0,True
2030766,5,0.0,47.0,0,0,True
2030778,4,0.0,22.0,0,0,True
2030779,1,0.0,16.0,0,0,True
2030785,6,0.0,140.0,0,0,True
2030786,4,0.0,153.0,0,0,True
2030801,1,0.0,13.0,0,0,True
2030802,1,0.0,15.0,0,0,True
2030803,1,0.0,14.0,0,0,True
2030804,1,0.0,14.0,0,0,True
2030805,1,0.0,14.0,0,0,True
2030806,1,0.0,45.0,0,0,True
2030807,1,0.0,47.0,0,0,True
2030808,1,0.0,48.0,0,0,True
2030844,8,0.0,152.0,0,0,True
2030854,7,0.0,95.0,0,0,True
2030858,2,0.0,16.0,0,0,True
2030860,3,0.0,18.0,0,0,True
2030861,3,0.0,18.0,0,0,True
2030863,3,0.0,20.0,0,0,True
2030867,2,0.0,20.0,0,0,True
2030868,2,0.0,20.0,0,0,True
2030869,2,0.0,15.0,0,0,True
2030879,6,0.0,189.0,0,0,True
2030890,4,0.0,82.0,0,0,True
2030916,5,0.0,254.0,0,1,True
2030925,5,0.0,102.0,0,0,True
2030926,9,0.0,135.0,0,0,True
2030933,5,0.0,65.0,0,0,True
2030939,4,0.0,110.0,0,0,True
2030947,2,0.0,20.0,0,0,True
2030949,2,0.0,27.0,0,0,True
2030951,4,0.0,15.0,0,0,True
2030952,4,0.0,19.0,0,0,True
2030955,7,0.0,121.0,0,0,True
2030959,4,0.0,180.0,0,0,True
2030960,3,0.0,100.0,0,0,True
2030963,5,0.0,217.0,0,0,True
2030965,4,0.0,62.0,0,0,True
2030966,4,0.0,137.0,0,0,True
2030967,2,0.0,48.0,0,0,True
2030969,4,0.0,120.0,0,0,True
2030976,5,0.0,117.0,0,0,True
2030986,3,0.0,100.0,0,0,True
2030996,5,0.0,124.0,0,0,True
2031002,6,0.3,30.0,0,0,True
2031005,7,0.3,30.0,0,0,True
2031006,8,0.3,28.0,0,0,True
2031015,8,10.0,181.0,0,0,False
2031016,14,0.0,201.0,0,2,True
2031017,3,0.0,117.0,0,0,True
2031021,7,0.0,130.0,0,0,True
2031022,6,0.0,139.0,0,1,True
2031052,5,0.0,101.0,0,0,True
2031060,4,0.0,135.0,0,0,True
2031061,5,0.0,165.0,0,0,True
2031065,5,0.0,86.0,0,0,True
2031067,7,0.0,130.0,0,0,True
2031069,1,1.0,15.0,0,0,True
2031070,1,1.0,15.0,0,0,True
2031071,1,1.0,15.0,0,0,True
2031072,1,1.0,15.0,0,0,True
2031073,6,0.0,84.0,0,0,True
2031103,4,0.0,118.0,0,0,True
2031113,6,0.0,80.0,0,0,True
2031117,7,0.0,132.0,0,0,True
2031125,4,0.0,100.0,0,0,True
2031127,5,0.0,138.0,0,0,True
2031135,7,0.0,122.0,0,0,True
2031175,5,0.0,96.0,2,0,True
2031227,5,0.0,91.0,0,0,True
2031245,5,0.5,20.0,0,0,True
2031248,5,0.5,20.0,0,0,True
2031252,6,0.5,18.0,0,0,True
2031318,3,0.0,45.0,0,0,True
2031319,2,0.0,38.0,0,0,True
2031320,2,0.0,43.0,0,0,True
2031325,4,0.0,182.0,0,0,True
2031326,6,0.0,189.0,0,0,True
2031332,5,0.0,322.0,0,0,True
2031334,4,0.0,142.0,0,0,True
2031336,3,0.0,55.0,0,0,True
2031337,2,0.0,60.0,0,0,True
2031338,4,0.0,137.0,0,0,True
2031341,3,0.0,322.0,0,1,True
2031342,5,0.0,122.0,0,0,True
2031343,4,0.0,132.0,0,0,True
2031345,3,0.0,34.0,0,0,True
2031346,3,0.0,159.0,0,1,True
2031347,5,0.0,67.0,0,0,True
2031348,4,0.0,45.0,0,0,True
2031349,5,0.0,258.0,0,0,True
2031351,7,0.0,110.0,0,0,True
2031352,5,0.0,121.0,2,0,True
2031389,5,0.0,12.0,0,0,True
2031390,3,0.0,15.0,0,0,True
2031391,2,0.0,9.0,0,0,True
2031392,3,0.0,7.5,0,0,True
2031393,4,0.0,7.0,0,0,True
2031412,6,0.0,196.0,0,0,True
2031421,5,0.0,65.0,0,0,True
2031430,6,0.0,20.0,0,0,True
2031431,3,0.0,62.0,0,0,True
2031433,5,0.0,20.0,0,0,True
2031435,6,0.0,20.0,0,0,True
2031450,3,0.0,122.0,0,0,True
2031452,13,0.3,45.0,0,2,True
2031453,11,0.3,46.0,0,2,True
2031454,12,0.3,47.0,0,2,True
2031456,3,1.0,88.0,0,0,True
2031480,4,0.0,121.0,0,0,True
2031481,7,0.0,116.0,0,0,True
2031482,4,0.0,41.0,0,0,True
2031492,2,0.0,32.0,0,0,True
2031498,5,0.0,151.0,0,0,True
2031505,3,0.0,120.0,0,1,True
2031506,4,0.0,100.0,0,0,True
2031509,4,0.0,42.0,0,0,True
2031511,3,0.0,30.9,0,0,True
2031512,5,0.0,86.0,0,0,True
2031524,2,4.0,20.0,0,0,False
2031525,2,4.0,25.0,0,0,False
2031526,2,0.0,25.0,0,0,True
2031527,2,1.0,15.0,0,0,True
2031528,3,1.0,15.0,0,0,True
2031529,2,1.0,20.0,0,0,True
2031532,4,0.0,24.5,0,0,True
2031533,5,0.0,24.0,0,0,True
2031534,4,0.0,24.0,0,0,True
2031535,5,0.0,56.0,0,0,True
2031536,7,0.0,97.0,0,0,True
2031556,11,0.0,179.0,0,1,True
2031563,7,0.0,32.0,0,0,True
2031599,3,0.0,80.0,0,0,True
2031600,3,0.0,95.0,0,0,True
2031601,3,0.0,60.0,0,0,True
2031602,4,0.0,227.0,0,0,True
2031604,5,0.0,141.0,0,0,True
2031611,7,0.0,205.0,0,0,True
2031612,4,0.0,14.0,0,0,True
2031613,4,0.0,12.0,0,0,True
2031614,5,0.0,12.0,0,0,True
2031620,7,0.0,161.0,0,0,True
2031650,6,0.0,79.0,0,0,True
2031665,2,0.0,13.0,0,0,True
2031666,2,0.0,14.0,0,0,True
2031667,6,0.0,31.7,0,0,True
2031668,7,0.0,30.3,0,0,True
2031669,5,0.0,60.0,0,0,True
2031670,4,0.0,60.0,0,0,True
2031671,7,0.0,35.0,0,0,True
2031672,8,0.0,60.0,0,0,True
2031679,4,0.0,85.0,0,0,True
2031706,4,0.0,141.0,0,0,True
2031718,5,0.0,141.0,1,0,True
2031728,6,0.0,115.0,0,0,True
2031729,2,1.0,27.0,0,0,True
2031730,2,1.0,27.0,0,0,True
2031731,3,0.0,26.0,0,0,True
2031732,3,0.0,26.0,0,0,True
2031734,3,0.0,26.0,0,0,True
2031735,3,0.0,26.0,0,0,True
2031738,12,0.0,68.2,0,0,True
2031742,11,0.0,68.5,0,1,True
2031743,3,0.0,19.0,0,0,True
2031744,4,0.0,19.0,0,0,True
2031746,5,0.0,19.0,0,0,True
2031747,9,0.0,58.5,0,0,True
2031748,5,0.0,60.0,0,0,True
2031749,5,0.0,60.0,0,0,True
2031750,2,0.0,15.5,0,0,True
2031751,2,0.0,13.0,0,0,True
2031753,3,0.0,13.5,0,0,True
2031755,2,0.0,16.0,0,0,True
2031757,4,0.0,20.0,0,0,True
2031758,5,0.0,25.0,0,0,True
2031759,3,0.0,13.5,0,0,True
2031761,2,0.0,25.0,0,0,True
2031763,11,0.0,225.0,0,1,True
2031775,4,0.0,16.0,0,0,True
2031776,4,0.0,16.0,0,0,True
2031778,3,0.0,15.0,0,0,True
2031796,4,0.0,25.5,0,0,True
2031797,1,0.0,30.0,0,0,True
2031798,8,0.0,42.5,0,0,True
2031799,4,0.0,20.0,0,0,True
2031800,5,0.0,38.8,0,0,True
2031801,6,0.0,35.0,0,0,True
2031807,6,0.0,37.5,0,0,True
2031808,9,0.0,30.0,0,0,True
2031810,3,0.0,14.8,0,0,True
2031811,4,0.0,33.6,0,0,True
2031813,7,0.0,35.5,0,0,True
2031815,5,0.0,29.8,0,0,True
2031816,4,0.0,13.0,0,0,True
2031817,5,0.0,38.7,0,0,True
2031819,3,0.0,18.5,0,0,True
2031820,1,0.0,18.5,0,0,True
2031821,1,0.0,8.5,0,0,True
2031823,2,0.0,11.5,0,0,True
2031824,1,0.0,15.0,0,0,True
2031825,2,0.0,18.5,0,0,True
2031826,4,0.0,20.0,0,0,True
2031827,2,0.0,11.0,0,0,True
2031828,2,0.0,10.5,0,0,True
2031829,1,0.0,8.5,0,0,True
2031830,1,0.0,8.5,0,0,True
2031831,3,0.0,16.0,0,0,True
2031832,2,0.0,13.5,0,0,True
2031833,2,0.0,16.0,0,0,True
2031847,4,3.0,80.0,0,0,False
2031859,8,0.0,32.5,0,0,True
2031860,3,0.0,35.0,0,0,True
2031862,4,0.0,20.5,0,0,True
2031863,8,0.0,35.5,0,0,True
2031864,5,0.0,22.5,0,0,True
2031865,8,0.0,128.0,0,0,True
2031866,6,0.0,35.5,0,0,True
2031867,7,0.0,25.0,0,0,True
2031868,6,0.0,34.0,0,0,True
2031869,5,0.0,121.0,0,0,True
2031870,4,0.0,20.0,0,0,True
2031871,4,0.0,20.0,0,0,True
2031872,6,0.0,35.0,0,0,True
2031873,5,0.0,20.0,0,0,True
2031874,10,0.0,141.0,0,0,True
2031875,11,0.0,34.1,0,0,True
2031876,6,0.0,18.9,0,0,True
2031918,5,0.0,110.0,0,0,True
2031920,10,0.0,155.0,0,0,True
2031921,9,0.0,161.0,0,0,True
2031932,5,0.0,50.0,0,0,True
2031974,10,0.0,36.0,0,0,True
2031975,10,0.0,50.0,0,0,True
2031989,9,0.0,35.5,0,0,True
2031990,6,0.0,20.0,0,0,True
2031993,6,0.0,35.0,0,0,True
2031996,5,0.0,25.0,0,0,True
2032001,8,0.0,40.0,0,0,True
2032025,7,0.0,178.0,0,0,True
2032027,4,0.0,38.0,0,0,True
2032029,5,0.0,78.0,0,0,True
2032030,5,0.0,155.0,0,0,True
2032033,2,0.0,38.0,0,0,True
2032055,7,0.0,133.0,0,0,True
2032056,3,0.0,50.0,0,0,True
2032065,7,0.0,165.0,2,1,True
2032067,4,0.0,155.0,0,0,True
2032074,6,0.0,163.0,0,0,True
2032098,5,0.0,121.0,0,0,True
2032099,11,0.0,37.0,0,1,True
2032101,5,0.0,45.0,0,0,True
2032102,5,0.0,80.0,0,0,True
2032126,10,0.0,40.0,0,0,True
2032127,4,0.0,35.0,0,0,True
2032140,10,0.0,132.0,0,0,True
2032141,3,0.0,18.0,0,0,True
2032142,11,0.0,161.0,0,1,True
2032144,3,0.0,35.0,0,0,True
2032146,4,0.0,70.0,0,0,True
2032147,4,0.0,40.0,0,0,True
2032149,3,0.0,35.2,0,0,True
2032156,5,0.0,40.0,0,0,True
2032158,10,0.0,40.0,0,0,True
2032159,6,0.0,220.0,0,0,True
2032162,3,0.0,40.0,0,0,True
2032163,8,0.0,40.0,0,0,True
2032164,5,0.0,38.8,0,0,True
2032165,4,0.0,37.5,0,0,True
2032166,5,0.0,30.1,0,0,True
2032167,5,0.0,30.0,0,0,True
2032168,8,0.0,30.0,0,0,True
2032169,10,0.0,35.0,0,0,True
2032170,3,0.0,37.0,0,0,True
2032176,4,0.0,140.0,0,0,True
2032189,2,0.0,13.5,0,0,True
2032190,2,0.0,13.5,0,0,True
2032191,6,0.0,23.8,0,0,True
2032192,2,0.0,19.0,0,0,True
2032194,2,0.0,13.9,0,0,True
2032202,4,0.0,180.0,0,1,True
2032208,5,0.0,100.0,0,0,True
2032221,10,0.0,141.0,0,0,True
2032233,8,0.0,80.0,0,0,True
2032247,4,0.0,200.0,0,0,True
2032252,4,0.0,15.0,0,0,True
2032254,3,0.0,62.0,0,0,True
2032255,6,0.0,88.0,0,0,True
2032256,3,0.0,15.0,0,0,True
2032259,3,1.0,14.0,0,0,True
2032262,3,1.0,14.0,0,0,True
2032265,6,0.0,14.0,0,0,True
2032269,5,1.0,14.0,0,0,True
2032273,4,0.0,14.0,0,0,True
2032274,4,1.0,20.0,0,0,True
2032275,3,0.0,14.0,0,0,True
2032288,6,0.0,179.0,0,0,True
2032290,1,1.0,70.0,0,0,True
2032301,2,0.0,200.0,0,0,True
2032307,5,0.0,118.0,0,0,True
2032308,6,0.5,14.0,0,0,True
2032310,5,0.0,14.0,0,0,True
2032311,3,1.0,14.0,0,0,True
2032312,3,1.0,14.0,0,0,True
2032336,9,0.0,101.0,0,0,True
2032343,3,0.0,103.0,0,0,True
2032347,6,1.0,158.0,0,0,True
2032350,7,0.0,117.0,0,0,True
2032373,12,0.5,32.0,0,1,True
2032374,7,0.5,32.0,0,0,True
2032375,9,0.0,32.0,0,0,True
2032376,8,0.5,32.0,0,0,True
2032443,6,0.0,141.0,0,0,True
2032452,3,0.0,25.0,0,0,True
2032455,4,0.0,37.5,0,0,True
2032456,3,0.0,13.7,0,0,True
2032469,6,0.0,23.5,0,0,True
2032470,3,0.0,70.0,0,0,True
2032471,3,0.0,99.0,0,0,True
2032473,6,0.0,20.0,0,0,True
2032480,3,0.0,25.0,0,0,True
2032481,3,0.0,25.0,0,0,True
2032482,3,0.0,15.0,0,0,True
2032484,3,0.0,20.0,0,0,True
2032486,3,0.0,11.4,0,0,True
2032489,3,0.0,13.5,0,0,True
2032501,7,0.0,20.0,0,0,True
2032503,6,0.0,20.0,0,0,True
2032508,5,0.0,13.0,0,0,True
2032510,7,0.0,13.0,0,0,True
2032511,3,0.0,54.0,0,0,True
2032535,5,0.0,89.0,0,0,True
2032537,6,0.0,140.0,0,0,True
2032538,7,0.0,19.0,0,0,True
2032539,7,0.0,17.0,0,0,True
2032540,7,0.0,17.0,0,0,True
2032542,3,0.0,25.0,0,0,True
2032543,5,0.0,30.0,0,0,True
2032545,3,0.0,20.0,0,0,True
2032546,5,0.0,30.0,0,0,True
2032547,2,0.0,19.0,0,0,True
2032548,2,0.0,20.0,0,0,True
2032549,3,0.0,37.0,0,0,True
2032550,4,0.0,19.4,0,0,True
2032558,2,0.0,121.0,0,0,True
2032564,3,0.0,121.0,0,0,True
2032566,7,0.5,19.0,0,0,True
2032567,9,0.0,19.0,2,0,True
2032577,4,0.0,53.0,0,0,True
2032583,7,0.0,105.0,0,0,True
2032584,6,0.0,222.0,0,0,True
2032585,7,0.0,136.0,0,0,True
2032586,4,0.0,98.0,0,0,True
2032591,4,0.0,106.0,0,1,True
2032597,13,0.0,310.0,0,1,True
2032612,6,0.0,92.0,0,0,True
2032614,2,0.0,122.0,0,0,True
2032634,5,0.0,155.0,0,0,True
2032635,5,0.0,63.0,0,0,True
2032679,3,0.0,45.0,0,0,True
2032688,4,0.0,20.0,0,0,True
2032689,3,0.5,20.0,0,0,True
2032713,6,0.0,119.0,0,0,True
2032714,5,0.0,200.0,0,0,True
2032715,4,0.0,97.0,0,0,True
2032716,3,0.0,100.0,0,0,True
2032718,3,0.0,78.0,0,0,True
2032719,5,0.0,95.0,0,0,True
2032720,4,0.0,155.0,0,0,True
2032724,3,0.0,110.0,0,0,True
2032725,5,0.0,180.0,0,0,True
2032726,5,0.0,180.0,0,0,True
2032736,2,0.0,70.0,0,0,True
2032739,3,0.0,35.0,0,0,True
2032744,2,0.0,81.0,0,0,True
2032745,5,0.0,141.0,0,0,True
2032746,3,0.0,101.0,0,0,True
2032761,5,0.0,105.0,0,0,True
2032766,6,0.0,86.0,0,0,True
2032801,5,0.0,87.0,0,0,True
2032829,3,0.0,45.0,0,0,True
2032830,5,0.0,101.0,0,0,True
2032837,5,0.0,143.0,0,0,True
2032857,3,0.0,20.0,0,0,True
2032858,3,0.0,20.0,0,0,True
2032859,6,0.0,20.0,0,0,True
2032860,6,0.0,20.0,0,0,True
2032861,4,0.0,10.0,0,0,True
2032862,4,0.0,10.0,0,0,True
2032865,4,0.0,20.0,0,0,True
2032868,5,0.0,15.0,0,0,True
2032872,4,0.0,22.0,0,0,True
2032876,4,0.0,95.0,0,0,True
2032919,5,0.0,155.0,0,0,True
2032921,8,0.0,85.0,0,0,True
2032927,5,0.0,90.0,0,0,True
2032946,6,1.0,50.0,0,0,True
2032957,5,0.0,75.0,0,0,True
2032958,5,0.0,138.0,0,0,True
2032971,11,0.0,170.0,0,1,True
2032973,7,0.0,161.0,0,0,True
2032991,5,0.0,70.0,0,0,True
2033004,6,0.0,70.0,0,1,True
2033010,4,0.0,45.0,0,0,True
2033019,7,0.0,118.0,0,0,True
2033060,3,0.0,44.0,0,0,True
2033075,10,0.0,141.0,0,0,True
2033083,6,0.0,96.0,0,0,True
2033085,7,0.0,141.0,0,0,True
2033093,6,0.0,76.0,0,0,True
2033111,5,0.0,126.0,0,0,True
2033120,4,0.0,18.0,0,0,True
2033121,3,0.0,20.0,0,0,True
2033123,9,0.0,80.0,0,0,True
2033124,4,0.0,20.0,0,0,True
2033152,4,0.5,12.0,0,0,True
2033153,5,0.5,16.0,0,1,True
2033154,4,0.5,17.0,0,0,True
2033155,4,0.5,15.0,0,0,True
2033163,11,0.0,163.0,0,1,True
2033166,5,0.0,166.0,1,0,True
2033167,5,0.0,117.0,0,0,True
2033177,6,0.0,182.0,0,0,True
2033178,7,0.0,250.0,0,1,True
2033193,8,0.0,285.0,0,0,True
2033224,6,0.0,122.0,0,0,True
2033225,7,0.0,134.0,0,0,True
2033229,5,0.0,171.0,0,0,True
2033235,4,0.0,101.0,0,0,True
2033300,7,0.0,82.0,0,0,True
2033326,8,0.0,71.0,0,0,True
2033332,6,1.0,123.0,0,0,True
2033363,6,0.0,151.0,0,0,True
2033394,9,0.0,242.0,0,0,True
2033435,4,0.0,180.0,0,0,True
2033438,4,0.0,139.0,0,0,True
2033449,6,0.0,93.0,0,0,True
2033472,6,0.5,16.0,0,0,True
2033473,5,0.0,16.0,0,0,True
2033475,6,0.5,16.0,0,0,True
2033485,8,0.0,121.0,0,0,True
2033493,4,0.0,139.0,0,0,True
2033495,4,0.0,74.0,0,0,True
2033498,8,0.0,240.0,0,0,True
2033522,3,0.0,122.0,0,1,True
2033541,3,0.0,45.0,0,0,True
2033557,2,0.0,16.0,0,0,True
2033587,9,0.0,221.0,0,0,True
2033589,3,0.0,83.0,0,0,True
2033590,4,0.0,125.0,0,0,True
2033591,4,0.0,120.0,0,1,True
2033606,7,0.3,50.0,0,1,True
2033607,5,0.0,50.0,0,0,True
2033608,7,0.0,50.0,0,0,True
2033609,4,1.0,50.0,0,0,True
2033639,6,0.2,34.0,0,0,True
2033640,2,1.0,32.0,0,0,True
2033641,7,0.5,36.0,0,0,True
2033642,8,0.5,36.0,0,0,True
2033656,6,0.0,20.0,0,0,True
2033657,7,0.0,18.0,0,0,True
2033679,4,0.0,139.0,0,0,True
2033680,7,0.0,182.0,0,0,True
2033715,8,0.0,58.0,0,0,True
2033720,6,0.0,92.0,0,0,True
2033722,5,0.0,68.0,0,0,True
2033729,7,0.0,178.0,0,0,True
2033750,5,0.0,142.0,0,0,True
2033751,7,0.0,137.0,0,0,True
2033752,5,0.0,52.0,0,0,True
2033753,6,0.0,142.0,0,0,True
2033755,4,0.0,182.0,0,0,True
2033757,6,0.0,102.0,0,0,True
2033759,6,0.0,122.0,0,0,True
2033760,3,1.0,65.0,0,0,True
2033762,8,0.0,106.0,0,0,True
2033765,6,0.0,95.0,0,0,True
2033771,4,0.0,130.0,0,0,True
2033772,1,57.0,60.0,0,0,False
2033773,6,0.0,103.0,0,0,True
2033775,5,0.0,130.0,0,1,True
2033778,3,0.7,12.0,0,0,True
2033780,6,0.0,161.0,0,0,True
2033781,7,0.0,20.0,0,0,True
2033789,11,0.0,111.0,0,1,True
2033790,7,0.0,121.0,0,0,True
2033791,10,0.0,101.0,0,0,True
2033792,5,0.0,75.0,0,0,True
2033802,3,0.0,32.0,0,0,True
2033803,5,0.0,70.0,0,0,True
2033804,5,0.0,80.0,0,0,True
2033805,3,0.0,53.0,0,0,True
2033813,5,0.0,70.0,0,0,True
2033816,4,0.0,90.0,0,0,True
2033827,5,0.0,69.0,0,0,True
2033828,9,0.0,117.0,0,0,True
2033845,3,0.0,114.0,0,0,True
2033846,3,0.0,141.0,0,0,True
2033848,6,0.0,192.0,0,0,True
2033849,3,0.0,63.0,0,0,True
2033851,4,0.0,40.0,0,0,True
2033852,5,0.0,135.0,0,0,True
2033853,7,0.0,135.0,0,0,True
2033869,10,0.0,165.0,0,0,True
2033880,8,0.0,135.0,0,0,True
2033881,4,0.0,90.0,0,0,True
2033882,4,0.0,121.0,0,0,True
2033918,3,1.0,57.0,0,0,True
2033921,9,0.0,139.0,0,0,True
2033922,4,0.0,100.0,0,0,True
2033923,9,0.0,201.0,0,0,True
2033924,10,0.0,201.0,0,0,True
2033937,5,0.0,125.0,0,0,True
2033938,4,0.0,66.0,0,0,True
2033939,4,0.0,102.0,0,0,True
2033941,4,0.0,118.0,0,0,True
2033949,3,0.0,212.0,0,0,True
2033950,10,0.0,87.0,0,0,True
2033953,4,0.0,52.0,0,0,True
2033967,7,0.0,97.0,0,0,True
2034005,5,0.0,121.0,0,0,True
2034006,6,0.0,70.0,0,0,True
2034049,5,0.0,221.0,0,0,True
2034061,6,0.0,90.0,0,0,True
2034067,4,0.0,141.0,0,0,True
2034069,5,0.0,95.0,0,0,True
2034072,6,0.0,61.0,0,2,True
2034078,5,0.0,90.0,0,0,True
2034087,3,0.0,65.0,0,0,True
2034093,9,0.0,221.0,0,0,True
2034104,3,0.5,30.0,0,0,True
2034106,2,0.5,33.0,0,0,True
2034143,4,0.0,70.0,0,0,True
2034147,3,0.0,72.0,0,0,True
2034172,4,0.0,155.0,0,0,True
2034189,6,0.0,106.0,0,0,True
2034203,6,0.0,167.0,0,0,True
2034204,6,0.0,112.0,0,0,True
2034205,4,0.0,92.0,0,0,True
2034206,9,0.0,242.0,0,0,True
2034207,5,0.0,95.0,0,0,True
2034208,3,0.0,120.0,0,0,True
2034209,4,0.0,121.0,0,0,True
2034216,7,0.0,129.0,0,0,True
2034234,9,0.0,66.0,0,0,True
2034235,4,0.0,70.0,0,0,True
2034236,6,0.0,131.0,0,0,True
2034238,6,0.0,201.0,0,0,True
2034244,6,0.0,170.0,0,0,True
2034245,5,0.0,166.0,0,0,True
2034246,11,0.0,285.0,0,1,True
2034281,5,0.0,90.0,0,0,True
2034297,4,0.0,66.0,0,0,True
2034298,4,0.0,121.0,0,0,True
2034299,6,0.0,102.0,0,0,True
2034300,7,0.0,95.0,0,0,True
2034302,6,0.0,190.0,0,0,True
2034305,4,0.0,140.0,0,0,True
2034309,3,0.0,33.0,0,0,True
2034312,10,0.0,105.0,0,0,True
2034318,6,0.0,55.0,0,0,True
2034319,10,0.0,141.0,0,0,True
2034320,6,0.0,90.0,0,0,True
2034324,5,0.0,15.0,0,0,True
2034325,3,1.0,15.0,0,0,True
2034327,7,0.0,16.0,0,0,True
2034329,7,1.0,17.0,0,0,True
2034330,5,0.5,14.0,0,0,True
2034342,8,0.0,121.0,0,0,True
2034366,3,0.0,260.0,0,0,True
2034376,6,0.0,149.0,0,0,True
2034380,4,0.0,121.0,0,1,True
2034382,4,0.0,150.0,0,0,True
2034397,4,0.0,100.0,0,0,True
2034418,10,0.5,15.0,0,1,True
2034442,4,0.0,150.0,0,0,True
2034490,8,0.0,225.0,0,0,True
2034506,4,0.0,122.0,0,0,True
2034507,4,0.0,86.0,0,0,True
2034511,1,0.0,49.0,0,0,True
2034513,1,0.0,40.0,0,0,True
2034520,2,0.0,31.0,0,0,True
2034521,2,0.0,26.0,0,0,True
2034522,2,0.0,28.0,0,0,True
2034527,4,0.0,100.0,0,0,True
2034549,3,0.0,140.0,0,0,True
2034555,4,0.0,92.0,0,0,True
2034556,8,0.0,215.0,0,1,True
2034559,5,0.0,132.0,0,0,True
2034569,3,0.0,86.0,0,0,True
2034585,8,8.0,400.0,0,1,False
2034601,6,0.0,68.0,0,0,True
2034603,5,0.0,52.0,0,0,True
2034612,9,0.0,180.0,0,0,True
2034615,7,0.0,60.0,0,0,True
2034616,5,0.0,50.0,0,0,True
2034624,6,0.0,12.0,0,0,True
2034627,5,0.0,11.8,0,0,True
2034630,5,0.0,13.0,0,0,True
2034637,5,0.0,62.0,0,0,True
2034649,8,0.0,90.0,0,0,True
2034652,11,0.0,130.0,0,1,True
2034654,8,0.0,126.0,0,1,True
2034655,12,0.0,121.0,0,2,True
2034659,5,0.0,143.0,0,0,True
2034660,3,0.0,66.0,0,0,True
2034693,5,0.0,218.0,0,0,True
2034727,3,0.0,42.0,0,0,True
2034728,6,0.0,182.0,0,0,True
2034729,7,0.0,129.0,0,0,True
2034730,4,0.0,157.0,0,0,True
2034731,3,0.0,36.0,0,0,True
2034732,5,0.0,76.0,0,0,True
2034733,3,0.0,76.0,0,0,True
2034735,5,0.0,242.0,0,0,True
2034736,5,0.0,80.0,0,0,True
2034737,3,0.0,88.0,0,0,True
2034739,4,0.0,163.0,0,0,True
2034740,3,0.0,38.0,0,0,True
2034741,3,0.0,41.0,0,0,True
2034742,5,0.0,61.0,0,0,True
2034757,4,0.0,165.0,0,0,True
2034768,3,0.0,124.0,0,0,True
2034769,5,0.0,63.0,0,0,True
2034774,10,0.0,127.0,0,0,True
2034779,5,0.0,114.0,0,0,True
2034780,5,0.0,141.0,0,0,True
2034785,5,0.0,145.0,0,0,True
2034796,3,0.0,28.0,0,0,True
2034808,3,0.0,33.0,0,0,True
2034812,4,0.0,33.0,0,0,True
2034816,3,0.0,33.0,0,0,True
2034822,3,0.0,33.0,0,0,True
2034877,11,0.0,100.0,0,1,True
2034880,6,0.0,61.5,0,0,True
2034881,7,0.0,60.0,0,0,True
2034886,11,0.0,150.0,0,1,True
2034894,9,0.0,154.0,0,0,True
2034911,9,0.0,93.0,0,0,True
2034922,6,0.0,162.0,0,0,True
2034935,2,0.0,40.0,0,0,True
2034937,9,0.0,130.0,0,0,True
2034938,5,0.0,123.0,0,0,True
2034939,4,0.0,60.0,0,0,True
2034952,3,0.0,101.0,0,0,True
2034973,3,0.0,150.0,0,1,True
2034974,4,0.0,78.0,0,0,True
2034989,7,0.0,42.0,0,0,True
2034990,6,0.0,55.0,0,0,True
2035010,3,0.0,50.0,0,0,True
2035012,4,0.0,219.0,0,0,True
2035034,5,0.0,161.0,0,0,True
2035062,5,0.0,55.0,0,0,True
2035093,6,0.0,101.0,0,0,True
2035132,4,0.5,24.0,0,0,True
2035133,4,0.5,22.0,0,0,True
2035134,4,0.5,22.0,0,0,True
2035138,6,0.0,165.0,0,0,True
2035141,8,0.0,118.0,0,0,True
2035147,4,1.0,60.0,0,0,True
2035153,3,0.0,105.0,0,0,True
2035155,4,0.0,141.0,2,0,True
2035189,8,0.0,87.0,0,0,True
2035206,8,0.0,131.0,2,1,True
2035230,5,1.0,52.0,0,0,True
2035232,9,1.0,130.0,0,0,True
2035233,2,1.0,25.0,0,0,True
2035234,4,0.0,25.0,0,0,True
2035235,5,0.0,50.0,0,0,True
2035236,6,0.0,62.0,0,0,True
2035239,12,0.0,130.0,0,2,True
2035240,6,0.1,50.0,0,0,True
2035241,5,0.1,25.0,0,0,True
2035242,10,0.0,60.0,0,0,True
2035244,4,0.0,18.0,0,0,True
2035245,5,7.0,50.0,0,0,False
2035248,4,0.4,30.0,0,0,True
2035249,8,0.0,50.0,0,0,True
2035250,13,0.0,113.0,0,1,True
2035251,5,0.0,25.0,0,0,True
2035267,6,0.0,54.0,0,0,True
2035268,5,0.0,197.0,0,0,True
2035323,3,1.0,15.0,0,0,True
2035324,5,0.0,15.0,0,0,True
2035327,8,0.0,241.0,0,0,True
2035328,4,0.0,91.0,0,0,True
2035333,6,14.0,42.3,0,0,False
2035341,4,0.0,110.0,0,0,True
2035343,7,0.0,98.0,0,0,True
2035346,3,0.0,54.0,0,0,True
2035359,3,0.0,90.0,0,0,True
2035366,5,0.0,141.0,0,0,True
2035368,4,0.0,130.0,0,0,True
2035390,6,0.0,121.0,0,0,True
2035394,9,0.0,40.0,0,0,True
2035395,9,0.0,40.0,0,0,True
2035396,11,0.5,40.0,0,0,True
2035414,5,0.0,138.0,0,0,True
2035419,4,8.0,100.0,0,0,False
2035437,3,0.0,75.0,0,0,True
2035465,6,0.0,24.0,0,0,True
2035466,10,0.0,24.0,0,0,True
2035467,5,0.0,24.0,0,0,True
2035475,8,0.0,282.0,0,0,True
2035476,6,0.0,110.0,0,0,True
2035489,2,0.0,95.0,0,0,True
2035490,2,0.0,101.0,0,0,True
2035492,4,0.0,90.0,0,0,True
2035503,4,0.0,107.0,0,0,True
2035504,2,0.0,23.0,0,0,True
2035505,2,0.0,23.0,0,0,True
2035506,7,0.0,135.0,0,0,True
2035508,3,0.0,23.0,0,0,True
2035509,3,0.0,50.0,0,0,True
2035518,5,0.0,90.0,0,0,True
2035528,3,0.0,42.0,0,0,True
2035529,6,0.5,28.0,0,0,True
2035558,6,0.0,174.0,0,0,True
2035559,4,0.0,72.0,0,0,True
2035560,6,0.0,139.0,0,0,True
2035590,8,0.0,158.0,0,0,True
2035614,6,0.0,109.0,0,0,True
2035628,11,0.0,185.0,2,0,True
2035631,2,0.0,125.0,0,0,True
2035654,6,0.0,82.0,0,0,True
2035661,4,0.0,100.0,0,0,True
2035663,2,0.0,70.0,0,0,True
2035669,1,0.5,16.0,0,0,True
2035670,1,0.5,20.0,0,0,True
2035672,3,0.5,20.0,0,0,True
2035675,1,0.5,20.0,0,0,True
2035680,6,0.0,148.0,0,0,True
2035707,4,0.0,20.0,0,0,True
2035708,3,0.0,25.0,0,0,True
2035757,6,0.5,16.8,0,0,True
2035758,6,0.5,16.0,0,0,True
2035759,5,0.5,15.6,0,0,True
2035766,6,0.0,118.0,0,0,True
2035769,3,0.0,50.0,0,0,True
2035791,3,0.0,133.0,0,0,True
2035794,3,0.0,92.0,0,0,True
2035805,9,0.0,227.0,2,1,True
2035816,6,0.0,22.0,0,0,True
2035846,5,0.0,28.0,0,0,True
2035861,3,0.0,77.0,0,0,True
2035862,7,0.0,155.0,0,0,True
2035863,3,0.0,77.0,0,0,True
2035884,9,0.0,120.0,0,0,True
2035897,7,0.0,221.0,0,0,True
2035908,4,0.0,101.0,0,0,True
2035946,3,0.0,33.0,0,0,True
2035952,3,0.0,118.0,0,0,True
2035961,3,0.0,101.0,0,0,True
2035964,4,0.0,60.0,0,0,True
2035966,2,0.0,137.0,0,0,True
2035972,4,0.5,17.0,0,0,True
2035973,3,0.5,13.0,0,0,True
2035974,4,0.5,13.0,0,0,True
2036023,7,0.0,118.0,0,0,True
2036028,4,0.0,85.0,0,0,True
2036049,4,0.0,151.0,0,0,True
2036053,3,0.0,104.0,0,0,True
2036070,3,0.0,20.0,0,0,True
2036071,4,0.0,15.0,0,0,True
2036073,4,0.0,20.0,0,0,True
2036076,5,0.0,214.0,0,0,True
2036115,9,0.0,38.0,0,0,True
2036116,5,1.0,38.0,0,0,True
2036117,6,1.0,38.0,0,0,True
2036119,4,1.0,18.0,0,0,True
2036120,4,1.0,24.0,0,0,True
2036125,4,0.0,402.0,0,0,True
2036126,3,0.0,120.0,0,0,True
2036127,3,0.0,84.0,0,0,True
2036128,4,0.0,69.0,0,0,True
2036130,3,0.0,202.0,0,0,True
2036131,4,0.0,282.0,0,0,True
2036132,6,0.0,282.0,0,0,True
2036133,3,0.0,212.0,0,0,True
2036134,3,0.0,102.0,0,0,True
2036135,7,0.0,153.0,0,0,True
2036136,4,0.0,102.0,0,0,True
2036137,5,0.0,34.0,0,0,True
2036146,5,0.0,106.0,0,0,True
2036158,10,0.0,201.0,0,0,True
2036182,8,0.0,121.0,0,0,True
2036191,7,0.0,105.0,0,0,True
2036193,7,0.0,128.0,0,0,True
2036208,4,0.0,40.0,0,0,True
2036209,7,0.0,45.0,0,0,True
2036223,5,0.0,72.0,0,0,True
2036224,5,1.0,15.0,0,0,True
2036225,4,0.0,15.0,0,0,True
2036226,3,1.0,15.0,0,0,True
2036227,7,0.0,45.0,0,0,True
2036228,4,0.0,40.0,0,0,True
2036251,8,0.0,79.0,0,0,True
2036265,3,0.0,101.0,0,0,True
2036270,3,0.5,10.0,0,0,True
2036276,7,0.0,121.0,0,0,True
2036277,7,0.0,65.0,0,0,True
2036280,9,0.0,141.0,0,1,True
2036312,5,0.0,121.0,0,0,True
2036349,2,0.0,138.0,0,0,True
2036355,9,0.0,127.0,1,0,True
2036359,3,0.0,81.0,0,0,True
2036360,4,0.5,47.0,0,0,True
2036361,10,0.5,47.0,0,0,True
2036362,8,0.5,47.0,0,0,True
2036385,7,0.0,302.0,0,0,True
2036399,5,0.0,34.5,0,0,True
2036410,3,0.0,120.0,0,0,True
2036419,9,0.0,161.0,0,0,True
2036423,8,0.0,101.0,0,0,True
2036433,4,0.0,59.0,0,0,True
2036443,4,0.0,117.0,0,0,True
2036461,9,0.0,202.0,0,0,True
2036468,6,0.0,182.0,0,0,True
2036469,10,0.0,91.0,0,0,True
2036473,8,0.0,185.0,2,1,True
2036474,10,0.0,170.0,0,0,True
2036484,7,0.0,181.0,0,0,True
2036535,11,0.0,161.0,0,1,True
2036541,3,0.0,75.0,0,0,True
2036547,8,0.0,165.0,0,0,True
2036548,4,0.0,118.0,0,0,True
2036549,6,0.0,166.0,0,0,True
2036550,4,0.0,120.0,0,0,True
2036551,7,0.0,175.0,0,0,True
2036573,3,0.0,120.0,0,0,True
2036575,11,0.0,181.0,0,1,True
2036581,4,0.0,46.0,0,0,True
2036603,7,0.0,94.0,0,0,True
2036604,5,0.0,36.0,0,0,True
2036606,6,0.0,77.0,0,0,True
2036607,11,0.0,36.0,0,1,True
2036608,6,0.5,45.0,0,0,True
2036610,4,0.5,44.9,0,0,True
2036644,7,0.0,242.0,0,0,True
2036668,4,0.0,101.0,0,0,True
2036669,8,0.0,130.0,0,0,True
2036707,6,0.0,126.0,0,0,True
2036737,3,0.0,44.0,0,0,True
2036738,3,0.0,121.0,0,0,True
2036739,4,0.0,120.0,0,0,True
2036744,4,0.5,21.0,0,0,True
2036745,3,0.5,21.0,0,0,True
2036746,4,0.5,20.0,0,0,True
2036748,1,0.5,14.0,0,0,True
2036750,7,0.0,128.0,0,0,True
2036751,7,0.0,118.0,0,0,True
2036752,4,0.0,158.0,0,0,True
2036753,4,0.0,148.0,0,0,True
2036762,2,0.0,142.0,0,0,True
2036769,5,0.0,153.0,0,0,True
2036773,3,0.0,49.0,0,0,True
2036790,2,0.0,35.0,0,0,True
2036792,13,0.0,121.0,0,2,True
2036811,11,0.0,141.0,0,1,True
2036814,9,0.0,110.0,0,0,True
2036822,2,0.0,14.0,0,0,True
2036823,5,0.0,14.0,0,0,True
2036824,5,0.0,14.0,0,0,True
2036825,4,0.0,17.0,0,0,True
2036827,5,0.0,85.0,0,0,True
2036835,8,0.0,222.0,0,0,True
2036851,4,0.0,38.0,0,0,True
2036852,4,0.0,38.0,0,0,True
2036853,4,0.0,40.0,0,0,True
2036854,9,0.0,110.0,0,0,True
2036857,5,0.0,125.0,0,0,True
2036860,4,0.0,34.0,0,0,True
2036861,4,0.0,34.0,0,0,True
2036862,4,0.0,81.0,0,0,True
2036867,5,0.0,141.0,0,0,True
2036869,4,0.0,141.0,0,0,True
2036870,7,0.0,141.0,0,1,True
2036889,4,0.0,54.0,0,0,True
2036916,4,0.0,160.0,0,0,True
2036919,5,0.0,160.0,0,0,True
2036923,11,0.0,215.0,0,1,True
2036937,8,0.0,219.0,2,1,True
2036944,10,0.0,135.0,0,0,True
2036946,3,0.5,28.0,0,0,True
2036947,3,0.5,28.0,0,0,True
2036952,3,0.0,100.0,0,0,True
2036959,4,0.0,140.0,0,0,True
2036960,3,0.0,120.0,0,0,True
2036961,5,0.0,170.0,0,0,True
2036998,10,0.0,53.0,4,2,True
2037023,7,0.0,18.0,0,0,True
2037024,3,0.6,16.0,0,0,True
2037026,6,0.4,16.0,0,0,True
2037027,2,0.0,18.0,0,0,True
2037028,6,0.3,18.0,0,0,True
2037029,5,0.0,18.0,0,1,True
2037030,5,0.0,18.0,0,0,True
2037031,8,0.5,18.0,0,1,True
2037032,6,0.0,18.0,0,1,True
2037033,5,0.0,18.0,0,1,True
2037034,5,0.0,16.0,0,0,True
2037035,5,0.0,18.0,0,1,True
2037043,5,0.0,18.0,0,1,True
2037048,4,0.0,77.0,0,0,True
2037054,7,0.0,78.0,0,0,True
2037057,2,1.0,16.0,0,0,True
2037058,2,1.0,20.0,0,0,True
2037059,3,0.0,19.0,0,0,True
2037072,9,0.0,105.0,0,0,True
2037076,6,0.0,66.0,0,0,True
2037081,10,0.0,82.0,0,0,True
2037084,6,0.0,98.0,0,0,True
2037104,5,0.0,139.0,0,0,True
2037106,5,0.0,88.0,0,0,True
2037133,8,0.0,142.0,0,0,True
2037137,5,0.0,70.0,0,0,True
2037146,3,0.0,140.0,0,0,True
2037159,3,0.0,81.0,0,0,True
2037161,3,0.0,74.0,0,0,True
2037164,3,0.0,48.0,0,0,True
2037177,3,0.0,30.0,0,0,True
2037186,5,0.0,96.0,0,0,True
2037190,5,0.0,65.0,0,0,True
2037218,3,0.0,154.0,0,0,True
2037242,5,0.0,90.0,0,0,True
2037250,4,0.0,86.0,0,0,True
2037251,8,0.0,90.0,0,0,True
2037256,4,0.5,14.0,0,0,True
2037257,4,0.5,14.0,0,0,True
2037258,3,0.5,14.0,0,0,True
2037265,4,0.0,145.0,0,0,True
2037266,4,0.0,112.0,0,0,True
2037305,3,0.0,101.0,0,0,True
2037306,5,0.0,55.0,0,0,True
2037311,6,0.0,90.0,0,0,True
2037315,11,0.0,176.0,0,1,True
2037323,5,0.0,84.0,0,0,True
2037325,4,0.0,72.0,0,0,True
2037353,3,0.0,41.5,0,0,True
2037371,11,0.0,250.0,0,1,True
2037373,4,0.0,62.0,0,0,True
2037379,8,0.0,90.0,0,0,True
2037391,6,0.0,135.0,0,0,True
2037416,2,0.0,123.0,0,0,True
2037432,5,0.0,35.0,0,0,True
2037434,4,0.0,142.0,0,0,True
2037477,3,0.0,138.0,0,0,True
2037492,5,0.0,81.0,0,0,True
2037493,4,0.0,82.0,0,0,True
2037517,5,0.0,65.0,0,0,True
2037523,4,0.0,201.0,0,0,True
2037558,5,0.0,90.0,0,0,True
2037563,6,0.0,141.0,0,0,True
2037564,4,0.0,147.0,0,0,True
2037567,5,0.0,180.0,0,0,True
2037572,8,0.0,502.0,0,0,True
2037576,10,0.0,262.0,0,0,True
2037577,4,0.0,84.0,0,0,True
2037580,3,0.0,53.0,0,0,True
2037585,7,0.0,195.0,0,0,True
2037587,5,0.5,16.0,0,0,True
2037588,4,0.5,16.0,0,0,True
2037594,11,0.0,110.0,0,1,True
2037596,7,0.0,162.0,0,0,True
2037645,7,0.0,75.0,0,0,True
2037652,2,0.0,107.0,0,0,True
2037655,4,0.0,151.0,0,0,True
2037661,2,0.0,30.0,0,0,True
2037672,10,0.0,298.0,0,0,True
2037673,3,0.0,76.0,0,0,True
2037676,4,0.0,74.0,0,0,True
2037677,3,0.0,112.0,0,0,True
2037678,5,0.0,182.0,0,0,True
2037679,4,0.0,47.0,0,0,True
2037681,3,0.0,119.0,0,0,True
2037682,5,0.0,123.0,0,0,True
2037684,5,0.0,105.0,0,0,True
2037685,4,0.0,92.0,0,0,True
2037686,7,0.0,153.0,0,0,True
2037689,5,0.0,113.0,0,0,True
2037691,4,0.0,204.0,0,0,True
2037692,5,0.0,142.0,0,0,True
2037693,5,0.0,202.0,0,0,True
2037695,7,0.0,195.0,0,0,True
2037697,6,0.0,125.0,0,0,True
2037698,3,0.0,92.0,0,0,True
2037699,9,0.0,82.0,0,0,True
2037700,3,0.0,152.0,0,0,True
2037701,5,0.0,69.0,0,0,True
2037703,8,0.0,130.0,0,0,True
2037722,4,0.0,71.0,0,0,True
2037726,10,0.0,161.0,0,0,True
2037741,7,0.0,123.0,0,0,True
2037751,5,0.0,150.0,0,0,True
2037769,6,0.0,125.0,0,0,True
2037804,6,0.0,16.0,0,0,True
2037809,7,0.0,40.0,0,0,True
2037810,7,0.0,44.0,0,0,True
2037812,7,0.0,44.0,0,0,True
2037830,4,0.0,221.0,0,0,True
2037857,6,0.0,198.0,0,0,True
2037883,3,0.0,85.0,0,0,True
2037894,7,0.0,190.0,0,0,True
2037896,8,0.0,185.0,0,0,True
2037908,8,0.0,90.0,0,1,True
2037910,9,0.0,70.0,0,0,True
2037917,7,0.0,200.0,0,0,True
2037924,3,0.0,76.0,0,0,True
2037926,10,0.0,143.0,0,0,True
2037947,5,0.0,70.0,0,0,True
2037963,2,0.0,85.0,0,0,True
2037965,2,0.0,120.0,0,0,True
2037972,4,0.0,165.0,0,0,True
2037995,6,0.0,121.0,0,0,True
2038006,4,0.0,88.0,0,0,True
2038037,6,0.0,121.0,0,0,True
2038047,5,0.0,70.0,0,0,True
2038049,4,0.0,70.0,0,0,True
2038054,4,0.0,63.0,0,0,True
2038067,5,0.0,165.0,0,0,True
2038079,4,0.0,206.0,0,0,True
2038080,5,0.0,206.0,0,0,True
2038082,2,0.0,37.0,0,0,True
2038087,6,0.0,193.0,0,0,True
2038095,3,0.0,72.0,0,0,True
2038118,5,0.0,112.0,0,0,True
2038120,4,0.0,160.0,0,0,True
2038126,5,0.0,81.0,0,0,True
2038134,3,0.0,90.0,0,0,True
2038140,6,0.0,201.0,0,0,True
2038171,4,0.0,77.0,0,0,True
2038185,7,0.5,18.0,0,0,True
2038186,5,0.5,16.0,0,0,True
2038187,7,0.5,14.0,0,0,True
2038197,3,0.0,165.0,0,0,True
2038198,4,0.0,57.0,0,0,True
2038214,4,0.0,140.0,0,0,True
2038260,4,0.0,81.0,0,0,True
2038261,4,0.0,101.0,0,0,True
2038263,7,0.0,145.0,0,0,True
2038294,2,0.0,101.0,0,0,True
2038296,5,0.0,121.0,0,0,True
2038317,5,0.0,100.0,0,1,True
2038335,5,0.0,250.0,0,0,True
2038377,4,0.0,66.0,0,0,True
2038378,6,0.0,121.0,0,0,True
2038379,4,0.0,50.0,0,0,True
2038380,5,0.0,141.0,0,0,True
2038400,4,0.0,11.0,0,0,True
2038401,3,0.0,70.0,0,0,True
2038402,5,0.0,195.0,0,0,True
2038436,4,0.0,181.0,0,0,True
2038437,3,0.0,82.0,0,0,True
2038438,6,0.0,102.0,0,0,True
2038459,6,0.0,81.0,0,0,True
2038460,4,0.0,84.0,0,0,True
2038461,5,0.0,138.0,0,0,True
2038465,3,0.0,86.0,0,0,True
2038471,3,0.0,83.0,0,0,True
2038479,4,0.0,130.0,0,0,True
2038480,10,0.0,165.0,0,0,True
2038481,8,0.0,101.0,0,1,True
2038489,3,0.0,207.0,0,0,True
2038504,6,0.0,157.0,0,0,True
2038541,4,0.0,121.0,0,0,True
2038543,5,0.0,198.0,0,0,True
2038545,8,0.0,101.0,0,1,True
2038561,3,0.0,66.0,0,0,True
2038562,4,0.0,101.0,0,0,True
2038623,5,1.0,15.0,0,0,True
2038624,7,1.0,15.0,0,0,True
2038625,3,0.7,11.0,0,0,True
2038626,5,0.7,13.0,0,0,True
2038627,5,0.0,10.0,0,0,True
2038628,6,3.0,16.0,0,0,False
2038629,11,0.0,46.0,0,0,True
2038630,9,0.0,46.0,0,1,True
2038631,6,0.0,22.0,0,0,True
2038632,12,0.0,22.0,0,0,True
2038650,6,0.0,201.0,0,0,True
2038655,11,0.0,117.0,2,1,True
2038657,8,0.0,61.0,0,0,True
2038668,8,0.0,230.0,0,0,True
2038674,9,0.0,201.0,0,0,True
2038676,9,0.0,130.0,0,1,True
2038677,10,0.0,281.0,0,0,True
2038721,4,0.0,61.0,0,0,True
2038722,5,0.0,75.0,0,0,True
2038737,2,0.0,30.0,0,0,True
2038744,10,0.0,182.0,0,0,True
2038751,5,0.0,160.0,0,0,True
2038754,6,0.0,120.0,0,0,True
2038755,5,0.0,120.0,0,0,True
2038764,7,0.0,85.0,0,0,True
2038769,8,0.0,121.0,0,0,True
2038778,8,0.0,201.0,0,0,True
2038800,5,0.0,70.0,0,0,True
2038809,4,0.0,140.0,0,0,True
2038810,4,0.0,140.0,0,0,True
2038826,2,0.0,50.0,0,0,True
2038847,7,0.0,70.0,0,0,True
2038884,9,0.0,162.0,0,0,True
2038885,6,0.0,92.0,0,0,True
2038895,3,0.0,51.0,0,0,True
2038900,5,0.5,14.0,0,0,True
2038901,7,0.5,15.0,0,0,True
2038902,6,0.5,15.0,0,0,True
2038913,4,0.0,46.0,0,0,True
2038914,4,0.0,150.0,0,0,True
2038915,2,1.0,65.0,0,0,True
2038924,9,0.0,181.0,0,0,True
2038925,5,0.0,174.0,0,0,True
2038929,11,0.0,121.0,0,1,True
2038937,3,5.0,60.0,0,0,False
2038945,3,0.0,118.0,0,0,True
2038946,7,0.0,139.0,0,0,True
2038958,4,0.0,52.0,0,0,True
2038967,3,0.0,131.0,0,0,True
2038970,3,0.0,63.0,0,0,True
2038996,3,0.0,70.0,0,0,True
2039004,5,0.0,101.0,2,0,True
2039005,6,0.0,153.0,0,0,True
2039011,6,0.0,85.0,0,1,True
2039012,4,0.0,60.0,0,0,True
2039021,9,0.0,60.0,0,0,True
2039046,4,0.0,104.0,0,0,True
2039056,7,0.0,98.0,0,0,True
2039058,4,0.0,121.0,0,0,True
2039081,7,0.0,124.0,0,0,True
2039082,7,0.0,182.0,0,0,True
2039085,4,0.0,92.0,0,0,True
2039086,4,0.0,80.0,0,0,True
2039087,6,0.0,240.0,0,0,True
2039099,3,0.0,102.0,0,0,True
2039103,5,0.0,84.0,0,0,True
2039104,7,0.0,395.0,0,0,True
2039110,4,0.0,117.0,0,0,True
2039145,5,0.0,100.0,0,0,True
2039146,5,0.0,182.0,0,0,True
2039148,4,0.0,140.0,0,0,True
2039150,2,0.0,38.0,0,0,True
2039154,2,0.0,80.0,0,0,True
2039157,7,0.0,440.0,0,0,True
2039166,8,0.0,20.0,0,0,True
2039167,4,0.3,20.0,0,0,True
2039168,8,0.4,20.0,0,0,True
2039169,8,0.0,16.0,0,0,True
2039171,7,0.4,17.0,0,0,True
2039176,6,0.0,142.0,0,0,True
2039181,6,0.0,82.0,0,0,True
2039190,6,0.0,165.0,0,0,True
2039230,6,0.8,41.0,0,0,True
2039231,6,0.0,34.0,0,0,True
2039232,9,0.0,34.0,0,0,True
2039233,6,0.5,41.0,0,0,True
2039234,6,0.0,20.0,0,0,True
2039235,8,0.5,48.0,0,0,True
2039281,4,0.0,55.0,0,0,True
2039282,5,0.0,121.0,0,0,True
2039285,11,0.0,105.0,0,1,True
2039287,4,0.0,50.0,0,0,True
2039323,6,0.0,245.0,0,0,True
2039324,3,0.0,153.0,0,0,True
2039344,6,0.0,122.0,0,0,True
2039349,4,0.0,65.0,0,0,True
2039351,5,0.0,42.0,0,0,True
2039362,6,0.0,201.0,0,0,True
2039367,10,0.0,181.0,0,0,True
2039380,5,0.0,142.0,0,0,True
2039386,9,0.0,162.0,0,0,True
2039410,6,0.0,245.0,0,0,True
2039422,2,0.0,80.0,0,0,True
2039438,5,0.0,122.0,0,0,True
2039439,4,0.0,49.0,0,0,True
2039441,7,0.0,298.0,0,0,True
2039442,3,0.0,63.0,0,0,True
2039443,4,0.0,100.0,0,0,True
2039451,9,0.0,90.0,0,0,True
2039462,3,0.0,55.0,0,0,True
2039478,5,0.0,85.0,0,0,True
2039479,6,0.0,182.0,0,0,True
2039483,6,0.0,116.0,0,0,True
2039490,8,0.0,241.0,1,1,True
2039492,4,0.0,80.0,0,0,True
2039495,4,0.0,222.0,0,0,True
2039496,3,0.0,191.0,0,0,True
2039497,3,0.0,62.0,0,0,True
2039498,4,0.0,182.0,0,0,True
2039499,5,0.0,142.0,0,0,True
2039500,5,0.0,174.0,0,0,True
2039501,3,0.0,62.0,0,0,True
2039502,4,0.0,55.0,0,0,True
2039503,3,0.0,68.0,0,0,True
2039504,3,0.0,128.0,0,0,True
2039506,3,0.0,91.0,0,0,True
2039507,3,0.0,45.0,0,0,True
2039508,3,0.0,109.0,0,0,True
2039509,5,0.0,61.0,0,0,True
2039515,3,0.0,45.0,0,0,True
2039517,6,0.0,64.0,0,0,True
2039558,5,0.0,121.0,0,0,True
2039559,4,0.0,56.0,0,0,True
2039594,6,0.0,65.0,0,0,True
2039598,4,0.0,150.0,0,0,True
2039627,6,0.0,14.0,0,0,True
2039637,6,0.0,14.0,0,0,True
2039638,3,0.0,15.0,0,0,True
2039640,3,0.0,14.0,0,0,True
2039663,3,0.0,46.0,0,0,True
2039666,4,0.0,101.0,0,0,True
2039667,6,0.0,182.0,0,1,True
2039669,3,0.4,20.0,0,0,True
2039670,3,0.4,20.0,0,0,True
2039671,4,0.0,20.0,0,0,True
2039685,5,0.0,90.0,0,0,True
2039693,4,0.0,117.0,0,0,True
2039702,9,0.0,110.0,0,0,True
2039713,4,0.0,58.0,0,0,True
2039716,8,0.0,57.0,0,0,True
2039720,2,0.0,50.0,0,0,True
2039721,2,0.0,50.0,0,0,True
2039723,2,0.0,50.0,0,0,True
2039749,2,0.0,100.0,0,0,True
2039771,4,0.0,74.0,0,0,True
2039793,1,0.0,29.0,0,0,True
2039805,6,0.0,70.0,0,0,True
2039815,7,0.4,28.0,0,0,True
2039817,7,0.0,82.0,0,0,True
2039827,7,0.0,160.0,0,0,True
2039828,2,0.0,47.0,0,0,True
2039842,2,0.0,50.0,0,0,True
2039854,7,0.0,110.0,0,0,True
2039856,5,0.0,118.0,0,0,True
2039859,3,0.0,173.0,0,0,True
2039860,3,0.0,87.0,0,0,True
2039862,7,0.0,175.0,0,0,True
2039892,4,0.0,121.0,0,0,True
2039893,5,0.0,89.0,0,0,True
2039964,5,0.0,271.0,0,0,True
2039995,5,0.0,50.0,0,0,True
2040003,5,0.0,123.0,0,0,True
2040004,4,0.0,18.0,0,0,True
2040010,10,0.0,248.0,0,0,True
2040056,6,0.0,121.0,0,0,True
2040058,3,0.0,34.0,0,0,True
2040075,4,0.0,70.0,0,0,True
2040076,6,0.0,125.0,0,0,True
2040077,4,0.0,122.0,0,0,True
2040085,6,0.0,121.0,0,0,True
2040087,9,0.0,142.0,0,0,True
2040094,2,0.5,14.0,0,0,True
2040103,3,0.0,100.0,0,0,True
2040105,3,0.0,77.0,0,0,True
2040106,3,0.0,80.0,0,0,True
2040111,3,0.0,95.0,0,0,True
2040112,2,0.0,50.0,0,0,True
2040114,8,0.0,52.0,0,0,True
2040117,6,0.0,90.0,0,0,True
2040122,8,0.0,131.0,0,0,True
2040124,5,0.0,75.0,0,0,True
2040132,10,0.0,165.0,0,0,True
2040150,1,0.0,30.0,0,0,True
2040153,1,0.0,30.0,0,0,True
2040154,2,0.0,90.0,0,0,True
2040155,3,0.0,150.0,0,0,True
2040166,8,0.0,230.0,0,1,True
2040181,4,0.0,40.0,0,0,True
2040191,6,0.0,90.0,0,0,True
2040196,10,0.0,161.0,0,0,True
2040229,3,0.0,120.0,0,0,True
2040231,3,0.5,16.0,0,0,True
2040261,4,0.0,52.0,0,0,True
2040262,3,0.0,54.0,0,0,True
2040270,6,0.0,61.0,0,0,True
2040343,3,0.0,35.0,0,0,True
2040344,7,0.0,35.0,0,0,True
2040349,6,0.0,87.0,0,0,True
2040360,4,0.0,137.0,0,0,True
2040361,4,0.0,127.0,0,0,True
2040362,9,0.0,121.0,0,0,True
2040363,7,0.0,110.0,0,0,True
2040375,6,0.0,81.0,0,0,True
2040380,4,0.0,60.0,0,0,True
2040401,6,0.0,21.0,0,0,True
2040402,4,0.0,15.0,0,0,True
2040403,5,0.6,20.0,0,0,True
2040404,4,0.5,16.0,0,0,True
2040406,5,0.0,72.0,0,0,True
2040407,5,0.0,92.0,0,0,True
2040408,4,0.0,108.0,0,0,True
2040409,4,0.0,32.0,0,0,True
2040410,5,0.0,109.0,0,0,True
2040411,4,0.0,48.0,0,0,True
2040412,4,0.0,103.0,0,0,True
2040413,7,0.0,214.0,0,0,True
2040414,3,0.0,121.0,0,0,True
2040415,3,0.0,192.0,0,0,True
2040416,3,0.0,54.0,0,0,True
2040419,3,0.0,60.0,0,0,True
2040420,2,0.0,52.0,0,0,True
2040421,5,0.0,127.0,0,0,True
2040422,4,0.0,92.0,0,0,True
2040437,8,0.3,28.0,0,0,True
2040477,5,0.0,62.0,0,1,True
2040497,3,0.0,100.0,0,0,True
2040498,11,0.0,182.0,0,1,True
2040499,3,0.0,100.0,0,0,True
2040500,5,0.0,60.0,0,0,True
2040501,8,0.0,185.0,0,0,True
2040502,3,0.0,65.0,0,0,True
2040512,3,0.0,40.0,0,0,True
2040518,9,0.0,96.0,0,0,True
2040528,6,0.0,88.0,0,0,True
2040534,4,0.0,80.0,0,0,True
2040535,4,0.0,121.0,0,0,True
2040537,3,0.0,33.0,0,0,True
2040550,5,0.0,155.0,0,0,True
2040585,5,0.0,161.0,0,0,True
2040603,3,0.0,34.0,0,0,True
2040624,4,0.0,121.0,0,0,True
2040639,4,0.0,97.0,0,0,True
2040645,10,0.0,182.0,0,0,True
2040656,1,0.0,125.0,0,0,True
2040658,5,0.0,246.0,0,0,True
2040659,4,0.0,182.0,0,0,True
2040661,1,0.0,30.0,0,0,True
2040662,1,0.0,31.0,0,0,True
2040663,1,0.0,31.0,0,0,True
2040676,9,0.0,285.0,0,0,True
2040681,8,0.0,162.0,0,1,True
2040694,7,0.0,80.0,0,0,True
2040714,1,0.0,15.0,0,0,True
2040717,1,0.0,15.0,0,0,True
2040720,1,0.0,15.0,0,0,True
2040724,5,0.0,65.0,0,0,True
2040725,2,0.0,126.0,0,0,True
2040726,6,0.0,64.0,0,0,True
2040739,4,0.0,29.0,0,0,True
2040740,2,0.0,10.0,0,0,True
2040742,6,0.0,163.0,0,0,True
2040757,4,0.0,78.0,0,0,True
2040758,5,0.0,102.0,0,1,True
2040766,11,0.0,90.0,0,1,True
2040770,8,0.0,201.0,0,0,True
2040795,4,0.0,90.0,0,0,True
2040828,4,0.0,161.0,0,0,True
2040845,4,0.5,16.0,0,0,True
2040847,4,0.0,101.0,0,0,True
2040850,4,0.5,14.0,0,0,True
2040851,9,0.0,159.0,0,0,True
2040852,5,0.0,222.0,0,0,True
2040869,4,0.0,45.0,0,0,True
2040879,6,0.0,115.0,0,0,True
2040902,5,0.0,121.0,0,0,True
2040903,7,0.0,270.0,0,0,True
2040904,4,0.0,270.0,0,0,True
2040910,3,0.0,100.0,0,0,True
2040911,3,0.0,65.0,0,0,True
2040912,3,0.0,150.0,0,0,True
2040913,8,0.0,141.0,0,1,True
2040918,5,0.0,101.0,0,1,True
2040922,5,0.0,85.0,0,0,True
2040923,5,0.0,75.0,0,0,True
2040947,8,0.0,222.0,0,0,True
2040965,6,0.0,80.0,0,0,True
2040966,10,0.0,70.0,0,0,True
2040977,7,0.0,160.0,0,0,True
2040978,6,0.0,80.0,0,0,True
2041012,13,0.0,150.0,0,2,True
2041022,2,0.0,15.0,0,0,True
2041023,2,0.0,15.0,0,0,True
2041024,2,0.0,20.0,0,0,True
2041025,2,0.0,20.0,0,0,True
2041026,2,0.0,20.0,0,0,True
2041032,4,0.0,145.0,0,0,True
2041062,6,0.0,240.0,0,0,True
2041073,5,0.0,101.0,0,1,True
2041079,6,0.0,58.0,0,0,True
2041131,5,0.0,142.0,0,0,True
2041134,11,0.0,76.0,0,1,True
2041144,4,0.0,219.0,0,0,True
2041159,10,0.0,121.0,0,2,True
2041164,5,0.0,78.0,0,0,True
2041180,4,0.0,153.0,0,0,True
2041184,5,0.0,72.0,0,0,True
2041185,5,0.0,50.0,0,0,True
2041195,4,0.0,95.0,0,0,True
2041200,3,0.0,75.0,0,0,True
2041204,3,0.0,109.0,0,0,True
2041208,5,0.0,202.0,0,0,True
2041258,7,1.0,21.0,0,0,True
2041261,9,1.0,20.0,0,0,True
2041262,9,0.0,21.0,0,0,True
2041264,8,0.0,19.0,0,0,True
2041288,4,0.0,100.0,0,0,True
2041306,5,0.0,420.0,0,0,True
2041344,7,0.0,121.0,0,0,True
2041346,5,0.0,70.0,0,0,True
2041361,6,0.0,159.0,0,0,True
2041371,4,0.0,52.0,0,0,True
2041389,5,0.0,81.0,0,0,True
2041400,5,0.0,86.0,0,0,True
2041408,3,0.0,83.0,0,0,True
2041423,3,0.0,55.0,0,0,True
2041428,5,0.0,108.0,0,0,True
2041446,3,0.0,70.0,0,0,True
2041491,5,0.0,90.0,0,0,True
2041505,5,0.0,134.0,0,0,True
2041508,3,0.0,36.0,0,0,True
2041514,3,0.0,76.0,0,0,True
2041530,3,0.0,100.0,0,0,True
2041540,6,0.0,277.0,0,0,True
2041557,5,0.0,208.0,0,0,True
2041580,2,0.0,23.0,0,0,True
2041581,2,0.0,25.0,0,0,True
2041586,6,0.0,103.0,0,0,True
2041615,2,0.0,24.0,0,0,True
2041620,2,0.0,24.0,0,0,True
2041621,2,0.0,50.0,0,0,True
2041625,2,0.0,24.0,0,0,True
2041626,2,0.0,43.0,0,0,True
2041627,3,0.0,100.0,0,0,True
2041628,2,0.0,26.0,0,0,True
2041636,7,0.0,138.0,0,0,True
2041663,3,0.0,86.0,0,0,True
2041676,4,0.0,75.0,0,0,True
2041739,4,0.0,40.0,0,0,True
2041771,4,0.0,87.0,0,0,True
2041779,4,0.0,153.0,0,0,True
2041782,9,0.0,143.0,0,0,True
2041784,8,0.0,179.0,0,0,True
2041786,5,0.0,90.0,0,0,True
2041793,5,0.0,142.0,0,0,True
2041798,3,0.0,148.0,0,0,True
2041847,4,0.0,101.0,0,0,True
2041848,5,0.0,101.0,0,0,True
2041854,4,0.0,179.0,0,0,True
2041855,3,0.5,47.0,0,0,True
2041857,3,0.0,33.0,0,0,True
2041858,5,0.5,49.0,0,0,True
2041859,9,0.5,62.0,0,0,True
2041875,4,0.0,50.0,0,0,True
2041880,4,0.0,202.0,0,0,True
2041924,3,0.0,150.0,0,0,True
2041925,3,0.0,100.0,0,0,True
2041928,5,0.0,68.0,0,0,True
2041929,6,0.0,121.0,0,0,True
2041940,10,0.0,141.0,0,0,True
2041945,6,0.0,202.0,0,0,True
2041946,5,0.0,112.0,0,0,True
2041953,4,0.0,170.0,0,0,True
2041958,7,0.0,80.0,0,0,True
2041963,4,0.0,75.0,0,0,True
2041968,2,2.0,59.2,1,0,False
2041969,3,0.0,159.2,0,0,True
2041998,2,30.5,60.0,0,0,False
2041999,3,0.0,177.5,0,0,True
2042000,5,0.0,131.0,0,0,True
2042018,4,0.0,83.0,0,0,True
2042019,4,0.0,198.0,0,0,True
2042039,4,0.0,83.0,0,0,True
2042050,4,0.0,130.0,0,0,True
2042069,5,0.0,90.0,0,0,True
2042072,4,0.0,67.0,0,0,True
2042086,4,0.0,67.0,0,0,True
2042089,4,0.0,65.0,0,0,True
2042101,4,0.0,187.0,0,1,True
2042102,4,0.0,103.0,0,0,True
2042103,5,0.0,77.0,0,0,True
2042125,8,0.0,42.0,0,0,True
2042126,16,0.0,68.0,0,1,True
2042127,5,0.0,137.0,0,0,True
2042136,3,0.0,187.0,0,0,True
2042142,5,0.0,56.0,0,0,True
2042144,8,0.0,92.0,0,0,True
2042178,12,0.0,42.0,0,0,True
2042179,8,0.0,29.0,0,0,True
2042186,20,0.0,74.0,0,2,True
2042188,5,0.0,14.0,0,0,True
2042191,9,0.0,196.0,0,0,True
2042197,12,0.0,61.2,0,0,True
2042202,5,0.0,30.0,0,0,True
2042223,5,0.0,24.0,0,0,True
2042226,23,0.0,71.0,0,2,True
2042238,12,0.0,31.0,0,0,True
2042239,2,0.0,14.0,0,0,True
2042240,2,0.0,15.0,0,0,True
2042241,2,0.0,16.0,0,0,True
2042254,22,0.0,64.0,0,2,True
2042255,14,0.0,35.0,0,1,True
2042257,3,0.0,52.0,0,0,True
2042258,4,0.0,40.0,0,0,True
2042259,7,0.0,180.0,0,0,True
2042260,2,0.0,44.0,0,0,True
2042263,4,0.0,161.0,0,0,True
2042264,2,0.0,48.0,0,0,True
2042265,5,0.0,100.0,0,0,True
2042276,4,0.0,50.0,0,0,True
2042317,6,0.0,102.0,0,0,True
2042329,6,0.0,185.0,0,0,True
2042341,3,0.0,101.0,0,0,True
2042343,4,0.0,181.0,0,0,True
2042344,4,0.0,132.0,0,0,True
2042349,5,0.0,60.0,0,0,True
2042368,5,0.0,182.0,0,0,True
2042376,5,0.0,48.0,0,0,True
2042377,6,0.0,105.0,0,0,True
2042383,5,0.0,57.0,0,0,True
2042409,4,0.0,82.0,0,0,True
2042410,5,0.0,86.0,0,0,True
2042412,4,0.0,25.0,0,0,True
2042417,3,0.0,84.0,0,0,True
2042447,8,0.0,154.0,0,0,True
2042451,5,0.0,110.0,0,0,True
2042455,2,0.0,90.0,0,0,True
2042456,10,0.0,220.0,0,0,True
2042458,4,0.0,70.0,0,0,True
2042460,4,0.0,62.0,0,0,True
2042471,6,0.0,54.0,0,0,True
2042480,4,0.0,173.0,0,0,True
2042492,4,0.0,101.0,0,0,True
2042539,4,0.0,181.0,0,0,True
2042556,10,0.0,111.6,0,0,True
2042561,7,0.0,35.0,0,0,True
2042589,4,0.0,200.0,0,0,True
2042590,4,0.0,133.0,0,0,True
2042593,2,18.0,40.0,0,0,False
2042594,4,0.0,82.0,0,0,True
2042595,3,0.0,131.0,0,0,True
2042614,5,0.0,175.0,0,0,True
2042615,4,0.0,48.0,0,0,True
2042616,6,0.0,110.0,0,0,True
2042633,7,0.0,182.0,0,0,True
2042634,3,0.0,82.0,0,0,True
2042637,9,0.0,161.0,0,0,True
2042638,5,0.0,90.0,0,0,True
2042642,5,0.0,112.0,0,0,True
2042651,4,0.0,180.0,0,0,True
2042652,3,0.0,143.0,0,0,True
2042653,5,0.0,220.0,0,0,True
2042675,4,0.0,121.0,0,0,True
2042676,4,0.0,141.0,0,0,True
2042678,9,0.0,345.0,0,0,True
2042684,5,0.0,16.0,0,0,True
2042710,4,0.0,101.0,0,0,True
2042719,3,0.0,82.0,0,0,True
2042720,3,0.0,96.0,0,1,True
2042727,5,0.0,210.0,0,0,True
2042736,4,0.5,16.0,0,0,True
2042737,3,0.5,16.0,0,0,True
2042738,4,0.5,16.0,0,0,True
2042748,4,0.0,60.0,0,0,True
2042756,5,0.0,141.0,0,1,True
2042787,3,0.0,80.0,0,0,True
2042789,6,0.0,149.0,0,0,True
2042792,5,0.0,201.0,0,0,True
2042793,10,0.0,195.0,0,0,True
2042796,8,0.0,165.0,0,0,True
2042839,4,0.0,70.0,0,0,True
2042841,8,0.0,175.0,0,0,True
2042845,8,0.0,86.0,0,1,True
2042846,5,0.0,161.0,0,1,True
2042847,3,0.0,50.0,0,0,True
2042848,3,0.0,55.0,0,0,True
2042849,3,0.0,141.0,0,0,True
2042859,4,0.0,118.0,0,0,True
2042861,7,0.0,142.0,0,0,True
2042865,6,0.0,121.0,0,0,True
2042866,3,0.0,121.0,0,0,True
2042878,3,0.0,42.0,0,0,True
2042902,5,0.0,110.0,0,0,True
2042909,4,0.0,65.0,0,0,True
2042940,5,0.0,182.0,0,0,True
2042954,6,0.0,201.0,0,0,True
2042955,8,0.0,110.0,1,1,True
2042967,6,0.0,122.0,2,0,True
2042978,5,0.0,242.0,0,0,True
2042989,4,0.0,100.0,0,0,True
2042993,3,0.0,106.0,0,1,True
2042994,5,0.0,172.0,0,0,True
2043002,8,0.0,120.0,0,0,True
2043017,3,0.0,65.0,0,0,True
2043019,7,0.0,121.0,0,0,True
2043028,5,0.0,161.0,0,0,True
2043032,4,0.0,82.0,0,0,True
2043033,2,0.0,20.0,0,0,True
2043034,2,0.3,30.0,0,0,True
2043036,2,0.0,31.0,0,0,True
2043038,2,1.0,18.0,0,0,True
2043041,3,0.0,56.0,0,0,True
2043054,5,0.0,102.0,0,0,True
2043055,5,0.0,161.0,0,0,True
2043058,2,0.0,31.0,0,0,True
2043061,3,0.0,14.0,0,0,True
2043062,3,0.0,14.0,0,0,True
2043063,2,0.0,37.0,0,0,True
2043064,2,0.0,14.0,0,0,True
2043065,3,0.0,40.0,0,0,True
2043066,2,0.0,15.0,0,0,True
2043069,2,1.0,20.0,0,0,True
2043070,2,1.0,30.0,0,0,True
2043096,2,0.0,14.0,0,0,True
2043097,2,0.0,34.0,0,0,True
2043099,7,0.0,130.0,0,0,True
2043100,9,0.0,61.0,0,0,True
2043118,8,0.0,137.0,0,0,True
2043129,3,0.0,34.0,0,0,True
2043149,3,0.0,75.0,0,0,True
2043151,2,0.0,50.0,0,0,True
2043154,4,0.0,100.0,0,0,True
2043166,5,0.0,104.0,0,0,True
2043167,3,0.0,70.0,0,0,True
2043170,5,0.0,70.0,0,0,True
2043171,5,0.0,83.0,0,0,True
2043172,3,0.0,98.0,0,0,True
2043173,3,0.0,88.0,0,0,True
2043174,3,0.0,61.0,0,0,True
2043176,7,0.0,182.0,0,0,True
2043177,3,0.0,222.0,0,0,True
2043192,4,0.0,190.0,0,0,True
2043199,5,0.0,165.0,0,0,True
2043205,6,0.0,70.0,0,0,True
2043212,5,0.0,145.0,0,0,True
2043218,3,0.0,101.0,0,0,True
2043227,5,0.0,118.0,0,0,True
2043228,6,0.0,102.0,0,0,True
2043241,9,0.0,111.0,0,0,True
2043253,4,0.0,72.0,0,0,True
2043257,5,0.0,240.0,0,0,True
2043265,6,0.0,159.0,0,0,True
2043282,1,0.5,20.0,0,0,True
2043283,2,0.0,16.0,0,0,True
2043295,4,0.0,140.0,0,0,True
2043334,8,0.0,110.0,0,0,True
2043342,5,0.0,138.0,0,0,True
2043356,9,0.0,178.0,0,0,True
2043357,2,0.0,35.0,0,0,True
2043358,5,0.0,82.0,0,0,True
2043360,8,0.0,195.0,0,0,True
2043362,10,0.0,181.0,0,0,True
2043398,8,0.0,178.0,0,0,True
2043400,7,0.0,222.0,0,0,True
2043402,3,0.0,78.0,0,0,True
2043416,1,0.0,30.0,0,0,True
2043419,3,0.0,30.0,0,0,True
2043420,5,0.0,30.0,0,0,True
2043421,1,0.0,18.0,0,0,True
2043423,1,0.0,18.0,0,0,True
2043424,1,0.0,19.0,0,0,True
2043425,4,0.0,19.0,0,0,True
2043426,4,0.0,179.0,0,0,True
2043427,3,0.0,17.0,0,0,True
2043428,1,0.0,19.0,0,0,True
2043429,1,0.0,13.5,0,0,True
2043430,3,0.0,12.8,0,0,True
2043431,1,0.0,11.0,0,0,True
2043432,2,0.0,12.8,0,0,True
2043433,2,0.0,13.0,0,0,True
2043434,2,0.0,14.0,0,0,True
2043435,1,0.0,7.0,0,0,True
2043436,1,0.0,7.0,0,0,True
2043437,1,0.0,8.0,0,0,True
2043444,2,0.0,39.0,0,0,True
2043445,3,0.0,138.0,0,0,True
2043446,5,0.0,218.0,0,0,True
2043450,9,0.0,74.0,0,0,True
2043452,6,0.0,50.0,0,0,True
2043473,3,0.0,116.0,0,0,True
2043474,3,0.0,104.0,1,0,True
2043476,5,0.0,181.0,0,0,True
2043495,5,0.0,218.0,0,0,True
2043515,4,0.0,161.0,0,0,True
2043516,8,0.0,110.0,0,0,True
2043521,3,0.0,61.0,0,0,True
2043536,7,0.0,151.0,0,0,True
2043538,9,0.0,295.0,0,0,True
2043542,6,0.0,65.0,0,0,True
2043545,4,0.0,190.0,0,0,True
2043553,10,0.0,354.0,2,0,True
2043554,5,0.0,70.0,0,0,True
2043564,4,0.0,120.0,0,0,True
2043584,4,0.0,180.0,0,0,True
2043585,1,0.0,38.73,0,0,True
2043586,2,0.0,39.0,0,0,True
2043587,5,0.0,140.0,0,0,True
2043588,1,0.0,20.0,0,0,True
2043607,3,0.0,101.0,0,0,True
2043608,7,0.0,185.0,0,0,True
2043622,5,0.0,43.0,0,0,True
2043626,4,0.0,117.0,0,0,True
2043627,3,0.0,133.0,0,0,True
2043636,4,0.0,121.0,0,0,True
2043637,3,0.0,89.0,0,0,True
2043647,2,1.4,22.0,0,0,False
2043648,2,1.4,23.0,0,0,False
2043649,2,1.4,22.0,0,0,False
2043650,2,1.2,23.0,0,0,False
2043663,5,0.0,126.0,0,0,True
2043673,6,0.0,141.0,0,0,True
2043674,4,0.0,181.0,0,0,True
2043675,4,0.0,181.0,0,0,True
2043676,3,0.0,40.0,0,0,True
2043680,3,0.0,87.0,0,0,True
2043681,7,0.0,245.0,0,0,True
2043711,3,0.0,72.0,0,0,True
2043713,3,0.0,77.0,0,0,True
2043720,4,0.0,101.0,0,0,True
2043738,4,0.0,171.0,0,0,True
2043771,4,0.0,133.0,0,0,True
2043779,3,0.0,150.0,0,0,True
2043797,2,0.0,140.0,0,0,True
2043827,7,0.0,100.0,0,0,True
2043845,4,0.0,101.0,0,0,True
2043846,3,0.0,91.0,0,0,True
2043847,1,0.6,14.0,0,0,True
2043848,1,0.6,14.0,0,0,True
2043849,1,0.6,14.0,0,0,True
2043850,1,0.6,14.0,0,0,True
2043865,1,0.6,14.0,0,0,True
2043866,1,0.6,14.0,0,0,True
2043868,1,0.6,14.0,0,0,True
2043869,1,0.6,14.0,0,0,True
2043881,11,0.0,81.0,0,1,True
2043889,6,0.0,200.0,0,0,True
2043890,6,0.0,200.0,0,0,True
2043895,8,0.0,63.0,0,0,True
2043953,6,0.0,162.0,0,0,True
2043974,5,0.0,221.0,0,0,True
2043976,6,17.0,47.0,0,0,False
2043977,7,19.0,41.0,0,0,False
2043978,7,0.0,47.5,0,1,True
2043983,3,0.0,70.0,0,0,True
2043987,4,1.0,36.0,0,0,True
2043992,3,1.0,18.0,0,0,True
2043993,5,1.0,24.0,0,1,True
2043996,7,0.0,65.0,0,0,True
2043997,7,0.0,141.0,0,0,True
2043999,9,0.0,121.0,0,0,True
2044000,10,0.0,200.0,0,0,True
2044002,4,0.0,130.0,0,0,True
2044003,5,0.0,66.0,0,0,True
2044005,8,0.0,95.0,0,0,True
2044012,7,0.0,141.0,0,0,True
2044016,4,0.0,108.0,0,0,True
2044017,5,0.0,108.0,0,0,True
2044020,9,0.0,46.0,0,1,True
2044027,4,0.0,43.0,0,0,True
2044032,8,0.0,162.0,0,0,True
2044036,8,28.0,42.0,0,0,False
2044059,6,0.0,53.0,0,0,True
2044068,6,0.0,123.0,0,0,True
2044092,3,0.0,55.0,0,0,True
2044136,6,11.0,182.0,0,0,False
2044137,4,0.0,86.0,0,0,True
2044153,8,0.0,133.0,0,0,True
2044175,8,0.0,126.0,0,0,True
2044186,2,0.0,16.0,0,0,True
2044187,2,0.0,16.0,0,0,True
2044188,7,0.0,130.0,0,0,True
2044190,3,0.0,125.0,0,0,True
2044191,3,0.0,100.0,0,0,True
2044192,6,0.0,142.0,0,0,True
2044211,3,0.0,39.0,0,0,True
2044215,6,0.0,145.0,0,0,True
2044216,5,0.0,70.0,0,0,True
2044217,3,0.0,70.0,0,0,True
2044246,3,0.0,105.0,0,0,True
2044247,4,0.0,94.0,0,0,True
2044250,4,0.0,200.0,0,0,True
2044252,4,0.0,140.0,0,0,True
2044272,6,0.0,117.0,0,0,True
2044286,4,0.0,34.0,0,0,True
2044295,6,0.0,141.0,0,0,True
2044301,4,0.0,101.0,0,0,True
2044302,2,0.0,70.0,0,0,True
2044311,6,0.0,102.0,0,0,True
2044312,7,0.0,135.0,0,0,True
2044319,4,0.0,65.0,0,0,True
2044320,2,0.0,65.0,0,0,True
2044322,7,0.0,141.0,2,1,True
2044329,2,0.0,140.0,0,0,True
2044355,3,0.0,84.0,0,0,True
2044361,3,0.0,41.0,0,0,True
2044363,6,0.0,307.0,0,0,True
2044369,5,0.0,210.0,0,0,True
2044384,5,0.0,116.0,0,0,True
2044393,4,0.0,86.0,0,0,True
2044401,6,0.0,310.0,0,0,True
2044408,3,0.0,80.0,0,0,True
2044411,11,0.0,181.0,0,1,True
2044430,4,0.0,101.0,0,0,True
2044431,5,0.0,50.0,0,0,True
2044456,3,12.0,37.0,0,1,False
2044481,5,0.0,74.0,0,0,True
2044488,7,0.0,141.0,0,0,True
2044492,2,0.0,150.0,0,0,True
2044496,3,0.0,153.0,0,0,True
2044521,7,0.0,150.0,0,0,True
2044527,2,0.0,45.0,0,0,True
2044528,4,0.0,101.0,0,0,True
2044572,3,0.0,90.0,0,0,True
2044598,3,0.0,192.0,0,0,True
2044605,3,0.0,380.0,0,0,True
2044619,3,0.0,26.0,0,0,True
2044620,3,0.0,26.0,0,0,True
2044621,4,0.0,33.0,0,0,True
2044622,4,0.0,33.0,0,0,True
2044653,6,0.0,180.0,0,0,True
2044655,4,0.0,121.0,0,0,True
2044660,5,0.0,264.0,0,0,True
2044688,3,0.0,90.0,0,0,True
2044702,3,0.5,24.0,0,0,True
2044704,5,0.5,20.0,0,0,True
2044705,4,0.5,20.0,0,0,True
2044706,4,0.5,22.0,0,0,True
2044709,6,0.0,300.0,0,0,True
2044711,7,0.0,302.0,2,1,True
2044717,5,0.0,78.0,0,0,True
2044718,9,0.0,115.0,0,0,True
2044719,3,0.0,152.0,0,0,True
2044720,7,0.0,160.0,0,0,True
2044723,4,0.0,103.0,0,0,True
2044725,5,0.0,95.0,0,0,True
2044726,4,0.0,46.0,0,0,True
2044727,3,0.0,37.0,0,0,True
2044728,5,0.0,53.0,0,0,True
2044730,11,0.0,90.0,0,1,True
2044742,5,0.0,86.0,0,0,True
2044743,4,0.0,155.0,0,0,True
2044759,4,0.0,40.0,0,0,True
2044827,4,0.0,68.0,0,0,True
2044853,7,0.0,170.0,0,0,True
2044902,3,0.0,71.0,0,0,True
2044908,3,0.0,83.0,0,0,True
2044915,3,0.0,62.0,0,0,True
2044916,4,0.0,202.0,0,0,True
2044926,5,0.0,183.0,0,0,True
2044930,6,0.0,150.0,0,0,True
2044935,3,0.0,60.0,0,0,True
2044936,5,0.0,42.0,0,0,True
2044940,5,0.0,46.0,0,0,True
2044942,3,0.0,46.0,0,0,True
2044943,7,5.0,100.0,0,0,False
2044945,11,0.0,54.0,0,1,True
2044948,11,0.0,161.0,0,1,True
2044949,5,0.0,121.0,0,0,True
2044955,10,0.0,58.0,0,0,True
2044956,9,0.0,62.0,0,0,True
2044960,3,0.0,134.0,0,0,True
2044979,5,0.0,142.0,0,0,True
2044981,3,0.0,47.0,0,0,True
2045003,8,0.0,101.0,0,0,True
2045009,4,0.0,90.0,0,0,True
2045019,5,0.0,46.0,0,0,True
2045023,8,0.0,110.0,0,0,True
2045026,9,0.0,89.0,0,0,True
2045036,8,0.0,300.0,0,0,True
2045055,2,0.0,130.1,0,0,True
2045060,7,0.0,110.0,0,0,True
2045092,6,0.0,117.0,0,0,True
2045093,11,0.0,113.0,0,0,True
2045107,3,0.0,52.0,0,0,True
2045108,5,0.0,62.0,0,0,True
2045109,4,0.0,250.0,0,0,True
2045110,6,0.0,55.0,0,0,True
2045111,5,0.0,148.0,0,0,True
2045112,3,0.0,112.0,0,0,True
2045113,10,0.0,110.0,0,0,True
2045115,5,0.0,154.0,0,0,True
2045117,7,0.0,183.0,0,0,True
2045118,11,0.0,101.0,2,0,True
2045134,5,0.0,97.0,0,0,True
2045139,7,0.0,302.0,2,1,True
2045149,3,0.0,65.0,0,0,True
2045150,6,0.0,222.0,0,0,True
2045185,4,0.0,110.0,0,0,True
2045197,3,0.0,183.0,0,0,True
2045199,5,0.0,162.0,0,0,True
2045200,10,0.0,207.0,0,0,True
2045206,2,0.0,142.0,0,0,True
2045217,5,0.0,122.0,0,0,True
2045241,3,0.0,110.0,0,0,True
2045247,8,0.0,221.0,0,0,True
2045249,2,0.0,35.0,0,0,True
2045273,2,0.0,44.0,0,0,True
2045289,6,0.0,510.0,0,0,True
2045290,4,0.0,137.0,0,0,True
2045298,3,0.0,101.0,0,0,True
2045308,10,0.0,181.0,0,0,True
2045325,4,0.0,170.0,0,0,True
2045331,10,0.0,153.0,0,0,True
2045388,3,0.0,70.0,0,0,True
2045395,5,0.5,14.4,0,0,True
2045396,9,0.0,125.0,0,0,True
2045397,6,0.5,13.9,0,0,True
2045412,5,0.0,50.0,0,0,True
2045439,5,0.0,110.0,0,0,True
2045469,4,0.0,60.0,0,0,True
2045481,9,0.0,187.0,0,0,True
2045482,4,0.0,142.0,0,0,True
2045484,4,0.0,122.0,0,0,True
2045527,5,0.0,154.0,0,0,True
2045544,6,0.0,208.0,0,0,True
2045546,7,0.0,150.0,0,0,True
2045550,9,0.0,110.0,0,0,True
2045565,9,0.0,118.0,0,0,True
2045590,5,0.0,161.0,0,0,True
2045596,5,0.0,159.0,0,0,True
2045597,6,0.0,159.0,0,0,True
2045607,3,0.0,121.0,0,0,True
2045610,4,0.0,135.0,0,0,True
2045613,6,0.0,242.0,0,0,True
2045626,7,0.0,160.0,0,0,True
2045653,7,0.0,185.0,0,1,True
2045716,5,0.0,245.0,0,0,True
2045717,1,0.0,14.5,0,0,True
2045718,1,0.0,14.5,0,0,True
2045719,1,0.0,14.5,0,0,True
2045720,1,0.0,14.5,0,0,True
2045721,4,0.0,84.0,0,0,True
2045748,3,0.0,175.0,0,0,True
2045753,6,0.0,140.0,0,0,True
2045767,6,0.0,165.0,0,0,True
2045773,6,0.0,155.0,0,0,True
2045781,2,0.0,30.0,0,0,True
2045782,2,0.0,25.0,0,0,True
2045783,2,0.0,25.0,0,0,True
2045784,2,0.0,25.0,0,0,True
2045785,2,0.0,25.0,0,0,True
2045786,2,0.0,25.0,0,0,True
2045787,2,0.0,25.0,0,0,True
2045788,2,0.0,25.0,0,0,True
2045789,2,0.0,55.0,0,0,True
2045790,4,0.0,175.0,0,0,True
2045796,5,0.0,140.0,0,0,True
2045797,5,0.0,112.0,0,0,True
2045801,4,0.0,100.0,0,0,True
2045803,5,0.0,36.0,0,0,True
2045826,2,0.0,45.0,0,0,True
2045829,3,0.0,146.0,0,0,True
2045843,5,0.0,54.0,0,0,True
2045852,4,0.0,122.0,0,0,True
2045879,4,0.0,180.0,0,0,True
2045903,4,0.0,71.0,0,0,True
2045909,7,0.0,60.0,0,0,True
2045924,6,0.5,16.0,0,0,True
2045925,5,0.5,16.0,0,0,True
2045926,3,0.5,14.0,0,0,True
2045927,7,0.5,14.0,0,0,True
2045928,10,0.0,22.0,0,0,True
2045929,5,0.5,14.0,0,0,True
2045930,6,0.5,15.0,0,0,True
2045950,3,0.0,60.0,0,0,True
2045975,3,0.0,43.0,0,0,True
2045976,2,0.0,48.0,0,0,True
2046002,5,0.0,110.0,0,0,True
2046031,5,0.0,58.0,0,0,True
2046032,4,0.0,72.0,0,0,True
2046036,4,12.0,28.0,0,0,False
2046037,3,0.0,20.0,0,0,True
2046039,3,0.0,26.0,1,1,True
2046041,5,0.0,98.0,0,0,True
2046042,3,0.0,80.0,0,0,True
2046086,4,0.0,39.0,0,0,True
2046088,4,0.0,36.0,0,0,True
2046092,4,0.0,50.0,0,0,True
2046094,4,0.0,36.0,0,0,True
2046129,5,0.0,145.0,0,0,True
2046157,3,0.0,158.0,0,0,True
2046164,3,0.0,65.0,0,0,True
2046166,3,0.0,141.0,0,0,True
2046170,3,0.0,60.0,0,0,True
2046193,3,0.0,132.0,0,0,True
2046194,7,0.0,183.0,0,0,True
2046195,3,0.0,129.0,0,0,True
2046196,4,0.0,313.0,0,0,True
2046198,3,0.0,80.0,0,0,True
2046234,3,0.0,100.0,0,1,True
2046255,4,0.0,37.0,0,0,True
2046316,5,0.0,156.0,0,0,True
2046322,2,0.0,59.0,0,0,True
2046330,5,0.0,142.0,0,0,True
2046353,3,0.0,122.0,0,0,True
2046356,4,0.0,134.0,0,0,True
2046367,7,0.0,194.0,0,0,True
2046383,4,0.0,104.0,0,0,True
2046390,8,0.0,78.0,0,0,True
2046402,5,0.0,162.0,0,0,True
2046406,5,0.0,219.0,0,0,True
2046425,5,0.0,105.0,0,0,True
2046428,2,0.6,32.0,0,0,True
2046431,2,0.4,32.0,0,0,True
2046433,2,0.4,32.0,0,0,True
2046435,2,0.4,32.0,0,0,True
2046436,3,0.4,50.0,0,0,True
2046441,5,0.0,250.0,0,0,True
2046445,8,0.0,150.0,0,0,True
2046447,7,0.0,48.0,0,0,True
2046449,7,0.0,150.0,0,0,True
2046474,6,0.5,20.0,0,0,True
2046475,6,0.5,20.0,0,0,True
2046476,6,0.5,20.0,0,0,True
2046477,5,0.5,16.0,0,0,True
2046478,5,0.5,16.0,0,0,True
2046479,6,0.5,16.0,0,0,True
2046480,3,0.5,16.0,0,0,True
2046484,9,0.0,284.0,0,0,True
2046485,7,0.0,283.0,0,0,True
2046491,5,0.0,212.0,0,0,True
2046503,3,1.5,28.0,0,0,False
2046505,3,1.5,20.0,0,0,False
2046506,4,0.0,24.0,0,0,True
2046508,7,0.0,223.0,0,0,True
2046509,3,0.0,52.0,0,0,True
2046510,3,0.0,163.0,0,0,True
2046512,4,0.0,72.0,0,0,True
2046514,3,0.0,120.0,0,0,True
2046530,7,0.0,137.0,0,0,True
2046558,7,0.0,183.0,0,0,True
2046559,3,0.0,35.0,0,0,True
2046575,2,0.0,100.0,0,0,True
2046578,6,0.0,200.0,0,0,True
2046725,3,0.0,53.0,0,0,True
2046727,4,0.0,38.0,0,0,True
2046833,4,0.0,38.0,0,0,True
2046836,6,0.0,121.0,0,0,True
2046847,5,0.0,141.0,0,0,True
2046858,5,0.0,78.0,0,0,True
2046867,8,0.0,70.0,0,0,True
2046869,5,0.0,66.0,0,0,True
2046876,5,0.0,60.0,0,0,True
2046881,5,0.5,20.0,0,0,True
2046889,4,0.0,38.0,0,0,True
2046895,5,0.0,157.0,0,0,True
2046896,5,0.0,162.0,0,0,True
2046898,3,0.0,42.0,0,0,True
2046899,4,0.0,51.0,0,0,True
2046902,3,0.0,106.0,0,0,True
2046915,4,0.0,77.0,0,0,True
2046916,2,0.0,146.0,0,0,True
2046926,2,0.0,61.0,0,0,True
2046932,4,0.0,43.0,0,0,True
2046935,4,0.0,161.0,0,0,True
2046939,4,0.0,35.0,0,0,True
2046978,4,0.0,95.0,0,0,True
2047009,5,0.0,63.0,0,0,True
2047011,4,0.0,40.0,0,0,True
2047012,4,0.0,40.0,0,0,True
2047013,5,0.0,40.0,0,0,True
2047014,3,0.0,32.0,0,0,True
2047015,3,0.0,40.0,0,0,True
2047016,3,0.0,40.0,0,0,True
2047017,2,0.0,32.0,0,0,True
2047018,4,0.0,40.0,0,0,True
2047019,3,0.0,40.0,0,0,True
2047020,3,0.0,40.0,0,0,True
2047021,5,0.0,35.0,0,0,True
2047022,3,0.0,35.0,0,0,True
2047023,4,0.0,35.0,0,0,True
2047024,4,0.0,35.0,0,0,True
2047026,4,0.0,35.0,1,0,True
2047027,4,0.0,35.0,0,0,True
2047028,4,0.0,35.0,0,0,True
2047029,3,0.0,35.0,0,0,True
2047035,3,0.0,50.0,0,0,True
2047036,3,0.0,50.0,0,0,True
2047037,3,0.0,50.0,0,0,True
2047038,3,0.0,50.0,0,0,True
2047039,3,0.0,50.0,0,0,True
2047040,3,0.0,50.0,0,0,True
2047041,3,0.0,50.0,0,0,True
2047042,4,0.0,50.0,0,0,True
2047043,4,0.0,46.0,0,0,True
2047044,4,0.0,35.0,0,0,True
2047045,4,0.0,35.0,0,0,True
2047046,4,0.0,35.0,0,0,True
2047047,4,0.0,35.0,0,0,True
2047048,4,0.0,35.0,0,0,True
2047049,3,0.0,35.0,0,0,True
2047050,5,0.0,35.0,0,0,True
2047051,4,0.0,35.0,0,0,True
2047052,4,0.0,35.0,0,0,True
2047053,3,0.0,35.0,0,0,True
2047054,3,0.0,35.0,0,0,True
2047055,3,0.0,35.0,0,0,True
2047056,4,0.0,35.0,0,0,True
2047057,4,0.0,35.0,0,0,True
2047058,4,0.0,35.0,0,0,True
2047059,4,0.0,35.0,0,0,True
2047060,4,0.0,35.0,0,0,True
2047061,3,0.0,35.0,0,0,True
2047062,3,0.0,35.0,0,0,True
2047074,4,0.0,145.0,0,0,True
2047075,6,0.0,405.0,0,0,True
2047077,3,0.0,35.0,0,0,True
2047078,3,0.0,50.0,0,0,True
2047079,3,0.0,35.0,0,0,True
2047080,3,0.0,50.0,0,0,True
2047081,6,0.0,50.0,0,0,True
2047082,5,0.0,40.0,0,0,True
2047083,2,0.0,32.0,0,0,True
2047084,2,0.0,32.0,0,0,True
2047085,3,0.0,34.0,0,0,True
2047086,4,0.0,32.0,0,0,True
2047087,4,0.0,30.0,0,0,True
2047088,4,0.0,26.0,0,0,True
2047089,4,0.0,25.0,0,0,True
2047092,4,0.0,32.0,0,0,True
2047093,5,0.0,32.0,0,0,True
2047094,4,0.0,24.0,0,0,True
2047095,2,0.0,32.0,0,0,True
2047096,2,0.0,34.0,0,0,True
2047097,4,3.0,34.0,0,0,False
2047098,3,0.0,35.0,0,0,True
2047099,4,3.0,28.0,0,0,False
2047100,4,0.0,35.0,0,0,True
2047101,4,0.0,33.0,0,0,True
2047102,4,0.0,33.0,0,0,True
2047104,3,0.0,32.0,0,0,True
2047105,3,0.0,24.0,0,0,True
2047106,3,0.0,22.0,0,0,True
2047107,4,0.0,34.0,0,0,True
2047108,3,0.0,33.0,0,0,True
2047109,2,0.0,28.0,0,0,True
2047110,4,0.0,24.0,0,0,True
2047112,3,0.0,25.0,0,0,True
2047113,3,0.0,19.0,0,0,True
2047114,3,0.0,14.0,0,0,True
2047115,2,0.0,13.0,0,0,True
2047116,2,0.0,13.0,0,0,True
2047139,4,0.0,70.0,0,0,True
2047144,7,0.0,170.0,0,0,True
2047145,8,0.0,223.0,0,0,True
2047146,3,0.0,100.0,0,0,True
2047201,6,0.0,55.0,0,0,True
2047203,4,0.0,121.0,0,0,True
2047217,2,0.0,50.0,1,0,True
2047219,3,0.0,55.0,0,0,True
2047233,4,2.0,50.0,0,0,False
2047243,6,0.0,101.0,0,0,True
2047251,2,0.0,119.0,0,0,True
2047279,4,0.0,107.0,0,0,True
2047288,3,0.0,93.0,0,0,True
2047297,7,0.0,120.0,0,0,True
2047300,4,0.0,100.0,1,0,True
2047305,5,0.0,65.0,0,0,True
2047318,3,0.0,40.0,0,0,True
2047328,2,0.0,141.0,0,0,True
2047338,3,0.0,70.0,0,0,True
2047342,7,0.0,141.0,0,0,True
2047357,5,0.0,188.0,0,0,True
2047391,5,0.0,142.0,0,0,True
2047423,2,0.0,40.0,0,0,True
2047441,7,0.0,106.0,0,0,True
2047442,7,0.0,106.0,0,0,True
2047445,8,0.0,220.0,0,0,True
2047446,8,0.0,220.0,0,0,True
2047447,8,0.0,220.0,0,0,True
2047448,8,0.0,220.0,0,0,True
2047450,8,0.0,220.0,0,0,True
2047470,7,0.0,106.0,0,0,True
2047474,2,0.0,35.0,0,0,True
2047493,3,0.0,43.0,0,0,True
2047496,2,0.0,121.0,0,0,True
2047543,4,0.0,37.0,0,0,True
2047549,3,0.0,94.0,0,0,True
2047552,6,0.0,53.0,0,0,True
2047558,7,0.0,150.0,0,0,True
2047570,6,0.0,91.7,0,0,True
2047571,11,0.0,78.0,0,1,True
2047574,6,3.0,106.0,2,0,False
2047585,7,0.0,203.0,0,0,True
2047588,4,0.0,163.0,0,0,True
2047594,2,0.0,121.0,0,0,True
2047620,5,0.0,132.0,0,0,True
2047621,3,0.0,53.0,0,0,True
2047628,3,0.0,153.0,0,0,True
2047637,7,0.0,162.0,0,0,True
2047653,5,0.0,70.0,0,0,True
2047657,7,0.0,130.0,0,0,True
2047661,4,0.0,58.0,0,0,True
2047662,3,0.0,78.0,0,0,True
2047663,1,0.0,48.0,0,0,True
2047664,2,0.0,18.0,0,0,True
2047665,3,0.0,90.0,0,0,True
2047666,3,0.0,88.0,0,0,True
2047667,2,0.0,38.0,0,0,True
2047682,3,0.0,138.0,0,0,True
2047737,3,0.5,25.0,0,0,True
2047738,3,0.5,25.0,0,0,True
2047739,4,0.5,59.0,0,0,True
2047740,2,0.0,40.0,0,0,True
2047741,2,0.0,120.0,0,0,True
2047751,12,0.0,95.0,0,0,True
2047752,8,0.0,60.0,0,1,True
2047756,10,0.0,60.0,0,0,True
2047758,10,0.0,60.0,0,0,True
2047761,5,0.0,165.0,0,0,True
2047795,5,0.0,143.0,2,0,True
2047796,4,0.0,50.0,0,0,True
2047798,4,0.0,68.0,0,0,True
2047799,4,0.0,150.0,0,0,True
2047801,2,0.0,80.0,0,0,True
2047814,3,0.0,101.0,0,0,True
2047815,4,0.0,50.0,0,0,True
2047816,5,0.0,101.0,0,0,True
2047836,5,0.0,141.0,0,0,True
2047837,3,0.0,125.0,0,1,True
2047838,5,0.0,110.0,0,0,True
2047842,3,0.0,15.0,0,0,True
2047843,5,0.0,55.0,0,0,True
2047844,4,11.0,183.0,0,0,False
2047860,7,0.0,222.0,0,0,True
2047865,3,0.0,47.0,0,0,True
2047866,3,0.0,47.0,0,0,True
2047867,3,0.0,15.0,0,0,True
2047868,3,0.0,45.0,0,0,True
2047869,7,0.0,55.0,0,0,True
2047870,3,0.0,10.0,0,0,True
2047871,9,0.0,60.0,0,0,True
2047872,4,0.0,30.0,0,0,True
2047874,6,0.0,38.0,0,0,True
2047878,9,0.0,144.0,0,0,True
2047879,2,0.0,44.0,0,0,True
2047880,5,0.0,44.0,0,0,True
2047882,6,0.0,112.0,0,0,True
2047883,5,0.0,177.0,0,0,True
2047884,4,0.0,58.0,0,0,True
2047890,4,0.0,380.0,0,0,True
2047939,3,0.0,45.0,0,0,True
2047940,3,0.0,45.0,0,0,True
2047941,3,0.0,45.0,0,0,True
2047953,2,0.0,24.0,0,0,True
2047955,1,0.8,25.0,0,0,True
2047989,3,0.0,23.0,0,0,True
2048015,5,0.0,196.0,0,0,True
2048018,5,0.0,160.0,0,0,True
2048039,7,0.0,117.0,0,0,True
2048041,3,0.0,39.0,0,0,True
2048042,5,0.0,121.0,0,0,True
2048049,7,0.0,155.0,0,0,True
2048055,4,2.0,40.0,0,0,False
2048069,3,0.0,70.0,0,0,True
2048092,2,0.0,155.0,0,0,True
2048098,4,0.0,178.0,2,0,True
2048100,4,0.0,178.0,2,0,True
2048102,3,0.0,66.0,0,0,True
2048133,4,0.0,74.0,0,0,True
2048135,7,0.0,150.0,0,0,True
2048149,4,0.0,59.0,0,0,True
2048150,5,0.0,246.0,0,0,True
2048151,5,0.0,63.0,0,0,True
2048184,5,0.0,126.0,0,0,True
2048185,4,0.0,89.0,0,0,True
2048206,5,0.0,53.0,0,0,True
2048207,3,0.0,70.0,0,0,True
2048212,9,0.0,155.0,0,0,True
2048215,4,0.0,85.0,0,0,True
2048216,6,0.0,125.0,0,0,True
2048225,4,0.0,75.0,0,0,True
2048226,4,0.0,163.0,1,0,True
2048239,3,0.0,58.0,0,0,True
2048260,3,0.0,60.0,0,0,True
2048277,5,0.0,400.0,0,0,True
2048280,3,0.0,101.0,0,0,True
2048284,6,0.0,105.0,0,0,True
2048286,6,0.0,181.0,0,0,True
2048296,3,0.0,98.0,0,0,True
2048313,3,0.0,65.0,0,0,True
2048318,5,0.0,156.0,0,0,True
2048319,7,0.0,163.0,0,0,True
2048327,5,0.0,122.0,0,0,True
2048328,6,0.0,115.0,0,0,True
2048330,3,0.0,159.0,0,0,True
2048331,3,0.0,120.0,0,0,True
2048335,3,0.0,101.0,0,0,True
2048336,2,0.0,121.0,0,0,True
2048340,10,0.0,163.0,0,0,True
2048342,4,0.0,143.0,0,0,True
2048372,2,11.0,221.0,0,0,False
2048378,4,0.5,16.0,0,0,True
2048379,5,0.0,16.0,0,0,True
2048380,5,0.0,16.0,0,0,True
2048381,6,0.0,16.0,0,0,True
2048400,9,0.0,61.0,0,0,True
2048411,2,0.0,81.0,0,0,True
2048427,4,0.0,201.0,0,0,True
2048428,7,0.0,182.0,0,0,True
2048435,5,0.0,365.0,0,0,True
2048460,5,0.0,142.0,0,0,True
2048461,5,0.0,122.0,0,0,True
2048465,10,0.0,114.0,0,0,True
2048482,2,0.0,130.0,0,0,True
2048493,3,0.0,112.0,0,0,True
2048501,5,0.0,138.0,0,0,True
2048513,4,0.0,50.0,0,0,True
2048533,6,3.0,70.0,0,0,False
2048544,7,0.0,88.0,0,0,True
2048563,3,0.0,65.0,0,0,True
2048578,7,0.0,70.0,0,0,True
2048588,2,0.0,121.0,0,0,True
2048590,3,0.0,101.0,0,0,True
2048592,2,0.0,112.0,0,0,True
2048594,4,0.0,71.0,0,0,True
2048595,3,0.0,75.0,0,0,True
2048603,4,0.0,232.0,0,0,True
2048604,3,0.0,123.0,0,0,True
2048605,5,0.0,382.0,0,0,True
2048622,5,0.0,72.0,1,0,True
2048643,3,2.0,70.0,0,0,False
2048647,6,0.0,149.0,0,0,True
2048648,3,0.0,46.0,0,0,True
2048649,4,0.0,101.0,0,0,True
2048651,10,0.0,137.0,0,0,True
2048665,4,0.0,161.0,0,1,True
2048701,3,0.0,98.0,0,0,True
2048702,8,0.0,226.0,0,0,True
2048703,4,0.0,183.0,0,0,True
2048715,2,0.0,120.0,0,0,True
2048722,3,0.0,84.0,0,0,True
2048726,5,4.0,45.0,0,0,False
2048735,5,0.0,141.0,0,0,True
2048758,3,2.0,59.0,0,0,False
2048759,3,2.2,59.0,0,0,False
2048760,3,0.0,54.0,0,0,True
2048761,4,0.0,54.0,0,0,True
2048767,3,0.0,152.0,0,0,True
2048768,4,0.0,54.0,0,0,True
2048769,6,0.0,143.0,0,0,True
2048771,4,0.0,157.0,0,0,True
2048789,5,0.0,203.0,0,0,True
2048793,2,0.0,32.0,0,0,True
2048820,6,0.0,188.0,0,0,True
2048842,7,0.0,163.0,0,0,True
2048847,7,0.0,223.0,0,0,True
2048853,2,0.0,28.0,0,0,True
2048856,3,0.0,36.0,0,0,True
2048857,3,0.0,44.0,0,0,True
2048862,6,0.0,203.0,0,0,True
2048874,3,0.7,20.5,0,0,True
2048875,4,0.7,20.5,0,0,True
2048876,3,0.7,18.5,0,0,True
2048877,5,0.7,18.0,0,0,True
2048878,6,0.7,19.3,0,0,True
2048889,3,0.0,140.0,0,0,True
2048891,3,0.0,77.0,0,0,True
2048892,7,0.0,153.0,0,0,True
2048893,3,0.0,37.0,0,0,True
2048895,5,0.0,146.0,0,0,True
2048896,5,0.0,65.0,0,0,True
2048898,4,0.0,183.0,0,0,True
2048899,3,0.0,79.0,0,0,True
2048900,3,0.0,52.0,0,0,True
2048911,2,0.0,16.0,0,0,True
2048912,3,0.0,183.0,0,0,True
2048916,2,0.0,16.0,0,0,True
2048918,1,0.0,16.0,0,0,True
2048919,1,0.0,16.0,0,0,True
2048938,7,0.0,170.0,0,0,True
2048939,7,0.0,115.0,0,0,True
2048946,6,0.0,78.0,0,0,True
2048963,3,0.0,143.0,0,0,True
2048979,4,0.0,55.0,0,0,True
2048984,3,0.0,140.0,0,0,True
2048986,7,1.0,20.0,0,0,True
2048988,7,1.0,20.0,0,0,True
2048990,8,1.0,21.0,0,0,True
2048991,3,0.0,54.0,0,0,True
2048992,3,1.0,22.0,0,0,True
2048993,3,0.0,73.0,0,0,True
2048994,4,0.0,74.0,0,0,True
2049002,3,0.0,70.0,0,0,True
2049009,3,0.0,96.0,0,0,True
2049010,8,0.0,187.0,0,0,True
2049029,4,0.0,121.0,0,0,True
2049039,3,0.0,83.0,0,0,True
2049047,4,0.0,86.0,0,0,True
2049048,9,0.0,120.0,0,0,True
2049063,6,0.0,100.0,0,0,True
2049064,4,0.0,121.0,0,0,True
2049068,5,0.0,143.0,0,0,True
2049070,3,0.0,46.0,0,0,True
2049095,6,0.0,163.0,0,0,True
2049115,3,1.0,100.0,0,0,True
2049119,9,0.0,90.0,0,0,True
2049121,11,0.0,121.0,0,1,True
2049122,5,0.0,20.0,0,0,True
2049123,3,0.0,32.0,0,0,True
2049124,2,0.0,21.0,0,0,True
2049125,5,0.0,12.5,0,0,True
2049126,3,0.0,9.5,0,0,True
2049127,5,0.0,161.0,0,0,True
2049139,2,0.0,26.0,0,1,True
2049141,3,0.0,127.0,0,0,True
2049161,3,0.0,101.0,0,0,True
2049169,4,3.0,60.0,0,0,False
2049177,1,28.0,40.0,0,0,False
2049178,4,18.0,41.0,0,0,False
2049179,5,12.0,52.0,0,1,False
2049182,3,0.0,186.0,0,0,True
2049191,6,0.0,141.0,0,0,True
2049205,4,0.0,76.0,0,0,True
2049227,4,0.0,150.0,0,0,True
2049230,3,0.0,183.0,0,0,True
2049235,9,0.0,81.0,0,0,True
2049245,2,0.0,11.0,0,0,True
2049246,3,0.0,16.0,0,0,True
2049259,4,0.0,233.0,0,0,True
2049268,1,35.0,60.0,0,0,False
2049274,6,0.0,160.0,0,0,True
2049283,3,0.0,81.0,0,0,True
2049307,3,0.0,90.0,0,0,True
2049313,6,0.0,206.0,0,0,True
2049314,5,0.0,165.0,0,0,True
2049315,6,0.0,139.0,0,0,True
2049346,5,0.0,156.0,0,0,True
2049358,6,0.0,180.0,0,0,True
2049361,3,0.0,38.0,0,0,True
2049362,3,0.0,118.0,1,0,True
2049363,6,0.0,178.0,0,0,True
2049364,8,0.0,239.0,1,0,True
2049383,5,0.0,155.0,0,0,True
2049386,5,0.0,146.0,0,0,True
2049389,3,3.0,70.0,0,0,False
2049401,12,0.0,155.0,0,1,True
2049402,14,2.0,169.0,0,1,False
2049404,17,2.0,148.0,0,2,False
2049412,11,0.0,50.0,0,1,True
2049413,5,0.0,76.0,0,0,True
2049414,7,13.0,119.0,0,0,False
2049438,4,0.0,100.0,0,0,True
2049445,4,3.0,52.0,0,0,False
2049454,3,0.0,140.0,0,0,True
2049467,3,0.0,63.0,0,0,True
2049468,3,0.0,46.0,0,0,True
2049477,4,0.0,180.0,0,0,True
2049478,5,0.0,85.0,0,0,True
2049481,3,0.0,46.0,0,0,True
2049484,4,0.0,85.0,0,0,True
2049501,3,0.0,119.0,0,0,True
2049532,4,0.0,121.0,0,0,True
2049542,3,0.0,55.0,0,0,True
2049544,5,0.0,54.0,0,0,True
2049558,5,0.0,123.0,0,0,True
2049596,3,0.0,86.0,0,0,True
2049607,3,0.5,15.0,0,0,True
2049608,2,0.5,15.0,0,0,True
2049609,3,0.5,15.0,0,0,True
2049625,3,0.0,140.0,0,0,True
2049629,12,0.0,150.0,0,0,True
2049642,5,0.0,239.0,0,0,True
2049644,2,0.0,36.0,0,0,True
2049645,2,0.0,35.5,0,0,True
2049646,2,0.0,42.0,0,0,True
2049647,2,0.0,41.0,0,0,True
2049648,2,0.0,41.0,0,0,True
2049649,2,0.0,43.0,0,0,True
2049651,2,0.0,55.5,0,0,True
2049652,2,0.0,56.0,0,0,True
2049657,2,0.0,55.0,0,0,True
2049658,2,0.0,42.5,0,0,True
2049659,2,0.0,40.0,0,0,True
2049660,2,0.0,51.0,0,0,True
2049661,2,0.0,54.7,0,0,True
2049662,2,0.0,54.0,0,0,True
2049663,2,0.0,60.0,0,0,True
2049664,2,0.0,50.0,0,0,True
2049665,2,0.0,48.0,0,0,True
2049667,2,0.0,39.5,0,0,True
2049668,2,0.0,42.5,0,0,True
2049742,2,0.0,31.0,0,0,True
2049745,1,0.0,30.0,0,0,True
2049746,1,0.0,29.0,0,0,True
2049748,1,0.0,25.0,0,0,True
2049749,1,0.0,26.0,0,0,True
2049750,1,0.0,24.5,0,0,True
2049754,4,0.0,106.0,0,0,True
2049757,5,0.0,110.0,0,0,True
2049759,3,0.0,101.0,1,0,True
2049762,4,0.0,60.0,0,0,True
2049766,6,0.0,243.0,0,0,True
2049767,5,0.0,101.0,0,0,True
2049769,6,0.0,159.0,0,1,True
2049786,8,0.0,161.0,0,0,True
2049790,4,0.0,127.0,0,0,True
2049792,3,0.0,59.0,1,0,True
2049795,3,1.0,61.0,0,0,True
2049809,3,3.0,523.0,0,0,False
2049848,7,0.0,149.0,0,0,True
2049862,3,0.0,50.0,0,0,True
2049866,8,0.0,106.0,0,0,True
2049868,5,0.0,239.0,0,0,True
2049871,2,0.0,100.0,0,0,True
2049880,4,0.0,150.0,0,0,True
2049882,10,0.0,90.0,0,0,True
2049884,3,0.0,252.0,0,0,True
2049895,10,0.0,90.0,0,0,True
2049900,4,0.0,65.0,0,0,True
2049914,5,0.0,121.0,0,0,True
2049941,4,0.0,68.5,0,0,True
2049942,1,3.0,44.0,0,0,False
2049944,5,0.0,96.3,0,0,True
2049956,7,0.0,200.0,0,0,True
2049964,5,0.0,114.0,0,0,True
2049967,2,0.0,8.0,0,0,True
2049970,9,0.0,212.0,0,0,True
2049975,4,0.0,147.0,0,0,True
2049978,3,0.0,150.0,0,0,True
2049980,6,0.0,129.0,0,0,True
2049981,4,0.0,86.0,0,0,True
2050007,6,0.0,169.0,0,0,True
2050035,3,0.0,42.0,0,0,True
2050046,3,0.0,37.0,0,0,True
2050050,4,0.0,150.0,0,0,True
2050056,3,0.0,152.0,0,0,True
2050075,3,0.0,192.0,0,0,True
2050077,3,0.0,32.0,0,0,True
2050079,4,0.0,203.0,0,0,True
2050080,6,0.0,202.0,0,0,True
2050082,3,0.0,111.0,0,0,True
2050083,3,0.0,82.0,0,0,True
2050084,4,0.0,35.0,0,0,True
2050103,5,0.0,52.0,0,0,True
2050105,5,0.0,82.0,0,0,True
2050109,4,0.0,68.0,0,0,True
2050114,8,0.0,225.0,0,0,True
2050124,4,0.0,110.0,0,0,True
2050125,3,0.0,101.0,0,0,True
2050126,3,0.0,101.0,0,0,True
2050127,3,0.0,101.0,0,0,True
2050131,12,0.0,230.0,0,0,True
2050132,6,0.0,150.0,0,0,True
2050133,6,0.0,115.0,0,0,True
2050139,8,0.0,90.0,0,0,True
2050140,3,0.0,66.0,0,0,True
2050141,5,0.0,66.0,1,0,True
2050144,4,0.0,462.0,0,0,True
2050163,11,0.0,179.0,0,1,True
2050193,4,0.0,141.0,0,0,True
2050194,5,0.0,45.0,0,0,True
2050213,3,0.0,100.0,0,0,True
2050215,5,0.0,60.0,0,0,True
2050274,4,0.0,50.0,0,0,True
2050295,7,0.0,143.0,1,0,True
2050300,6,0.0,240.0,0,0,True
2050302,5,0.0,157.0,0,0,True
2050309,3,0.0,93.0,0,0,True
2050319,4,0.5,24.0,0,0,True
2050320,4,0.5,24.0,0,0,True
2050321,4,0.5,24.0,0,0,True
2050329,5,0.5,20.0,0,0,True
2050339,5,0.0,121.0,0,1,True
2050357,4,0.0,50.0,0,0,True
2050396,5,0.0,145.0,0,0,True
2050399,9,0.0,152.0,0,0,True
2050401,7,0.0,148.0,0,0,True
2050411,4,0.0,223.0,0,0,True
2050413,5,0.0,148.0,1,0,True
2050417,2,0.0,140.0,0,0,True
2050465,5,0.0,29.0,0,0,True
2050467,5,0.0,29.0,0,0,True
2050468,4,0.0,30.0,0,0,True
2050489,4,0.0,139.0,0,0,True
2050510,4,0.0,86.0,0,0,True
2050530,3,0.0,43.0,0,0,True
2050531,6,0.0,198.0,0,0,True
2050553,4,0.0,62.0,0,0,True
2050554,4,0.0,59.0,0,0,True
2050562,5,0.0,123.0,0,0,True
2050594,5,0.0,166.0,0,0,True
2050600,4,0.0,68.0,0,0,True
2050605,5,0.0,15.0,0,0,True
2050606,3,0.0,14.0,0,0,True
2050607,3,0.0,10.2,0,0,True
2050609,2,0.0,7.5,0,0,True
2050610,2,0.0,6.8,0,0,True
2050622,9,0.0,101.0,0,1,True
2050625,8,0.0,100.0,0,0,True
2050671,2,0.0,37.0,0,0,True
2050713,3,0.0,40.0,0,0,True
2050715,3,0.0,50.0,0,0,True
2050738,4,0.0,15.0,0,0,True
2050739,3,0.0,44.0,0,0,True
2050744,4,0.0,140.0,0,0,True
2050747,5,0.0,15.1,0,0,True
2050748,5,0.0,15.4,0,0,True
2050763,2,0.0,48.0,0,0,True
2050764,2,0.0,47.0,0,0,True
2050766,2,0.6,46.0,0,0,True
2050768,2,0.0,46.5,0,0,True
2050769,2,0.0,47.0,0,0,True
2050770,2,0.6,40.0,0,0,True
2050771,2,0.0,44.0,0,0,True
2050772,2,0.6,43.0,0,0,True
2050773,2,0.6,41.0,0,0,True
2050779,4,0.0,15.0,0,0,True
2050782,4,0.0,133.0,0,0,True
2050783,5,0.0,138.0,0,0,True
2050784,5,0.0,15.0,0,0,True
2050809,9,0.0,100.0,0,0,True
2050823,6,0.0,223.0,0,0,True
2050845,4,0.0,143.0,0,0,True
2050851,3,0.0,141.0,0,0,True
2050914,5,0.0,50.0,0,0,True
2050926,7,0.0,128.0,0,0,True
2050940,4,0.0,200.0,0,0,True
2050951,3,0.0,60.0,0,0,True
2050962,1,2.0,13.1,0,0,False
2050963,4,0.5,13.3,0,0,True
2050964,3,0.5,10.8,0,0,True
2050996,10,0.0,93.0,0,0,True
2051024,9,0.0,204.0,0,0,True
2051025,5,0.0,187.0,0,0,True
2051034,6,1.0,41.0,0,0,True
2051051,3,0.0,17.0,0,0,True
2051053,7,0.0,57.0,0,0,True
2051054,3,0.0,17.0,0,0,True
2051059,10,0.0,52.0,0,0,True
2051061,7,0.0,27.0,0,0,True
2051062,9,0.0,53.0,0,1,True
2051063,6,0.0,20.0,0,1,True
2051064,5,0.0,23.0,0,0,True
2051065,5,0.0,17.0,0,0,True
2051067,3,0.0,18.0,0,1,True
2051072,4,0.0,243.0,0,0,True
2051078,4,0.0,101.0,0,0,True
2051081,5,0.0,60.0,0,0,True
2051082,3,0.0,92.0,0,0,True
2051091,5,0.5,24.0,0,0,True
2051092,4,0.5,24.0,0,0,True
2051093,6,0.0,23.0,0,0,True
2051099,4,0.0,142.0,0,0,True
2051130,3,0.0,43.5,0,0,True
2051131,1,42.5,45.0,0,0,False
2051133,3,0.0,46.0,0,0,True
2051158,9,0.0,129.0,0,0,True
2051159,17,0.0,380.0,0,2,True
2051162,5,0.0,111.0,0,0,True
2051167,3,2.0,40.0,0,0,False
2051179,3,0.0,82.0,1,0,True
2051180,3,0.0,73.0,0,0,True
2051205,9,0.0,120.0,0,0,True
2051211,8,0.0,121.0,0,0,True
2051214,3,0.0,10.5,0,0,True
2051215,3,0.0,6.5,0,0,True
2051216,3,0.0,6.5,0,0,True
2051218,3,0.0,7.5,0,0,True
2051226,4,0.0,72.0,0,0,True
2051236,3,0.0,115.0,0,0,True
2051257,1,1.0,40.0,0,0,True
2051258,3,5.0,50.0,0,0,False
2051262,4,0.0,150.0,0,0,True
2051264,5,0.0,235.0,0,0,True
2051265,3,0.0,71.0,0,0,True
2051266,3,0.0,113.0,0,0,True
2051269,5,0.0,159.0,0,0,True
2051270,5,0.0,92.0,0,0,True
2051271,3,0.0,242.0,0,0,True
2051273,4,0.0,66.0,0,0,True
2051274,5,0.0,162.0,0,0,True
2051275,6,0.0,162.0,0,0,True
2051277,3,0.0,78.0,0,0,True
2051278,2,0.0,30.0,0,0,True
2051280,3,0.0,68.0,0,0,True
2051281,5,0.0,182.0,0,0,True
2051282,7,0.0,183.0,0,0,True
2051283,5,0.0,69.0,0,0,True
2051284,7,0.0,269.0,0,0,True
2051285,5,0.0,159.0,0,0,True
2051286,6,0.0,140.0,0,0,True
2051288,3,0.0,71.0,0,0,True
2051293,3,0.0,95.0,0,0,True
2051295,4,0.0,52.0,0,0,True
2051307,7,0.0,159.0,0,0,True
2051353,6,0.0,211.0,0,0,True
2051354,3,0.0,112.0,0,0,True
2051359,3,3.0,78.5,0,0,False
2051373,3,0.0,65.0,0,0,True
2051379,7,0.0,90.0,0,0,True
2051390,4,0.0,110.0,0,0,True
2051391,4,0.0,126.0,0,0,True
2051395,4,0.0,75.0,0,0,True
2051408,9,0.0,118.0,0,0,True
2051442,10,0.0,51.0,0,0,True
2051455,6,0.0,160.0,0,0,True
2051470,3,0.0,83.0,0,0,True
2051481,5,0.0,81.0,0,0,True
2051520,8,0.0,201.0,0,0,True
2051543,3,0.0,60.0,0,0,True
2051544,2,0.0,15.6,0,0,True
2051553,5,0.0,38.0,0,0,True
2051560,8,0.0,81.0,0,1,True
2051565,7,0.0,138.0,0,0,True
2051589,5,0.0,115.0,1,0,True
2051653,4,0.0,150.0,0,0,True
2051657,3,0.0,136.0,0,0,True
2051664,6,0.0,283.0,2,1,True
2051665,3,0.0,106.0,0,0,True
2051666,7,0.0,283.0,0,0,True
2051674,4,0.0,80.0,0,0,True
2051680,7,0.0,141.0,0,0,True
2051692,3,0.0,37.0,0,0,True
2051697,8,0.0,121.0,1,0,True
2051698,6,0.0,118.0,0,0,True
2051699,5,14.0,183.0,0,0,False
2051700,5,0.0,201.0,0,0,True
2051701,5,0.0,37.0,0,0,True
2051713,3,0.0,85.0,0,0,True
2051741,3,0.0,95.0,0,0,True
2051742,5,0.0,121.0,0,0,True
2051764,4,0.0,73.0,0,0,True
2051788,8,0.0,250.0,0,0,True
2051790,12,0.0,192.0,2,1,True
2051819,4,0.0,32.0,0,0,True
2051820,3,0.0,11.0,0,0,True
2051821,4,0.0,42.0,0,0,True
2051823,6,0.0,45.0,0,0,True
2051829,3,0.0,58.0,0,0,True
2051831,3,0.0,101.0,0,0,True
2051849,3,1.0,17.0,0,0,True
2051850,6,0.0,20.0,0,0,True
2051855,7,11.0,242.0,0,0,False
2051858,4,0.0,138.0,0,0,True
2051871,3,3.0,443.0,0,0,False
2051881,4,0.0,221.0,0,0,True
2051882,5,0.0,147.0,0,0,True
2051915,10,0.0,308.0,0,0,True
2051921,6,0.0,200.0,0,0,True
2051941,2,0.0,75.0,0,0,True
2051973,3,0.0,102.0,0,0,True
2051974,5,12.0,103.0,0,0,False
2051988,4,0.0,70.0,0,0,True
2051990,2,0.0,101.0,0,0,True
2052017,3,0.0,53.0,1,0,True
2052018,4,0.0,90.0,0,0,True
2052020,6,0.0,160.0,0,0,True
2052023,5,0.0,130.0,0,0,True
2052024,2,0.0,48.0,0,0,True
2052025,2,0.0,50.0,0,0,True
2052026,6,0.0,49.0,0,0,True
2052027,2,0.0,46.0,0,0,True
2052029,2,0.0,47.0,0,0,True
2052030,2,0.0,47.0,0,0,True
2052031,2,0.0,46.0,0,0,True
2052032,2,0.0,46.0,0,0,True
2052033,2,0.0,47.0,0,0,True
2052034,2,0.0,49.0,0,0,True
2052044,4,0.0,8.0,0,0,True
2052045,5,0.0,10.0,0,0,True
2052046,4,0.0,6.5,0,0,True
2052047,5,0.0,8.5,0,0,True
2052049,4,0.0,7.5,0,0,True
2052054,2,0.5,24.0,0,0,True
2052057,3,0.0,123.0,0,0,True
2052059,3,0.0,65.0,0,0,True
2052060,3,0.0,208.0,0,0,True
2052063,3,0.0,59.0,0,0,True
2052064,2,0.0,53.0,0,0,True
2052065,4,0.0,75.0,0,0,True
2052068,8,0.0,140.0,0,0,True
2052069,4,0.0,70.0,0,0,True
2052076,8,0.0,167.0,0,0,True
2052082,2,5.0,74.0,0,0,False
2052083,2,1.0,71.0,0,0,True
2052084,4,0.0,102.0,0,0,True
2052088,7,0.0,170.0,0,0,True
2052089,5,0.0,78.0,0,0,True
2052090,3,0.0,192.0,0,0,True
2052097,6,7.0,180.0,0,0,False
2052133,5,0.0,123.0,0,0,True
2052134,6,0.0,102.0,0,0,True
2052136,8,0.0,141.0,0,2,True
2052137,3,0.0,90.0,0,0,True
2052140,2,0.0,43.0,0,0,True
2052142,5,0.0,168.0,0,0,True
2052143,3,0.0,84.0,0,0,True
2052146,6,0.0,148.0,0,0,True
2052149,8,0.0,115.0,0,0,True
2052152,11,0.0,225.0,0,1,True
2052165,5,0.0,183.0,0,0,True
2052166,3,0.0,43.0,0,0,True
2052196,4,0.0,118.0,0,0,True
2052207,6,0.0,88.0,0,0,True
2052218,3,0.0,105.0,0,0,True
2052220,4,0.0,141.0,0,0,True
2052225,2,0.0,140.0,0,0,True
2052282,4,0.0,44.0,0,0,True
2052338,6,0.0,203.0,2,1,True
2052374,3,0.0,85.0,0,0,True
2052381,3,0.0,77.0,0,0,True
2052382,8,0.0,183.0,0,0,True
2052383,3,11.0,82.0,0,0,False
2052384,5,0.0,71.0,0,0,True
2052388,5,0.0,52.0,0,0,True
2052389,5,0.0,75.0,0,0,True
2052390,3,0.0,44.0,0,0,True
2052392,4,0.0,34.0,0,0,True
2052393,2,0.0,101.0,0,0,True
2052400,5,0.0,129.0,0,0,True
2052402,5,0.0,242.0,0,0,True
2052403,8,0.0,202.0,0,0,True
2052427,4,0.5,50.0,0,0,True
2052428,8,0.0,48.0,0,0,True
2052429,5,0.0,44.0,0,0,True
2052457,6,0.0,209.0,0,0,True
2052471,3,0.0,39.0,0,0,True
2052472,5,0.0,103.0,0,0,True
2052478,6,0.0,90.0,0,0,True
2052503,3,0.0,50.0,0,0,True
2052504,5,0.0,141.0,0,0,True
2052518,24,0.0,199.0,0,2,True
2052523,2,0.0,135.0,0,0,True
2052527,11,3.0,153.0,0,0,False
2052528,6,1.0,160.0,0,0,True
2052529,9,1.5,192.0,0,2,False
2052545,3,0.0,83.0,1,0,True
2052546,3,0.0,71.0,0,0,True
2052555,8,0.0,78.0,0,0,True
2052560,6,6.0,222.0,0,0,False
2052578,5,0.0,55.0,0,0,True
2052579,2,0.6,17.0,0,0,True
2052581,6,0.0,202.0,1,0,True
2052665,3,0.0,80.0,0,0,True
2052682,3,0.0,65.0,1,0,True
2052683,8,0.0,166.0,0,0,True
2052703,5,0.0,147.0,0,0,True
2052707,6,0.0,105.0,1,1,True
2052708,6,0.0,90.0,0,0,True
2052710,2,3.0,50.0,0,0,False
2052715,3,0.0,50.0,0,0,True
2052722,9,0.0,140.0,0,0,True
2052724,2,0.6,23.0,0,0,True
2052725,2,0.5,23.5,0,0,True
2052726,2,0.5,23.0,0,0,True
2052727,7,0.0,179.0,0,0,True
2052728,3,0.0,36.0,1,0,True
2052733,2,12.0,123.0,0,0,False
2052748,3,0.0,85.0,1,0,True
2052749,6,15.0,200.0,0,0,False
2052760,4,0.0,212.0,0,0,True
2052773,6,0.0,141.0,0,0,True
2052778,4,0.0,101.0,0,0,True
2052782,6,0.0,70.0,0,0,True
2052803,3,0.0,90.0,0,0,True
2052813,4,0.0,63.0,0,0,True
2052822,3,0.0,121.0,0,0,True
2052834,6,0.0,122.0,0,0,True
2052860,3,0.0,123.0,0,0,True
2052862,6,0.0,138.0,0,0,True
2052865,6,0.0,200.0,0,0,True
2052873,3,0.0,55.0,0,0,True
2052882,2,0.0,43.0,0,0,True
2052884,7,0.0,101.0,0,2,True
2052891,3,0.0,54.0,0,0,True
2052896,7,7.0,123.0,0,0,False
2052897,4,0.0,84.0,1,0,True
2052915,4,0.0,222.0,0,0,True
2052916,7,0.0,180.0,0,0,True
2052928,4,4.0,55.0,0,0,False
2052938,4,0.0,117.0,0,0,True
2052939,4,0.0,114.0,0,0,True
2052950,7,0.0,181.0,0,0,True
2052956,4,0.0,92.0,0,0,True
2052957,4,0.0,192.0,0,0,True
2052968,7,0.0,81.0,0,0,True
2052969,3,0.0,55.0,0,0,True
2052972,5,0.0,53.0,0,0,True
2052975,5,0.5,23.0,0,0,True
2052978,3,0.0,143.0,0,0,True
2052980,2,0.0,101.0,0,0,True
2052981,2,0.0,101.0,0,0,True
2053002,4,0.0,200.0,0,0,True
2053015,7,0.0,63.0,0,0,True
2053016,8,0.0,24.0,0,0,True
2053045,2,0.0,38.0,0,0,True
2053055,4,0.0,59.0,0,0,True
2053056,3,0.0,163.0,0,0,True
2053106,6,0.0,183.0,2,1,True
2053131,5,0.0,59.0,0,0,True
2053172,5,0.0,200.0,0,0,True
2053173,3,0.0,79.0,1,0,True
2053218,4,0.0,20.0,0,0,True
2053219,4,0.0,20.0,0,0,True
2053232,4,0.0,66.0,0,0,True
2053233,3,0.0,54.0,0,0,True
2053234,4,0.0,56.0,0,0,True
2053251,5,0.0,62.0,0,0,True
2053261,3,0.0,138.0,0,0,True
2053262,4,0.0,113.0,0,0,True
2053263,3,0.0,81.0,0,0,True
2053264,3,0.0,44.0,0,0,True
2053265,5,0.0,86.0,0,0,True
2053268,3,0.5,40.0,0,0,True
2053270,2,0.5,43.0,0,0,True
2053271,2,0.5,47.0,0,0,True
2053274,2,0.5,48.0,0,0,True
2053276,2,0.5,49.0,0,0,True
2053280,3,0.0,141.0,0,0,True
2053291,3,0.0,90.0,0,0,True
2053294,4,0.0,120.0,1,0,True
2053296,4,0.0,78.0,0,0,True
2053298,3,0.0,45.0,0,0,True
2053303,6,0.0,150.0,0,0,True
2053323,2,0.0,101.0,0,0,True
2053325,7,0.0,62.0,0,0,True
2053326,9,0.0,141.0,0,0,True
2053360,3,0.0,162.0,0,0,True
2053374,4,0.0,118.0,1,0,True
2053391,4,0.0,150.0,0,0,True
2053396,7,0.0,105.0,0,0,True
2053431,4,0.0,160.0,0,0,True
2053468,4,0.0,90.0,0,0,True
2053469,7,0.0,107.0,0,0,True
2053471,7,0.0,360.0,0,0,True
2053472,6,0.0,84.0,0,0,True
2053492,5,0.0,103.0,0,0,True
2053498,4,0.0,93.0,0,0,True
2053499,5,0.0,183.0,0,0,True
2053511,3,0.0,60.0,0,0,True
2053517,4,0.0,162.0,0,0,True
2053519,4,0.0,96.0,0,0,True
2053535,4,11.0,129.0,0,0,False
2053543,1,31.0,50.0,0,0,False
2053558,4,0.0,86.0,1,0,True
2053579,2,0.0,45.0,0,0,True
2053581,2,0.0,46.0,0,0,True
2053582,2,0.0,44.0,0,0,True
2053583,2,0.0,46.0,0,0,True
2053598,5,0.0,80.0,0,0,True
2053605,4,0.0,74.0,1,0,True
2053628,6,0.0,162.0,0,0,True
2053640,4,0.0,121.0,0,1,True
2053641,3,0.0,121.0,0,1,True
2053646,3,0.0,141.0,0,1,True
2053647,3,0.0,50.0,0,0,True
2053648,3,0.0,95.0,0,0,True
2053649,4,2.0,57.0,0,0,False
2053650,4,2.0,58.0,0,0,False
2053652,5,9.0,341.0,0,0,False
2053662,5,0.0,11.5,0,0,True
2053664,4,0.0,10.0,0,0,True
2053665,4,0.0,8.0,0,0,True
2053708,2,0.0,120.0,0,0,True
2053714,5,0.0,67.0,0,0,True
2053715,5,0.0,130.0,0,0,True
2053721,5,0.0,121.0,0,1,True
2053732,4,0.0,100.0,0,0,True
2053796,2,0.0,81.0,0,0,True
2053816,7,0.0,113.0,0,0,True
2053817,5,0.0,143.0,0,0,True
2053824,6,0.0,111.0,0,0,True
2053829,4,0.0,102.0,0,0,True
2053832,9,0.0,141.0,0,0,True
2053834,4,0.0,63.0,0,0,True
2053836,4,0.0,63.0,0,0,True
2053838,3,0.0,113.0,0,0,True
2053847,3,0.0,46.0,0,0,True
2053851,9,0.0,90.0,0,0,True
2053853,4,0.0,145.0,0,0,True
2053854,2,0.0,110.0,0,0,True
2053871,8,0.0,70.0,0,0,True
2053872,12,0.0,140.0,0,2,True
2053928,5,0.0,86.0,0,0,True
2054000,7,0.0,123.0,1,0,True
2054001,4,0.0,91.0,0,0,True
2054018,5,0.0,51.0,0,0,True
2054038,7,0.0,180.0,1,0,True
2054053,2,0.0,49.0,0,0,True
2054054,3,0.0,103.0,0,0,True
2054057,3,0.0,94.0,0,0,True
2054058,2,0.0,40.0,0,0,True
2054059,5,0.0,108.0,0,0,True
2054080,2,0.0,120.0,0,0,True
2054097,11,0.0,118.0,0,1,True
2054104,3,0.0,43.0,0,0,True
2054110,5,0.0,70.0,0,0,True
2054111,7,0.0,70.0,0,0,True
2054113,3,0.0,34.0,0,0,True
2054114,4,0.0,200.0,0,0,True
2054143,4,0.0,101.0,0,0,True
2054146,9,0.0,64.0,0,0,True
2054151,4,11.0,127.0,0,0,False
2054176,5,0.0,81.0,0,0,True
2054177,3,0.0,152.0,0,0,True
2054178,3,0.0,204.0,0,0,True
2054179,3,0.0,40.0,0,0,True
2054180,3,0.0,36.0,0,0,True
2054190,2,0.0,80.0,0,0,True
2054203,3,0.0,76.0,1,0,True
2054210,3,0.0,27.4,0,0,True
2054211,3,0.0,24.0,0,0,True
2054213,3,0.0,24.4,0,0,True
2054214,3,0.0,28.0,0,0,True
2054215,3,0.0,28.0,0,0,True
2054256,3,0.0,218.0,0,0,True
2054262,4,0.0,90.0,0,0,True
2054264,8,0.0,89.0,0,0,True
2054267,4,0.0,232.0,0,0,True
2054268,3,0.0,64.0,1,0,True
2054271,3,0.0,200.0,0,0,True
2054274,3,0.0,200.0,0,0,True
2054300,1,3.0,53.0,0,0,False
2054312,4,0.0,128.0,0,0,True
2054314,3,0.0,67.0,1,0,True
2054315,6,0.0,70.0,0,0,True
2054316,5,11.0,306.0,0,0,False
2054321,4,0.0,148.0,0,0,True
2054375,5,0.0,160.0,0,0,True
2054378,8,0.0,170.0,0,0,True
2054387,6,0.0,159.0,0,0,True
2054388,4,0.0,58.0,1,0,True
2054389,4,0.0,58.0,1,0,True
2054403,2,0.0,29.0,0,0,True
2054407,3,0.0,59.0,0,0,True
2054410,6,0.0,232.0,1,0,True
2054448,4,0.0,35.0,0,0,True
2054450,2,0.0,57.0,0,0,True
2054470,3,0.0,110.0,0,0,True
2054492,4,0.0,68.0,0,0,True
2054496,5,0.0,100.0,0,0,True
2054498,5,0.0,120.0,1,0,True
2054500,5,0.0,180.0,0,0,True
2054501,11,0.0,340.0,0,1,True
2054505,5,0.0,70.0,0,0,True
2054521,4,0.0,25.0,0,0,True
2054522,4,0.0,47.0,1,0,True
2054524,5,0.0,123.0,0,0,True
2054529,3,0.0,51.0,0,0,True
2054534,3,0.0,52.0,0,0,True
2054576,3,0.0,117.0,0,0,True
2054600,4,0.0,77.0,0,0,True
2054610,4,0.0,100.0,0,0,True
2054617,3,0.0,120.0,0,0,True
2054618,6,0.0,125.0,0,0,True
2054619,8,0.0,115.0,0,0,True
2054622,9,0.0,73.0,0,0,True
2054623,2,67.0,75.0,0,0,False
2054625,4,0.0,85.0,0,0,True
2054636,3,0.0,45.0,0,0,True
2054638,11,0.0,221.0,0,1,True
2054639,7,0.0,120.0,0,0,True
2054647,4,0.0,180.0,0,0,True
2054649,3,0.0,120.0,0,0,True
2054651,4,0.0,59.0,1,0,True
2054652,3,0.0,117.0,0,0,True
2054666,4,0.0,50.0,0,0,True
2054673,7,0.0,90.0,0,0,True
2054689,3,0.0,41.0,0,0,True
2054695,6,0.0,128.0,0,1,True
2054696,4,0.0,47.0,0,0,True
2054697,4,0.0,82.0,0,0,True
2054722,5,0.0,73.0,0,0,True
2054733,1,3.0,50.0,0,0,False
2054739,4,0.0,141.0,0,0,True
2054741,5,0.0,110.0,0,0,True
2054742,4,0.0,97.0,0,0,True
2054746,5,0.0,155.0,0,0,True
2054767,3,0.0,54.0,0,0,True
2054802,7,0.0,90.0,1,0,True
2054848,6,0.0,162.0,0,0,True
2054852,5,0.0,59.0,0,0,True
2054867,5,25.0,127.0,0,2,False
2054882,5,0.0,203.0,0,0,True
2054883,3,0.0,78.0,0,0,True
2054884,3,0.0,36.0,0,0,True
2054885,3,0.0,173.0,0,0,True
2054886,4,0.0,303.0,0,0,True
2054889,3,0.0,103.0,0,0,True
2054890,3,0.0,175.0,0,0,True
2054919,5,0.0,124.0,0,0,True
2054923,3,0.0,100.0,0,0,True
2054925,2,0.0,57.0,0,0,True
2054929,3,0.0,178.0,0,0,True
2054930,3,0.0,35.0,0,0,True
2054931,4,0.0,239.0,0,0,True
2054939,4,0.0,174.0,0,1,True
2054951,1,0.0,60.0,0,0,True
2054952,1,0.0,40.0,0,0,True
2054953,1,0.0,50.0,0,0,True
2054955,1,0.0,50.0,0,0,True
2054957,1,0.0,50.0,0,0,True
2054959,3,0.0,34.0,0,0,True
2054960,6,0.0,305.0,0,0,True
2054971,3,0.0,74.0,0,0,True
2055045,5,3.0,60.0,0,0,False
2055072,3,0.0,84.0,0,0,True
2055084,7,0.0,110.0,0,0,True
2055090,5,0.0,90.0,0,0,True
2055096,8,0.0,121.0,0,0,True
2055113,8,0.0,60.0,0,0,True
2055115,3,0.0,62.0,0,0,True
2055126,3,0.0,38.0,0,0,True
2055157,6,0.0,90.0,0,0,True
2055160,3,0.0,116.0,0,0,True
2055162,7,0.0,171.0,0,0,True
2055192,5,0.0,174.0,0,0,True
2055255,5,0.0,121.0,0,0,True
2055271,3,0.0,187.0,0,0,True
2055292,5,0.0,180.0,0,0,True
2055293,5,0.0,115.0,0,0,True
2055296,8,0.0,101.0,0,0,True
2055313,4,0.0,59.0,0,0,True
2055315,7,0.0,49.0,0,0,True
2055316,4,0.0,30.0,0,0,True
2055317,5,0.0,29.0,0,0,True
2055318,3,0.0,30.0,0,0,True
2055323,8,0.0,89.0,0,0,True
2055324,7,0.0,79.0,0,0,True
2055330,3,0.0,100.0,0,0,True
2055347,3,0.0,70.0,0,0,True
2055373,5,0.0,61.0,0,0,True
2055392,6,0.0,136.0,0,0,True
2055425,8,0.0,183.0,0,0,True
2055439,6,0.0,70.0,0,0,True
2055459,2,0.0,53.0,0,0,True
2055474,5,0.0,102.0,0,0,True
2055497,4,0.0,106.0,0,0,True
2055507,6,0.0,141.0,0,0,True
2055510,5,0.0,101.0,0,0,True
2055511,4,0.0,87.0,0,0,True
2055512,4,0.0,91.0,0,0,True
2055523,4,3.0,60.0,0,0,False
2055527,5,4.0,45.0,0,0,False
2055542,7,0.0,105.0,0,0,True
2055547,3,0.5,44.0,0,0,True
2055553,3,0.0,35.0,0,0,True
2055572,6,0.0,161.0,0,0,True
2055573,3,0.0,32.0,0,0,True
2055579,3,0.0,54.0,0,0,True
2055582,5,0.0,61.0,0,0,True
2055583,4,4.0,558.0,1,0,False
2055584,11,0.0,150.0,0,1,True
2055589,2,0.0,121.0,0,1,True
2055627,2,0.0,162.0,0,0,True
2055629,3,0.0,198.0,0,0,True
2055632,2,0.0,126.0,0,0,True
2055634,2,0.0,118.0,0,0,True
2055639,2,0.0,65.0,0,0,True
2055663,3,0.0,129.0,0,0,True
2055682,6,0.0,147.0,0,0,True
2055685,5,0.0,143.0,1,0,True
2055695,3,0.0,74.0,0,0,True
2055698,3,0.0,30.0,0,0,True
2055699,9,0.0,30.0,0,0,True
2055701,7,0.0,30.0,0,0,True
2055702,3,0.0,32.0,0,0,True
2055704,3,0.0,35.0,0,0,True
2055709,5,0.0,35.0,0,0,True
2055710,4,0.0,32.0,0,1,True
2055711,3,0.0,32.0,0,0,True
2055712,3,0.0,30.0,0,0,True
2055713,4,0.0,30.0,0,0,True
2055714,6,0.0,41.0,0,1,True
2055715,5,0.0,44.0,0,0,True
2055716,8,0.0,58.0,0,0,True
2055718,6,0.0,52.0,0,0,True
2055719,5,0.0,52.0,0,1,True
2055720,3,0.0,54.0,0,1,True
2055727,6,0.0,274.0,0,0,True
2055747,5,0.0,92.0,0,0,True
2055754,4,0.0,110.0,0,0,True
2055759,10,0.0,201.0,0,0,True
2055760,5,0.0,78.0,0,0,True
2055761,3,0.0,30.0,0,0,True
2055774,9,0.0,179.0,0,0,True
2055807,3,0.0,28.0,0,0,True
2055821,9,0.0,266.0,0,0,True
2055831,4,0.0,121.0,0,0,True
2055844,3,0.0,130.0,0,0,True
2055848,5,0.0,95.0,0,0,True
2055867,4,0.0,56.0,0,0,True
2055875,5,0.0,143.0,0,0,True
2055877,2,0.0,80.0,1,0,True
2055897,3,0.0,52.0,0,0,True
2055900,7,0.0,120.0,0,0,True
2055902,7,8.0,130.0,1,0,False
2055903,3,0.0,121.0,0,0,True
2055916,3,0.0,70.0,0,0,True
2055952,7,0.0,142.0,0,0,True
2055975,3,0.0,82.0,0,0,True
2055981,5,0.0,108.0,0,0,True
2055997,5,0.0,20.0,0,0,True
2055998,5,0.0,20.0,0,0,True
2055999,7,0.0,20.0,0,0,True
2056000,3,0.0,16.0,0,0,True
2056005,3,0.0,80.0,0,0,True
2056006,2,0.0,92.0,0,0,True
2056011,5,0.0,129.0,0,0,True
2056016,4,0.0,148.0,0,0,True
2056024,5,0.0,101.0,0,0,True
2056025,8,0.0,105.0,0,0,True
2056048,4,0.0,107.0,0,0,True
2056049,4,0.0,77.0,0,0,True
2056050,4,0.0,84.0,0,0,True
2056057,3,0.0,103.0,0,0,True
2056059,4,0.0,149.0,0,0,True
2056060,3,0.0,174.0,0,0,True
2056063,4,0.0,171.0,0,0,True
2056064,3,0.0,46.0,0,0,True
2056065,2,3.0,50.0,0,0,False
2056069,6,2.0,304.0,0,0,False
2056070,3,0.0,159.0,0,0,True
2056071,3,0.0,67.0,0,0,True
2056072,3,0.0,62.0,0,0,True
2056073,5,0.0,219.0,0,0,True
2056076,3,0.0,74.0,0,0,True
2056093,5,0.0,160.0,0,0,True
2056095,3,0.0,90.0,0,0,True
2056096,3,0.0,198.0,0,0,True
2056105,6,0.0,130.0,0,0,True
2056107,2,0.0,45.0,0,0,True
2056108,3,0.0,45.0,0,0,True
2056109,4,0.0,45.0,0,0,True
2056110,3,0.0,45.0,0,0,True
2056119,4,0.0,155.0,0,0,True
2056162,3,0.0,50.0,0,0,True
2056167,12,0.0,38.0,0,0,True
2056168,7,0.0,160.0,0,0,True
2056169,3,0.0,182.0,0,0,True
2056170,3,0.0,56.0,0,0,True
2056181,3,0.0,130.0,0,0,True
2056184,3,0.0,90.0,0,0,True
2056216,3,0.0,58.0,0,0,True
2056226,6,0.0,110.0,0,1,True
2056228,6,0.0,108.0,0,0,True
2056229,2,0.0,121.0,0,0,True
2056235,3,0.0,101.0,0,0,True
2056242,3,0.0,140.0,0,0,True
2056244,2,0.0,70.0,0,0,True
2056247,3,0.0,100.0,0,0,True
2056273,10,0.0,249.0,0,0,True
2056277,5,0.0,123.0,0,0,True
2056294,4,4.0,60.0,0,0,False
2056296,4,4.0,100.0,0,0,False
2056311,7,0.0,112.0,0,0,True
2056327,4,0.0,100.0,0,1,True
2056343,3,0.0,188.0,0,0,True
2056354,4,0.0,90.0,0,0,True
2056360,5,0.0,113.0,0,0,True
2056376,3,0.0,100.0,0,0,True
2056377,8,0.0,182.0,0,1,True
2056388,3,0.0,95.0,1,0,True
2056390,6,0.0,110.0,0,0,True
2056403,4,0.0,101.0,0,1,True
2056405,7,0.0,121.0,0,0,True
2056412,2,0.5,12.0,0,0,True
2056414,2,0.5,12.0,0,0,True
2056415,4,0.5,12.0,0,0,True
2056478,5,0.0,116.0,1,0,True
2056479,6,0.0,118.0,0,0,True
2056480,6,0.0,260.0,0,0,True
2056517,5,0.0,123.0,0,0,True
2056542,3,0.0,90.0,0,0,True
2056543,8,0.0,185.0,0,0,True
2056551,3,0.0,60.0,0,0,True
2056552,6,0.0,170.0,0,1,True
2056557,8,0.0,105.0,0,0,True
2056574,4,0.0,88.0,0,0,True
2056578,4,0.0,100.0,0,0,True
2056580,6,0.0,203.0,0,0,True
2056596,5,0.0,65.0,0,0,True
2056598,9,0.0,121.0,0,0,True
2056605,3,0.0,61.0,0,0,True
2056637,5,0.0,218.0,0,0,True
2056671,8,0.0,121.0,0,0,True
2056675,3,0.0,108.0,0,0,True
2056676,5,0.5,14.0,0,0,True
2056677,3,0.5,14.0,0,0,True
2056678,4,0.5,13.5,0,0,True
2056679,4,0.0,132.0,0,0,True
2056688,4,0.0,158.0,0,0,True
2056689,3,0.0,41.0,0,0,True
2056690,3,0.0,131.0,0,0,True
2056691,3,14.0,599.0,0,0,False
2056692,5,0.0,239.0,0,0,True
2056706,4,0.0,141.0,0,0,True
2056713,2,0.0,29.0,0,0,True
2056715,2,0.0,27.0,0,0,True
2056716,4,0.0,200.0,0,0,True
2056717,4,0.0,51.0,0,0,True
2056718,7,0.0,222.0,0,0,True
2056719,2,0.0,49.0,0,0,True
2056728,4,0.0,141.0,0,0,True
2056731,5,0.0,101.0,0,1,True
2056732,2,0.0,101.0,0,0,True
2056739,3,0.0,83.0,0,0,True
2056740,5,0.0,86.0,0,0,True
2056794,3,0.0,86.0,0,0,True
2056808,4,0.0,50.0,0,0,True
2056839,5,11.0,130.0,0,0,False
2056849,9,0.0,226.0,0,0,True
2056853,4,0.0,62.0,0,0,True
2056855,8,15.0,70.0,0,0,False
2056858,3,3.0,49.0,0,0,False
2056859,2,18.0,87.0,0,1,False
2056867,4,0.0,93.0,0,0,True
2056886,8,0.0,170.0,0,0,True
2056909,2,0.0,47.0,0,0,True
2056924,2,10.0,72.0,0,0,False
2056926,5,0.0,143.0,0,0,True
2056954,4,0.0,180.0,0,0,True
2056955,4,0.0,75.0,0,0,True
2056961,4,0.0,45.0,0,0,True
2056963,5,0.0,122.0,1,0,True
2056977,5,0.0,134.0,0,0,True
2056979,3,0.0,159.0,0,0,True
2056980,3,0.0,34.0,0,0,True
2056981,3,0.0,179.0,0,0,True
2056992,11,10.0,80.0,0,2,False
2057000,9,0.0,87.0,0,0,True
2057009,5,0.0,163.0,0,0,True
2057058,3,0.0,55.0,0,0,True
2057066,3,0.0,94.0,1,0,True
2057080,10,0.0,96.0,0,0,True
2057083,5,0.0,138.0,0,0,True
2057087,5,0.0,46.0,0,0,True
2057115,6,0.0,180.0,0,0,True
2057116,4,3.0,35.0,0,0,False
2057119,4,0.0,85.0,0,0,True
2057121,2,0.0,60.0,0,0,True
2057122,2,0.0,29.0,0,0,True
2057124,2,0.0,58.0,0,0,True
2057135,8,0.0,75.0,0,0,True
2057145,5,0.0,121.0,0,1,True
2057146,6,0.0,121.0,0,0,True
2057153,4,0.0,76.0,0,0,True
2057157,4,0.0,60.0,0,0,True
2057169,7,0.0,110.0,0,0,True
2057170,9,0.0,122.0,0,0,True
2057171,11,0.0,115.0,0,1,True
2057184,4,0.0,98.0,0,0,True
2057200,6,0.0,200.0,0,0,True
2057208,3,0.0,10.0,0,0,True
2057209,2,0.0,10.0,0,0,True
2057210,3,0.0,12.5,0,0,True
2057211,3,0.0,12.5,0,0,True
2057212,3,0.0,15.0,0,0,True
2057213,3,0.0,15.0,0,0,True
2057225,5,0.0,78.0,0,0,True
2057231,7,0.0,150.0,0,0,True
2057238,6,0.0,101.0,0,0,True
2057260,6,0.0,228.0,0,0,True
2057276,3,2.0,60.0,0,0,False
2057277,3,0.0,60.0,0,0,True
2057283,5,0.0,130.0,0,0,True
2057291,4,0.0,115.0,2,0,True
2057292,5,14.0,220.0,0,0,False
2057303,3,0.0,61.0,0,0,True
2057304,3,0.0,145.0,0,0,True
2057305,4,0.0,299.0,0,0,True
2057306,3,0.0,159.0,0,0,True
2057317,4,0.0,180.0,1,0,True
2057344,4,0.0,120.0,0,0,True
2057345,2,0.0,40.0,0,0,True
2057347,6,0.0,198.0,1,0,True
2057355,2,0.0,100.0,0,0,True
2057406,5,0.0,180.0,0,0,True
2057412,5,0.0,300.0,0,0,True
2057417,3,0.0,116.0,0,0,True
2057426,1,1.0,39.0,0,0,True
2057431,5,0.0,243.0,0,0,True
2057441,3,0.0,24.0,0,0,True
2057442,2,0.0,35.0,0,0,True
2057443,3,0.0,30.0,0,0,True
2057444,4,0.0,35.0,0,0,True
2057457,3,0.0,70.0,0,0,True
2057462,3,0.0,75.0,0,0,True
2057480,4,0.0,160.0,0,0,True
2057482,2,110.0,200.0,0,1,False
2057486,6,0.0,138.0,0,0,True
2057495,6,0.0,187.0,0,0,True
2057496,3,0.0,33.0,0,0,True
2057500,3,0.0,179.0,0,0,True
2057516,3,0.0,70.0,0,0,True
2057519,8,0.5,80.0,0,0,True
2057520,4,0.5,77.0,0,0,True
2057541,4,0.0,113.0,0,0,True
2057542,3,0.0,51.0,0,0,True
2057543,4,0.0,76.0,0,0,True
2057544,3,0.0,77.0,0,0,True
2057557,3,0.0,16.0,0,0,True
2057558,3,0.0,16.0,0,0,True
2057559,3,0.0,16.0,0,0,True
2057571,7,0.0,116.0,1,0,True
2057572,4,0.0,61.0,0,0,True
2057575,2,0.0,30.0,0,0,True
2057580,2,0.0,30.0,0,0,True
2057581,2,0.0,20.0,0,0,True
2057582,2,0.0,20.0,0,0,True
2057584,4,0.0,20.0,0,0,True
2057611,3,0.0,91.0,0,0,True
2057643,3,0.0,100.0,1,0,True
2057646,7,19.0,173.0,0,0,False
2057648,8,0.0,201.0,0,0,True
2057649,11,0.0,95.0,0,1,True
2057660,6,0.0,161.0,0,0,True
2057667,6,0.0,60.0,0,0,True
2057685,4,14.0,230.0,0,0,False
2057715,3,0.0,104.0,1,0,True
2057749,6,8.0,123.0,0,1,False
2057776,4,0.0,60.0,0,0,True
2057805,4,0.0,160.0,0,0,True
2057806,4,0.0,46.0,0,0,True
2057807,5,0.0,110.0,0,0,True
2057808,6,0.0,100.0,0,0,True
2057811,5,0.0,80.0,0,0,True
2057845,7,0.0,202.0,0,0,True
2057846,5,0.0,182.0,0,0,True
2057957,7,0.0,110.0,0,0,True
2057958,5,0.0,41.0,0,0,True
2057959,7,0.0,141.0,0,0,True
2057972,5,0.0,66.0,0,0,True
2057980,6,0.0,203.0,0,0,True
2057982,8,0.0,111.0,0,0,True
2057983,7,0.0,115.0,0,0,True
2057984,4,0.0,110.0,0,0,True
2057998,8,0.0,110.0,0,0,True
2058030,4,0.0,78.0,0,0,True
2058066,8,0.0,202.0,0,0,True
2058082,5,0.0,156.0,0,0,True
2058085,3,0.0,73.0,0,0,True
2058090,4,0.0,150.0,0,0,True
2058092,4,0.0,80.0,0,0,True
2058094,4,0.0,100.0,0,0,True
2058095,4,0.0,120.0,0,0,True
2058103,4,0.0,152.0,0,0,True
2058106,5,0.0,123.0,0,0,True
2058109,2,0.0,64.0,0,0,True
2058114,4,0.0,139.0,0,0,True
2058118,2,0.0,85.0,0,0,True
2058136,3,0.0,119.0,0,0,True
2058145,3,0.0,42.0,0,0,True
2058146,3,0.0,58.0,0,0,True
2058148,3,0.0,202.0,0,0,True
2058149,3,0.0,145.0,0,0,True
2058150,3,0.0,159.0,0,0,True
2058152,3,0.0,113.0,0,0,True
2058165,4,0.0,223.0,0,0,True
2058166,7,0.0,187.0,0,0,True
2058203,4,0.0,88.0,0,0,True
2058233,5,0.0,121.0,1,0,True
2058234,5,0.0,239.0,0,0,True
2058242,4,0.0,158.0,0,0,True
2058243,3,0.0,159.0,0,0,True
2058244,3,0.0,159.0,0,0,True
2058274,4,0.0,101.0,0,0,True
2058276,2,0.0,51.0,0,0,True
2058298,7,0.0,120.0,0,0,True
2058299,3,0.0,90.0,0,0,True
2058301,3,0.0,70.0,0,0,True
2058321,3,0.0,93.0,0,0,True
2058322,3,0.0,145.0,0,0,True
2058323,3,0.0,48.0,0,0,True
2058324,4,0.0,209.0,0,0,True
2058325,3,0.0,119.0,0,0,True
2058326,5,0.0,49.0,0,0,True
2058327,2,0.0,63.0,0,0,True
2058340,3,4.0,49.0,0,0,False
2058358,5,0.0,70.0,0,0,True
2058375,6,0.0,163.0,0,0,True
2058377,9,0.0,331.0,0,0,True
2058418,5,0.0,159.0,0,0,True
2058441,3,0.0,76.0,0,0,True
2058444,7,0.0,180.0,0,0,True
2058460,2,0.0,19.0,0,0,True
2058462,5,0.0,201.0,0,0,True
2058463,2,0.0,23.0,0,0,True
2058465,2,0.0,20.0,0,0,True
2058469,3,0.0,81.0,0,0,True
2058472,3,0.0,66.0,0,0,True
2058482,6,0.0,206.0,0,0,True
2058493,7,0.5,44.0,0,0,True
2058513,2,0.0,180.0,0,0,True
2058519,6,0.0,159.0,1,0,True
2058522,2,0.0,160.0,0,0,True
2058534,3,0.0,113.0,0,0,True
2058535,3,0.0,57.0,0,0,True
2058536,3,0.0,81.0,0,0,True
2058546,4,0.0,67.0,0,0,True
2058548,4,0.0,82.0,0,0,True
2058579,1,5.0,45.0,0,0,False
2058608,6,0.0,166.0,0,0,True
2058638,3,0.0,139.0,0,0,True
2058649,4,0.0,50.0,0,0,True
2058654,3,0.0,58.0,0,0,True
2058655,2,0.0,40.0,0,0,True
2058656,2,0.0,35.0,0,0,True
2058661,6,6.0,158.0,0,0,False
2058662,5,12.0,103.0,0,0,False
2058674,2,0.0,35.0,0,0,True
2058675,2,0.0,35.0,0,0,True
2058676,2,0.0,33.0,0,0,True
2058678,2,0.0,33.0,0,0,True
2058680,2,0.0,31.5,0,0,True
2058681,2,0.0,31.0,0,0,True
2058683,1,0.0,15.0,0,0,True
2058685,1,0.0,15.0,0,0,True
2058687,1,0.0,15.0,0,0,True
2058688,1,0.0,15.0,0,0,True
2058690,1,0.0,15.0,0,0,True
2058691,1,0.0,15.0,0,0,True
2058701,6,0.0,86.0,0,1,True
2058702,10,0.0,101.0,0,0,True
2058708,3,0.0,63.0,1,0,True
2058712,1,0.0,15.0,0,0,True
2058713,1,0.0,15.0,0,0,True
2058714,1,0.0,15.0,0,0,True
2058715,1,0.0,15.0,0,0,True
2058722,3,0.0,57.0,0,0,True
2058724,4,0.0,142.0,0,0,True
2058727,3,0.0,34.0,0,0,True
2058728,6,0.0,122.0,0,0,True
2058731,1,0.0,45.0,0,0,True
2058732,3,0.0,40.8,0,0,True
2058782,7,0.0,181.0,0,2,True
2058784,10,0.0,181.0,0,0,True
2058785,6,0.0,141.0,0,0,True
2058786,9,0.0,181.0,0,0,True
2058788,3,0.0,141.0,0,0,True
2058792,8,0.0,98.0,0,0,True
2058819,4,0.0,16.0,0,0,True
2058824,6,0.0,63.0,0,0,True
2058837,3,0.0,50.0,0,0,True
2058859,4,0.0,76.0,0,0,True
2058860,4,0.0,105.0,0,0,True
2058874,6,0.0,243.0,0,0,True
2058906,5,0.0,84.0,0,0,True
2058908,5,0.0,26.0,0,0,True
2058918,5,0.0,110.0,0,0,True
2058921,3,0.0,16.0,0,0,True
2058923,2,0.0,47.0,0,0,True
2058925,7,0.0,220.0,0,0,True
2058926,4,0.0,120.0,0,0,True
2058927,4,0.0,125.0,0,0,True
2058935,3,0.0,100.0,0,0,True
2058936,6,0.0,125.0,0,0,True
2058949,6,0.0,103.0,0,0,True
2058950,3,0.0,101.0,0,0,True
2058965,4,0.0,100.0,0,0,True
2058968,5,0.0,65.0,0,0,True
2058974,5,0.0,75.0,0,0,True
2058983,3,0.0,164.0,0,0,True
2058984,3,0.0,139.0,0,0,True
2058985,3,0.0,166.0,0,1,True
2058998,5,0.0,143.0,0,0,True
2059000,5,0.0,76.0,0,0,True
2059041,3,0.0,270.0,0,0,True
2059050,6,0.0,165.0,0,0,True
2059058,3,0.5,15.0,0,0,True
2059059,6,0.5,16.0,0,0,True
2059060,4,0.5,15.0,0,0,True
2059061,1,0.5,14.5,0,0,True
2059090,3,0.0,55.0,0,0,True
2059091,2,0.0,160.0,0,0,True
2059098,3,0.0,51.0,0,0,True
2059099,4,0.0,218.0,0,0,True
2059119,6,0.0,44.0,0,0,True
2059162,3,0.0,152.0,0,0,True
2059163,3,0.0,165.0,0,0,True
2059164,4,0.0,299.0,0,0,True
2059165,3,0.0,199.0,0,0,True
2059167,4,0.0,187.0,0,0,True
2059168,3,0.0,54.0,0,0,True
2059174,3,0.0,57.0,0,0,True
2059175,2,0.0,52.0,0,0,True
2059176,3,0.0,52.0,0,0,True
2059177,3,5.0,559.0,0,0,False
2059178,4,0.0,72.0,0,0,True
2059186,5,0.0,100.0,0,0,True
2059187,9,0.0,110.0,0,0,True
2059188,6,0.0,110.0,0,0,True
2059196,5,0.0,63.0,0,0,True
2059197,6,0.0,207.0,0,0,True
2059198,5,0.0,121.0,0,0,True
2059199,3,0.0,119.0,0,0,True
2059205,2,0.0,100.0,0,0,True
2059206,2,0.0,80.0,0,0,True
2059209,6,0.0,155.0,0,0,True
2059212,1,3.0,45.0,0,0,False
2059246,3,0.0,50.0,0,0,True
2059251,5,0.0,143.0,0,0,True
2059253,12,0.0,223.0,0,0,True
2059256,5,0.0,160.0,0,0,True
2059265,2,0.0,100.0,0,0,True
2059266,2,0.0,108.0,0,0,True
2059282,5,0.0,69.0,0,0,True
2059283,4,0.0,54.0,0,0,True
2059284,3,0.0,144.0,0,0,True
2059285,4,0.0,39.0,0,0,True
2059286,4,0.0,82.0,0,0,True
2059287,5,0.0,52.0,0,0,True
2059337,5,0.0,100.0,0,0,True
2059348,6,0.0,55.0,0,0,True
2059351,9,0.0,70.0,0,0,True
2059352,3,0.0,50.0,0,0,True
2059354,3,0.0,40.0,0,0,True
2059356,5,0.0,50.0,0,0,True
2059358,8,0.0,60.0,0,0,True
2059359,3,0.0,60.0,0,0,True
2059426,3,0.0,84.0,0,0,True
2059428,3,0.0,140.0,0,0,True
2059446,6,0.0,100.0,0,0,True
2059447,2,4.0,72.0,0,0,False
2059448,1,3.0,39.0,0,0,False
2059449,6,0.0,207.0,0,0,True
2059472,4,0.0,70.0,0,0,True
2059473,3,0.0,125.0,0,0,True
2059479,5,0.5,20.0,0,0,True
2059480,5,0.5,22.0,0,0,True
2059481,6,0.5,18.0,0,0,True
2059482,3,0.5,12.0,0,0,True
2059483,6,0.5,20.0,0,0,True
2059496,4,0.0,62.0,0,0,True
2059511,6,0.0,134.0,0,0,True
2059528,5,0.0,155.0,0,0,True
2059530,3,0.0,101.0,0,1,True
2059550,6,12.0,85.0,0,0,False
2059556,5,0.0,170.0,0,0,True
2059557,3,0.0,70.0,0,0,True
2059587,3,0.0,31.0,0,0,True
2059588,1,2.0,40.0,0,0,False
2059589,5,0.0,127.0,0,0,True
2059603,5,0.0,365.0,0,0,True
2059607,4,0.0,85.0,0,0,True
2059614,7,0.0,123.0,0,0,True
2059615,7,0.0,104.0,0,0,True
2059616,4,0.0,102.0,0,0,True
2059621,2,0.0,120.0,0,0,True
2059633,6,8.0,243.0,0,0,False
2059638,5,0.0,140.0,0,0,True
2059641,2,0.0,100.0,0,0,True
2059642,3,0.0,80.0,0,0,True
2059644,7,0.0,94.0,0,0,True
2059677,3,0.0,37.0,0,0,True
2059694,10,0.0,203.0,1,0,True
2059707,5,0.0,254.0,0,0,True
2059710,11,0.0,124.0,0,1,True
2059712,9,0.0,100.0,0,1,True
2059733,7,0.0,85.0,0,0,True
2059736,2,0.0,70.0,0,0,True
2059747,4,0.0,120.0,0,0,True
2059791,18,0.0,175.0,0,3,True
2059792,5,0.0,50.0,0,0,True
2059807,7,0.0,150.0,0,0,True
2059846,5,0.0,140.0,0,0,True
2059859,4,0.0,70.0,0,0,True
2059876,2,0.0,101.0,0,0,True
2059884,3,0.0,73.0,0,0,True
2059905,3,0.0,60.0,0,0,True
2059906,3,0.0,161.0,0,0,True
2059915,9,0.0,222.0,0,0,True
2059917,5,0.0,110.0,0,0,True
2059935,5,0.0,141.0,1,0,True
2059940,3,0.0,108.0,0,0,True
2059986,3,0.0,47.0,0,0,True
2060001,4,0.0,80.0,0,0,True
2060003,4,0.0,200.0,0,0,True
2060005,4,0.0,140.0,0,0,True
2060013,7,0.0,16.0,0,0,True
2060015,5,0.0,18.0,0,0,True
2060017,4,0.0,20.0,0,0,True
2060018,3,0.5,20.0,0,0,True
2060019,6,0.0,24.0,0,0,True
2060020,3,0.5,20.0,0,0,True
2060021,5,0.0,50.0,0,0,True
2060057,6,0.0,63.0,0,0,True
2060058,5,0.0,103.0,0,0,True
2060059,4,0.0,83.0,0,0,True
2060090,5,0.0,201.0,0,0,True
2060100,2,3.0,37.0,0,0,False
2060171,3,0.0,65.0,0,0,True
2060172,3,0.0,125.0,0,0,True
2060173,3,0.0,90.0,0,0,True
2060189,4,0.0,172.0,0,0,True
2060191,3,2.0,41.0,0,0,False
2060197,2,0.0,34.0,0,0,True
2060215,3,0.0,56.0,0,0,True
2060227,10,0.0,110.0,0,0,True
2060230,3,0.0,65.0,0,0,True
2060231,7,0.0,202.0,0,0,True
2060239,4,0.5,24.0,0,0,True
2060240,4,0.5,26.0,0,0,True
2060241,4,0.5,26.0,0,0,True
2060242,3,0.5,24.0,0,0,True
2060258,2,0.0,138.0,0,0,True
2060260,4,0.0,121.0,0,0,True
2060261,8,0.0,96.6,0,0,True
2060282,5,11.0,323.0,0,0,False
2060304,5,11.0,174.0,0,0,False
2060314,4,0.0,88.5,0,0,True
2060318,3,0.0,101.0,0,0,True
2060319,2,0.0,90.0,0,0,True
2060322,7,0.0,120.0,1,0,True
2060343,3,0.0,62.0,0,0,True
2060399,8,0.0,120.0,1,0,True
2060404,4,0.0,63.0,0,0,True
2060407,4,0.0,124.0,0,0,True
2060451,6,0.0,103.0,0,0,True
2060473,4,0.0,46.0,0,0,True
2060507,6,0.0,200.0,0,0,True
2060526,4,0.0,181.0,0,0,True
2060550,5,0.0,105.0,1,0,True
2060551,3,0.0,55.0,0,0,True
2060553,4,0.0,121.0,0,0,True
2060554,6,0.0,100.0,0,0,True
2060560,8,0.0,141.0,0,1,True
2060567,5,1.0,75.0,0,0,True
2060583,3,0.0,116.0,0,0,True
2060584,3,0.0,55.0,0,0,True
2060585,3,0.0,179.0,0,0,True
2060586,2,0.0,74.0,0,0,True
2060590,3,0.0,53.0,0,0,True
2060592,3,0.0,93.0,0,0,True
2060594,3,0.0,53.0,0,0,True
2060597,3,0.0,64.0,0,0,True
2060599,3,0.0,71.0,0,0,True
2060609,4,3.0,183.0,0,0,False
2060621,5,0.0,189.0,0,0,True
2060629,3,0.0,60.0,0,0,True
2060676,3,0.0,79.0,0,0,True
2060682,4,0.0,123.0,0,0,True
2060703,4,0.0,101.0,0,0,True
2060712,6,0.0,200.0,0,0,True
2060731,5,0.0,100.0,0,0,True
2060735,1,3.0,54.0,0,0,False
2060740,6,0.0,141.0,0,0,True
2060743,4,0.0,50.0,0,0,True
2060744,4,0.0,50.0,0,0,True
2060745,4,0.0,60.0,0,0,True
2060746,4,0.0,50.0,0,0,True
2060747,4,0.0,60.0,0,0,True
2060748,2,0.0,30.0,0,0,True
2060749,6,0.0,143.0,0,0,True
2060775,4,0.0,203.0,0,0,True
2060793,3,0.0,52.0,0,0,True
2060798,4,0.0,86.0,0,0,True
2060826,5,0.0,128.0,0,0,True
2060830,3,0.0,49.0,0,0,True
2060842,6,0.0,40.0,0,0,True
2060846,8,8.0,90.0,0,0,False
2060849,4,8.0,30.0,0,0,False
2060851,11,0.0,90.0,0,1,True
2060852,7,0.0,30.0,0,0,True
2060853,10,0.0,73.0,0,0,True
2060854,5,0.0,30.0,0,0,True
2060866,5,0.0,121.0,0,0,True
2060880,3,0.0,48.5,0,0,True
2060916,4,0.0,203.0,0,0,True
2060962,3,0.0,78.0,0,0,True
2060974,6,0.0,80.0,1,0,True
2060975,5,0.0,160.0,0,0,True
2060987,7,0.0,110.0,0,0,True
2061008,5,0.0,184.0,0,0,True
2061010,8,0.5,24.0,0,0,True
2061011,3,0.0,26.0,0,0,True
2061012,5,0.0,30.0,0,0,True
2061014,7,0.0,28.0,0,0,True
2061019,3,0.0,78.0,0,0,True
2061035,5,0.0,158.0,0,0,True
2061040,4,0.0,59.0,1,0,True
2061052,5,0.0,198.0,0,0,True
2061058,7,0.0,60.0,0,0,True
2061061,9,0.0,243.0,0,0,True
2061072,2,0.0,30.0,0,0,True
2061087,5,3.0,85.0,0,0,False
2061088,4,0.0,85.0,0,0,True
2061114,2,0.0,78.0,0,0,True
2061119,8,0.0,155.0,0,0,True
2061121,5,0.0,110.0,0,0,True
2061135,4,0.0,150.0,0,0,True
2061155,3,0.0,44.0,0,0,True
2061156,3,0.0,50.0,0,0,True
2061168,3,3.0,80.0,0,0,False
2061202,5,0.0,135.0,0,0,True
2061216,3,3.0,60.0,0,0,False
2061219,8,0.0,141.0,0,0,True
2061221,7,0.0,182.0,0,0,True
2061226,4,0.0,74.0,0,0,True
2061241,3,0.0,147.0,0,0,True
2061242,6,0.0,129.0,0,0,True
2061243,3,0.0,98.0,0,0,True
2061257,3,0.0,50.0,0,0,True
2061259,4,0.0,105.0,1,0,True
2061280,5,0.0,50.0,0,0,True
2061296,7,0.0,230.0,0,0,True
2061301,3,0.0,14.0,0,0,True
2061302,1,0.0,14.0,0,0,True
2061303,1,0.0,14.0,0,0,True
2061305,1,0.0,14.0,0,0,True
2061306,1,0.0,14.0,0,0,True
2061317,3,0.0,95.0,0,0,True
2061326,5,0.0,112.0,0,0,True
2061327,6,0.0,170.0,0,0,True
2061339,5,0.0,120.0,0,0,True
2061356,5,0.0,128.0,0,0,True
2061368,6,0.0,152.0,0,0,True
2061394,4,0.0,219.0,0,0,True
2061428,5,0.0,120.0,0,0,True
2061437,4,0.0,143.0,0,0,True
2061447,4,0.0,83.0,0,0,True
2061461,3,0.0,460.0,0,0,True
2061462,3,0.0,460.0,0,0,True
2061479,4,0.0,184.0,0,0,True
2061483,6,0.0,85.0,0,0,True
2061488,4,0.0,90.0,0,0,True
2061506,5,0.0,143.0,0,0,True
2061507,4,0.0,148.0,0,0,True
2061528,3,0.0,122.0,0,0,True
2061548,4,0.0,198.0,0,0,True
2061559,6,0.0,193.0,0,0,True
2061560,4,0.0,140.0,0,0,True
2061574,3,0.0,80.0,0,0,True
2061585,5,0.0,110.0,0,0,True
2061596,5,0.0,145.0,0,0,True
2061600,2,0.0,56.0,0,0,True
2061601,4,0.0,86.0,0,0,True
2061602,6,0.0,114.0,0,0,True
2061611,3,0.0,151.0,0,0,True
2061614,3,0.0,40.0,0,0,True
2061619,3,0.0,141.0,0,0,True
2061627,4,0.0,98.0,0,0,True
2061642,5,0.0,173.0,0,0,True
2061656,2,0.0,32.0,0,0,True
2061659,6,0.0,53.5,0,0,True
2061675,2,0.0,34.0,0,0,True
2061698,3,0.0,35.0,0,0,True
2061712,3,0.0,64.0,0,0,True
2061746,3,0.0,30.0,0,0,True
2061747,4,0.0,31.0,0,0,True
2061748,4,0.0,26.0,0,0,True
2061749,4,0.0,26.0,0,0,True
2061750,3,0.0,31.0,0,0,True
2061752,3,0.0,30.0,0,0,True
2061753,4,0.0,35.0,0,0,True
2061754,5,0.0,30.0,0,0,True
2061755,3,0.0,25.0,0,0,True
2061756,4,0.0,25.0,0,0,True
2061757,5,0.0,31.0,0,0,True
2061758,7,0.0,30.0,0,0,True
2061768,2,0.0,30.0,0,0,True
2061770,2,0.0,25.0,0,0,True
2061771,3,0.0,25.0,0,0,True
2061774,2,0.0,30.0,0,0,True
2061776,2,0.0,31.0,0,0,True
2061779,2,0.0,25.0,0,0,True
2061783,2,0.0,30.0,0,0,True
2061785,4,0.0,31.0,0,0,True
2061786,4,0.0,31.0,0,0,True
2061787,4,0.0,31.0,0,0,True
2061789,5,0.0,31.0,0,0,True
2061791,5,0.0,31.0,0,0,True
2061792,4,0.0,31.0,0,0,True
2061793,2,0.0,31.0,0,0,True
2061794,3,0.0,31.0,0,0,True
2061796,6,0.0,25.0,0,0,True
2061798,5,0.0,31.0,0,0,True
2061799,8,0.0,31.0,0,0,True
2061800,5,0.0,26.0,1,0,True
2061801,4,0.0,35.0,0,0,True
2061807,5,0.0,31.0,0,0,True
2061811,4,0.0,31.0,0,0,True
2061812,4,0.0,31.0,0,0,True
2061822,2,0.0,30.0,0,0,True
2061823,1,0.0,30.0,0,0,True
2061824,5,0.0,31.0,0,0,True
2061825,5,0.0,31.0,0,0,True
2061826,6,0.0,31.0,0,0,True
2061827,2,0.0,65.0,0,0,True
2061832,4,0.0,118.0,0,1,True
2061834,6,0.0,25.0,0,0,True
2061835,4,0.0,30.0,0,0,True
2061836,3,0.0,25.0,0,0,True
2061837,2,7.0,60.0,0,0,False
2061838,2,32.0,40.0,0,0,False
2061839,2,0.0,20.0,0,0,True
2061840,4,0.0,35.0,0,0,True
2061855,3,0.0,31.0,0,0,True
2061857,3,0.0,26.0,0,0,True
2061861,2,0.0,25.0,0,0,True
2061862,3,0.0,25.0,0,0,True
2061863,2,0.0,25.0,0,0,True
2061864,3,0.0,30.0,0,0,True
2061865,6,0.0,30.0,0,0,True
2061866,8,0.5,26.0,0,0,True
2061867,5,0.5,20.0,0,0,True
2061870,5,0.5,30.0,0,0,True
2061871,2,0.0,30.0,0,0,True
2061886,11,0.0,92.0,0,1,True
2061887,7,0.0,121.0,0,2,True
2061893,3,0.0,12.0,0,0,True
2061896,3,0.0,11.5,0,0,True
2061897,3,0.0,10.5,0,0,True
2061898,3,0.0,13.0,0,0,True
2061899,3,0.0,11.0,0,0,True
2061900,1,0.0,11.5,0,0,True
2061936,3,0.0,140.0,0,0,True
2061974,5,0.0,93.0,0,0,True
2062009,10,0.0,50.0,0,0,True
2062011,12,0.0,65.0,0,0,True
2062033,3,0.0,58.0,0,0,True
2062035,5,0.0,77.0,0,0,True
2062039,5,0.0,150.0,1,0,True
2062049,5,2.0,60.0,0,0,False
2062051,5,12.0,150.0,0,0,False
2062052,5,0.0,239.0,0,0,True
2062053,3,0.0,56.0,0,0,True
2062054,2,0.0,42.0,0,0,True
2062055,3,0.0,57.0,0,0,True
2062056,5,0.0,384.0,0,0,True
2062057,8,0.0,229.0,0,0,True
2062058,2,0.0,46.0,0,0,True
2062060,4,0.0,93.0,0,0,True
2062062,4,0.0,121.0,0,0,True
2062064,3,0.0,68.0,0,0,True
2062065,5,0.0,122.0,0,0,True
2062066,4,0.0,60.0,0,0,True
2062067,3,0.0,32.0,0,0,True
2062110,2,0.0,60.0,0,0,True
2062111,6,0.0,67.0,0,0,True
2062145,7,38.0,130.0,1,0,False
2062171,4,0.0,80.0,0,0,True
2062175,4,0.0,75.0,0,0,True
2062177,4,0.0,60.0,0,0,True
2062181,6,0.0,140.0,0,0,True
2062186,3,0.0,69.0,0,0,True
2062202,5,0.0,89.0,0,0,True
2062221,7,0.0,143.0,0,0,True
2062229,4,0.0,120.0,0,0,True
2062238,8,0.0,179.0,0,0,True
2062239,9,0.0,205.0,0,0,True
2062242,3,0.0,140.0,0,0,True
2062243,4,0.0,120.0,0,0,True
2062244,2,0.0,180.0,0,0,True
2062245,5,0.0,42.0,0,0,True
2062259,4,0.0,72.0,1,0,True
2062307,5,0.0,95.0,0,0,True
2062311,7,0.0,163.0,0,0,True
2062338,6,0.0,178.0,0,0,True
2062340,8,0.0,328.0,0,0,True
2062341,3,0.0,35.0,0,0,True
2062342,3,0.0,70.0,0,0,True
2062376,8,0.0,150.0,0,0,True
2062389,5,0.0,141.0,0,0,True
2062392,7,0.0,141.0,0,0,True
2062420,6,0.0,150.0,2,1,True
2062423,5,7.0,123.0,0,0,False
2062425,2,0.0,28.0,0,0,True
2062427,3,0.0,100.0,0,0,True
2062428,5,0.0,220.0,2,1,True
2062431,3,0.0,120.0,0,0,True
2062435,3,0.0,40.0,0,0,True
2062441,4,0.0,50.0,0,0,True
2062458,4,0.0,43.0,0,0,True
2062465,4,0.0,180.0,0,0,True
2062478,4,0.0,85.0,0,0,True
2062485,10,0.0,80.0,0,0,True
2062486,3,0.0,70.0,0,0,True
2062487,5,0.0,50.0,0,0,True
2062520,9,0.0,140.0,0,1,True
2062536,5,0.0,138.0,0,0,True
2062537,5,0.0,82.0,0,0,True
2062542,4,0.0,63.0,0,0,True
2062543,4,0.0,110.0,0,0,True
2062545,5,0.0,90.0,0,0,True
2062556,8,0.0,192.0,1,0,True
2062634,4,0.0,159.0,0,0,True
2062635,5,0.0,156.0,0,0,True
2062647,3,0.0,63.0,0,0,True
2062648,4,0.0,68.0,0,0,True
2062649,5,0.0,94.0,0,0,True
2062656,1,0.5,28.0,0,0,True
2062660,1,0.5,28.0,0,0,True
2062687,5,0.0,102.0,0,0,True
2062689,7,0.0,183.0,0,0,True
2062691,3,0.0,101.0,0,0,True
2062692,5,0.0,83.0,0,0,True
2062693,4,0.0,160.0,0,0,True
2062709,9,5.0,49.0,0,0,False
2062710,5,0.0,88.0,0,0,True
2062711,10,0.0,125.0,0,0,True
2062713,1,6.0,50.0,0,0,False
2062714,1,6.0,18.0,0,0,False
2062715,5,2.5,49.0,0,0,False
2062716,4,5.0,54.0,0,0,False
2062719,1,5.0,18.0,0,0,False
2062720,3,5.0,49.0,0,0,False
2062723,5,9.0,49.0,0,1,False
2062734,5,0.0,94.0,0,0,True
2062735,5,6.0,48.0,0,0,False
2062737,4,5.0,49.0,0,0,False
2062738,2,5.0,17.0,0,0,False
2062739,3,5.0,20.0,0,0,False
2062742,7,0.0,167.0,0,0,True
2062752,4,6.0,178.0,0,0,False
2062754,5,0.0,42.0,0,0,True
2062760,4,0.0,47.0,0,0,True
2062763,4,0.0,80.0,0,0,True
2062764,6,0.0,146.0,0,0,True
2062767,9,0.0,260.0,0,0,True
2062773,6,0.0,172.0,0,0,True
2062797,9,0.0,150.0,2,1,True
2062798,8,11.0,198.0,0,0,False
2062809,3,0.0,111.0,0,0,True
2062828,8,0.0,158.0,0,0,True
2062844,17,15.0,203.0,0,3,False
2062876,6,0.0,130.0,0,0,True
2062911,4,0.0,200.0,0,0,True
2062912,3,0.0,64.0,0,0,True
2062913,5,0.0,141.0,0,0,True
2062922,4,0.0,159.0,0,0,True
2062923,5,0.0,220.0,0,0,True
2062924,3,0.0,46.0,0,0,True
2062925,2,0.0,38.0,0,0,True
2062926,2,0.0,41.0,0,0,True
2062927,5,0.0,104.0,0,0,True
2062928,5,0.0,128.0,0,0,True
2062929,3,0.0,48.0,0,0,True
2062930,3,0.0,99.0,0,0,True
2062932,3,0.0,150.0,0,0,True
2062933,2,0.0,29.0,0,0,True
2062934,5,0.0,110.0,0,0,True
2062950,3,0.0,121.0,0,0,True
2062956,3,0.0,70.0,0,0,True
2062962,2,0.0,101.0,0,0,True
2062965,4,6.0,123.0,0,0,False
2062966,4,0.0,68.0,0,0,True
2062967,4,0.0,238.0,0,0,True
2062988,11,0.0,110.0,0,1,True
2062989,9,0.0,83.0,0,0,True
2062993,7,0.0,150.0,0,0,True
2063023,5,0.0,140.0,0,0,True
2063025,7,0.0,240.0,0,0,True
2063026,2,0.0,62.0,0,0,True
2063039,9,0.0,195.0,0,1,True
2063053,5,0.0,70.0,0,0,True
2063056,5,0.0,84.0,0,0,True
2063078,4,0.0,55.0,1,0,True
2063090,11,0.0,195.0,0,1,True
2063101,10,0.0,155.0,0,0,True
2063102,7,0.0,81.0,0,0,True
2063106,4,0.0,15.6,0,0,True
2063107,4,0.0,32.4,0,0,True
2063108,4,0.0,15.6,0,0,True
2063109,2,0.0,31.5,0,0,True
2063110,4,0.0,15.2,0,0,True
2063111,2,0.0,28.6,0,0,True
2063112,2,0.0,29.1,0,0,True
2063113,3,0.0,29.8,0,0,True
2063114,2,0.0,29.5,0,0,True
2063137,5,0.0,73.0,0,0,True
2063145,2,0.0,53.0,0,0,True
2063147,3,0.0,72.0,0,0,True
2063182,3,0.0,100.0,0,0,True
2063278,7,0.0,89.0,0,0,True
2063326,7,4.0,215.0,0,0,False
2063327,4,0.0,250.0,0,0,True
2063329,5,0.0,209.0,0,0,True
2063330,3,0.0,32.0,0,0,True
2063331,3,0.0,33.0,0,0,True
2063333,3,0.0,55.0,0,0,True
2063351,4,0.5,20.0,0,0,True
2063354,4,0.5,26.0,0,0,True
2063355,6,0.5,22.0,0,0,True
2063356,7,0.5,30.0,0,0,True
2063357,4,0.0,30.0,0,0,True
2063363,8,0.0,148.0,0,0,True
2063387,4,0.0,190.0,1,0,True
2063388,9,0.0,130.0,0,0,True
2063390,4,0.0,141.0,1,0,True
2063391,3,0.0,161.0,0,0,True
2063392,3,0.0,161.0,0,0,True
2063413,3,0.0,133.0,0,1,True
2063417,6,0.0,151.0,0,0,True
2063418,3,0.0,74.0,0,0,True
2063419,3,0.0,64.0,0,0,True
2063420,4,0.0,143.0,0,0,True
2063421,5,0.0,114.0,0,0,True
2063422,3,0.0,82.0,0,0,True
2063423,5,0.0,103.0,0,1,True
2063426,4,0.0,139.0,0,0,True
2063430,4,0.0,203.0,0,0,True
2063437,5,0.0,365.0,0,0,True
2063497,5,0.0,161.0,0,0,True
2063498,3,0.0,161.0,0,0,True
2063499,3,0.0,155.0,0,0,True
2063513,10,0.0,118.0,1,0,True
2063520,2,0.0,36.0,0,0,True
2063526,7,15.0,125.0,0,1,False
2063581,3,0.0,91.0,0,0,True
2063606,5,0.0,134.0,0,0,True
2063607,3,0.0,55.0,0,0,True
2063608,3,0.0,150.0,0,0,True
2063609,3,0.0,67.0,0,0,True
2063610,3,0.0,36.0,0,0,True
2063611,5,0.0,78.0,0,0,True
2063616,4,0.0,243.0,0,0,True
2063618,3,0.0,71.0,0,0,True
2063619,2,0.0,38.0,0,0,True
2063623,3,0.0,60.0,0,0,True
2063629,3,0.0,98.0,0,0,True
2063630,3,0.0,100.0,0,0,True
2063632,2,2.0,25.0,0,1,False
2063633,5,5.0,35.0,0,0,False
2063634,12,0.0,74.0,0,0,True
2063635,10,0.0,79.6,0,0,True
2063646,6,0.0,218.0,0,0,True
2063659,2,0.0,64.0,0,0,True
2063661,2,0.0,49.0,0,0,True
2063662,2,0.0,50.0,0,0,True
2063663,6,0.0,163.0,0,0,True
2063671,5,0.0,161.0,0,0,True
2063686,3,0.0,61.0,0,0,True
2063687,4,0.0,56.0,0,0,True
2063689,4,0.0,84.0,0,0,True
2063691,5,0.0,82.0,1,0,True
2063718,7,0.0,18.0,0,0,True
2063721,3,0.0,219.0,0,0,True
2063730,7,0.0,100.0,0,0,True
2063740,5,0.0,82.0,0,0,True
2063744,3,0.0,52.0,0,0,True
2063764,8,0.0,110.0,0,0,True
2063830,5,0.0,120.0,0,0,True
2063831,6,0.0,120.0,0,0,True
2063832,7,0.0,123.0,0,0,True
2063833,5,0.0,83.0,0,0,True
2063880,2,0.0,48.0,0,0,True
2063913,3,0.0,122.0,0,0,True
2063931,6,0.0,119.0,0,0,True
2063942,3,0.0,100.0,0,0,True
2063943,4,0.0,100.0,0,0,True
2063954,3,0.0,104.0,0,0,True
2063980,3,0.0,65.0,0,0,True
2063981,3,0.0,105.0,0,0,True
2063982,5,0.0,208.0,0,0,True
2063983,3,0.0,38.0,0,0,True
2064021,9,0.0,95.0,0,0,True
2064023,2,0.0,70.0,0,0,True
2064026,5,0.0,121.0,0,0,True
2064100,2,0.0,47.0,0,0,True
2064101,3,0.0,75.0,0,0,True
2064102,5,0.0,138.0,0,0,True
2064103,3,0.0,139.0,0,0,True
2064105,3,0.0,48.0,0,0,True
2064106,4,0.0,146.0,0,0,True
2064110,3,0.0,53.0,0,0,True
2064111,4,0.0,211.0,0,0,True
2064121,4,0.0,100.0,0,0,True
2064122,3,0.0,34.0,0,0,True
2064125,5,0.0,75.0,0,0,True
2064138,3,3.0,47.0,0,0,False
2064153,3,0.0,78.0,0,0,True
2064154,10,0.0,132.0,0,0,True
2064169,5,0.0,84.0,0,0,True
2064201,4,0.0,35.0,0,0,True
2064207,3,0.0,80.0,0,0,True
2064223,3,0.0,61.0,0,0,True
2064226,3,0.0,37.0,0,0,True
2064244,7,2.0,100.0,0,0,False
2064246,4,0.0,222.0,0,0,True
2064247,6,0.0,299.0,0,0,True
2064248,6,0.0,179.0,0,0,True
2064265,5,0.0,201.0,0,0,True
2064266,10,22.0,120.0,0,1,False
2064272,7,0.0,138.0,1,0,True
2064297,6,0.0,150.0,0,0,True
2064316,3,0.0,68.0,0,0,True
2064317,3,0.0,85.0,0,0,True
2064318,4,0.0,158.0,0,0,True
2064351,10,0.0,217.0,1,0,True
2064352,7,0.0,78.0,0,0,True
2064386,9,0.0,197.0,0,0,True
2064412,5,0.0,61.0,0,0,True
2064440,8,0.0,98.0,0,1,True
2064441,3,0.0,60.0,0,0,True
2064511,6,0.0,21.0,0,0,True
2064512,2,0.0,19.5,0,0,True
2064513,2,0.0,19.5,0,0,True
2064514,6,0.0,22.0,0,0,True
2064518,3,0.0,72.0,0,0,True
2064519,4,0.0,243.0,0,0,True
2064521,5,0.0,19.0,2,1,True
2064522,6,0.0,24.0,0,0,True
2064537,6,0.0,285.0,0,0,True
2064546,4,0.0,82.0,0,0,True
2064558,7,0.0,143.0,0,1,True
2064559,5,0.0,126.0,0,0,True
2064562,6,0.0,340.0,0,0,True
2064577,4,0.0,76.0,0,0,True
2064578,5,0.0,360.0,0,0,True
2064596,3,0.0,123.0,0,0,True
2064597,5,0.0,156.0,0,0,True
2064616,4,0.0,105.0,0,0,True
2064617,4,0.0,80.0,0,0,True
2064627,5,0.0,70.0,0,0,True
2064632,3,0.0,75.0,0,0,True
2064634,5,0.0,49.0,0,0,True
2064653,6,0.0,120.0,0,0,True
2064657,10,0.0,90.0,0,0,True
2064658,5,0.0,70.0,0,0,True
2064669,7,0.0,113.0,0,0,True
2064676,7,0.0,215.0,0,0,True
2064701,7,0.0,110.0,0,0,True
2064703,4,0.0,110.0,0,0,True
2064706,4,0.0,108.0,0,0,True
2064708,4,0.0,260.0,0,0,True
2064709,1,3.0,60.0,0,0,False
2064710,4,0.0,140.0,0,0,True
2064711,6,0.0,100.0,0,0,True
2064714,2,0.0,80.0,0,0,True
2064735,4,0.0,124.0,0,0,True
2064736,5,0.0,53.0,0,0,True
2064737,3,0.0,53.0,0,0,True
2064738,5,0.0,189.0,0,0,True
2064739,3,0.0,138.0,0,0,True
2064740,3,0.0,60.0,0,0,True
2064747,3,0.0,46.0,0,0,True
2064748,4,0.0,126.0,0,0,True
2064749,3,0.0,90.0,0,0,True
2064750,3,0.0,99.0,0,0,True
2064751,3,0.0,45.0,0,0,True
2064752,3,0.0,119.0,0,0,True
2064753,3,0.0,175.0,0,0,True
2064754,3,0.0,132.0,0,0,True
2064755,3,0.0,164.0,0,0,True
2064756,2,0.0,41.0,0,0,True
2064759,2,14.0,100.0,0,0,False
2064763,2,0.0,141.0,0,0,True
2064826,10,0.0,157.0,1,0,True
2064867,4,0.0,201.0,0,0,True
2064869,4,0.0,161.0,0,0,True
2064870,5,0.0,101.0,0,0,True
2064873,3,34.0,121.0,0,0,False
2064878,6,0.0,181.0,0,0,True
2064902,9,0.0,180.0,0,1,True
2064922,3,0.0,155.0,0,0,True
2064957,4,0.0,90.0,0,0,True
2064958,7,0.0,181.0,2,1,True
2064967,3,0.0,46.0,0,0,True
2064979,4,0.0,150.0,0,0,True
2064980,5,0.0,115.0,0,0,True
2065005,3,0.0,42.0,0,0,True
2065006,3,0.0,80.0,0,0,True
2065023,4,0.0,148.0,0,0,True
2065034,7,0.0,130.0,0,0,True
2065084,7,0.0,140.0,0,0,True
2065090,4,12.0,139.0,0,0,False
2065104,3,0.0,87.0,0,0,True
2065138,9,0.0,161.0,0,0,True
2065139,4,0.0,40.0,0,0,True
2065142,10,0.0,90.0,1,0,True
2065143,6,0.0,130.0,0,0,True
2065144,2,0.0,16.0,0,0,True
2065147,2,0.0,20.0,0,0,True
2065148,2,0.0,16.0,0,0,True
2065153,5,0.0,162.0,0,0,True
2065168,10,0.0,109.0,0,0,True
2065170,4,0.0,100.0,0,0,True
2065200,2,0.6,30.0,0,0,True
2065201,2,0.6,24.7,0,0,True
2065202,2,0.6,32.0,0,0,True
2065217,4,0.0,200.0,0,0,True
2065218,7,0.0,125.0,1,0,True
2065257,10,0.0,202.0,0,0,True
2065260,3,0.0,77.0,0,0,True
2065266,2,0.0,45.0,0,0,True
2065269,3,0.0,100.0,0,0,True
2065270,4,0.0,150.0,0,0,True
2065277,4,2.0,32.0,0,0,False
2065302,7,0.5,79.0,0,0,True
2065303,4,0.5,70.0,0,0,True
2065312,5,0.0,105.0,0,0,True
2065328,7,0.0,160.0,0,0,True
2065336,12,0.0,212.0,0,2,True
2065337,10,0.0,262.0,0,0,True
2065343,4,0.0,90.0,0,0,True
2065348,4,0.0,70.0,0,0,True
2065355,3,0.0,130.0,0,0,True
2065357,10,0.0,155.0,1,0,True
2065369,5,0.0,59.5,0,1,True
2065381,7,0.0,116.0,0,0,True
2065397,5,0.0,298.0,0,0,True
2065403,5,0.0,50.0,0,0,True
2065460,4,0.0,107.0,0,0,True
2065462,4,0.0,140.0,0,0,True
2065464,3,0.0,70.0,0,0,True
2065477,4,0.0,158.0,0,0,True
2065489,5,0.0,104.0,0,0,True
2065490,4,0.0,104.0,1,0,True
2065561,3,0.0,232.0,0,0,True
2065562,3,0.0,48.0,0,0,True
2065608,5,0.0,60.0,0,0,True
2065612,2,0.0,193.0,0,0,True
2065650,4,0.0,95.0,0,0,True
2065652,4,0.0,139.0,0,0,True
2065666,5,0.0,67.0,0,0,True
2065672,3,0.0,70.0,0,0,True
2065713,3,0.0,44.0,0,0,True
2065715,3,0.0,40.0,0,0,True
2065719,4,0.0,141.0,0,0,True
2065720,4,0.0,80.0,0,0,True
2065721,6,0.0,167.0,0,0,True
2065731,2,0.0,21.0,0,0,True
2065733,3,0.0,45.0,0,0,True
2065743,5,2.0,235.0,0,0,False
2065745,2,0.0,100.0,0,0,True
2065765,7,0.0,92.0,0,0,True
2065799,5,0.0,180.0,0,0,True
2065801,5,0.0,120.0,0,0,True
2065803,4,0.0,121.0,0,0,True
2065804,4,0.0,70.0,0,0,True
2065806,4,0.0,65.0,0,1,True
2065808,3,0.0,40.0,0,0,True
2065822,4,0.0,61.0,0,0,True
2065826,2,0.0,100.0,0,0,True
2065873,3,0.0,65.0,0,0,True
2065874,5,3.0,45.0,0,0,False
2065877,3,3.0,75.0,0,0,False
2065903,3,0.0,179.0,0,0,True
2065905,8,0.0,159.0,0,0,True
2065906,3,0.0,98.0,0,0,True
2065908,8,0.0,66.0,0,0,True
2065928,8,0.0,111.0,0,0,True
2065929,6,0.0,199.0,0,0,True
2065967,6,0.5,46.0,0,0,True
2065968,5,0.0,95.0,0,0,True
2065970,6,0.0,229.0,0,0,True
2065989,3,0.0,139.0,0,0,True
2065994,6,0.0,220.0,0,0,True
2065996,10,0.0,185.0,0,0,True
2066035,2,0.0,100.0,1,0,True
2066039,3,0.0,105.0,0,0,True
2066078,4,0.0,78.0,0,0,True
2066108,5,0.0,125.0,0,0,True
2066146,5,0.0,141.0,0,0,True
2066170,5,0.0,60.0,0,0,True
2066171,6,0.0,120.0,0,0,True
2066172,5,0.0,60.0,0,0,True
2066173,4,0.0,120.0,1,0,True
2066174,6,0.0,100.0,0,0,True
2066180,4,0.0,80.0,0,0,True
2066183,10,0.0,82.0,0,0,True
2066196,4,0.0,141.0,0,0,True
2066198,4,0.0,45.0,0,0,True
2066210,2,0.0,13.0,0,0,True
2066211,2,0.0,13.0,0,0,True
2066212,2,0.0,14.0,0,0,True
2066223,5,0.0,210.0,0,0,True
2066242,4,0.0,379.0,0,0,True
2066251,4,0.0,45.0,0,0,True
2066252,4,0.0,45.0,0,0,True
2066253,4,0.0,87.0,0,0,True
2066254,4,0.0,78.0,0,0,True
2066255,4,0.0,45.0,0,0,True
2066256,4,0.0,45.0,0,0,True
2066266,2,0.0,63.0,0,0,True
2066278,5,0.0,220.0,0,0,True
2066279,5,0.0,200.0,0,0,True
2066280,4,0.0,100.0,0,0,True
2066282,4,0.0,113.0,0,0,True
2066306,2,0.0,62.0,0,0,True
2066316,2,0.0,13.0,0,0,True
2066317,2,0.0,16.6,0,0,True
2066328,7,0.0,139.0,0,0,True
2066340,3,0.0,60.0,0,0,True
2066359,3,0.0,100.0,0,0,True
2066371,5,0.0,134.0,0,0,True
2066416,5,0.0,164.0,0,0,True
2066417,3,0.0,50.0,0,0,True
2066420,5,0.0,98.0,0,0,True
2066421,3,0.0,186.0,0,0,True
2066422,4,0.0,230.0,0,0,True
2066423,3,0.0,190.0,0,0,True
2066424,5,0.0,379.0,0,0,True
2066426,5,0.0,199.0,0,0,True
2066452,4,0.0,27.0,0,0,True
2066453,6,0.0,27.0,0,0,True
2066461,7,0.0,220.0,0,0,True
2066475,4,0.0,54.0,0,0,True
2066495,3,0.5,10.0,0,0,True
2066496,4,0.5,10.0,0,0,True
2066497,3,0.5,10.0,0,0,True
2066498,4,0.5,10.5,0,0,True
2066499,3,0.5,10.0,0,0,True
2066500,4,0.5,6.5,0,0,True
2066519,3,0.0,67.0,0,0,True
2066535,3,0.0,149.0,0,0,True
2066541,5,0.0,90.0,0,0,True
2066543,2,0.0,49.0,0,0,True
2066550,4,0.0,110.0,0,0,True
2066564,4,0.0,100.0,0,0,True
2066570,5,0.0,72.0,0,0,True
2066571,5,0.0,75.0,0,0,True
2066575,4,0.0,121.0,0,0,True
2066576,9,0.0,141.0,0,1,True
2066577,5,0.0,141.0,0,0,True
2066594,3,0.0,206.0,0,0,True
2066601,6,0.0,100.0,0,0,True
2066606,6,0.0,141.0,0,0,True
2066615,3,0.0,85.0,0,0,True
2066672,5,0.0,108.0,0,0,True
2066685,4,0.0,118.0,0,0,True
2066703,6,0.0,143.0,0,0,True
2066704,4,0.0,179.0,0,1,True
2066727,6,0.0,210.0,0,0,True
2066736,5,0.0,198.0,0,0,True
2066744,6,0.0,90.0,0,0,True
2066766,5,0.0,70.0,0,0,True
2066773,4,0.0,77.0,0,0,True
2066788,6,0.0,14.0,0,0,True
2066809,4,0.0,72.0,0,0,True
2066810,2,0.0,35.0,0,0,True
2066811,4,0.0,151.0,0,0,True
2066819,4,0.0,85.0,0,0,True
2066831,4,0.0,200.0,0,0,True
2066833,3,0.0,88.0,0,0,True
2066837,4,0.0,77.0,0,0,True
2066838,4,0.0,150.0,0,0,True
2066841,6,0.0,90.0,0,0,True
2066854,6,0.0,83.0,0,0,True
2066855,4,0.0,121.0,0,0,True
2066864,3,0.0,67.0,0,0,True
2066866,8,0.0,119.0,0,0,True
2066922,3,0.0,180.0,0,0,True
2066935,4,0.0,113.0,0,0,True
2066959,9,0.0,105.0,1,0,True
2066960,3,0.0,78.0,0,0,True
2066972,7,0.0,101.0,1,0,True
2066973,5,0.0,140.0,0,0,True
2066977,4,0.0,199.0,0,1,True
2066978,5,0.0,158.0,0,0,True
2066979,3,0.0,199.0,0,0,True
2066980,3,0.0,97.0,0,0,True
2066987,7,0.0,280.0,0,0,True
2067033,3,0.0,63.0,0,0,True
2067044,2,0.0,100.0,0,0,True
2067046,4,0.0,85.0,0,0,True
2067063,7,0.0,120.0,0,0,True
2067082,4,0.5,16.0,0,0,True
2067084,4,0.5,16.0,0,0,True
2067085,7,0.0,105.0,0,0,True
2067091,3,0.5,16.0,0,0,True
2067092,5,0.5,20.0,0,0,True
2067093,4,0.5,16.0,0,0,True
2067099,10,0.0,98.5,0,0,True
2067113,4,0.0,81.0,0,0,True
2067114,3,0.0,27.0,0,0,True
2067124,8,0.0,49.0,1,0,True
2067130,4,0.0,80.0,0,0,True
2067137,4,1.0,50.0,0,1,True
2067140,3,1.0,30.0,0,1,True
2067141,3,1.0,47.5,0,0,True
2067142,2,1.0,30.0,0,1,True
2067143,3,0.5,12.0,0,0,True
2067153,4,1.0,30.0,0,1,True
2067154,4,1.0,30.0,0,0,True
2067155,4,0.0,25.0,0,0,True
2067156,3,1.0,50.0,0,1,True
2067157,2,1.0,30.0,0,1,True
2067158,2,1.0,30.0,0,1,True
2067159,5,0.0,50.0,0,0,True
2067160,2,0.0,30.0,0,1,True
2067186,5,0.0,100.0,0,0,True
2067223,2,0.0,14.1,0,0,True
2067227,3,0.0,27.2,0,0,True
2067244,16,0.0,148.0,0,1,True
2067246,13,0.0,148.0,0,1,True
2067249,4,0.0,128.0,0,0,True
2067263,4,0.0,125.0,0,0,True
2067264,4,0.0,210.0,0,0,True
2067278,4,0.0,259.0,0,0,True
2067296,3,0.0,158.0,0,0,True
2067302,6,0.0,101.0,0,1,True
2067338,4,0.0,155.0,0,0,True
2067341,4,0.0,32.0,0,0,True
2067342,4,0.0,32.0,0,0,True
2067375,2,0.0,70.0,0,0,True
2067394,7,0.0,199.0,0,0,True
2067395,3,0.0,84.0,1,0,True
2067411,4,0.0,37.0,0,0,True
2067417,7,0.0,90.0,0,0,True
2067469,2,0.0,30.2,0,0,True
2067470,2,0.0,29.2,0,0,True
2067471,2,0.0,31.1,0,0,True
2067489,8,0.0,159.0,0,0,True
2067511,3,0.0,65.0,0,0,True
2067512,4,0.0,86.0,0,0,True
2067515,2,0.0,46.0,0,0,True
2067516,2,0.0,44.0,1,0,True
2067525,7,0.0,85.0,0,0,True
2067532,7,0.0,70.0,0,0,True
2067535,10,0.0,115.0,0,0,True
2067542,5,0.0,65.0,0,0,True
2067544,7,0.0,161.0,0,3,True
2067546,3,0.0,110.0,0,0,True
2067565,3,0.0,100.0,0,0,True
2067568,6,0.0,50.0,0,0,True
2067570,5,0.0,50.0,0,0,True
2067571,5,0.0,50.0,0,0,True
2067573,4,0.0,50.0,0,1,True
2067578,4,0.0,38.0,0,0,True
2067580,3,0.0,25.0,0,0,True
2067581,3,0.0,35.0,0,1,True
2067582,5,0.0,50.0,0,1,True
2067583,4,0.0,180.0,0,0,True
2067584,5,0.0,41.0,0,0,True
2067586,5,0.0,50.0,0,0,True
2067588,2,0.0,39.0,0,0,True
2067589,5,0.0,40.0,0,0,True
2067590,5,0.0,50.0,0,0,True
2067591,5,0.0,50.0,0,0,True
2067592,5,0.0,47.0,0,0,True
2067593,3,0.0,88.0,0,0,True
2067594,5,0.0,63.0,0,0,True
2067595,5,0.0,63.0,0,0,True
2067614,3,0.0,81.0,0,0,True
2067615,2,0.0,117.0,0,0,True
2067646,4,0.0,70.0,0,0,True
2067647,7,0.0,90.0,0,0,True
2067649,4,0.0,90.0,0,0,True
2067658,3,0.0,100.0,0,0,True
2067659,3,0.0,60.0,0,0,True
2067666,7,0.0,45.0,0,0,True
2067670,6,0.0,159.0,0,0,True
2067689,7,0.0,158.0,0,0,True
2067713,5,0.0,93.0,0,0,True
2067719,2,0.0,94.0,0,0,True
2067730,3,0.0,101.0,0,0,True
2067731,3,0.0,85.0,0,0,True
2067737,10,0.0,181.0,0,0,True
2067750,3,0.0,165.0,0,1,True
2067754,2,0.0,34.0,0,0,True
2067773,5,0.0,77.0,0,0,True
2067799,5,0.0,154.0,0,0,True
2067800,3,0.0,33.0,0,0,True
2067807,5,0.0,198.0,0,0,True
2067821,3,0.0,110.0,0,0,True
2067849,6,0.0,70.0,0,0,True
2067850,5,0.0,76.0,0,0,True
2067851,6,0.0,199.0,0,0,True
2067860,3,0.0,56.0,0,0,True
2067865,2,0.0,39.0,0,0,True
2067866,2,0.0,39.0,0,0,True
2067867,2,0.0,100.0,0,0,True
2067868,6,0.0,154.0,1,0,True
2067869,4,0.0,115.0,1,0,True
2067876,6,0.0,50.0,0,0,True
2067907,3,0.0,40.0,0,0,True
2067917,7,0.0,144.0,0,0,True
2067918,8,0.0,200.0,1,0,True
2067919,6,0.0,206.0,0,0,True
2067935,3,0.0,23.0,0,0,True
2067938,6,0.0,120.0,0,0,True
2067944,5,2.5,80.0,0,0,False
2067946,4,3.0,60.0,0,0,False
2067953,6,0.0,159.0,0,0,True
2067985,8,40.0,197.0,0,0,False
2067986,5,0.0,130.0,0,0,True
2067992,4,0.0,140.0,0,0,True
2067997,3,0.0,100.0,0,0,True
2068001,4,0.0,150.0,0,0,True
2068005,4,0.0,65.0,0,0,True
2068006,3,0.0,90.0,0,0,True
2068007,3,0.0,110.0,0,0,True
2068011,5,0.0,210.0,0,0,True
2068019,3,0.0,498.0,0,0,True
2068020,3,0.0,126.0,0,0,True
2068021,3,0.0,158.0,0,0,True
2068022,3,0.0,145.0,0,0,True
2068028,3,0.0,199.0,0,0,True
2068029,5,0.0,159.0,0,0,True
2068030,6,0.0,119.0,0,0,True
2068042,7,0.0,116.0,0,0,True
2068043,4,0.0,77.0,0,0,True
2068066,3,0.0,160.0,0,0,True
2068073,7,0.0,110.0,2,1,True
2068079,5,0.0,161.0,0,1,True
2068080,3,0.0,121.0,0,0,True
2068112,5,0.0,60.0,0,0,True
2068113,5,0.0,160.0,0,0,True
2068130,4,0.0,63.0,0,0,True
2068131,7,0.0,82.0,0,0,True
2068138,6,0.0,210.0,1,0,True
2068152,3,0.0,100.0,0,0,True
2068196,3,93.0,122.0,0,0,False
2068218,4,0.0,60.0,0,0,True
2068230,2,2.0,67.0,0,0,False
2068239,4,6.0,143.0,0,0,False
2068242,2,0.0,50.0,0,0,True
2068243,2,0.0,50.0,0,0,True
2068252,3,0.0,79.0,0,0,True
2068253,3,0.0,127.0,0,0,True
2068263,4,0.0,140.0,0,0,True
2068284,6,0.0,90.0,0,0,True
2068318,3,0.0,141.0,0,0,True
2068322,6,0.0,141.0,0,1,True
2068340,4,0.0,100.0,0,0,True
2068343,5,0.0,180.0,0,0,True
2068344,2,0.0,38.0,0,0,True
2068346,4,0.0,102.0,0,0,True
2068386,3,0.0,62.0,0,0,True
2068387,5,0.0,123.0,0,0,True
2068414,10,0.0,86.0,0,0,True
2068450,2,0.0,165.0,0,0,True
2068454,4,0.0,115.0,0,0,True
2068457,6,0.0,53.0,0,0,True
2068463,2,0.0,38.0,0,0,True
2068468,4,0.5,12.0,0,0,True
2068470,5,0.5,12.0,0,0,True
2068472,4,0.5,12.0,0,0,True
2068499,5,0.0,141.0,0,0,True
2068500,5,0.0,60.0,0,0,True
2068502,5,0.0,65.0,0,0,True
2068503,5,0.0,50.0,0,0,True
2068505,6,0.0,141.0,1,1,True
2068510,3,0.0,41.0,0,0,True
2068524,4,0.0,130.0,0,0,True
2068529,5,0.0,103.0,0,0,True
2068531,4,0.0,66.0,0,0,True
2068545,6,30.0,232.0,0,1,False
2068581,5,0.0,101.0,1,0,True
2068582,4,0.0,75.0,0,0,True
2068583,3,0.0,223.0,0,0,True
2068598,10,1.0,129.0,2,1,True
2068600,15,1.5,149.0,4,1,False
2068602,12,4.0,115.0,2,0,False
2068603,6,0.0,59.0,0,0,True
2068606,14,1.0,79.0,2,1,True
2068609,23,1.0,126.0,1,3,True
2068616,8,1.0,197.0,2,2,True
2068617,17,8.0,164.0,4,2,False
2068618,13,0.5,179.0,0,2,True
2068638,4,0.0,76.0,0,0,True
2068651,5,0.0,150.0,0,0,True
2068667,4,0.0,135.0,0,0,True
2068668,6,0.0,161.0,0,0,True
2068671,5,0.0,81.0,0,0,True
2068672,2,0.0,80.0,0,0,True
2068674,5,0.0,55.0,0,0,True
2068686,3,0.0,56.0,0,0,True
2068698,3,0.0,89.0,0,0,True
2068700,6,0.0,212.0,0,0,True
2068711,3,0.0,209.0,0,0,True
2068721,5,0.0,121.0,0,0,True
2068734,2,0.0,121.0,0,0,True
2068736,7,0.0,90.0,0,0,True
2068740,4,0.0,141.0,0,0,True
2068741,5,0.0,101.0,0,0,True
2068742,3,0.0,75.0,0,0,True
2068754,6,0.0,84.0,0,0,True
2068784,5,0.0,86.5,0,0,True
2068794,4,0.0,39.0,0,0,True
2068795,2,0.0,48.0,0,0,True
2068796,4,0.0,160.0,0,0,True
2068807,3,0.6,22.0,0,0,True
2068808,2,0.6,30.0,0,0,True
2068823,5,0.0,83.0,0,0,True
2068838,4,0.0,161.0,0,0,True
2068843,6,0.0,141.0,0,1,True
2068847,6,0.0,178.0,0,1,True
2068848,13,0.0,201.0,0,1,True
2068850,6,10.0,183.0,0,0,False
2068852,5,0.0,175.0,0,0,True
2068853,7,3.5,169.0,2,0,False
2068867,3,0.0,105.0,0,0,True
2068868,7,0.0,174.0,1,0,True
2068875,9,0.0,121.0,0,2,True
2068876,10,0.0,131.0,0,0,True
2068882,3,0.0,70.0,0,0,True
2068883,3,0.0,60.0,0,0,True
2068886,6,0.0,243.0,0,0,True
2068889,3,0.0,100.0,0,0,True
2068895,4,0.0,220.0,0,0,True
2068900,3,0.0,145.0,0,0,True
2068901,3,0.0,78.0,0,0,True
2068902,3,0.0,78.0,0,0,True
2068903,3,0.0,126.0,0,0,True
2068906,5,0.0,210.0,0,0,True
2068907,8,0.0,189.0,0,0,True
2068908,15,0.0,208.0,0,3,True
2068932,11,0.0,175.0,0,2,True
2068933,12,0.0,227.0,0,0,True
2068935,11,0.0,245.0,0,4,True
2068962,5,9.0,223.0,0,0,False
2068966,11,0.0,172.0,0,1,True
2068984,11,0.0,400.0,0,0,True
2068989,3,0.0,103.0,0,0,True
2069012,5,0.0,179.0,0,0,True
2069013,3,0.0,45.0,0,0,True
2069014,3,0.0,138.0,0,0,True
2069015,3,0.0,149.0,0,0,True
2069016,7,0.0,68.0,0,1,True
2069023,4,0.0,65.0,0,1,True
2069028,6,0.0,182.0,0,0,True
2069030,6,0.0,160.0,0,0,True
2069032,3,0.0,81.0,0,0,True
2069034,4,0.0,141.0,0,0,True
2069035,3,0.0,50.0,0,0,True
2069037,4,0.0,80.0,0,0,True
2069038,6,0.0,141.0,0,0,True
2069040,10,0.0,137.0,0,0,True
2069084,4,0.0,203.0,0,0,True
2069086,3,0.0,16.0,0,0,True
2069087,3,0.0,16.0,0,0,True
2069088,3,0.0,16.0,0,0,True
2069096,9,0.0,210.0,0,0,True
2069143,5,5.0,50.0,0,0,False
2069144,4,2.0,52.0,0,0,False
2069152,3,0.0,83.0,0,0,True
2069156,5,0.0,103.0,0,0,True
2069161,3,0.0,122.0,0,0,True
2069173,5,0.0,140.0,0,0,True
2069182,4,0.0,64.0,0,0,True
2069184,3,0.0,84.0,1,0,True
2069185,5,0.0,155.0,0,0,True
2069186,6,0.0,105.0,0,0,True
2069188,4,0.0,166.0,0,0,True
2069191,2,0.0,59.0,0,0,True
2069192,3,0.0,87.0,0,0,True
2069193,3,0.0,50.0,0,0,True
2069200,2,0.0,125.0,0,0,True
2069201,2,0.0,80.0,0,0,True
2069203,6,0.0,105.0,0,0,True
2069220,5,0.3,14.0,0,0,True
2069221,4,0.3,14.0,0,0,True
2069222,3,0.0,14.0,0,0,True
2069223,3,0.0,11.6,0,0,True
2069231,5,1.0,75.0,0,0,True
2069262,4,0.0,104.0,0,0,True
2069275,3,0.0,77.0,0,0,True
2069278,6,0.0,121.0,0,0,True
2069281,4,0.0,201.0,0,0,True
2069283,6,0.0,172.0,0,0,True
2069288,3,0.0,215.0,0,0,True
2069291,6,0.0,325.0,0,0,True
2069317,6,0.0,197.0,0,0,True
2069318,3,0.0,65.0,0,0,True
2069328,4,0.0,155.0,0,0,True
2069408,2,0.0,59.0,0,0,True
2069409,5,0.0,130.0,0,0,True
2069410,4,0.0,73.0,0,0,True
2069411,3,0.0,159.0,0,0,True
2069413,2,0.0,123.0,0,0,True
2069415,4,0.0,179.0,0,0,True
2069417,4,0.0,89.0,0,0,True
2069419,3,0.0,159.0,0,0,True
2069421,3,0.0,99.0,0,0,True
2069422,3,0.0,57.0,0,0,True
2069423,2,0.0,47.0,0,0,True
2069498,5,0.0,140.0,0,0,True
2069523,5,0.0,120.0,0,0,True
2069534,5,0.0,127.0,2,1,True
2069602,5,0.0,65.0,0,0,True
2069608,2,0.0,115.0,0,0,True
2069624,4,0.0,161.0,0,0,True
2069680,2,0.0,151.0,0,0,True
2069682,4,0.0,170.0,0,0,True
2069688,4,0.0,110.0,0,0,True
2069691,3,0.0,162.0,0,0,True
2069692,4,0.0,187.0,0,0,True
2069702,5,0.0,100.0,0,0,True
2069719,8,0.0,118.0,0,0,True
2069741,3,0.0,223.0,0,0,True
2069742,5,0.0,75.0,1,0,True
2069764,14,0.0,190.0,0,1,True
2069765,12,0.0,264.0,0,2,True
2069776,4,0.0,91.0,0,0,True
2069777,2,0.0,40.0,0,0,True
2069779,3,0.0,60.0,0,0,True
2069780,12,0.0,170.0,0,0,True
2069782,15,0.0,246.0,0,2,True
2069783,2,0.0,29.0,0,0,True
2069784,2,0.0,34.0,0,0,True
2069786,2,0.0,34.0,0,0,True
2069798,8,13.0,257.0,0,0,False
2069800,3,0.0,160.0,0,0,True
2069815,4,0.0,15.0,0,0,True
2069818,4,0.0,15.0,0,0,True
2069821,4,0.0,15.0,0,0,True
2069829,3,0.0,68.0,0,1,True
2069833,3,0.0,62.0,0,0,True
2069834,3,0.0,159.0,0,0,True
2069835,4,0.0,169.0,0,0,True
2069836,9,0.0,125.0,0,0,True
2069837,4,0.0,97.0,0,0,True
2069838,3,0.0,93.0,0,0,True
2069839,4,0.0,79.0,0,0,True
2069859,5,0.0,183.0,0,0,True
2069862,2,0.0,77.5,0,0,True
2069904,4,0.0,149.0,0,0,True
2069921,3,0.0,58.0,1,0,True
2069936,4,0.0,143.0,1,0,True
2069939,17,0.0,229.0,0,2,True
2069941,8,0.3,160.0,0,0,True
2069942,4,0.0,163.0,0,0,True
2069958,9,0.0,23.5,0,0,True
2069960,4,1.1,28.0,0,0,False
2069962,8,1.0,25.0,0,0,True
2069963,6,1.0,25.0,0,0,True
2069964,5,1.0,25.0,0,0,True
2069976,12,0.0,160.0,0,0,True
2069977,14,0.0,159.0,0,1,True
2069981,3,0.0,80.0,0,0,True
2069983,2,0.0,100.0,0,0,True
2069988,3,0.0,159.0,0,0,True
2069989,3,0.0,116.0,0,0,True
2069991,3,0.0,123.0,0,0,True
2070006,4,0.0,73.0,0,0,True
2070014,4,0.0,159.0,0,0,True
2070034,6,0.0,45.0,0,0,True
2070042,3,42.0,70.0,0,0,False
2070046,3,0.0,141.0,0,0,True
2070064,5,0.0,179.0,0,0,True
2070066,6,0.0,139.0,0,0,True
2070067,5,0.0,141.0,0,0,True
2070069,7,0.0,260.0,0,0,True
2070070,5,0.0,141.0,0,0,True
2070074,3,0.0,85.0,0,0,True
2070079,5,0.0,139.0,0,0,True
2070081,9,0.0,121.0,0,0,True
2070115,4,0.0,219.0,0,0,True
2070116,3,0.0,119.0,0,0,True
2070117,5,0.0,125.0,0,0,True
2070118,3,0.0,87.0,0,0,True
2070119,4,0.0,184.0,0,0,True
2070120,5,0.0,128.0,0,0,True
2070140,5,0.0,75.0,0,0,True
2070163,4,0.0,65.0,0,0,True
2070165,6,0.0,95.0,0,0,True
2070181,3,0.5,9.0,0,0,True
2070182,5,0.0,70.0,0,0,True
2070184,12,4.0,161.0,2,1,False
2070185,12,4.0,157.0,2,1,False
2070188,12,7.0,146.0,2,0,False
2070208,2,0.0,63.0,0,0,True
2070212,5,0.0,106.0,0,0,True
2070239,3,0.0,119.0,0,0,True
2070240,3,0.0,124.0,0,0,True
2070241,5,0.0,179.0,0,0,True
2070242,3,0.0,169.0,0,0,True
2070243,4,0.0,244.0,0,0,True
2070246,7,0.0,50.0,0,0,True
2070247,8,0.0,100.0,0,0,True
2070249,7,0.0,141.0,0,0,True
2070271,4,0.0,134.0,0,0,True
2070273,7,4.0,86.0,0,0,False
2070283,11,0.0,201.0,0,3,True
2070356,4,0.0,140.0,0,0,True
2070358,2,0.0,140.0,0,0,True
2070375,3,0.0,61.0,0,0,True
2070379,5,0.5,20.0,0,0,True
2070380,4,0.0,28.5,0,0,True
2070381,4,0.5,20.0,0,0,True
2070382,5,0.5,20.0,0,0,True
2070390,3,0.0,180.0,0,0,True
2070393,7,0.0,123.0,0,0,True
2070394,4,0.0,101.0,0,0,True
2070463,6,0.0,81.0,0,0,True
2070473,4,0.0,132.0,0,0,True
2070522,4,3.0,40.0,0,0,False
2070524,14,0.0,142.0,0,1,True
2070548,4,0.0,74.0,0,0,True
2070550,4,0.0,131.0,0,0,True
2070595,6,0.0,115.0,0,0,True
2070606,3,0.0,141.0,0,0,True
2070607,7,0.0,130.0,0,0,True
2070613,3,0.0,62.0,0,0,True
2070614,4,0.0,87.0,0,0,True
2070616,3,0.0,60.0,0,0,True
2070635,3,0.0,35.0,0,0,True
2070643,15,1.0,199.0,0,2,True
2070644,19,1.0,116.0,0,2,True
2070645,18,0.0,163.0,0,2,True
2070669,5,15.0,158.0,0,0,False
2070696,2,0.0,120.0,0,0,True
2070701,4,0.0,115.0,0,0,True
2070702,10,0.0,97.0,0,0,True
2070721,26,0.0,243.0,0,3,True
2070729,13,3.0,216.0,0,1,False
2070749,10,0.0,150.0,0,0,True
2070750,5,0.0,42.0,0,0,True
2070762,2,4.0,37.5,0,0,False
2070770,11,0.0,188.0,0,1,True
2070771,4,0.0,141.0,0,0,True
2070784,10,0.0,123.0,0,0,True
2070785,5,13.0,159.0,0,0,False
2070788,7,0.0,125.0,0,0,True
2070835,6,0.0,119.0,0,0,True
2070836,5,0.0,154.0,1,0,True
2070849,4,0.0,159.0,0,1,True
2070856,5,0.0,86.0,0,0,True
2070861,3,0.0,70.0,0,0,True
2070863,4,0.0,261.0,0,0,True
2070873,3,0.0,180.0,0,0,True
2070886,2,0.0,220.0,0,0,True
2070902,4,0.0,215.0,0,0,True
2070989,4,0.0,180.0,0,0,True
2070990,6,0.0,104.0,0,0,True
2070991,4,0.0,116.0,0,0,True
2070992,4,0.0,160.0,0,0,True
2070994,4,0.0,81.0,0,0,True
2071006,2,0.0,90.0,0,0,True
2071007,3,6.0,119.0,0,0,False
2071009,10,8.0,139.0,0,1,False
2071034,6,0.0,141.0,0,0,True
2071036,4,0.0,109.0,0,0,True
2071038,3,0.0,101.0,0,0,True
2071062,6,0.0,126.0,0,0,True
2071063,6,0.0,108.0,0,0,True
2071077,5,0.0,137.0,0,0,True
2071093,1,3.0,50.0,0,0,False
2071106,5,0.0,92.0,0,0,True
2071112,5,0.0,52.0,0,0,True
2071129,5,0.0,110.0,0,0,True
2071137,8,0.0,70.0,1,0,True
2071152,2,1.0,38.0,0,0,True
2071155,3,0.0,42.0,0,0,True
2071168,6,0.0,220.0,0,0,True
2071174,3,0.0,50.0,0,0,True
2071176,3,0.0,60.0,0,0,True
2071227,4,0.0,180.0,0,0,True
2071228,2,0.0,40.0,0,0,True
2071238,6,0.0,239.0,0,0,True
2071239,2,0.0,54.0,0,0,True
2071240,3,0.0,142.0,0,0,True
2071250,6,0.0,134.0,0,0,True
2071266,5,21.0,141.0,0,0,False
2071271,9,0.0,179.0,1,0,True
2071288,5,0.0,161.0,2,1,True
2071290,3,0.0,42.0,0,0,True
2071334,5,0.0,59.0,0,0,True
2071346,5,0.0,121.0,0,0,True
2071360,5,0.0,123.0,0,0,True
2071382,6,0.0,88.0,0,0,True
2071401,6,12.0,196.0,0,0,False
2071402,7,0.0,215.0,1,0,True
2071403,4,0.0,70.0,0,0,True
2071404,4,0.0,108.0,0,0,True
2071405,4,0.0,59.0,0,0,True
2071406,5,0.0,156.0,0,0,True
2071408,3,0.0,119.0,1,0,True
2071409,5,0.0,141.0,0,0,True
2071415,6,0.0,70.0,0,0,True
2071433,5,0.0,73.0,0,0,True
2071435,1,0.0,10.0,0,0,True
2071436,1,0.0,16.0,0,0,True
2071441,2,3.0,61.5,0,0,False
2071461,4,0.0,127.0,0,0,True
2071464,3,8.0,171.0,0,0,False
2071478,4,0.0,45.0,0,0,True
2071485,7,0.0,110.0,0,0,True
2071491,11,0.0,180.0,2,2,True
2071508,4,6.0,164.0,0,0,False
2071509,3,7.0,181.0,0,0,False
2071561,4,0.0,239.0,0,0,True
2071586,5,0.0,168.0,0,0,True
2071609,4,0.0,50.0,0,0,True
2071618,6,0.0,196.0,0,0,True
2071619,6,0.0,162.0,0,0,True
2071620,2,0.0,65.0,0,0,True
2071621,2,0.0,71.0,0,0,True
2071625,2,0.0,71.0,0,0,True
2071655,2,0.0,80.0,0,0,True
2071662,9,0.0,170.0,0,2,True
2071686,6,0.0,200.0,0,0,True
2071687,2,0.0,63.0,0,0,True
2071746,10,0.0,124.0,0,0,True
2071751,2,0.0,80.0,0,0,True
2071764,2,0.0,270.0,0,0,True
2071769,2,0.0,83.0,0,0,True
2071772,2,0.0,24.0,0,0,True
2071795,4,0.0,199.0,0,0,True
2071796,3,0.0,58.0,0,0,True
2071799,5,0.0,144.0,0,0,True
2071809,3,0.0,85.0,1,0,True
2071813,4,0.0,70.0,0,0,True
2071830,5,0.0,121.0,0,0,True
2071832,2,0.0,51.0,0,0,True
2071837,2,0.0,43.0,0,0,True
2071850,3,0.0,83.0,0,0,True
2071861,7,60.0,405.0,2,0,False
2071864,4,0.0,133.0,0,0,True
2071870,4,0.0,35.0,0,0,True
2071871,4,0.0,119.0,2,0,True
2071872,3,0.0,61.0,0,0,True
2071874,4,0.0,199.0,0,0,True
2071876,6,0.0,90.0,0,0,True
2071881,10,0.0,75.0,0,0,True
2071885,2,0.6,8.5,0,0,True
2071886,3,0.0,10.6,0,0,True
2071888,3,0.0,10.0,0,0,True
2071889,2,0.0,8.8,0,0,True
2071916,3,0.0,70.0,0,0,True
2071952,5,0.0,168.0,2,1,True
2071957,3,0.0,169.0,0,0,True
2071958,5,0.0,399.0,0,0,True
2071960,3,0.0,170.0,0,0,True
2071961,3,0.0,72.0,0,0,True
2071969,3,0.0,95.0,0,0,True
2071975,3,0.0,91.0,0,0,True
2071979,2,0.0,67.0,0,0,True
2071980,2,0.0,120.0,0,0,True
2071981,5,0.0,163.0,0,0,True
2071982,3,0.0,59.0,0,0,True
2071985,6,0.0,141.0,0,0,True
2071996,5,0.0,190.0,0,0,True
2072006,3,0.0,120.0,0,0,True
2072014,8,0.0,152.0,0,0,True
2072039,4,0.0,100.0,0,0,True
2072047,5,0.0,101.0,0,0,True
2072048,2,0.0,41.0,0,0,True
2072050,4,0.0,120.0,1,0,True
2072051,2,0.0,45.0,0,0,True
2072056,9,0.0,50.0,0,0,True
2072100,4,0.0,96.0,0,0,True
2072101,3,0.0,42.0,0,0,True
2072129,2,0.0,36.0,0,0,True
2072130,2,0.0,40.0,0,0,True
2072135,3,0.0,119.0,0,0,True
2072139,6,0.0,150.0,0,0,True
2072154,3,6.0,60.0,0,0,False
2072224,3,0.0,100.0,0,0,True
2072227,4,0.0,103.0,0,0,True
2072257,3,0.0,162.0,0,0,True
2072258,2,3.0,52.0,0,0,False
2072262,4,0.0,70.0,0,2,True
2072316,3,0.0,48.0,0,0,True
2072328,2,0.0,46.0,1,0,True
2072336,1,0.0,15.2,0,0,True
2072337,1,0.0,19.7,0,0,True
2072338,1,0.0,24.3,0,0,True
2072339,1,0.0,24.6,0,0,True
2072357,7,0.0,160.0,0,0,True
2072376,5,0.0,243.0,0,0,True
2072401,4,0.0,143.0,0,0,True
2072409,8,0.0,114.0,0,0,True
2072410,5,0.0,142.0,0,0,True
2072411,9,0.0,121.0,1,0,True
2072412,4,0.0,67.0,0,0,True
2072425,3,0.0,51.0,0,0,True
2072433,5,0.0,26.0,0,0,True
2072441,6,0.0,230.0,0,0,True
2072459,7,8.0,159.0,0,0,False
2072460,5,0.0,130.0,0,0,True
2072461,5,0.0,100.0,0,0,True
2072462,6,0.0,141.0,0,1,True
2072463,5,0.0,70.0,0,0,True
2072476,6,0.0,78.0,1,0,True
2072515,3,3.0,36.0,0,0,False
2072516,4,0.0,60.0,0,0,True
2072520,2,0.0,57.0,0,0,True
2072521,3,0.0,63.0,0,0,True
2072522,3,0.0,72.0,0,0,True
2072523,3,0.0,149.0,0,0,True
2072531,4,0.0,37.0,0,0,True
2072533,3,0.0,71.0,0,0,True
2072581,8,0.0,121.0,0,0,True
2072600,3,0.0,120.0,0,0,True
2072605,6,36.0,125.0,0,0,False
2072607,6,0.0,123.0,1,0,True
2072608,6,0.0,180.0,0,0,True
2072637,6,0.0,138.0,0,0,True
2072654,7,0.0,170.0,0,0,True
2072677,7,0.0,70.0,0,0,True
2072689,8,6.0,243.0,0,0,False
2072710,7,0.0,150.0,0,0,True
2072720,2,0.0,39.0,0,0,True
2072721,2,0.0,38.0,0,0,True
2072730,6,0.0,203.0,0,0,True
2072732,5,0.0,163.0,0,0,True
2072764,5,0.0,160.0,0,0,True
2072770,7,0.0,163.0,0,0,True
2072776,2,0.0,31.0,0,0,True
2072777,2,0.0,33.0,0,0,True
2072791,4,0.0,75.5,0,0,True
2072801,4,0.0,122.0,0,0,True
2072802,6,0.0,140.0,0,0,True
2072804,2,0.0,39.0,0,0,True
2072805,2,0.0,33.0,0,0,True
2072806,2,0.0,30.0,0,0,True
2072810,5,0.0,84.0,0,0,True
2072826,3,0.0,83.0,1,0,True
2072841,6,0.0,26.0,0,0,True
2072843,7,0.0,26.0,0,0,True
2072850,10,0.0,26.5,0,0,True
2072854,8,0.0,200.0,0,1,True
2072864,4,0.0,50.0,0,0,True
2072865,4,0.0,118.0,0,0,True
2072866,8,0.0,71.0,0,0,True
2072876,5,0.0,118.0,1,0,True
2072877,3,0.0,57.0,0,0,True
2072884,2,0.0,59.0,0,0,True
2072898,8,0.0,74.0,0,0,True
2072900,5,0.0,141.0,0,0,True
2072901,4,0.0,162.0,1,0,True
2072908,2,0.0,114.0,0,0,True
2072916,5,0.0,160.0,0,0,True
2072920,4,0.0,100.0,0,0,True
2072927,4,0.0,182.0,0,0,True
2072937,2,0.0,37.0,0,0,True
2072941,6,0.0,145.0,0,0,True
2072942,6,0.0,138.0,0,0,True
2072947,2,0.0,33.0,0,0,True
2072953,5,0.0,403.0,0,0,True
2072971,3,0.0,70.0,0,0,True
2072982,3,0.0,50.0,0,0,True
2072984,9,0.0,184.0,0,0,True
2072986,5,0.0,141.0,0,0,True
2072994,2,0.0,37.0,0,0,True
2072995,2,0.0,37.0,0,0,True
2072997,2,0.0,140.0,0,0,True
2073005,6,0.0,140.0,0,0,True
2073016,6,0.0,90.0,0,0,True
2073038,3,0.0,125.0,0,0,True
2073050,4,0.0,68.0,0,0,True
2073058,2,0.0,160.0,0,0,True
2073073,5,0.0,47.0,0,0,True
2073087,2,0.0,60.5,0,0,True
2073134,1,202.0,243.0,0,0,False
2073140,3,0.0,120.0,0,0,True
2073155,6,0.0,115.0,1,0,True
2073163,6,0.0,87.0,0,0,True
2073172,4,0.0,121.0,0,0,True
2073173,5,0.0,70.0,0,0,True
2073175,4,0.0,180.0,0,0,True
2073183,8,0.0,113.0,0,0,True
2073197,8,0.0,141.0,1,0,True
2073200,4,0.0,82.0,0,0,True
2073223,6,0.0,259.0,0,0,True
2073224,2,3.0,60.0,0,0,False
2073225,3,0.0,64.0,0,0,True
2073226,4,0.0,59.0,0,0,True
2073227,4,0.0,191.0,0,0,True
2073228,4,0.0,379.0,0,0,True
2073242,7,3.0,101.0,0,1,False
2073253,3,0.0,79.0,0,0,True
2073254,4,0.0,75.0,0,0,True
2073255,5,0.0,130.0,0,0,True
2073260,5,0.0,158.0,0,0,True
2073269,3,0.0,75.0,0,0,True
2073271,3,0.0,79.0,0,0,True
2073316,5,0.0,141.0,0,0,True
2073317,4,0.0,140.0,1,0,True
2073335,4,0.0,458.0,0,0,True
2073360,6,0.0,77.0,0,0,True
2073366,5,0.0,82.0,0,0,True
2073369,4,0.0,100.0,0,0,True
2073404,4,0.0,50.0,0,0,True
2073409,4,0.0,90.0,0,0,True
2073434,3,0.0,100.0,0,0,True
2073439,6,0.0,52.0,0,0,True
2073442,4,0.0,26.0,0,0,True
2073448,4,0.0,176.0,0,0,True
2073455,5,0.0,41.0,0,0,True
2073456,5,0.0,40.5,0,0,True
2073459,6,15.0,80.0,0,0,False
2073465,10,0.0,263.0,0,0,True
2073467,3,0.0,140.0,0,0,True
2073478,5,0.0,52.0,0,0,True
2073479,3,0.0,35.0,0,0,True
2073480,4,0.0,58.0,0,0,True
2073481,2,0.0,29.0,0,0,True
2073482,3,0.0,53.0,0,0,True
2073483,2,0.0,26.0,0,0,True
2073485,5,0.0,47.0,0,0,True
2073486,3,0.0,24.0,0,0,True
2073487,6,0.0,19.0,0,0,True
2073488,9,0.0,58.0,0,0,True
2073494,3,0.0,35.0,0,0,True
2073496,9,0.0,50.0,0,0,True
2073497,4,0.0,22.0,0,0,True
2073498,6,0.0,29.0,1,0,True
2073499,5,0.0,24.5,0,0,True
2073500,3,0.0,14.0,0,0,True
2073501,7,0.0,65.0,0,0,True
2073502,5,0.0,50.0,0,0,True
2073504,3,0.0,33.5,0,0,True
2073505,6,0.0,90.0,0,0,True
2073506,8,0.0,51.9,1,0,True
2073507,3,0.0,18.0,0,0,True
2073508,6,0.0,38.0,0,0,True
2073511,5,1.0,40.0,0,0,True
2073513,12,0.0,49.0,0,0,True
2073520,4,0.0,15.0,0,0,True
2073521,8,0.0,45.0,0,0,True
2073525,3,0.0,99.0,0,0,True
2073529,5,0.0,89.0,0,0,True
2073532,8,0.0,55.0,1,0,True
2073533,3,0.0,30.0,0,0,True
2073534,8,0.0,55.0,0,0,True
2073535,5,0.0,21.0,0,0,True
2073540,9,0.0,55.0,0,0,True
2073541,4,0.0,26.0,0,0,True
2073542,7,0.0,50.0,0,0,True
2073543,3,0.0,21.0,0,0,True
2073544,4,0.0,29.0,0,0,True
2073546,4,0.0,30.0,0,0,True
2073547,4,0.0,26.0,0,0,True
2073548,4,0.0,29.0,0,0,True
2073549,4,0.0,22.0,0,0,True
2073565,5,0.0,181.0,0,0,True
2073566,5,0.0,103.0,0,0,True
2073567,6,0.0,70.0,0,0,True
2073573,4,0.0,94.0,0,1,True
2073586,3,0.0,60.0,0,0,True
2073612,5,0.0,180.0,0,0,True
2073614,5,0.0,81.0,0,0,True
2073632,3,0.0,95.0,0,0,True
2073633,2,0.0,36.0,0,0,True
2073642,3,0.0,79.0,0,0,True
2073653,3,0.0,45.0,0,0,True
2073654,4,0.0,109.0,0,0,True
2073657,7,0.0,226.0,0,0,True
2073665,2,0.0,39.0,0,0,True
2073666,2,0.0,37.0,0,0,True
2073705,2,0.0,480.0,0,0,True
2073725,1,1.0,40.0,0,0,True
2073731,3,0.0,115.0,0,0,True
2073733,4,0.0,139.0,0,0,True
2073734,3,0.0,90.0,0,0,True
2073736,4,0.0,95.0,0,0,True
2073761,4,0.0,120.0,0,0,True
2073762,7,0.0,170.0,0,0,True
2073765,5,0.0,124.0,0,0,True
2073786,3,0.0,101.0,0,0,True
2073788,3,60.0,88.0,0,0,False
2073792,3,0.0,135.0,0,0,True
2073806,5,0.0,250.0,0,0,True
2073812,4,0.0,81.0,0,0,True
2073830,5,0.0,129.0,0,0,True
2073831,5,0.0,121.0,1,0,True
2073846,4,0.0,199.0,0,0,True
2073847,4,0.0,199.0,0,0,True
2073848,5,0.0,83.0,0,0,True
2073853,5,0.0,140.0,0,0,True
2073855,3,0.0,100.0,0,0,True
2073879,4,0.0,141.0,0,0,True
2073880,5,0.0,92.0,0,0,True
2073915,4,0.0,56.0,0,0,True
2073916,6,0.0,58.0,0,0,True
2073917,11,0.0,263.0,0,1,True
2073922,4,0.0,122.0,1,0,True
2074003,3,0.0,99.0,0,0,True
2074005,4,0.0,164.0,0,0,True
2074006,4,17.0,48.5,0,0,False
2074007,7,0.0,69.0,0,0,True
2074009,4,0.0,100.0,0,0,True
2074014,2,0.0,37.0,0,0,True
2074015,2,0.0,39.0,0,0,True
2074016,5,0.0,100.0,0,0,True
2074030,3,0.0,62.0,0,0,True
2074041,3,0.0,81.0,0,1,True
2074042,10,0.0,150.0,0,0,True
2074047,5,0.0,61.0,0,0,True
2074083,3,0.0,145.0,0,0,True
2074085,2,0.0,140.0,0,0,True
2074086,11,0.0,85.0,0,1,True
2074099,5,0.0,130.0,0,0,True
2074129,5,0.0,141.0,0,0,True
2074130,5,0.0,52.0,0,0,True
2074131,5,0.0,218.0,0,0,True
2074132,4,0.0,102.0,0,0,True
2074133,4,0.0,129.0,0,0,True
2074134,4,0.0,149.0,0,0,True
2074135,5,65.0,115.0,0,0,False
2074143,3,0.0,66.0,0,0,True
2074161,4,0.0,150.0,0,0,True
2074162,4,0.0,75.0,0,0,True
2074163,5,0.0,145.0,0,0,True
2074187,3,0.0,60.0,0,0,True
2074193,7,0.0,205.0,0,0,True
2074202,1,2.0,44.5,0,0,False
2074204,4,0.0,163.0,0,0,True
2074213,4,4.0,185.0,0,0,False
2074215,4,0.0,78.0,0,0,True
2074222,11,0.0,127.0,0,1,True
2074224,4,0.0,120.0,0,0,True
2074308,4,0.0,98.0,0,0,True
2074310,1,0.0,40.0,0,0,True
2074348,5,0.0,120.0,0,0,True
2074357,3,0.0,43.0,0,0,True
2074374,7,0.0,101.0,0,0,True
2074376,2,0.0,117.0,0,0,True
2074393,4,0.0,112.0,0,0,True
2074394,3,0.0,81.0,0,0,True
2074418,3,0.0,203.0,0,0,True
2074446,8,0.0,127.0,0,0,True
2074472,10,0.0,298.0,0,0,True
2074473,5,0.0,177.0,0,0,True
2074474,3,0.0,73.0,0,0,True
2074475,3,6.0,159.0,0,0,False
2074479,3,0.0,90.0,0,0,True
2074480,3,0.0,119.0,0,0,True
2074517,7,0.0,103.0,0,0,True
2074518,7,0.0,156.0,0,0,True
2074547,4,0.0,122.0,0,0,True
2074549,5,0.0,187.0,0,0,True
2074586,7,0.0,73.0,0,0,True
2074587,3,0.0,41.0,0,0,True
2074606,4,0.0,120.0,0,0,True
2074623,9,0.0,150.0,0,0,True
2074644,3,0.0,70.0,0,0,True
2074645,5,0.0,90.0,0,0,True
2074651,6,0.0,141.0,0,0,True
2074658,4,0.0,141.0,0,0,True
2074659,4,0.0,165.0,0,0,True
2074661,4,11.0,39.0,0,0,False
2074666,6,25.0,80.0,0,0,False
2074671,2,0.0,102.0,0,0,True
2074672,4,0.0,60.0,0,0,True
2074674,4,12.0,120.0,0,0,False
2074676,6,0.0,125.0,0,0,True
2074682,4,0.0,59.0,0,0,True
2074683,4,0.0,80.0,0,0,True
2074706,3,0.0,125.0,0,0,True
2074712,3,0.0,68.0,0,0,True
2074765,3,0.0,70.0,0,0,True
2074788,7,0.0,66.0,0,0,True
2074797,6,0.0,141.0,0,0,True
2074820,6,0.0,123.0,0,0,True
2074821,6,0.0,102.0,0,0,True
2074828,8,22.0,86.0,0,0,False
2074872,5,0.0,147.0,0,0,True
2074897,10,0.0,215.0,0,0,True
2074907,4,45.0,127.0,0,0,False
2074940,5,0.0,109.0,0,0,True
2074942,5,0.0,183.0,0,0,True
2074944,6,0.0,183.0,0,0,True
2074947,8,0.5,37.0,0,0,True
2074948,9,0.5,38.0,0,0,True
2074949,6,0.5,37.0,0,0,True
2074951,2,4.0,65.0,0,0,False
2074952,5,3.0,50.0,0,0,False
2074958,3,0.0,105.0,0,0,True
2074959,6,0.0,125.0,0,0,True
2074967,3,0.0,70.0,0,0,True
2074968,4,0.0,75.0,0,0,True
2074977,8,0.0,183.0,0,0,True
2075009,3,0.0,38.0,0,0,True
2075011,7,0.0,28.0,0,0,True
2075012,4,0.0,24.0,0,0,True
2075015,5,0.0,17.6,0,0,True
2075044,3,0.0,74.0,0,0,True
2075066,5,0.0,217.0,0,0,True
2075067,4,0.0,158.0,0,0,True
2075070,2,0.0,36.0,0,0,True
2075071,2,0.0,35.0,0,0,True
2075072,2,0.0,37.0,0,0,True
2075074,4,0.0,118.0,0,0,True
2075076,5,0.0,45.0,0,0,True
2075090,4,0.0,45.0,0,0,True
2075092,3,0.0,138.0,0,0,True
2075099,4,0.0,223.0,0,0,True
2075108,3,0.0,104.0,0,0,True
2075126,4,0.0,73.0,0,0,True
2075133,3,0.0,70.0,0,0,True
2075163,2,0.0,171.0,0,0,True
2075175,3,0.0,12.5,0,0,True
2075176,4,0.0,12.5,0,0,True
2075177,4,0.0,12.5,0,0,True
2075178,5,0.0,15.0,0,0,True
2075179,3,0.0,15.0,0,0,True
2075186,10,0.0,217.0,0,0,True
2075212,3,0.0,57.0,0,0,True
2075221,2,0.0,60.0,0,0,True
2075223,5,0.0,150.0,0,0,True
2075228,6,0.0,141.0,1,0,True
2075237,2,0.0,80.0,1,0,True
2075238,3,0.0,98.0,0,0,True
2075239,4,0.0,240.0,0,0,True
2075283,8,0.0,266.0,0,0,True
2075285,10,0.0,62.0,0,0,True
2075287,3,0.0,102.0,0,0,True
2075302,4,0.0,90.0,0,0,True
2075313,3,0.0,15.0,0,0,True
2075315,6,0.0,242.0,0,0,True
2075319,4,0.0,73.0,0,0,True
2075320,5,0.0,139.0,0,0,True
2075321,7,0.0,201.0,0,0,True
2075326,11,0.0,210.0,0,1,True
2075335,5,0.0,257.0,0,0,True
2075336,5,0.0,137.0,0,0,True
2075340,3,0.0,80.0,0,0,True
2075341,3,0.0,50.0,0,0,True
2075368,3,0.0,145.0,0,0,True
2075369,5,0.0,181.0,0,0,True
2075378,3,0.0,79.0,0,0,True
2075380,3,0.0,67.0,0,0,True
2075381,5,0.0,127.0,0,0,True
2075382,3,0.0,72.0,0,0,True
2075390,3,0.0,161.0,0,0,True
2075392,7,6.0,70.0,0,0,False
2075393,4,0.0,323.0,0,0,True
2075394,5,0.0,70.0,0,0,True
2075419,3,0.0,200.0,0,0,True
2075427,3,0.0,160.0,0,0,True
2075428,3,3.0,50.0,0,0,False
2075429,4,0.0,138.0,0,0,True
2075432,3,0.0,32.0,0,0,True
2075435,6,0.0,32.0,0,0,True
2075436,9,0.0,30.0,0,0,True
2075437,6,0.0,23.0,0,0,True
2075438,9,0.0,20.0,0,0,True
2075457,3,0.0,70.0,0,0,True
2075461,4,0.0,100.0,0,0,True
2075469,4,0.0,14.0,0,0,True
2075470,3,0.0,12.0,0,0,True
2075473,5,0.0,12.0,0,0,True
2075474,3,0.0,80.0,0,0,True
2075477,4,0.0,80.0,0,0,True
2075478,5,0.0,12.0,0,0,True
2075479,6,0.0,12.0,0,0,True
2075480,5,0.0,12.0,0,0,True
2075491,3,0.0,140.0,0,0,True
2075492,3,0.0,179.0,0,0,True
2075493,4,3.0,80.0,0,0,False
2075509,4,0.0,100.0,0,0,True
2075510,4,0.0,145.0,0,0,True
2075523,3,0.0,50.0,0,0,True
2075534,3,0.5,14.0,0,0,True
2075536,3,0.5,14.0,0,0,True
2075537,4,0.0,165.0,0,0,True
2075540,3,0.0,77.0,0,0,True
2075547,4,0.0,30.0,0,0,True
2075572,4,0.0,25.0,0,0,True
2075574,3,0.0,24.0,0,0,True
2075576,3,0.0,50.0,0,0,True
2075577,3,0.0,30.0,0,0,True
2075578,2,0.0,30.0,0,0,True
2075581,5,0.0,78.0,0,0,True
2075583,4,0.0,35.0,0,0,True
2075584,2,0.0,49.0,0,0,True
2075585,2,0.0,35.0,0,0,True
2075589,5,0.0,200.0,0,0,True
2075590,3,0.0,20.0,0,0,True
2075592,8,0.0,180.0,0,0,True
2075593,4,0.0,85.0,0,0,True
2075595,4,0.0,50.0,0,0,True
2075597,3,0.0,20.0,0,0,True
2075599,2,0.0,10.0,0,0,True
2075600,3,0.0,15.0,0,0,True
2075605,3,0.0,79.0,0,0,True
2075608,3,0.0,55.0,0,0,True
2075609,3,0.0,30.0,0,0,True
2075611,4,0.0,162.0,0,0,True
2075622,4,0.0,22.5,0,0,True
2075640,4,0.0,102.0,0,0,True
2075641,6,0.0,202.0,0,0,True
2075656,4,0.0,189.0,0,0,True
2075657,5,0.0,185.0,0,0,True
2075663,3,0.0,72.0,0,0,True
2075665,5,0.0,79.0,0,0,True
2075666,5,0.0,73.0,0,0,True
2075667,3,0.0,54.0,0,0,True
2075668,3,0.0,62.0,0,0,True
2075693,5,0.0,200.0,0,0,True
2075755,5,0.0,50.0,0,0,True
2075756,5,0.0,161.0,0,0,True
2075758,6,0.0,161.0,2,1,True
2075759,7,0.0,160.0,0,0,True
2075762,4,0.0,62.0,0,0,True
2075793,4,0.0,205.0,0,0,True
2075794,3,0.0,67.0,0,0,True
2075805,5,0.0,80.0,0,0,True
2075806,3,0.0,79.0,0,0,True
2075808,3,0.0,66.0,0,0,True
2075809,4,0.0,108.0,0,0,True
2075819,5,0.0,161.0,0,0,True
2075821,7,0.0,100.0,0,0,True
2075841,4,0.0,70.0,0,0,True
2075860,7,48.0,130.0,0,0,False
2075861,2,18.0,49.5,0,0,False
2075892,3,0.0,140.0,0,0,True
2075893,8,0.0,109.0,0,0,True
2075895,5,0.0,150.0,0,0,True
2075896,1,0.0,54.0,0,0,True
2075898,1,0.0,59.0,0,0,True
2075899,1,0.0,54.0,0,0,True
2075900,1,0.0,59.0,0,0,True
2075901,1,0.0,59.0,0,0,True
2075902,4,0.0,56.0,0,0,True
2075903,4,0.0,74.0,0,0,True
2075930,7,0.5,45.0,0,0,True
2075931,6,0.0,150.0,0,0,True
2075932,2,4.0,47.0,0,0,False
2075933,2,3.0,50.0,0,0,False
2075937,5,0.0,419.0,0,0,True
2075938,3,0.0,114.0,0,0,True
2075940,5,0.0,97.0,0,0,True
2075943,4,0.0,363.0,0,0,True
2075944,2,0.0,58.0,0,0,True
2075945,3,0.0,299.0,0,0,True
2075946,5,0.0,136.0,0,0,True
2075951,5,0.0,143.0,0,0,True
2075952,4,0.0,218.0,0,0,True
2075953,4,0.0,137.0,0,0,True
2075960,4,0.0,55.0,0,0,True
2075963,5,0.0,237.0,0,0,True
2075974,3,0.0,62.0,0,0,True
2075976,4,0.0,184.0,0,0,True
2075977,4,0.0,184.0,0,0,True
2075986,7,0.0,125.0,0,0,True
2075995,8,0.0,50.0,0,2,True
2075996,3,0.0,58.0,0,0,True
2076014,3,0.0,155.0,0,0,True
2076015,2,0.0,33.0,0,0,True
2076016,2,0.0,41.0,0,0,True
2076017,2,0.0,42.0,0,0,True
2076019,1,1.0,35.0,0,0,True
2076023,2,0.0,32.0,0,0,True
2076024,2,0.0,36.0,0,0,True
2076037,6,0.0,243.0,0,0,True
2076059,6,0.0,148.0,1,0,True
2076060,3,0.0,106.0,0,0,True
2076073,5,0.0,104.0,1,0,True
2076075,3,0.0,89.0,0,0,True
2076093,3,4.0,50.0,0,0,False
2076136,5,0.0,317.0,0,0,True
2076140,4,0.0,157.0,0,0,True
2076145,4,0.0,107.0,0,0,True
2076148,2,0.0,65.0,0,0,True
2076149,5,0.0,205.0,0,0,True
2076150,4,0.0,137.0,0,0,True
2076151,2,0.0,39.0,0,0,True
2076156,3,0.0,100.0,0,0,True
2076159,4,0.0,140.0,0,0,True
2076167,3,0.0,50.0,0,0,True
2076172,5,0.0,101.0,0,0,True
2076173,2,0.0,40.0,0,0,True
2076183,10,0.0,107.0,0,0,True
2076190,5,0.0,100.0,0,0,True
2076193,5,0.0,130.0,0,0,True
2076195,9,0.0,110.0,0,0,True
2076204,3,0.0,102.0,0,0,True
2076206,5,0.0,161.0,0,0,True
2076209,7,0.0,90.0,0,0,True
2076242,7,0.0,143.0,0,0,True
2076278,5,0.0,103.0,0,0,True
2076295,3,0.0,101.0,0,0,True
2076298,4,0.0,170.0,0,0,True
2076299,4,0.0,38.0,0,0,True
2076304,4,0.0,159.0,0,0,True
2076305,5,0.0,56.0,1,0,True
2076329,7,0.0,181.0,0,0,True
2076332,6,0.0,50.0,0,0,True
2076366,3,0.0,48.0,0,0,True
2076367,2,3.0,38.0,0,0,False
2076383,5,0.0,127.0,0,0,True
2076384,3,0.0,25.5,0,0,True
2076400,6,0.0,141.0,0,0,True
2076401,5,0.0,100.0,0,0,True
2076408,5,0.0,19.9,0,0,True
2076410,2,0.0,16.0,0,0,True
2076411,4,0.0,16.0,0,0,True
2076414,3,0.0,20.0,0,0,True
2076417,3,0.0,18.0,0,0,True
2076418,3,0.0,18.0,0,0,True
2076430,5,0.0,121.0,0,0,True
2076431,4,0.0,101.0,0,1,True
2076439,4,0.0,141.0,0,0,True
2076448,9,0.0,203.0,0,0,True
2076451,4,0.0,154.0,0,0,True
2076452,4,0.0,160.0,0,0,True
2076453,4,0.0,97.0,0,0,True
2076468,4,0.0,219.0,0,0,True
2076510,8,0.5,35.0,0,0,True
2076511,11,0.5,35.0,0,0,True
2076512,9,0.5,35.0,0,0,True
2076513,4,0.0,217.0,0,0,True
2076515,2,0.0,118.0,0,0,True
2076516,4,0.0,48.0,0,0,True
2076550,4,0.0,97.0,0,0,True
2076568,3,0.0,15.0,0,0,True
2076571,3,0.0,163.0,0,0,True
2076590,3,0.0,15.0,0,0,True
2076592,2,0.0,11.0,0,0,True
2076600,3,0.0,57.0,0,0,True
2076606,4,0.0,40.0,0,0,True
2076607,5,0.0,141.0,0,0,True
2076619,3,0.0,50.0,0,0,True
2076621,3,0.0,141.0,0,0,True
2076624,6,0.0,105.0,0,1,True
2076655,5,0.0,86.0,0,0,True
2076674,5,0.0,93.0,0,0,True
2076676,7,0.0,118.0,0,0,True
2076678,6,0.0,78.0,0,0,True
2076679,4,0.0,141.0,0,0,True
2076684,7,0.0,100.0,0,0,True
2076708,4,0.0,164.0,0,0,True
2076730,2,0.0,12.0,0,0,True
2076732,2,0.0,12.0,0,0,True
2076751,3,0.8,35.0,0,0,True
2076772,3,3.0,55.0,0,0,False
2076773,5,0.0,50.0,0,0,True
2076774,5,3.0,70.0,0,0,False
2076782,2,0.0,60.0,0,0,True
2076789,4,0.0,189.0,0,0,True
2076805,3,0.0,51.0,0,0,True
2076815,5,0.0,182.0,0,0,True
2076818,6,0.0,120.0,1,0,True
2076830,7,0.0,145.0,0,0,True
2076833,4,0.0,201.0,0,0,True
2076836,4,0.0,137.0,0,0,True
2076842,5,0.0,65.0,0,0,True
2076856,4,1.6,13.0,0,0,False
2076857,7,1.1,11.0,0,0,False
2076858,4,1.7,11.5,0,0,False
2076859,6,1.7,11.0,0,0,False
2076863,7,4.3,23.5,0,0,False
2076867,5,0.0,60.0,0,0,True
2076873,3,0.0,65.0,0,0,True
2076877,3,0.0,52.0,0,0,True
2076905,5,0.7,40.0,0,0,True
2076906,6,0.0,40.0,0,0,True
2076907,15,0.7,60.0,0,1,True
2076921,8,0.0,99.5,0,2,True
2076929,9,3.0,100.0,0,0,False
2076932,4,0.0,100.0,0,0,True
2076944,4,0.0,262.0,0,0,True
2076949,5,0.0,50.0,0,0,True
2076954,6,0.0,161.0,0,0,True
2076956,5,0.0,42.0,0,0,True
2076958,5,0.0,110.0,0,0,True
2076961,7,0.0,137.0,0,0,True
2076962,7,0.0,182.0,0,0,True
2076971,3,0.0,23.0,0,0,True
2076972,3,0.0,22.0,0,0,True
2076973,3,0.0,22.0,0,0,True
2076974,3,0.0,22.0,0,0,True
2076982,3,0.0,100.0,0,0,True
2076991,9,0.0,110.0,0,0,True
2077051,5,0.0,91.0,0,0,True
2077056,4,0.0,77.0,0,0,True
2077057,4,0.0,47.0,0,0,True
2077060,4,0.0,103.0,0,0,True
2077065,5,0.0,60.0,0,0,True
2077066,4,0.0,141.0,0,0,True
2077067,7,0.0,110.0,0,0,True
2077068,2,0.0,30.0,0,0,True
2077073,5,0.0,158.0,0,0,True
2077075,1,0.0,38.0,0,0,True
2077076,1,0.0,40.0,0,0,True
2077077,2,0.0,81.0,0,1,True
2077078,3,0.0,106.0,0,0,True
2077091,2,0.0,30.0,0,0,True
2077092,1,0.0,40.9,0,0,True
2077102,1,0.0,34.0,0,0,True
2077111,4,0.0,82.0,1,0,True
2077112,5,0.0,91.0,0,0,True
2077136,8,0.0,279.0,0,0,True
2077141,3,0.0,70.0,0,0,True
2077142,5,0.0,50.0,0,0,True
2077143,5,0.0,181.0,0,0,True
2077147,8,0.0,390.0,0,0,True
2077164,7,0.0,70.0,0,0,True
2077178,5,0.0,60.0,0,0,True
2077179,2,0.0,98.0,0,0,True
2077184,4,0.0,92.0,0,0,True
2077186,4,0.0,84.0,0,0,True
2077193,3,0.0,101.0,0,0,True
2077195,4,0.0,135.0,0,0,True
2077200,5,0.0,145.0,0,0,True
2077203,5,0.0,20.0,0,0,True
2077204,5,0.0,19.0,0,0,True
2077206,7,0.0,57.0,0,0,True
2077207,4,0.0,81.0,0,0,True
2077241,6,0.0,47.0,0,0,True
2077265,8,0.0,201.0,0,0,True
2077266,2,0.0,141.0,0,0,True
2077282,5,0.0,141.0,0,0,True
2077284,5,0.0,60.0,0,0,True
2077285,6,0.0,120.0,0,0,True
2077300,6,0.0,59.0,0,0,True
2077308,6,0.0,281.0,0,0,True
2077343,4,0.0,182.0,1,0,True
2077357,7,0.0,133.0,0,0,True
2077385,10,0.0,121.0,0,0,True
2077407,5,0.0,119.0,0,0,True
2077425,4,0.0,94.0,0,0,True
2077437,2,0.0,160.0,0,0,True
2077467,5,0.0,64.0,0,0,True
2077488,9,0.0,90.0,0,0,True
2077524,6,0.0,156.0,2,0,True
2077530,9,0.0,107.0,0,0,True
2077546,5,0.0,117.0,0,0,True
2077547,5,3.0,40.0,0,0,False
2077548,7,0.0,145.0,0,0,True
2077554,5,0.0,120.0,0,0,True
2077572,7,0.0,75.0,0,0,True
2077586,4,0.0,125.0,0,0,True
2077593,8,0.0,141.0,0,0,True
2077594,5,0.0,50.0,0,1,True
2077603,4,0.0,65.0,0,0,True
2077627,7,0.5,16.0,0,0,True
2077628,5,0.5,16.0,0,0,True
2077629,6,0.5,16.0,0,0,True
2077636,4,0.0,259.0,0,0,True
2077638,4,0.0,58.0,0,0,True
2077639,3,0.0,84.0,0,0,True
2077641,3,0.0,54.0,0,0,True
2077643,5,0.0,168.0,0,0,True
2077645,5,0.0,139.0,0,0,True
2077652,5,0.0,93.0,0,1,True
2077660,2,0.0,47.0,0,0,True
2077663,2,0.0,46.0,0,0,True
2077664,2,0.0,50.0,0,0,True
2077665,2,0.0,50.0,0,0,True
2077692,7,0.0,121.0,0,0,True
2077706,2,0.0,38.0,0,0,True
2077709,3,0.0,39.0,0,0,True
2077711,5,0.0,100.0,0,0,True
2077714,6,0.0,130.0,0,0,True
2077715,4,0.0,70.0,0,0,True
2077722,5,0.0,65.0,0,0,True
2077748,5,0.0,130.0,0,0,True
2077751,3,0.0,56.0,0,0,True
2077763,3,0.0,66.0,0,0,True
2077764,3,0.0,182.0,0,0,True
2077802,2,0.0,15.0,0,0,True
2077803,2,0.0,15.0,0,0,True
2077804,3,0.0,20.0,1,0,True
2077805,2,0.0,15.0,0,0,True
2077843,7,0.0,106.0,0,0,True
2077859,4,0.0,182.0,0,0,True
2077900,5,0.0,318.0,1,0,True
2077904,3,0.0,35.0,0,0,True
2077905,3,0.0,38.0,0,0,True
2077906,3,0.0,30.0,0,0,True
2077907,3,0.0,38.0,0,0,True
2077908,3,0.0,40.0,0,0,True
2077909,3,0.0,39.0,0,0,True
2077917,3,0.0,108.0,0,0,True
2077918,3,0.0,100.0,0,0,True
2077943,6,0.0,75.0,0,0,True
2077962,5,0.0,94.0,0,0,True
2077991,2,0.0,30.0,0,0,True
2077993,2,0.0,30.0,0,0,True
2077994,2,0.0,30.0,0,0,True
2078056,4,0.0,14.0,0,0,True
2078057,3,0.0,12.5,0,0,True
2078062,4,0.0,14.0,0,0,True
2078065,6,0.0,14.0,0,0,True
2078066,5,0.0,14.0,0,0,True
2078067,3,0.0,14.0,0,0,True
2078068,5,0.0,14.0,0,0,True
2078069,4,0.0,14.0,0,0,True
2078074,2,0.0,43.0,0,0,True
2078076,4,0.0,41.0,0,0,True
2078097,5,0.0,66.0,0,0,True
2078117,7,0.0,180.0,0,0,True
2078142,2,0.0,47.0,0,0,True
2078153,4,13.0,196.0,0,0,False
2078158,5,0.0,200.0,0,0,True
2078175,5,1.0,50.0,0,0,True
2078176,7,0.0,130.0,0,0,True
2078181,6,0.0,109.0,0,0,True
2078182,5,0.0,180.0,0,0,True
2078188,3,0.0,58.0,0,0,True
2078195,4,0.0,75.0,0,0,True
2078196,4,0.0,119.0,0,0,True
2078222,7,0.0,182.0,0,0,True
2078225,3,0.0,73.0,0,0,True
2078233,4,0.0,201.0,0,0,True
2078235,4,0.0,121.0,0,0,True
2078238,8,0.0,201.0,0,0,True
2078266,6,0.0,178.0,0,0,True
2078279,11,0.0,130.0,0,0,True
2078294,5,0.0,138.0,0,0,True
2078295,4,0.0,58.0,0,0,True
2078306,5,3.0,80.0,0,0,False
2078318,10,0.0,140.0,0,0,True
2078345,7,0.0,141.0,0,0,True
2078347,5,0.0,141.0,0,0,True
2078363,3,0.0,82.0,0,0,True
2078365,3,0.0,77.0,0,0,True
2078386,3,0.0,82.0,0,0,True
2078431,7,0.0,142.0,0,0,True
2078432,3,4.0,60.0,0,0,False
2078441,6,0.0,161.0,0,0,True
2078456,3,0.0,55.0,0,0,True
2078459,4,0.0,242.0,0,0,True
2078472,6,0.0,91.0,0,0,True
2078473,6,0.0,100.0,0,0,True
2078494,2,0.0,34.0,0,0,True
2078495,2,0.0,37.0,0,0,True
2078496,7,0.0,258.0,0,0,True
2078513,5,0.0,92.0,0,0,True
2078514,4,6.0,116.0,0,0,False
2078532,7,0.0,222.0,0,0,True
2078535,2,0.0,35.0,0,0,True
2078540,6,0.0,161.0,0,0,True
2078564,5,0.0,53.0,0,0,True
2078584,4,0.0,100.0,0,0,True
2078609,2,11.0,95.0,0,0,False
2078625,5,0.5,17.0,0,0,True
2078631,5,0.0,178.0,0,0,True
2078632,5,0.0,43.0,0,0,True
2078633,10,0.0,182.0,0,0,True
2078634,3,0.0,59.0,0,0,True
2078739,4,0.5,27.0,0,0,True
2078740,3,0.5,20.0,0,0,True
2078741,4,0.0,24.0,0,0,True
2078742,2,0.0,24.0,0,0,True
2078743,5,0.0,24.0,0,0,True
2078744,4,0.0,20.0,0,0,True
2078745,4,0.5,28.0,0,0,True
2078747,4,0.0,399.0,0,0,True
2078748,5,0.0,144.0,0,0,True
2078749,8,0.0,149.0,0,0,True
2078750,8,0.0,149.0,0,0,True
2078752,7,0.0,133.0,0,0,True
2078754,3,0.0,125.0,0,0,True
2078757,8,0.0,399.0,0,0,True
2078775,9,0.0,79.0,0,0,True
2078777,11,1.0,98.0,0,0,True
2078778,8,1.5,129.0,0,0,False
2078780,7,0.0,59.0,0,0,True
2078781,2,1.5,89.0,0,0,False
2078782,6,0.5,89.0,0,0,True
2078783,6,11.0,119.0,0,0,False
2078784,17,0.0,119.0,0,2,True
2078785,11,0.3,79.0,0,0,True
2078798,6,0.0,71.0,0,0,True
2078800,5,0.0,125.0,0,0,True
2078801,5,0.0,119.0,0,0,True
2078804,3,0.0,49.0,0,0,True
2078806,3,0.0,118.0,0,0,True
2078807,4,0.0,192.0,0,0,True
2078810,3,0.0,66.0,0,0,True
2078811,3,0.0,159.0,0,0,True
2078812,5,0.0,175.0,0,0,True
2078813,3,0.0,199.0,0,0,True
2078814,5,0.0,259.0,0,0,True
2078815,6,0.0,216.0,0,0,True
2078816,8,0.0,219.0,0,0,True
2078861,7,0.0,145.0,0,0,True
2078862,6,0.0,58.0,0,0,True
2078868,7,0.0,141.0,0,1,True
2078880,6,0.0,203.0,0,0,True
2078887,3,0.0,80.0,0,0,True
2078888,3,0.0,90.0,0,0,True
2078909,6,0.0,127.0,0,0,True
2078916,11,2.5,97.5,0,0,False
2078917,19,0.0,212.0,0,2,True
2078918,5,0.0,43.5,0,0,True
2078919,3,0.0,49.0,0,0,True
2078920,4,0.0,59.0,0,0,True
2078921,4,0.0,39.0,0,0,True
2078922,6,0.0,39.0,0,0,True
2078923,10,0.0,49.2,0,0,True
2078924,2,0.0,49.0,0,0,True
2078925,13,0.8,254.0,0,1,True
2078950,6,3.0,90.0,0,0,False
2078963,3,0.0,50.0,0,0,True
2078964,3,0.0,101.0,0,0,True
2078968,5,0.0,148.0,0,0,True
2078969,5,5.0,145.0,0,0,False
2078979,3,29.0,80.0,0,0,False
2078994,3,0.0,76.0,0,0,True
2079018,6,0.0,55.0,0,0,True
2079020,5,0.0,50.0,0,0,True
2079024,2,0.0,40.0,0,0,True
2079025,2,0.0,41.0,0,0,True
2079027,2,0.0,29.0,0,0,True
2079067,5,0.0,181.0,0,0,True
2079105,7,0.0,140.0,0,0,True
2079113,3,0.0,200.0,0,0,True
2079134,3,7.0,182.0,0,0,False
2079159,6,12.0,140.0,0,0,False
2079160,5,0.0,120.0,0,0,True
2079161,7,0.0,30.0,0,0,True
2079165,7,0.0,28.0,0,0,True
2079166,3,0.0,14.2,0,0,True
2079167,4,0.0,24.0,0,0,True
2079168,3,0.5,29.0,0,0,True
2079169,7,0.0,20.0,0,0,True
2079170,4,0.0,28.0,0,0,True
2079171,3,0.0,15.0,0,0,True
2079172,5,0.0,15.0,0,0,True
2079173,5,0.0,20.0,0,0,True
2079174,4,0.0,19.5,0,0,True
2079175,3,0.5,24.0,0,0,True
2079176,2,0.0,12.0,0,0,True
2079177,3,0.5,24.0,0,0,True
2079178,5,0.0,24.0,0,0,True
2079204,3,0.0,98.0,0,0,True
2079206,2,0.0,70.0,0,0,True
2079207,5,28.0,142.0,0,0,False
2079209,5,0.0,61.0,0,0,True
2079212,3,0.0,110.0,0,0,True
2079220,4,0.0,178.0,0,0,True
2079221,2,0.0,77.0,0,0,True
2079222,2,0.0,37.0,0,0,True
2079225,4,0.0,202.0,0,0,True
2079240,6,0.0,136.0,0,0,True
2079250,3,0.0,75.0,0,0,True
2079272,5,0.0,142.0,0,0,True
2079277,4,0.0,25.0,0,0,True
2079278,3,0.0,28.0,0,0,True
2079279,3,0.0,23.0,0,0,True
2079352,3,0.0,70.0,0,0,True
2079361,5,0.0,95.0,0,0,True
2079362,3,0.0,136.0,0,0,True
2079399,7,0.0,175.0,0,0,True
2079414,2,3.0,49.0,0,0,False
2079425,3,0.0,210.0,0,0,True
2079428,4,0.0,87.0,0,0,True
2079431,6,0.0,55.5,0,0,True
2079451,2,0.0,36.0,0,0,True
2079452,2,0.0,40.0,0,0,True
2079453,2,0.0,29.0,0,0,True
2079455,3,0.0,58.0,0,0,True
2079458,2,0.0,138.0,0,0,True
2079461,4,0.0,138.0,0,0,True
2079463,4,0.0,78.0,0,0,True
2079480,5,0.0,150.0,0,0,True
2079525,3,0.0,120.0,1,0,True
2079533,7,0.0,142.0,0,0,True
2079535,3,0.0,182.0,0,0,True
2079537,4,0.0,110.0,0,0,True
2079538,4,0.0,128.0,0,0,True
2079539,6,0.0,100.0,0,0,True
2079540,3,0.0,103.0,0,0,True
2079549,3,0.0,72.0,0,0,True
2079551,3,0.0,70.0,0,0,True
2079557,3,0.0,50.0,0,0,True
2079558,5,0.0,123.0,0,0,True
2079562,3,0.0,101.0,0,0,True
2079563,5,0.0,92.0,0,0,True
2079566,3,0.0,60.0,0,0,True
2079568,3,0.0,70.0,0,0,True
2079569,8,0.0,110.0,0,0,True
2079572,3,0.0,120.0,0,0,True
2079573,4,0.0,75.0,0,0,True
2079619,4,0.0,36.0,0,0,True
2079642,5,0.0,242.0,0,0,True
2079668,3,0.0,90.0,0,0,True
2079679,6,0.0,161.0,0,0,True
2079699,8,0.0,123.0,0,0,True
2079757,5,0.0,124.0,0,0,True
2079761,3,0.0,50.0,0,0,True
2079765,4,0.0,51.0,0,0,True
2079766,3,0.0,70.0,0,0,True
2079771,3,0.0,60.0,0,0,True
2079775,3,0.0,120.0,0,1,True
2079825,3,0.0,49.5,0,0,True
2079836,7,0.0,128.0,0,0,True
2079838,8,0.0,142.0,0,0,True
2079856,4,0.0,128.0,0,0,True
2079866,4,0.0,101.0,0,0,True
2079884,7,13.0,232.0,0,0,False
2079886,3,0.0,55.0,0,0,True
2079930,4,0.0,98.0,0,0,True
2079975,8,7.0,115.0,0,0,False
2079976,7,0.0,65.0,0,0,True
2079977,4,30.0,98.0,0,0,False
2079979,6,0.0,72.0,0,0,True
2079980,5,0.0,67.0,0,0,True
2079981,5,0.0,160.0,0,0,True
2079982,4,0.0,419.0,0,0,True
2080007,4,0.0,209.0,0,0,True
2080016,3,0.0,66.0,0,0,True
2080041,5,0.0,250.0,0,0,True
2080042,5,0.0,50.0,0,0,True
2080043,3,0.0,70.0,0,0,True
2080084,5,14.0,148.0,0,0,False
2080085,3,0.0,30.0,0,0,True
2080097,4,0.0,135.0,1,0,True
2080098,4,0.0,44.0,0,0,True
2080099,4,0.0,135.0,0,0,True
2080100,4,0.0,100.0,0,0,True
2080124,5,0.0,102.0,0,0,True
2080142,3,0.0,82.0,0,0,True
2080153,9,0.0,100.0,0,0,True
2080160,5,0.0,122.0,0,0,True
2080164,5,0.0,178.0,0,0,True
2080175,4,0.0,30.0,0,0,True
2080176,4,0.0,100.0,0,0,True
2080178,8,0.0,102.0,0,0,True
2080179,7,0.0,120.0,0,0,True
2080210,3,0.0,178.0,0,0,True
2080214,3,0.0,138.0,0,0,True
2080224,3,0.0,138.0,0,0,True
2080281,3,0.0,105.0,0,0,True
2080282,5,0.0,45.0,0,0,True
2080283,4,0.0,189.0,0,0,True
2080284,4,0.0,54.0,0,0,True
2080285,2,0.0,55.0,0,0,True
2080286,9,0.0,111.0,0,0,True
2080324,1,0.0,84.0,0,0,True
2080343,3,0.0,153.0,0,0,True
2080344,3,0.0,157.0,0,0,True
2080348,5,26.0,56.0,0,0,False
2080353,3,0.0,140.0,0,0,True
2080356,3,0.0,28.0,0,0,True
2080357,4,0.0,18.0,0,0,True
2080370,4,0.0,25.0,0,0,True
2080371,4,0.0,26.5,0,0,True
2080372,5,0.0,36.0,0,0,True
2080398,10,0.0,170.0,0,0,True
2080399,4,0.0,85.0,0,0,True
2080402,5,0.0,122.0,0,0,True
2080403,8,0.0,222.0,0,0,True
2080410,5,0.0,102.0,0,0,True
2080411,5,0.0,122.0,0,0,True
2080420,4,0.0,140.0,0,0,True
2080455,4,0.0,187.0,0,0,True
2080463,5,0.0,165.0,0,0,True
2080471,4,0.0,31.0,0,0,True
2080472,5,15.0,162.0,0,0,False
2080474,4,0.0,115.0,0,0,True
2080482,4,0.0,55.0,0,0,True
2080505,2,0.0,120.0,1,0,True
2080507,4,0.0,43.5,0,0,True
2080535,10,11.0,282.0,0,1,False
2080536,3,0.0,100.0,0,0,True
2080537,5,0.0,130.0,0,1,True
2080541,5,0.0,141.0,0,1,True
2080555,3,0.0,85.0,0,0,True
2080556,5,0.0,90.0,0,0,True
2080569,6,0.0,204.0,0,0,True
2080571,3,0.0,116.0,0,0,True
2080609,3,0.0,41.0,0,0,True
2080610,3,0.0,85.0,0,0,True
2080616,2,0.5,40.0,0,0,True
2080625,3,0.5,12.3,0,0,True
2080626,4,0.0,11.6,0,0,True
2080627,3,0.5,12.6,0,0,True
2080629,4,0.0,13.4,0,0,True
2080630,4,0.0,12.3,0,0,True
2080638,2,0.5,15.0,0,0,True
2080639,3,0.5,15.0,0,0,True
2080640,3,0.5,15.0,0,0,True
2080643,5,0.0,182.0,0,0,True
2080644,6,0.0,182.0,0,0,True
2080653,5,0.0,130.0,0,0,True
2080672,5,0.0,158.0,0,0,True
2080673,5,0.0,107.0,0,0,True
2080675,3,0.0,62.0,0,0,True
2080677,5,0.0,58.0,0,0,True
2080682,4,0.0,138.0,0,0,True
2080683,4,0.0,80.0,0,0,True
2080686,2,0.0,101.0,0,0,True
2080690,4,0.0,50.0,0,0,True
2080712,3,0.0,130.0,0,0,True
2080717,4,0.0,66.0,1,0,True
2080728,5,0.0,202.0,0,0,True
2080735,5,50.0,100.0,0,0,False
2080739,3,0.0,68.0,0,0,True
2080755,4,0.0,127.0,0,0,True
2080759,4,0.0,138.0,0,0,True
2080765,4,0.0,148.0,0,0,True
2080767,2,0.0,34.0,0,0,True
2080768,5,60.0,90.0,0,0,False
2080771,4,0.0,310.0,0,0,True
2080775,8,0.0,110.0,0,0,True
2080777,4,0.0,49.0,0,0,True
2080780,3,0.0,98.0,0,0,True
2080785,15,0.0,201.0,0,2,True
2080786,3,0.0,80.0,0,0,True
2080788,3,0.0,88.0,0,0,True
2080797,3,0.0,12.0,0,0,True
2080798,5,0.0,12.0,0,0,True
2080799,4,0.5,12.0,0,0,True
2080812,3,3.0,45.0,0,0,False
2080813,2,0.0,140.0,0,0,True
2080859,5,0.0,120.0,0,0,True
2080868,6,0.0,141.0,0,0,True
2080871,4,0.0,182.0,0,0,True
2080875,5,0.0,60.0,0,0,True
2080883,6,0.0,22.0,0,0,True
2080914,4,0.0,141.0,0,0,True
2080924,3,3.0,64.0,0,0,False
2080925,5,3.0,100.0,0,0,False
2080949,3,0.0,93.0,0,0,True
2080953,4,0.0,122.0,0,0,True
2080957,3,0.0,147.0,0,0,True
2080960,5,0.0,138.0,0,0,True
2080962,4,0.0,138.0,0,0,True
2080968,6,0.0,102.0,1,0,True
2080974,3,0.0,60.0,0,0,True
2080975,2,0.0,80.0,0,0,True
2080998,4,0.0,66.0,0,0,True
2080999,4,0.0,86.0,0,0,True
2081031,9,0.0,182.0,0,0,True
2081033,3,0.0,134.0,0,0,True
2081064,4,0.0,130.0,0,0,True
2081083,5,0.0,156.0,0,0,True
2081084,3,0.0,42.0,0,0,True
2081086,7,0.0,170.0,0,0,True
2081118,5,0.0,159.0,1,0,True
2081120,10,0.0,420.0,0,0,True
2081122,6,0.0,82.0,0,0,True
2081125,5,0.0,55.5,0,0,True
2081136,5,0.0,102.0,0,0,True
2081141,3,0.0,15.0,0,0,True
2081143,3,0.0,15.0,0,0,True
2081163,5,3.0,162.0,0,0,False
2081164,3,0.0,62.0,1,0,True
2081177,7,0.0,140.0,0,0,True
2081178,5,0.0,121.0,0,0,True
2081181,3,0.0,141.0,0,0,True
2081183,5,0.0,130.0,0,0,True
2081187,2,0.0,201.0,0,0,True
2081219,5,0.5,28.0,0,0,True
2081220,6,0.5,25.0,0,0,True
2081221,4,0.5,25.0,0,0,True
2081222,3,0.0,45.0,0,0,True
2081286,4,0.0,70.0,0,0,True
2081290,3,0.0,101.0,0,0,True
2081293,3,0.0,50.0,0,0,True
2081298,3,0.0,83.0,0,0,True
2081299,5,15.0,122.0,0,0,False
2081305,3,0.0,161.0,0,0,True
2081308,8,0.0,180.0,0,0,True
2081312,5,0.0,190.0,0,0,True
2081317,4,0.0,107.0,0,0,True
2081319,4,0.0,105.0,1,0,True
2081324,3,0.0,138.0,0,0,True
2081349,6,0.0,145.0,0,0,True
2081350,3,0.0,75.0,0,0,True
2081361,6,0.0,188.0,0,0,True
2081366,7,20.0,123.0,0,0,False
2081427,7,0.0,111.0,1,0,True
2081435,1,0.0,8.5,0,0,True
2081436,2,0.0,9.0,0,0,True
2081441,4,0.0,178.0,0,0,True
2081452,6,0.0,225.0,0,0,True
2081453,2,0.0,63.0,0,0,True
2081454,1,0.0,33.0,0,0,True
2081455,1,0.0,34.0,0,0,True
2081457,2,0.0,36.0,0,0,True
2081485,5,13.0,178.0,0,0,False
2081486,3,0.0,70.0,0,0,True
2081494,3,0.0,50.0,0,0,True
2081498,1,0.0,23.5,0,0,True
2081499,1,0.0,21.0,0,0,True
2081500,2,0.0,14.0,0,0,True
2081501,2,0.0,14.0,0,0,True
2081502,2,0.0,14.0,0,0,True
2081503,2,0.0,14.0,0,0,True
2081515,13,0.0,154.0,0,2,True
2081537,4,0.0,53.0,0,0,True
2081538,4,0.0,50.0,0,0,True
2081549,4,0.0,138.0,0,0,True
2081550,3,0.0,141.0,0,0,True
2081552,4,0.0,72.0,0,0,True
2081608,3,0.0,202.0,0,0,True
2081609,7,0.0,180.0,0,0,True
2081610,5,0.0,122.0,0,0,True
2081622,4,0.0,121.0,0,0,True
2081623,5,0.0,150.0,0,0,True
2081642,4,0.0,131.0,0,0,True
2081643,3,0.0,31.0,0,0,True
2081645,6,0.0,118.0,0,0,True
2081646,5,0.0,198.0,0,0,True
2081647,4,0.0,78.0,0,0,True
2081653,8,0.0,117.0,0,0,True
2081656,4,0.5,42.0,0,0,True
2081657,4,0.5,42.0,0,0,True
2081679,4,0.0,161.0,0,0,True
2081680,5,0.0,85.0,0,0,True
2081681,3,0.0,70.0,0,0,True
2081695,4,0.0,105.0,0,0,True
2081699,1,3.0,50.0,0,0,False
2081726,5,0.0,70.0,0,0,True
2081728,4,0.0,101.0,0,0,True
2081754,3,0.0,148.0,0,0,True
2081768,5,0.0,86.0,0,0,True
2081781,4,0.0,181.0,0,0,True
2081782,5,0.0,150.0,0,0,True
2081784,2,0.0,121.0,0,0,True
2081785,6,0.0,85.0,0,0,True
2081786,5,0.0,70.0,0,0,True
2081829,3,0.0,50.0,0,0,True
2081845,3,0.0,50.0,0,0,True
2081846,3,0.0,50.0,0,0,True
2081980,3,0.0,76.0,0,0,True
2081981,3,0.0,93.0,0,0,True
2082000,2,13.0,151.0,0,0,False
2082007,4,0.0,100.0,0,0,True
2082039,5,0.0,70.0,0,0,True
2082061,3,0.0,53.0,0,0,True
2082064,2,0.0,46.0,0,0,True
2082074,4,0.0,49.0,0,0,True
2082077,6,0.0,73.0,0,0,True
2082091,4,0.0,118.0,0,0,True
2082117,3,0.0,31.0,0,0,True
2082127,3,0.0,108.0,0,0,True
2082128,4,0.0,182.0,0,0,True
2082129,4,0.0,202.0,0,0,True
2082131,3,0.0,98.0,0,0,True
2082132,4,0.0,77.0,1,0,True
2082157,7,0.0,52.0,0,0,True
2082158,3,3.0,73.0,0,0,False
2082164,3,0.0,131.0,0,0,True
2082165,3,0.0,111.0,0,0,True
2082188,2,0.0,70.0,0,0,True
2082189,3,0.0,59.0,0,0,True
2082195,3,0.0,80.0,0,0,True
2082206,2,3.0,70.0,0,0,False
2082225,5,0.0,238.0,0,0,True
2082233,4,0.0,200.0,0,0,True
2082238,2,0.0,11.0,0,0,True
2082240,3,0.0,11.0,0,0,True
2082241,3,0.0,10.0,0,0,True
2082242,3,0.0,12.0,0,0,True
2082277,5,0.0,64.0,0,0,True
2082279,3,0.0,125.0,0,0,True
2082280,5,0.0,269.0,0,0,True
2082281,3,0.0,199.0,0,0,True
2082282,3,0.0,108.0,0,0,True
2082283,4,0.0,160.0,0,0,True
2082284,3,0.0,149.0,0,0,True
2082286,4,0.0,194.0,0,0,True
2082332,5,0.0,239.0,0,0,True
2082338,5,0.0,60.0,0,0,True
2082342,2,0.0,116.0,0,0,True
2082348,2,0.0,110.0,0,0,True
2082349,2,0.0,239.0,0,0,True
2082351,3,0.0,134.0,0,0,True
2082354,6,0.0,198.0,0,0,True
2082357,3,0.0,182.0,0,0,True
2082359,6,0.0,262.0,0,0,True
2082372,2,0.0,164.0,0,0,True
2082373,2,0.0,168.0,0,0,True
2082379,3,0.0,245.0,0,0,True
2082380,4,0.0,194.0,0,0,True
2082381,4,0.0,209.0,0,0,True
2082382,4,0.0,189.0,0,0,True
2082383,3,0.0,239.0,0,0,True
2082388,4,0.0,121.0,0,0,True
2082389,5,0.0,172.0,0,0,True
2082405,5,0.0,141.0,0,0,True
2082425,6,0.0,158.0,1,0,True
2082450,3,0.0,182.0,0,0,True
2082459,8,3.0,90.0,0,0,False
2082469,6,0.0,82.0,1,0,True
2082487,6,18.0,104.0,0,0,False
2082496,3,0.0,70.0,0,0,True
2082507,3,3.0,75.0,0,0,False
2082525,2,0.0,130.0,0,0,True
2082536,10,0.0,185.0,0,0,True
2082543,4,0.0,50.0,0,0,True
2082641,4,0.0,118.0,0,0,True
2082642,4,0.0,118.0,0,0,True
2082645,6,0.0,118.0,0,0,True
2082646,5,0.0,78.0,0,0,True
2082652,4,0.0,138.0,0,0,True
2082653,5,0.0,158.0,0,0,True
2082655,4,14.0,121.0,0,0,False
2082659,6,0.0,200.0,0,0,True
2082700,5,3.0,75.0,0,0,False
2082780,7,0.0,178.0,0,0,True
2082781,2,0.0,30.0,0,0,True
2082782,3,0.0,43.0,0,0,True
2082790,3,0.0,100.0,0,0,True
2082805,5,0.0,125.0,0,0,True
2082811,4,0.0,101.0,0,0,True
2082823,5,0.0,50.0,0,0,True
2082824,4,0.0,141.0,0,0,True
2082827,6,0.0,198.0,0,0,True
2082831,4,0.0,108.0,0,0,True
2082832,3,0.0,198.0,0,0,True
2082834,4,0.0,138.0,0,0,True
2082836,2,0.0,198.0,0,0,True
2082838,5,0.0,38.0,0,0,True
2082839,4,0.0,145.0,0,0,True
2082844,5,0.0,198.0,0,0,True
2082845,6,0.0,121.0,0,0,True
2082847,5,0.0,222.0,0,0,True
2082891,3,0.0,140.0,0,0,True
2082919,4,12.0,38.5,0,0,False
2082935,3,0.0,178.0,0,0,True
2082937,3,0.0,198.0,0,0,True
2082977,5,0.0,60.0,0,0,True
2082988,2,0.0,170.0,0,0,True
2083004,3,0.0,138.0,0,0,True
2083012,4,0.0,64.0,0,0,True
2083014,6,0.0,142.0,0,0,True
2083023,3,0.0,18.0,0,0,True
2083024,3,0.0,18.0,0,0,True
2083026,4,0.0,16.0,0,0,True
2083039,3,14.0,39.5,0,0,False
2083046,13,0.0,150.0,0,2,True
2083069,2,0.0,220.0,0,0,True
2083081,5,0.0,210.0,0,0,True
2083113,2,0.0,58.0,0,0,True
2083127,5,0.0,178.0,0,0,True
2083128,4,0.0,182.0,0,0,True
2083147,5,0.0,105.0,0,0,True
2083149,9,0.0,190.0,0,0,True
2083157,4,0.0,67.0,0,0,True
2083168,5,0.0,47.0,0,0,True
2083177,3,0.0,173.0,0,0,True
2083192,2,0.0,38.0,0,0,True
2083193,4,0.0,53.0,0,0,True
2083211,3,0.0,39.0,0,0,True
2083212,5,0.0,139.0,0,0,True
2083221,8,0.0,282.0,0,0,True
2083223,3,0.0,56.0,1,0,True
2083226,3,0.0,118.0,0,0,True
2083236,4,0.0,121.0,0,0,True
2083238,3,0.0,80.0,0,0,True
2083241,3,0.0,70.0,0,0,True
2083245,3,0.0,98.0,0,0,True
2083251,5,0.0,61.0,0,0,True
2083252,4,0.0,63.0,0,0,True
2083266,4,0.0,127.0,0,0,True
2083279,5,0.0,100.0,1,0,True
2083280,8,3.0,149.0,0,0,False
2083302,3,0.0,66.0,0,0,True
2083305,2,0.0,29.0,0,0,True
2083326,4,0.0,158.0,0,0,True
2083328,8,0.0,80.0,0,0,True
2083329,3,0.0,80.0,0,0,True
2083335,2,0.0,75.0,0,0,True
2083336,5,0.0,158.0,0,0,True
2083365,5,0.0,111.0,0,0,True
2083374,4,6.0,60.0,0,0,False
2083380,3,0.0,70.0,0,0,True
2083383,2,0.0,120.0,0,0,True
2083394,3,0.0,52.0,0,0,True
2083416,6,0.0,148.0,0,0,True
2083423,4,0.0,85.0,0,0,True
2083424,6,0.0,262.0,0,0,True
2083425,7,0.0,182.0,0,0,True
2083427,5,0.0,122.0,0,0,True
2083460,3,0.0,149.0,0,0,True
2083464,4,0.0,72.0,1,0,True
2083466,5,0.0,110.0,0,0,True
2083473,2,0.0,33.0,0,0,True
2083474,2,0.0,33.0,1,0,True
2083479,5,0.0,101.0,0,0,True
2083481,4,0.0,26.0,0,0,True
2083495,3,0.0,70.0,1,0,True
2083505,4,0.0,105.0,0,0,True
2083541,5,0.0,156.0,0,0,True
2083556,4,0.0,138.0,0,0,True
2083557,6,0.0,239.0,0,0,True
2083559,4,0.0,63.0,0,0,True
2083560,7,0.0,177.0,0,0,True
2083567,3,0.0,55.0,0,0,True
2083568,3,0.0,141.0,0,0,True
2083577,4,0.0,122.0,0,0,True
2083579,5,0.0,218.0,0,0,True
2083582,3,0.0,70.0,0,0,True
2083592,4,0.0,54.0,0,0,True
2083608,3,0.0,26.0,0,0,True
2083610,2,0.0,35.0,0,0,True
2083612,3,0.0,35.0,0,0,True
2083615,10,0.0,128.5,0,0,True
2083624,4,0.0,128.0,0,0,True
2083629,7,0.0,107.0,0,0,True
2083634,7,3.0,125.0,0,0,False
2083635,2,3.0,102.0,1,0,False
2083650,3,0.0,158.0,1,0,True
2083656,4,0.0,196.0,0,0,True
2083672,3,0.0,60.0,0,0,True
2083673,6,0.0,142.0,0,0,True
2083674,4,0.0,182.0,0,0,True
2083675,3,0.0,50.0,0,0,True
2083677,4,0.0,121.0,0,0,True
2083698,5,0.0,130.0,0,0,True
2083706,6,0.0,85.0,0,0,True
2083708,4,0.0,339.0,0,0,True
2083709,6,0.0,127.0,0,0,True
2083713,6,0.0,160.0,0,0,True
2083717,4,0.5,17.0,0,0,True
2083718,4,0.5,17.0,0,0,True
2083719,4,0.5,16.0,0,0,True
2083747,7,0.0,202.0,0,0,True
2083773,8,0.0,262.0,0,0,True
2083787,3,0.0,64.0,0,0,True
2083789,4,0.0,35.0,0,0,True
2083790,4,0.0,35.0,0,0,True
2083792,4,0.0,35.0,0,0,True
2083812,5,0.0,70.0,0,0,True
2083813,3,0.0,121.0,0,0,True
2083829,6,0.0,90.0,1,0,True
2083896,8,0.0,116.0,0,0,True
2083908,9,0.0,262.0,1,0,True
2083925,4,0.0,121.0,0,0,True
2083957,5,0.5,25.0,0,0,True
2083958,5,0.5,25.0,0,0,True
2083959,5,0.5,25.0,0,0,True
2083960,4,1.0,27.0,0,0,True
2083961,5,0.0,27.0,0,0,True
2083962,5,0.5,27.0,0,0,True
2083976,2,10.0,127.0,0,0,False
2083983,2,3.0,45.0,0,0,False
2083996,2,0.0,40.0,0,0,True
2083997,2,0.0,42.0,0,0,True
2083999,5,0.0,145.0,0,0,True
2084013,3,0.0,84.0,1,0,True
2084024,4,0.0,159.0,0,0,True
2084040,6,0.0,299.0,0,0,True
2084041,5,0.0,232.0,0,0,True
2084048,3,0.0,36.0,0,0,True
2084052,3,0.0,34.0,0,0,True
2084055,3,0.5,36.0,0,0,True
2084058,3,0.5,36.0,0,0,True
2084062,4,0.0,36.0,0,0,True
2084067,4,0.0,36.0,0,0,True
2084068,3,0.0,118.0,0,0,True
2084078,4,0.0,120.0,0,0,True
2084079,3,0.0,222.0,0,0,True
2084080,6,0.0,178.0,0,0,True
2084100,3,0.0,83.0,0,0,True
2084123,4,0.0,67.0,0,0,True
2084126,4,0.0,139.0,0,0,True
2084129,4,0.0,172.0,0,0,True
2084134,4,0.0,90.0,0,0,True
2084144,9,10.0,240.0,0,0,False
2084145,3,0.0,107.0,0,0,True
2084165,7,0.0,182.0,0,0,True
2084172,4,0.0,128.0,0,0,True
2084182,5,0.0,135.0,0,0,True
2084183,5,0.0,300.0,0,0,True
2084188,5,0.0,60.0,0,0,True
2084189,7,0.0,190.0,1,0,True
2084190,9,0.0,201.0,1,1,True
2084191,4,0.0,121.0,0,1,True
2084206,7,0.0,265.0,0,0,True
2084214,7,0.0,162.0,0,0,True
2084220,2,0.0,35.0,0,0,True
2084223,2,0.0,39.0,0,0,True
2084228,2,0.0,35.0,0,0,True
2084230,7,0.0,57.0,0,0,True
2084232,2,0.0,27.0,0,0,True
2084239,2,0.0,36.0,0,0,True
2084240,2,0.0,35.0,0,0,True
2084251,5,0.0,34.0,0,0,True
2084252,3,0.0,35.0,0,0,True
2084253,6,0.0,118.0,0,0,True
2084255,5,0.0,56.0,0,0,True
2084256,5,0.0,219.0,0,0,True
2084275,4,0.0,120.0,0,0,True
2084277,3,0.0,53.0,0,0,True
2084278,6,0.0,86.0,0,0,True
2084279,4,0.0,206.0,0,0,True
2084281,10,0.0,197.0,0,0,True
2084283,6,0.0,65.0,0,0,True
2084284,3,0.0,29.0,0,0,True
2084285,5,0.0,57.0,0,0,True
2084286,5,0.0,66.0,0,0,True
2084287,5,0.0,50.0,0,0,True
2084288,3,0.0,22.0,0,0,True
2084289,6,0.0,77.0,0,0,True
2084290,2,0.0,36.0,0,0,True
2084291,5,0.0,101.0,0,0,True
2084292,6,0.0,196.0,0,0,True
2084293,3,0.0,35.0,0,0,True
2084294,2,0.0,30.0,0,0,True
2084295,2,0.0,20.0,0,0,True
2084296,2,0.0,35.0,0,0,True
2084297,2,0.0,35.0,0,0,True
2084302,5,0.5,20.0,0,0,True
2084304,6,0.5,20.0,0,0,True
2084306,5,0.5,20.0,0,0,True
2084309,3,0.0,43.0,0,0,True
2084312,4,0.0,203.0,0,0,True
2084328,2,0.5,11.5,0,0,True
2084332,3,0.5,12.0,0,0,True
2084334,4,0.5,12.0,0,0,True
2084335,4,0.0,40.0,0,0,True
2084336,9,0.0,80.0,0,0,True
2084337,6,0.0,60.0,0,0,True
2084338,10,0.0,140.0,0,0,True
2084339,11,0.0,80.0,0,0,True
2084351,5,0.0,60.0,0,0,True
2084362,3,0.5,20.0,0,0,True
2084364,5,0.5,22.0,0,0,True
2084366,6,0.0,22.0,0,0,True
2084377,7,0.5,22.0,0,0,True
2084390,3,0.5,48.0,0,0,True
2084391,3,0.5,48.0,0,0,True
2084392,3,0.5,49.0,0,0,True
2084394,17,1.0,81.0,0,2,True
2084405,4,0.0,128.0,0,0,True
2084407,7,0.0,89.0,1,0,True
2084408,6,0.0,93.0,0,0,True
2084420,2,0.0,230.0,0,0,True
2084424,3,0.0,49.0,0,0,True
2084425,5,0.0,170.0,0,0,True
2084427,4,0.0,136.0,0,0,True
2084436,4,0.0,40.0,0,0,True
2084438,2,0.0,31.0,0,0,True
2084441,3,0.0,50.0,0,0,True
2084442,4,0.0,25.0,0,0,True
2084443,3,0.0,45.0,0,0,True
2084444,4,0.0,25.0,0,0,True
2084445,1,0.0,50.0,0,0,True
2084446,4,0.5,19.0,0,0,True
2084447,4,0.5,19.0,0,0,True
2084449,4,0.0,20.0,0,0,True
2084451,4,0.0,19.0,0,0,True
2084464,7,6.0,98.0,0,0,False
2084473,6,0.0,236.0,0,0,True
2084476,4,0.0,121.0,0,0,True
2084480,4,0.0,16.0,0,0,True
2084482,5,0.0,16.0,0,0,True
2084485,5,0.0,16.0,0,0,True
2084488,7,0.0,83.0,0,0,True
2084494,2,0.0,70.0,0,0,True
2084516,4,0.0,79.0,0,0,True
2084527,6,0.0,336.0,0,0,True
2084551,6,0.0,135.0,0,0,True
2084558,2,5.0,35.0,0,0,False
2084567,4,0.0,130.0,0,0,True
2084574,3,0.0,48.0,0,0,True
2084576,3,0.0,78.0,0,0,True
2084577,3,0.0,128.0,0,0,True
2084591,8,15.0,262.0,0,0,False
2084643,4,0.0,73.0,0,0,True
2084659,6,0.0,80.0,0,0,True
2084678,6,0.0,399.0,0,0,True
2084683,3,0.0,115.0,0,0,True
2084692,5,0.0,40.0,0,0,True
2084693,5,0.0,43.0,0,0,True
2084714,6,0.0,123.0,0,0,True
2084718,5,0.0,110.0,2,1,True
2084827,5,0.0,121.0,0,0,True
2084831,9,0.0,222.0,0,0,True
2084843,3,0.0,98.0,0,0,True
2084845,3,0.0,40.0,0,0,True
2084848,5,0.0,40.0,0,0,True
2084859,4,0.0,91.0,0,0,True
2084860,6,0.0,242.0,0,0,True
2084867,2,0.0,37.0,0,0,True
2084869,2,0.0,38.0,0,0,True
2084870,2,0.0,32.0,0,0,True
2084887,2,0.0,32.0,0,0,True
2084888,2,0.0,38.0,0,0,True
2084889,6,0.0,134.0,0,0,True
2084890,5,0.0,122.0,0,0,True
2084891,2,6.0,142.0,0,0,False
2084893,6,0.0,171.0,0,0,True
2084912,3,0.0,93.0,0,0,True
2084917,5,0.0,155.0,0,0,True
2084923,3,0.0,77.0,0,0,True
2084962,5,0.0,27.0,0,0,True
2084963,5,1.0,27.0,0,0,True
2084964,5,0.0,27.0,0,0,True
2084965,5,1.0,27.0,0,0,True
2084972,4,0.0,262.0,0,1,True
2084974,5,0.0,55.0,0,0,True
2084975,5,0.0,161.0,0,0,True
2084979,4,0.0,57.0,0,0,True
2084989,4,0.0,158.0,0,0,True
2084990,4,0.0,87.0,0,0,True
2084991,4,0.0,258.0,0,0,True
2085035,2,18.0,84.0,0,0,False
2085056,5,0.0,50.0,0,0,True
2085069,6,20.0,148.0,0,0,False
2085070,2,17.0,82.0,0,0,False
2085076,4,6.0,177.0,0,0,False
2085080,3,0.0,154.0,0,0,True
2085081,5,0.0,119.0,0,0,True
2085082,6,0.0,113.0,0,0,True
2085100,4,0.0,121.0,0,0,True
2085111,4,0.0,100.0,0,0,True
2085113,7,0.0,190.0,0,0,True
2085129,4,0.0,72.0,0,0,True
2085147,3,0.0,95.0,0,0,True
2085194,3,0.0,48.0,0,0,True
2085195,2,0.0,38.0,0,0,True
2085196,2,0.0,28.0,0,0,True
2085197,2,0.0,39.0,0,0,True
2085216,14,8.0,255.0,0,2,False
2085217,8,8.0,270.0,0,2,False
2085219,5,0.0,125.0,0,0,True
2085246,7,0.0,222.0,0,0,True
2085248,5,0.0,150.0,1,0,True
2085269,4,0.0,221.0,0,0,True
2085283,10,15.0,122.0,0,0,False
2085294,3,0.0,69.0,0,0,True
2085308,6,0.0,122.0,0,0,True
2085311,2,0.0,40.0,0,0,True
2085317,2,0.0,74.0,0,0,True
2085319,5,0.0,61.0,0,0,True
2085329,5,17.0,170.0,0,0,False
2085359,4,0.0,210.0,0,0,True
2085360,4,0.0,71.0,0,0,True
2085363,4,0.0,158.0,0,0,True
2085370,6,13.0,191.0,0,0,False
2085371,7,0.0,260.0,0,0,True
2085372,3,0.0,56.0,0,0,True
2085377,9,0.0,90.0,0,0,True
2085386,5,0.0,178.0,0,0,True
2085403,3,0.0,65.0,0,0,True
2085411,3,0.5,19.0,0,0,True
2085417,3,0.5,24.0,0,0,True
2085418,7,9.0,158.0,0,0,False
2085419,4,0.0,140.0,0,0,True
2085434,7,0.0,140.0,0,0,True
2085454,6,53.0,82.0,1,1,False
2085466,5,0.0,158.0,0,0,True
2085469,4,0.0,27.0,0,0,True
2085471,4,0.0,25.0,0,0,True
2085472,4,1.0,25.0,0,0,True
2085473,4,0.0,25.0,0,0,True
2085474,3,1.0,25.0,0,0,True
2085475,3,3.0,144.0,0,0,False
2085491,9,0.0,96.0,0,0,True
2085492,6,0.0,120.0,2,1,True
2085493,3,0.0,121.0,0,0,True
2085500,2,0.0,21.0,0,0,True
2085502,2,0.0,17.0,0,0,True
2085503,2,0.0,17.0,0,0,True
2085508,8,0.0,130.0,0,0,True
2085514,4,0.0,230.0,0,0,True
2085532,2,1.0,40.0,0,0,True
2085533,5,0.0,190.0,0,0,True
2085534,5,0.0,119.0,0,0,True
2085536,6,0.0,68.0,0,0,True
2085549,3,0.0,110.0,0,0,True
2085556,3,0.0,120.0,0,0,True
2085561,4,0.0,98.0,0,0,True
2085562,4,0.0,49.0,0,0,True
2085563,4,0.0,45.0,0,0,True
2085564,5,0.0,158.0,0,0,True
2085592,6,0.0,120.0,0,0,True
2085593,4,0.0,142.0,0,0,True
2085624,4,0.0,58.0,0,0,True
2085641,6,0.0,147.0,0,0,True
2085657,6,0.0,32.0,0,0,True
2085660,5,0.0,43.0,0,0,True
2085673,5,0.0,94.0,0,0,True
2085683,5,0.5,14.0,0,0,True
2085684,3,0.5,14.0,0,0,True
2085685,4,0.5,12.0,0,0,True
2085708,3,0.0,47.5,0,0,True
2085721,3,0.0,74.0,0,0,True
2085725,9,0.0,50.0,0,0,True
2085732,4,0.0,150.0,0,0,True
2085734,3,0.0,47.0,0,0,True
2085737,2,0.0,55.0,0,0,True
2085751,3,0.0,101.0,0,0,True
2085752,4,0.0,65.0,0,0,True
2085754,5,0.0,70.0,0,0,True
2085755,4,0.0,141.0,0,0,True
2085756,4,0.0,90.0,0,0,True
2085760,5,0.0,141.0,0,0,True
2085768,3,0.0,60.0,0,0,True
2085778,7,0.0,247.0,0,0,True
2085786,8,0.0,87.0,0,0,True
2085793,7,0.0,122.0,1,0,True
2085799,4,0.0,81.0,0,1,True
2085807,3,0.0,131.0,0,0,True
2085818,6,0.0,119.0,0,0,True
2085820,4,0.0,187.0,0,0,True
2085822,8,0.0,180.0,0,0,True
2085829,7,0.0,190.0,0,0,True
2085850,3,0.0,100.0,0,0,True
2085852,3,0.0,100.0,0,0,True
2085863,5,0.0,151.0,0,0,True
2085867,8,0.5,196.0,0,0,True
2085868,3,0.5,30.0,0,0,True
2085882,7,0.0,115.0,1,0,True
2085885,4,0.0,90.0,0,0,True
2085887,2,0.0,50.0,0,0,True
2085893,3,3.0,25.0,0,0,False
2085914,5,0.0,106.0,0,1,True
2085916,5,0.0,299.0,0,1,True
2085917,5,0.0,64.0,0,0,True
2085918,6,0.0,209.0,0,0,True
2085924,6,7.0,101.0,0,0,False
2085933,5,0.0,128.0,0,0,True
2085937,11,0.0,205.0,0,0,True
2085962,3,0.0,50.0,0,0,True
2085963,4,0.0,97.0,0,0,True
2085965,3,0.0,97.0,0,0,True
2085966,10,0.0,146.5,0,0,True
2085979,7,0.0,135.0,0,0,True
2085981,5,0.0,106.0,0,1,True
2085982,5,0.0,201.0,0,1,True
2085988,3,0.0,116.0,0,0,True
2085990,4,0.0,111.0,0,0,True
2085995,4,0.0,71.0,0,0,True
2085997,4,0.0,170.0,0,0,True
2086048,8,0.0,110.0,0,0,True
2086057,9,0.0,61.0,0,0,True
2086058,5,0.0,126.0,0,0,True
2086064,3,0.0,80.0,0,0,True
2086071,13,7.0,230.0,0,2,False
2086074,3,0.0,35.0,0,0,True
2086080,2,0.0,40.0,0,0,True
2086081,3,0.0,52.0,0,0,True
2086082,6,0.0,141.0,0,1,True
2086135,4,0.0,206.0,0,0,True
2086138,9,14.0,122.0,0,0,False
2086146,5,0.0,51.5,0,0,True
2086147,11,0.0,339.0,0,0,True
2086181,4,0.0,158.0,0,0,True
2086192,7,0.0,103.0,0,0,True
2086212,4,0.0,65.0,0,0,True
2086214,3,0.0,58.0,1,0,True
2086227,4,0.0,141.0,0,0,True
2086228,5,0.0,121.0,0,0,True
2086236,2,0.0,141.0,0,0,True
2086261,4,0.0,56.0,0,0,True
2086355,7,0.0,66.0,0,0,True
2086372,4,0.0,68.0,0,0,True
2086379,3,0.0,28.0,0,0,True
2086394,1,0.0,16.0,0,0,True
2086406,4,0.0,60.0,0,0,True
2086428,2,0.0,37.0,0,0,True
2086429,1,0.0,41.0,0,0,True
2086430,1,0.0,38.0,0,0,True
2086431,1,0.0,39.0,0,0,True
2086448,6,0.0,224.0,0,0,True
2086449,5,0.0,225.0,0,0,True
2086457,4,0.0,94.0,0,0,True
2086469,1,0.0,34.0,0,0,True
2086470,1,0.0,43.0,0,0,True
2086472,1,0.0,40.0,0,0,True
2086475,4,0.0,34.0,0,0,True
2086488,3,0.0,38.0,0,0,True
2086502,5,0.0,110.0,0,0,True
2086504,3,0.0,84.0,0,0,True
2086506,5,0.0,75.0,0,0,True
2086512,5,0.0,93.0,0,0,True
2086535,5,0.0,110.0,0,0,True
2086538,7,0.0,55.0,0,0,True
2086546,6,13.0,160.0,0,0,False
2086566,5,0.0,182.0,0,0,True
2086577,4,3.0,43.0,0,0,False
2086578,3,3.0,80.0,0,0,False
2086580,4,0.0,40.0,0,0,True
2086595,4,0.0,164.0,0,0,True
2086602,6,0.0,405.0,0,0,True
2086625,5,0.0,190.0,0,0,True
2086626,5,0.0,210.0,0,0,True
2086631,5,0.0,156.0,0,0,True
2086633,8,0.0,164.0,0,0,True
2086635,2,0.0,250.0,0,0,True
2086643,5,0.0,106.0,0,1,True
2086646,7,0.0,89.0,0,0,True
2086647,4,0.0,38.0,0,0,True
2086649,5,0.0,78.0,0,0,True
2086658,5,0.0,135.0,1,0,True
2086673,5,0.0,142.0,0,0,True
2086674,6,0.0,342.0,0,0,True
2086675,7,0.0,60.0,0,0,True
2086706,3,0.0,100.0,0,0,True
2086710,4,0.0,70.0,0,0,True
2086718,3,0.0,100.0,0,0,True
2086741,8,0.0,165.0,0,0,True
2086742,6,0.0,63.0,0,0,True
2086745,5,0.0,62.0,0,0,True
2086747,3,0.0,162.0,0,0,True
2086756,10,0.0,98.0,0,0,True
2086769,5,0.0,125.0,0,0,True
2086778,2,0.0,41.0,0,0,True
2086779,2,0.0,41.0,0,0,True
2086781,2,0.0,30.0,0,0,True
2086783,2,0.0,42.0,0,0,True
2086784,2,0.0,31.0,0,0,True
2086785,2,0.0,39.0,0,0,True
2086800,3,0.0,86.0,0,0,True
2086801,4,7.0,63.0,0,0,False
2086809,10,0.0,161.0,0,0,True
2086833,5,0.5,60.0,0,0,True
2086834,5,0.5,60.0,0,0,True
2086844,10,0.0,100.0,0,0,True
2086858,5,0.0,83.0,0,0,True
2086860,6,0.0,142.0,0,0,True
2086862,5,0.0,129.0,0,0,True
2086865,6,0.0,189.0,0,0,True
2086889,5,0.0,125.0,0,0,True
2086890,9,0.0,145.0,0,0,True
2086891,6,0.0,93.0,0,0,True
2086909,4,0.0,50.0,0,0,True
2086911,7,0.0,61.0,0,0,True
2086930,3,14.0,182.0,0,0,False
2086933,3,0.0,50.0,0,0,True
2086971,2,0.0,28.0,0,0,True
2086972,2,0.0,45.0,0,0,True
2086973,2,0.0,45.0,0,0,True
2086975,2,5.0,55.0,1,0,False
2086977,2,0.0,45.0,0,0,True
2086982,7,0.0,80.0,0,0,True
2086995,4,0.0,120.0,0,0,True
2086998,3,0.0,85.0,0,0,True
2087007,4,0.0,140.0,0,0,True
2087033,3,0.0,38.0,0,0,True
2087053,4,0.0,70.0,0,0,True
2087092,3,0.0,53.0,0,0,True
2087114,6,13.0,115.0,0,0,False
2087127,6,0.0,262.0,0,0,True
2087142,4,0.0,98.0,0,0,True
2087144,3,0.0,121.0,0,0,True
2087171,5,0.0,239.0,0,0,True
2087184,5,0.0,48.0,0,0,True
2087185,4,0.0,43.0,0,0,True
2087189,5,0.0,70.0,0,0,True
2087196,7,0.0,65.0,0,0,True
2087205,4,0.0,195.0,0,0,True
2087239,7,14.0,94.0,0,1,False
2087241,7,0.0,50.0,0,0,True
2087249,7,0.0,189.0,0,0,True
2087250,6,0.0,79.0,0,0,True
2087251,6,0.0,154.0,0,0,True
2087266,2,0.0,35.0,0,0,True
2087267,2,0.0,38.0,0,0,True
2087273,3,0.0,457.0,0,0,True
2087287,3,0.0,55.0,0,0,True
2087288,3,0.0,61.0,0,0,True
2087291,5,0.0,218.0,0,0,True
2087292,5,0.0,85.0,0,0,True
2087293,4,0.0,151.0,0,0,True
2087297,2,0.0,141.0,0,0,True
2087310,4,0.0,65.0,0,0,True
2087312,2,11.0,117.0,0,0,False
2087319,1,0.0,38.0,0,0,True
2087320,1,0.0,39.0,0,0,True
2087321,1,0.0,35.0,0,0,True
2087330,5,0.0,44.0,0,0,True
2087336,7,0.0,102.0,0,0,True
2087337,8,0.0,110.0,1,0,True
2087339,3,0.0,150.0,0,0,True
2087340,5,0.0,247.0,0,0,True
2087343,7,0.0,73.5,0,0,True
2087355,3,0.5,12.0,0,0,True
2087358,3,0.5,12.0,0,0,True
2087362,3,0.5,12.0,0,0,True
2087364,4,0.5,13.8,0,0,True
2087365,3,0.5,13.0,0,0,True
2087366,3,0.5,15.0,0,0,True
2087367,6,0.0,15.0,0,0,True
2087399,3,0.0,61.0,0,0,True
2087400,4,0.0,140.0,0,0,True
2087419,5,0.0,70.0,0,0,True
2087420,5,11.0,70.0,0,0,False
2087422,5,0.0,201.0,0,0,True
2087426,3,0.0,32.0,0,0,True
2087427,3,0.0,29.0,0,0,True
2087428,3,0.0,26.0,0,0,True
2087429,3,0.0,31.0,0,0,True
2087430,2,0.0,37.0,0,0,True
2087432,3,0.0,21.0,0,0,True
2087441,3,0.0,55.0,0,0,True
2087446,4,0.0,123.0,0,0,True
2087447,7,0.0,164.0,0,0,True
2087448,6,0.0,56.0,0,0,True
2087449,5,0.0,179.0,0,0,True
2087450,7,0.0,101.0,0,0,True
2087487,5,0.0,102.0,0,0,True
2087495,3,0.0,60.0,0,0,True
2087496,1,0.0,31.0,0,0,True
2087498,1,0.0,38.0,0,0,True
2087499,1,0.0,38.0,0,0,True
2087500,1,0.0,39.0,0,0,True
2087501,1,0.0,35.0,0,0,True
2087504,1,0.0,47.0,0,0,True
2087506,1,0.0,38.0,0,0,True
2087508,5,0.0,122.0,0,0,True
2087510,2,0.0,40.0,0,0,True
2087511,2,0.0,79.0,0,0,True
2087512,2,0.0,74.0,0,0,True
2087534,4,1.0,41.0,0,0,True
2087543,7,0.0,55.0,0,0,True
2087544,11,0.0,62.0,0,0,True
2087545,5,0.0,70.0,0,0,True
2087550,4,0.0,150.0,0,0,True
2087559,3,0.0,77.0,0,0,True
2087560,3,0.0,40.0,0,0,True
2087572,6,0.0,400.0,0,0,True
2087580,7,15.0,222.0,0,0,False
2087606,3,0.0,108.0,0,0,True
2087624,3,0.0,150.0,0,0,True
2087628,5,0.0,35.0,0,0,True
2087629,7,0.0,35.0,0,0,True
2087658,6,0.0,599.0,0,0,True
2087659,5,0.0,214.0,0,0,True
2087660,10,0.0,100.0,0,0,True
2087661,9,0.0,106.0,0,0,True
2087680,3,0.0,78.0,0,0,True
2087703,4,0.0,54.0,0,0,True
2087704,5,13.0,132.0,0,0,False
2087737,7,0.0,133.0,0,0,True
2087742,3,0.0,140.0,0,0,True
2087759,3,0.0,50.0,0,0,True
2087776,5,0.0,55.0,0,0,True
2087777,5,0.0,90.0,0,0,True
2087790,3,0.0,43.0,0,0,True
2087795,3,3.0,50.0,0,0,False
2087799,6,0.0,146.0,0,0,True
2087801,4,0.0,237.0,0,0,True
2087804,4,0.0,118.0,0,0,True
2087805,2,0.0,46.0,0,0,True
2087814,5,0.0,161.0,0,0,True
2087831,8,0.0,310.0,0,0,True
2087839,10,0.0,242.0,0,0,True
2087854,8,0.0,161.0,0,0,True
2087856,3,0.0,161.0,0,0,True
2087867,4,0.0,64.0,0,0,True
2087869,3,0.0,92.0,0,0,True
2087870,4,0.0,200.0,0,0,True
2087872,2,0.0,86.0,0,0,True
2087887,7,0.0,161.0,0,0,True
2087906,5,0.0,97.0,0,0,True
2087908,4,0.0,130.0,0,0,True
2087914,7,0.0,96.0,0,0,True
2087915,5,0.0,80.0,0,0,True
2087916,10,0.0,94.0,0,0,True
2087920,5,0.0,47.0,0,0,True
2087921,2,0.0,14.0,0,0,True
2087922,2,0.0,14.0,0,0,True
2087923,2,0.0,14.0,0,0,True
2087924,2,0.0,14.0,0,0,True
2087945,5,0.0,342.0,0,0,True
2087948,3,0.0,143.0,0,0,True
2087991,3,0.0,106.0,0,0,True
2088050,4,2.0,20.0,0,0,False
2088051,1,0.5,20.0,0,0,True
2088054,5,0.5,20.0,0,0,True
2088065,3,0.0,70.0,0,0,True
2088079,3,0.0,242.0,0,0,True
2088098,7,0.0,72.0,0,0,True
2088104,7,0.0,150.0,2,1,True
2088105,7,0.0,85.0,0,0,True
2088114,4,0.0,121.0,0,0,True
2088119,4,0.0,140.0,0,0,True
2088127,4,0.0,200.0,0,0,True
2088130,5,0.0,87.0,0,0,True
2088135,4,0.0,278.0,0,0,True
2088153,7,0.0,149.0,0,0,True
2088155,4,0.0,184.0,0,0,True
2088156,7,0.0,204.0,0,0,True
2088158,5,0.0,73.0,0,0,True
2088159,4,0.0,42.0,0,0,True
2088161,4,0.0,60.0,0,0,True
2088162,3,0.0,169.0,0,0,True
2088163,6,0.0,66.0,0,0,True
2088165,4,0.0,76.0,0,0,True
2088168,6,0.0,125.0,0,0,True
2088169,3,0.0,90.0,0,0,True
2088172,5,0.0,63.0,0,0,True
2088190,5,0.0,35.0,0,0,True
2088212,7,0.0,146.0,0,0,True
2088232,9,0.0,190.0,0,0,True
2088245,2,0.0,96.0,0,0,True
2088246,4,0.0,119.0,0,0,True
2088247,4,0.0,125.0,0,0,True
2088250,3,0.0,108.0,0,0,True
2088251,2,0.0,141.0,0,0,True
2088269,6,0.0,70.0,0,0,True
2088289,3,0.0,80.0,0,0,True
2088308,8,0.0,95.0,0,0,True
2088315,3,0.0,90.0,0,0,True
2088323,3,0.0,150.0,0,0,True
2088328,7,0.0,132.0,0,0,True
2088330,11,0.0,240.0,0,1,True
2088332,6,0.0,121.0,0,0,True
2088334,3,0.0,57.0,0,0,True
2088336,5,0.0,75.0,0,0,True
2088353,5,0.0,110.0,0,0,True
2088354,4,3.0,150.0,0,0,False
2088365,1,0.0,11.0,0,0,True
2088400,4,0.0,141.0,0,0,True
2088415,6,0.0,94.0,0,0,True
2088416,6,0.0,82.0,0,0,True
2088417,8,0.0,199.0,0,0,True
2088418,4,0.0,57.0,0,0,True
2088446,5,0.0,120.0,0,0,True
2088459,5,0.0,159.0,1,0,True
2088462,8,3.0,117.0,0,0,False
2088471,3,0.0,28.0,0,0,True
2088473,4,0.0,32.0,0,0,True
2088474,7,0.0,85.0,0,0,True
2088476,5,0.0,70.0,0,0,True
2088485,8,0.0,121.0,0,0,True
2088488,8,0.0,419.0,0,0,True
2088490,3,0.0,240.0,0,0,True
2088495,8,0.0,125.0,0,0,True
2088498,3,0.0,121.0,0,0,True
2088499,3,0.0,65.0,0,0,True
2088500,6,0.0,94.0,0,0,True
2088506,2,0.0,54.0,0,0,True
2088511,4,0.0,176.0,0,0,True
2088512,4,0.0,93.0,0,0,True
2088514,4,0.0,178.0,0,0,True
2088517,4,0.0,146.0,1,0,True
2088520,4,0.0,184.0,0,0,True
2088526,7,0.0,45.5,0,0,True
2088528,4,0.0,70.0,0,1,True
2088542,6,3.0,170.0,0,0,False
2088561,6,0.0,201.0,0,0,True
2088562,3,0.0,121.0,0,0,True
2088564,3,0.0,96.0,0,0,True
2088565,4,0.0,119.0,0,0,True
2088566,2,0.0,178.0,0,0,True
2088572,3,0.0,91.0,0,0,True
2088573,2,0.0,35.0,0,0,True
2088574,2,0.0,38.0,0,0,True
2088575,7,0.0,240.0,0,0,True
2088576,4,0.0,65.0,0,0,True
2088586,4,0.0,98.0,0,0,True
2088604,3,0.0,41.0,0,0,True
2088619,3,0.0,160.0,0,0,True
2088623,3,0.0,170.0,0,0,True
2088659,6,0.0,75.0,0,0,True
2088675,5,0.0,141.0,0,0,True
2088676,5,0.0,160.0,0,1,True
2088713,6,0.0,60.0,1,0,True
2088715,3,0.0,178.0,0,0,True
2088721,5,0.0,210.0,0,0,True
2088766,7,0.0,110.0,0,0,True
2088767,5,6.0,66.0,0,0,False
2088772,9,12.0,182.0,1,0,False
2088781,3,0.0,101.0,0,1,True
2088791,4,0.0,200.0,0,0,True
2088792,4,0.0,142.0,0,0,True
2088793,5,0.0,149.0,1,0,True
2088803,3,0.0,100.0,0,0,True
2088810,4,0.0,66.0,0,0,True
2088812,8,0.0,74.0,0,0,True
2088822,8,0.0,105.0,0,0,True
2088832,3,0.0,118.0,0,0,True
2088852,3,0.0,120.0,0,0,True
2088853,3,0.0,160.0,0,0,True
2088865,4,0.0,46.0,1,0,True
2088868,4,3.0,31.0,0,0,False
2088877,4,0.0,210.0,0,0,True
2088878,7,0.0,80.0,0,0,True
2088889,5,0.0,198.0,0,0,True
2088901,5,0.0,150.0,0,0,True
2088944,2,0.0,140.0,0,0,True
2088960,3,0.0,97.0,0,0,True
2088974,3,0.0,68.0,0,0,True
2088976,3,0.0,139.0,0,0,True
2089008,3,0.0,72.0,1,0,True
2089020,5,0.0,103.0,0,0,True
2089021,4,0.0,31.0,0,0,True
2089022,4,0.0,31.0,0,0,True
2089024,3,0.0,29.0,0,0,True
2089025,3,0.0,28.0,0,0,True
2089035,5,0.0,125.0,0,0,True
2089036,3,0.0,40.0,0,0,True
2089056,4,0.0,70.0,0,0,True
2089057,6,25.0,110.0,0,0,False
2089074,3,0.0,98.0,0,0,True
2089076,3,0.0,78.0,0,0,True
2089077,3,0.0,99.0,0,0,True
2089079,4,0.0,20.5,0,0,True
2089081,3,0.0,15.5,0,0,True
2089082,4,0.0,26.5,0,0,True
2089084,5,0.0,81.0,0,0,True
2089088,2,0.0,46.0,0,0,True
2089098,3,0.0,100.0,0,0,True
2089099,2,0.0,93.0,0,0,True
2089149,7,0.0,216.0,0,0,True
2089164,2,0.0,67.0,0,0,True
2089165,3,3.0,38.0,0,0,False
2089170,8,0.0,110.0,0,0,True
2089171,8,0.0,100.0,0,0,True
2089185,2,0.6,31.0,0,0,True
2089186,2,0.6,33.0,0,0,True
2089187,2,0.6,33.0,0,0,True
2089188,5,0.0,54.0,0,0,True
2089205,5,0.0,63.0,0,0,True
2089228,3,0.0,42.0,0,0,True
2089233,6,0.0,82.0,0,0,True
2089247,4,0.0,120.0,0,0,True
2089249,3,0.0,105.0,0,0,True
2089272,8,0.0,122.0,0,0,True
2089273,5,0.0,55.0,0,0,True
2089303,11,0.0,74.0,0,1,True
2089304,6,0.0,182.0,0,0,True
2089306,6,10.0,145.0,0,0,False
2089307,4,0.0,83.0,0,0,True
2089340,4,0.0,77.0,0,0,True
2089342,2,0.0,70.0,0,0,True
2089370,4,42.0,72.0,0,0,False
2089384,5,0.0,50.0,0,0,True
2089385,8,0.0,250.0,0,1,True
2089432,5,0.0,96.0,0,0,True
2089441,3,0.0,90.0,0,0,True
2089442,5,0.0,152.0,0,0,True
2089443,4,0.0,32.0,0,0,True
2089445,4,0.0,134.0,0,1,True
2089446,7,0.0,139.0,0,2,True
2089450,3,0.0,80.0,0,0,True
2089458,3,0.0,70.0,0,0,True
2089463,5,0.0,144.0,0,0,True
2089464,3,0.0,58.0,0,0,True
2089480,3,0.0,110.0,0,0,True
2089482,3,0.0,50.0,0,0,True
2089490,4,0.0,148.0,0,0,True
2089512,4,0.0,140.0,0,0,True
2089520,2,0.0,38.0,0,0,True
2089524,4,0.0,38.0,0,0,True
2089527,4,0.0,58.0,0,0,True
2089576,2,0.0,13.0,0,0,True
2089579,2,0.0,13.0,0,0,True
2089582,2,0.0,13.0,0,0,True
2089584,6,0.0,142.0,0,0,True
2089585,2,0.0,13.0,0,0,True
2089590,2,0.0,13.0,0,0,True
2089591,2,0.0,13.0,0,0,True
2089623,5,5.0,121.0,0,0,False
2089627,9,0.0,217.0,0,0,True
2089649,7,0.0,142.0,0,0,True
2089661,3,0.0,55.0,0,0,True
2089676,9,0.0,180.0,0,0,True
2089678,10,0.0,249.0,0,0,True
2089683,3,0.0,141.0,0,0,True
2089692,5,21.0,55.0,1,0,False
2089699,7,0.0,180.0,0,0,True
2089740,8,0.0,156.0,0,0,True
2089741,5,0.0,86.0,0,0,True
2089749,7,0.0,99.0,0,0,True
2089753,8,0.0,150.0,0,0,True
2089779,8,0.0,86.0,0,0,True
2089780,3,0.0,290.0,0,0,True
2089781,5,0.0,290.0,0,0,True
2089802,7,0.0,100.0,0,0,True
2089806,9,0.0,103.0,0,0,True
2089809,5,0.0,144.0,0,0,True
2089822,3,0.0,51.0,0,0,True
2089831,2,12.0,209.0,0,0,False
2089832,5,0.0,157.0,0,0,True
2089833,8,0.0,129.0,0,0,True
2089836,3,0.0,44.0,0,0,True
2089865,6,16.0,182.0,0,0,False
2089866,4,0.0,181.0,0,0,True
2089877,8,0.0,210.0,0,0,True
2089885,7,0.0,154.0,0,0,True
2089887,5,0.0,53.0,0,0,True
2089889,6,0.0,179.0,0,0,True
2089890,12,0.0,116.0,0,0,True
2089893,7,0.0,130.0,0,0,True
2089896,3,0.0,80.0,0,0,True
2089897,2,0.0,40.0,0,0,True
2089946,3,0.0,84.0,0,0,True
2089952,4,0.0,140.0,0,0,True
2089958,6,12.0,200.0,0,1,False
2089966,4,0.0,141.0,0,0,True
2089972,4,0.0,278.0,0,0,True
2089977,5,0.0,173.0,0,0,True
2089988,6,0.0,106.0,0,0,True
2090022,4,0.0,140.0,1,0,True
2090029,9,0.0,117.0,0,0,True
2090047,3,0.0,40.0,0,0,True
2090048,4,0.0,70.0,0,0,True
2090062,3,3.0,60.0,0,0,False
2090084,5,0.0,262.0,0,0,True
2090103,5,0.0,70.0,0,0,True
2090104,9,0.0,126.0,0,0,True
2090105,6,0.0,90.0,0,0,True
2090115,5,0.0,117.0,0,0,True
2090120,4,0.5,24.0,0,0,True
2090121,4,0.0,158.0,0,0,True
2090130,5,0.0,141.0,0,0,True
2090149,5,0.0,100.0,0,0,True
2090150,6,0.0,214.0,0,0,True
2090152,4,0.0,57.0,0,0,True
2090153,8,0.0,125.0,0,0,True
2090181,8,0.0,120.0,0,0,True
2090184,3,0.0,52.0,0,0,True
2090187,6,0.0,90.0,0,0,True
2090223,4,0.0,61.0,0,0,True
2090243,7,0.0,130.0,0,0,True
2090255,9,0.0,110.0,0,0,True
2090286,9,0.0,159.0,0,0,True
2090308,5,0.0,183.0,0,0,True
2090318,4,0.0,148.0,0,0,True
2090320,6,0.0,72.0,0,0,True
2090349,4,0.0,210.0,0,0,True
2090355,3,0.0,57.0,0,0,True
2090356,3,0.0,45.0,0,0,True
2090357,3,0.0,79.0,0,0,True
2090402,4,0.0,60.3,0,0,True
2090403,2,12.5,28.5,0,0,False
2090405,5,0.0,74.0,0,0,True
2090419,2,0.0,49.0,0,0,True
2090429,5,3.0,66.0,0,0,False
2090433,6,0.0,103.0,0,0,True
2090435,4,0.0,31.0,0,0,True
2090441,4,0.0,138.0,0,0,True
2090442,5,0.0,199.0,0,0,True
2090443,3,0.0,140.0,0,0,True
2090444,5,0.0,105.0,0,0,True
2090445,3,0.0,125.0,0,0,True
2090446,3,0.0,64.0,0,0,True
2090475,4,0.0,320.0,0,0,True
2090476,4,0.0,129.0,0,0,True
2090478,3,0.0,160.0,0,0,True
2090480,5,0.0,237.0,0,0,True
2090484,2,0.0,44.0,0,0,True
2090485,2,0.0,54.0,0,0,True
2090488,4,3.0,50.0,0,0,False
2090523,7,0.0,159.0,0,0,True
2090524,6,0.0,121.0,0,0,True
2090552,6,0.0,169.0,0,0,True
2090556,8,0.0,150.0,0,0,True
2090599,8,0.0,201.0,0,0,True
2090628,4,0.0,46.0,0,0,True
2090655,6,0.0,65.0,0,0,True
2090657,2,0.0,60.0,1,0,True
2090660,6,0.0,199.0,0,0,True
2090707,5,0.0,60.0,0,0,True
2090721,6,0.0,185.0,0,0,True
2090734,4,0.0,176.0,0,0,True
2090735,5,0.0,120.0,0,0,True
2090736,4,0.0,150.0,0,0,True
2090750,8,0.0,229.0,0,1,True
2090753,4,0.0,9.3,0,0,True
2090763,5,0.0,137.0,0,0,True
2090766,7,89.0,242.0,0,0,False
2090768,4,16.0,242.0,0,0,False
2090795,4,0.0,94.0,0,0,True
2090803,4,0.0,128.0,0,0,True
2090817,6,0.0,142.0,0,0,True
2090838,2,6.0,105.0,0,0,False
2090850,4,0.0,43.0,0,0,True
2090870,7,0.0,80.0,0,0,True
2090875,6,0.0,190.0,0,0,True
2090877,4,0.0,201.0,0,0,True
2090878,4,0.0,87.0,0,0,True
2090905,8,0.0,110.0,0,0,True
2090906,6,0.0,121.0,0,0,True
2090907,4,0.0,101.0,0,0,True
2090910,6,0.0,70.0,0,0,True
2090930,8,10.0,202.0,0,0,False
2090939,4,3.0,89.0,0,1,False
2090940,3,3.0,63.0,0,0,False
2090941,8,3.0,150.0,0,0,False
2090944,4,0.0,214.0,0,0,True
2090945,7,0.0,214.0,0,0,True
2090969,3,0.0,81.0,0,0,True
2090973,4,0.0,50.0,0,0,True
2090995,6,0.0,96.0,0,0,True
2090996,6,0.0,218.0,0,0,True
2091003,6,0.5,20.0,0,0,True
2091004,6,0.5,20.0,0,0,True
2091006,7,0.5,22.0,0,0,True
2091036,8,0.0,259.0,0,0,True
2091057,4,0.0,108.0,1,0,True
2091098,4,0.0,89.0,0,0,True
2091117,7,0.0,80.0,0,0,True
2091141,6,6.0,100.0,0,0,False
2091143,6,0.0,70.0,0,0,True
2091144,5,0.0,141.0,0,0,True
2091171,3,0.0,80.0,0,0,True
2091178,4,0.0,162.0,0,0,True
2091179,3,0.0,182.0,0,0,True
2091190,3,0.0,70.0,0,0,True
2091223,5,0.0,270.0,0,0,True
2091233,2,0.0,71.0,0,0,True
2091244,4,0.0,79.0,0,0,True
2091247,6,0.0,178.0,0,0,True
2091248,4,0.0,76.0,0,0,True
2091249,6,0.0,74.0,0,0,True
2091272,4,0.0,64.0,0,0,True
2091369,4,0.0,200.0,0,0,True
2091374,5,0.0,178.0,0,0,True
2091376,7,11.0,222.0,0,0,False
2091380,2,0.0,10.0,0,0,True
2091381,1,0.0,9.0,0,0,True
2091382,3,0.0,10.0,0,0,True
2091383,3,0.0,10.0,0,0,True
2091384,3,0.0,9.0,0,0,True
2091423,4,11.0,142.0,0,0,False
2091424,4,0.0,106.0,0,0,True
2091429,2,0.0,50.0,0,0,True
2091451,3,0.0,41.0,0,0,True
2091453,3,0.0,39.0,0,0,True
2091459,2,0.0,44.0,0,0,True
2091469,2,0.0,32.0,0,0,True
2091471,3,0.0,158.0,0,0,True
2091473,3,0.0,28.0,0,0,True
2091474,2,0.0,37.0,0,0,True
2091475,3,0.0,41.0,0,0,True
2091476,2,0.0,39.0,0,0,True
2091477,4,0.0,176.0,0,0,True
2091479,5,0.0,170.0,0,0,True
2091496,3,0.0,67.0,0,0,True
2091497,7,0.0,162.0,1,0,True
2091501,2,3.0,38.0,0,0,False
2091532,5,4.0,182.0,0,0,False
2091543,4,0.0,141.0,0,0,True
2091548,5,0.0,141.0,0,0,True
2091551,6,0.0,74.0,0,0,True
2091552,3,3.0,53.0,0,0,False
2091554,5,0.0,98.0,0,0,True
2091555,4,3.0,70.0,0,0,False
2091559,7,0.0,74.0,0,0,True
2091585,11,0.0,181.0,0,1,True
2091586,10,0.0,320.0,0,0,True
3000005,7,0.0,300.0,0,0,True
3000012,5,0.0,44.0,0,0,True
3000025,2,6.0,182.0,0,0,False
3000043,6,11.0,178.0,2,1,False
3000045,7,9.0,140.0,0,0,False
3000080,8,0.0,117.0,0,0,True
3000082,6,0.0,92.0,0,0,True
3000091,2,0.0,32.0,0,0,True
3000102,2,0.0,47.0,0,0,True
3000103,3,0.0,130.0,0,0,True
3000117,10,0.0,50.0,0,0,True
3000125,3,0.0,98.0,0,0,True
3000155,6,0.0,120.0,0,0,True
3000162,4,0.0,153.0,0,0,True
3000190,8,0.0,101.0,0,0,True
3000197,6,0.0,150.0,0,0,True
3000200,5,0.0,70.0,0,0,True
3000206,3,0.0,242.0,0,0,True
3000211,4,0.0,201.0,0,0,True
3000231,2,0.0,52.0,0,0,True
3000232,4,0.0,62.0,0,0,True
3000233,4,0.0,63.0,0,0,True
3000244,5,0.0,149.0,0,0,True
3000254,7,0.0,90.0,0,0,True
3000255,6,0.0,242.0,0,0,True
3000257,7,0.0,92.0,0,0,True
3000258,8,0.0,92.0,0,0,True
3000260,7,0.0,92.0,0,0,True
3000261,5,0.0,82.0,0,0,True
3000279,4,0.0,81.0,0,0,True
3000284,4,0.0,70.0,0,0,True
3000286,5,0.0,137.0,0,0,True
3000288,2,0.0,74.0,0,0,True
3000324,7,0.0,266.0,0,0,True
3000333,10,0.0,122.0,0,0,True
3000339,2,0.0,36.0,0,0,True
3000342,3,0.0,63.0,0,0,True
3000372,4,0.0,238.0,0,0,True
3000375,4,0.0,69.0,0,0,True
3000377,7,19.0,103.0,0,0,False
3000378,5,0.0,40.0,0,0,True
3000381,7,0.0,182.0,0,0,True
3000391,5,0.0,87.0,0,0,True
3000398,4,0.0,140.0,0,0,True
3000421,5,0.0,117.0,0,0,True
3000451,6,0.0,56.0,0,0,True
3000452,2,0.0,84.0,0,0,True
3000453,5,0.0,70.0,0,0,True
3000454,4,0.0,90.0,0,0,True
3000455,3,0.0,60.0,0,0,True
3000480,9,0.0,180.0,0,0,True
3000483,3,0.0,178.0,0,0,True
3000486,5,0.0,178.0,0,0,True
3000487,2,0.0,35.0,0,0,True
3000488,2,0.0,40.0,0,0,True
3000489,2,0.0,40.0,0,0,True
3000498,6,0.0,120.0,0,0,True
3000536,6,0.0,25.0,0,0,True
3000537,6,0.0,25.0,0,0,True
3000538,4,0.0,25.0,0,0,True
3000539,6,0.0,25.0,0,0,True
3000540,7,0.0,25.0,0,0,True
3000541,6,0.0,25.0,0,0,True
3000542,5,0.0,25.0,0,0,True
3000558,4,0.5,12.0,0,0,True
3000563,3,0.5,12.0,0,0,True
3000569,3,0.0,25.0,0,0,True
3000571,9,0.0,30.0,0,0,True
3000573,10,0.0,30.0,0,0,True
3000576,5,0.0,12.0,0,0,True
3000577,4,0.0,12.0,0,0,True
3000578,5,0.0,12.0,0,0,True
3000584,8,0.0,102.0,0,0,True
3000611,4,0.0,63.0,0,0,True
3000623,8,0.0,199.0,0,0,True
3000624,6,0.0,142.0,0,0,True
3000626,7,0.0,159.0,0,0,True
3000627,4,0.0,31.0,0,0,True
3000628,6,0.0,124.0,0,0,True
3000630,4,0.0,110.0,0,0,True
3000633,5,0.0,139.0,0,0,True
3000634,4,0.0,159.0,0,0,True
3000635,4,0.0,130.0,0,0,True
3000659,5,0.0,161.0,0,0,True
3000660,3,0.0,120.0,0,0,True
3000663,4,0.5,12.0,0,0,True
3000665,4,0.5,12.0,0,0,True
3000666,2,0.0,12.0,0,0,True
3000668,6,0.5,12.0,0,0,True
3000673,3,0.0,12.0,0,0,True
3000675,3,0.0,12.0,0,0,True
3000676,4,0.5,12.0,0,0,True
3000722,9,0.0,120.0,0,0,True
3000729,4,0.0,181.0,0,0,True
3000730,5,0.0,181.0,0,0,True
3000731,7,0.0,185.0,0,0,True
3000761,6,0.0,136.0,0,0,True
3000767,2,0.0,80.0,0,0,True
3000788,12,0.0,130.0,0,0,True
3000796,4,0.0,162.0,0,0,True
3000797,5,0.0,90.0,0,0,True
3000798,5,0.0,121.0,0,0,True
3000802,4,0.0,79.0,0,0,True
3000803,8,0.0,219.0,0,0,True
3000804,7,0.0,159.0,0,0,True
3000805,4,0.0,130.0,0,0,True
3000818,3,0.0,75.0,0,0,True
3000829,5,0.0,83.0,0,0,True
3000836,7,0.0,78.0,0,0,True
3000841,3,0.0,200.0,0,0,True
3000860,7,0.0,100.0,0,0,True
3000871,3,0.0,142.0,0,0,True
3000873,4,0.0,53.0,0,0,True
3000876,2,0.0,80.0,0,0,True
3000888,3,0.0,122.0,0,0,True
3000920,5,0.0,102.0,0,0,True
3000941,4,0.0,148.0,0,0,True
3000942,5,0.0,141.0,0,0,True
3000943,6,0.0,201.0,0,0,True
3000955,6,0.0,120.0,0,0,True
3000977,2,0.0,38.0,0,0,True
3000983,4,0.0,198.0,0,0,True
3001002,4,0.0,197.0,0,0,True
3001003,6,1.0,139.0,0,0,True
3001007,3,0.0,79.0,0,0,True
3001059,5,0.0,50.0,0,0,True
3001095,5,0.0,110.0,0,0,True
3001104,4,0.0,62.0,0,0,True
3001114,2,0.0,32.0,0,0,True
3001123,4,0.0,158.0,0,0,True
3001139,5,0.0,150.0,0,0,True
3001140,5,0.0,150.0,0,0,True
3001141,6,0.0,182.0,0,0,True
3001144,5,0.0,80.0,0,0,True
3001149,7,0.0,219.0,0,0,True
3001158,5,0.0,110.0,0,0,True
3001167,4,0.0,176.0,0,0,True
3001169,5,0.0,71.0,0,0,True
3001177,5,0.0,201.0,0,0,True
3001178,5,0.0,201.0,0,0,True
3001189,4,0.0,109.0,0,0,True
3001197,4,0.0,121.0,0,0,True
3001212,4,0.0,37.0,0,0,True
3001236,9,0.0,175.0,0,0,True
3001237,4,0.0,142.0,0,0,True
3001238,5,0.0,105.0,0,0,True
3001240,6,0.0,62.0,0,0,True
3001252,6,25.0,86.0,0,0,False
3001285,5,0.0,50.0,0,0,True
3001325,7,0.0,90.0,0,0,True
3001349,5,0.0,91.0,0,0,True
3001353,6,0.0,139.0,0,0,True
3001357,4,0.0,169.0,0,0,True
3001362,6,0.0,145.0,0,0,True
3001393,5,0.0,182.0,0,0,True
3001395,3,11.0,122.0,0,0,False
3001400,3,0.0,26.0,0,0,True
3001402,3,0.0,26.0,0,0,True
3001403,3,0.0,26.0,0,0,True
3001404,3,0.0,26.0,0,0,True
3001405,3,0.0,26.0,0,0,True
3001406,2,0.0,16.0,0,0,True
3001407,2,0.0,16.0,0,0,True
3001408,3,0.0,20.0,0,0,True
3001410,2,0.0,20.0,0,0,True
3001411,2,0.0,16.0,0,0,True
3001412,3,0.0,25.0,0,0,True
3001414,7,0.0,76.0,0,0,True
3001416,3,0.0,181.0,0,0,True
3001417,5,0.0,135.0,0,0,True
3001419,6,0.0,103.0,0,0,True
3001425,3,0.0,26.0,0,0,True
3001427,3,0.0,26.0,0,0,True
3001431,3,0.0,26.0,0,0,True
3001433,3,0.0,26.0,0,0,True
3001434,3,0.0,26.0,0,0,True
3001435,3,0.0,26.0,0,0,True
3001436,3,0.0,26.0,0,0,True
3001437,3,0.0,26.0,0,0,True
3001438,3,0.0,26.0,0,0,True
3001439,3,0.0,26.0,0,0,True
3001440,3,0.0,26.0,0,0,True
3001441,3,0.0,26.0,0,0,True
3001442,3,0.0,26.0,0,0,True
3001443,3,0.0,26.0,0,0,True
3001444,3,0.0,26.0,0,0,True
3001445,3,0.0,26.0,0,0,True
3001446,3,0.5,12.0,0,0,True
3001447,2,0.5,12.0,0,0,True
3001448,3,0.0,26.0,0,0,True
3001449,5,0.5,12.0,0,0,True
3001450,3,0.0,26.0,0,0,True
3001451,4,0.5,12.0,0,0,True
3001452,3,0.0,26.0,0,0,True
3001454,3,0.0,26.0,0,0,True
3001456,3,0.0,26.0,0,0,True
3001477,6,0.0,122.0,0,0,True
3001480,4,0.0,169.0,0,0,True
3001482,4,0.0,110.0,0,0,True
3001516,4,12.0,178.0,0,0,False
3001544,3,0.0,260.0,0,0,True
3001549,3,0.0,26.0,0,0,True
3001550,3,0.0,26.0,0,0,True
3001573,8,0.0,182.0,0,0,True
3001584,12,0.0,282.0,0,2,True
3001613,5,0.0,124.0,0,0,True
3001615,6,0.0,152.0,0,0,True
3001621,4,0.0,101.0,0,0,True
3001622,3,0.0,70.0,0,0,True
3001630,4,0.0,83.0,0,0,True
3001639,6,0.0,60.0,0,0,True
3001640,4,0.0,83.0,0,0,True
3001645,5,17.0,46.0,0,1,False
3001646,3,0.0,70.0,0,0,True
3001647,5,0.0,90.0,0,0,True
3001653,4,0.0,161.0,0,0,True
3001656,5,0.0,182.0,0,0,True
3001658,6,0.0,132.0,0,0,True
3001665,4,0.0,84.0,0,0,True
3001671,5,0.5,42.7,0,0,True
3001672,3,0.0,116.0,0,0,True
3001704,5,0.0,70.0,0,0,True
3001719,4,0.0,142.0,0,0,True
3001720,6,0.0,222.0,0,0,True
3001723,3,0.0,101.0,0,0,True
3001739,3,0.0,50.0,0,0,True
3001774,2,0.0,120.0,0,0,True
3001784,6,0.0,178.0,0,0,True
3001791,6,0.0,104.0,0,1,True
3001793,4,0.0,88.0,0,0,True
3001799,3,0.0,100.0,0,0,True
3001826,6,0.0,145.0,0,0,True
3001827,4,0.0,130.0,0,0,True
3001896,7,0.0,67.0,0,0,True
3001897,6,0.0,200.0,0,0,True
3001898,2,0.0,47.0,0,0,True
3001899,2,0.0,36.0,0,0,True
3001900,2,0.0,37.0,0,0,True
3001901,2,0.0,31.0,0,0,True
3001902,4,0.0,100.0,0,0,True
3001912,3,0.0,150.0,0,0,True
3001913,4,0.0,150.0,0,0,True
3001947,8,0.0,106.0,0,2,True
3001949,4,0.0,50.0,0,0,True
3001951,4,1.0,149.0,0,0,True
3001952,6,0.0,199.0,0,0,True
3001953,6,0.0,139.0,0,0,True
3001961,4,0.5,15.5,0,0,True
3001969,4,0.5,18.5,0,0,True
3001971,4,0.5,12.7,0,0,True
3001972,3,0.5,12.3,0,0,True
3002000,3,0.0,60.0,0,0,True
3002001,3,0.0,161.0,0,0,True
3002014,7,0.0,145.0,0,0,True
3002015,12,0.0,183.0,0,0,True
3002029,3,0.0,62.0,0,0,True
3002085,5,0.0,86.0,0,0,True
3002090,3,0.0,52.0,0,1,True
3002149,6,0.0,88.0,0,0,True
3002152,5,0.0,110.0,0,0,True
3002201,6,0.0,212.0,0,0,True
3002225,5,0.0,80.0,0,0,True
3002226,8,0.0,126.0,0,0,True
3002260,6,0.0,80.0,0,0,True
3002268,5,0.0,126.0,0,0,True
3002269,5,0.0,179.0,0,0,True
3002270,6,0.0,108.0,0,0,True
3002300,3,27.0,73.0,0,0,False
3002301,3,7.0,76.0,0,0,False
3002302,3,80.0,191.0,0,0,False
3002303,3,4.0,79.0,0,0,False
3002338,3,81.0,180.0,0,0,False
3002365,4,0.0,120.0,0,0,True
3002391,5,0.0,130.0,0,0,True
3002442,4,0.0,158.0,0,0,True
3002460,3,0.0,84.0,0,0,True
3002485,10,0.0,175.0,0,0,True
3002486,7,0.0,142.0,0,0,True
3002507,7,0.0,121.0,0,0,True
3002508,6,0.0,103.0,0,0,True
3002509,6,0.0,219.0,0,0,True
3002537,6,0.0,178.0,0,0,True
3002546,3,0.0,106.0,0,0,True
3002547,4,0.0,202.0,0,0,True
3002548,4,0.0,340.0,0,0,True
3002549,4,0.0,340.0,0,0,True
3002586,5,0.0,161.0,0,0,True
3002587,2,0.0,141.0,0,0,True
3002590,6,0.0,90.0,0,0,True
3002610,4,0.0,85.0,0,0,True
3002611,4,0.0,80.0,0,0,True
3002612,6,0.0,190.0,0,0,True
3002613,4,0.0,141.0,0,0,True
3002622,5,0.0,182.0,0,0,True
3002637,3,0.5,20.0,0,0,True
3002645,6,0.0,20.0,0,0,True
3002646,2,0.5,12.0,0,0,True
3002649,4,0.0,106.0,0,0,True
3002680,4,0.0,64.0,0,1,True
3002703,3,0.0,119.0,0,0,True
3002714,5,0.0,52.0,0,0,True
3002715,8,0.0,115.0,0,0,True
3002741,2,0.0,127.0,0,0,True
3002777,10,0.0,38.0,0,0,True
3002787,4,0.0,325.0,0,0,True
3002789,5,0.0,146.0,0,0,True
3002802,3,0.0,60.0,0,0,True
3002845,2,0.0,85.0,0,0,True
3002854,4,0.0,43.0,0,0,True
3002902,9,0.0,239.0,0,0,True
3002910,8,0.0,75.0,0,0,True
3002933,3,0.0,100.0,0,0,True
3002934,6,0.0,167.0,0,0,True
3002943,5,0.0,70.0,0,0,True
3002961,1,10.0,38.0,0,0,False
3002964,4,0.0,12.0,0,0,True
3002966,3,0.0,12.0,0,0,True
3002968,2,6.0,100.0,0,0,False
3002970,4,0.0,12.0,0,0,True
3002973,4,35.0,248.0,0,0,False
3002975,2,10.0,66.0,0,0,False
3003003,4,0.0,325.0,0,0,True
3003006,5,0.0,142.0,0,0,True
3003007,3,0.0,222.0,0,0,True
3003017,6,0.0,191.0,0,0,True
3003031,6,0.0,208.0,0,0,True
3003035,3,0.0,58.0,0,0,True
3003037,6,0.0,149.0,0,0,True
3003038,4,0.0,50.0,0,0,True
3003039,4,0.0,74.0,0,0,True
3003054,4,0.0,93.0,0,0,True
3003055,3,0.0,68.0,0,0,True
3003068,5,0.0,179.0,0,0,True
3003069,7,0.0,120.0,0,0,True
3003070,2,0.0,101.0,0,0,True
3003073,6,0.0,75.0,0,0,True
3003076,5,0.0,80.0,0,0,True
3003080,5,0.0,70.0,0,0,True
3003089,4,0.0,122.0,0,0,True
3003109,3,0.0,88.0,0,0,True
3003110,2,0.0,80.0,0,0,True
3003121,3,0.0,67.0,0,0,True
3003122,3,0.0,75.0,0,0,True
3003135,4,0.0,161.0,0,0,True
3003137,9,0.0,160.0,0,0,True
3003174,4,0.0,58.0,0,0,True
3003175,3,5.0,82.0,0,0,False
3003207,9,0.0,242.0,0,0,True
3003212,4,30.0,203.0,0,0,False
3003216,3,10.0,120.0,0,0,False
3003220,5,0.0,146.0,0,0,True
3003222,5,6.0,179.0,0,0,False
3003231,3,16.0,55.0,0,0,False
3003236,3,0.0,66.0,0,0,True
3003241,6,0.0,60.0,0,0,True
3003250,4,0.0,121.0,0,0,True
3003251,3,0.0,90.0,0,0,True
3003252,5,0.0,60.0,0,0,True
3003254,4,0.0,121.0,0,0,True
3003263,4,0.0,141.0,0,0,True
3003268,8,17.0,140.0,0,0,False
3003269,4,0.0,203.0,0,0,True
3003281,6,0.0,279.0,0,0,True
3003287,3,0.0,100.0,0,0,True
3003288,5,0.0,86.0,0,0,True
3003294,2,0.0,125.0,0,0,True
3003335,4,0.0,200.0,0,0,True
3003349,7,0.0,81.0,0,0,True
3003353,1,0.0,29.0,0,0,True
3003354,1,0.0,28.0,0,0,True
3003368,5,0.0,122.0,0,1,True
3003369,7,0.0,179.0,0,0,True
3003372,4,0.0,166.0,0,0,True
3003374,4,0.0,67.0,0,0,True
3003380,5,0.0,44.0,0,0,True
3003408,3,0.0,38.0,0,0,True
3003450,5,0.0,121.0,0,0,True
3003463,7,0.0,70.0,0,0,True
3003464,3,0.0,60.0,0,0,True
3003475,7,0.0,12.0,0,0,True
3003476,4,0.0,12.0,0,0,True
3003477,5,0.0,12.0,0,0,True
3003478,7,0.0,120.0,0,0,True
3003484,3,0.0,50.0,0,0,True
3003486,2,0.0,52.0,0,0,True
3003487,2,0.0,50.0,0,0,True
3003488,3,0.0,50.0,0,0,True
3003507,4,0.5,40.0,0,0,True
3003532,5,0.0,62.0,0,0,True
3003533,3,0.0,102.0,0,0,True
3003560,5,0.0,219.0,0,0,True
3003562,4,0.0,64.0,0,0,True
3003574,1,0.0,70.0,0,0,True
3003577,5,0.0,155.0,0,0,True
3003586,3,0.0,50.0,0,0,True
3003587,6,0.0,121.0,0,0,True
3003588,3,0.0,70.0,0,0,True
3003631,4,0.0,50.0,0,0,True
3003635,5,0.0,120.0,0,0,True
3003636,6,0.0,140.0,0,0,True
3003657,8,0.0,63.0,0,0,True
3003666,5,0.0,81.0,0,0,True
3003667,4,0.0,176.0,0,0,True
3003705,5,0.0,42.0,0,0,True
3003729,5,0.0,60.0,0,0,True
3003731,5,0.0,100.0,0,0,True
3003853,10,0.0,100.0,0,0,True
3003858,5,0.0,90.0,0,0,True
3003880,3,0.0,80.0,0,0,True
3003917,3,0.0,147.0,0,0,True
3003923,6,0.0,122.0,0,0,True
3003924,5,0.0,220.0,0,0,True
3003925,3,0.0,34.0,0,0,True
3003926,3,0.0,34.0,0,0,True
3003927,3,0.0,34.0,0,0,True
3003928,3,0.0,34.0,0,0,True
3003929,3,0.0,34.0,0,0,True
3003930,3,0.0,34.0,0,0,True
3003931,3,0.0,34.0,0,0,True
3003932,3,0.0,39.0,0,0,True
3003933,3,0.0,39.0,0,0,True
3003934,3,0.0,32.0,0,0,True
3003935,3,0.0,32.0,0,0,True
3003959,4,0.0,175.0,0,0,True
3003962,3,0.0,120.0,0,0,True
3003971,5,0.0,120.0,0,0,True
3003973,5,0.0,53.0,0,0,True
3003974,3,0.0,41.0,0,0,True
3004000,4,0.0,60.0,0,0,True
3004006,3,0.5,12.0,0,0,True
3004010,3,0.0,56.0,0,0,True
3004012,3,0.5,12.0,0,0,True
3004013,5,0.0,459.0,0,0,True
3004014,5,0.0,157.0,0,0,True
3004017,6,0.0,134.0,0,0,True
3004018,2,0.0,46.0,0,0,True
3004023,3,0.0,141.0,0,0,True
3004025,4,0.5,12.0,0,0,True
3004027,5,0.5,12.0,0,0,True
3004029,5,0.0,12.0,0,0,True
3004030,5,0.0,12.0,0,0,True
3004034,9,0.0,149.0,0,0,True
3004039,4,0.0,50.0,0,0,True
3004040,5,0.0,54.0,0,0,True
3004041,4,0.0,130.0,0,0,True
3004043,8,0.0,125.0,0,0,True
3004054,6,0.0,379.0,0,0,True
3004063,2,0.0,35.0,0,0,True
3004064,2,0.0,40.0,0,0,True
3004065,2,0.0,178.0,0,0,True
3004066,3,0.0,198.0,0,0,True
3004067,2,0.0,118.0,0,0,True
3004070,5,0.0,100.0,0,0,True
3004074,3,0.0,165.0,0,0,True
3004075,8,0.0,261.0,0,0,True
3004099,4,0.0,152.0,0,0,True
3004113,3,0.0,110.0,0,0,True
3004114,4,0.0,112.0,0,0,True
3004116,7,0.0,100.0,0,0,True
3004121,4,0.0,160.0,0,0,True
3004202,3,0.0,70.0,0,0,True
3004216,5,0.0,85.0,0,0,True
3004219,3,0.0,58.0,0,0,True
3004232,4,0.0,188.0,0,0,True
3004234,4,0.0,178.0,0,0,True
3004237,3,0.0,210.0,0,0,True
3004238,3,0.0,158.0,0,0,True
3004246,2,0.0,78.0,0,0,True
3004301,7,0.0,118.0,0,0,True
3004304,8,0.0,152.0,0,0,True
3004338,5,0.0,101.0,0,0,True
3004355,7,0.0,100.0,0,1,True
3004369,5,0.0,69.0,0,0,True
3004370,5,0.0,62.0,0,0,True
3004371,5,0.0,158.0,0,0,True
3004373,4,0.0,168.0,0,0,True
3004376,3,0.0,121.0,0,0,True
3004385,3,0.0,72.0,0,0,True
3004386,4,0.0,41.0,0,0,True
3004397,3,0.0,85.0,0,0,True
3004411,6,0.0,85.0,0,0,True
3004419,4,0.0,100.0,0,0,True
3004444,6,0.0,175.0,0,0,True
3004453,7,0.0,141.0,0,0,True
3004454,3,0.0,50.0,0,0,True
3004464,5,0.0,159.0,0,0,True
3004478,3,0.0,73.0,0,0,True
3004485,5,0.0,259.0,0,0,True
3004491,3,0.0,55.0,0,0,True
3004492,4,0.0,82.0,0,0,True
3004493,7,0.0,122.0,0,0,True
3004507,5,0.0,92.0,0,0,True
3004508,6,0.0,293.0,0,0,True
3004509,3,0.0,58.0,0,0,True
3004521,5,0.0,201.0,0,0,True
3004524,3,0.0,90.0,0,0,True
3004525,6,0.0,145.0,0,0,True
3004554,6,0.0,28.0,0,0,True
3004601,4,0.0,55.0,0,0,True
3004625,5,0.0,47.5,0,0,True
3004640,3,8.0,118.0,0,0,False
3004663,6,0.0,115.0,0,1,True
3004664,6,0.0,201.0,0,0,True
3004665,3,0.0,201.0,0,0,True
3004668,3,0.0,201.0,0,0,True
3004678,5,0.0,112.0,0,0,True
3004713,5,0.0,141.0,0,0,True
3004727,8,0.0,209.0,0,0,True
3004735,4,0.0,67.0,0,0,True
3004737,6,0.0,142.0,0,0,True
3004758,2,0.0,132.0,0,0,True
3004773,5,15.0,97.0,0,0,False
3004798,5,0.0,74.0,0,0,True
3004843,8,0.0,212.0,0,0,True
3004844,7,0.0,84.0,0,0,True
3004846,8,0.0,174.0,0,0,True
3004891,4,0.0,260.0,0,0,True
3004896,3,0.0,63.0,0,0,True
3004912,3,0.0,200.0,0,0,True
3004913,5,0.0,127.0,1,0,True
3004921,5,0.0,43.0,0,0,True
3004944,4,35.0,298.0,0,0,False
3004959,7,0.0,142.0,0,0,True
3004978,4,0.0,88.0,0,0,True
3004979,3,0.0,65.0,0,0,True
3004980,5,0.0,160.0,0,0,True
3005001,1,8.0,47.0,0,0,False
3005003,4,0.0,258.0,0,0,True
3005004,3,0.0,158.0,0,0,True
3005040,3,25.0,111.0,0,0,False
3005041,2,35.0,319.0,0,0,False
3005043,2,171.0,230.0,0,0,False
3005052,6,0.0,120.0,0,0,True
3005053,7,0.0,145.0,0,0,True
3005055,5,0.0,174.0,0,0,True
3005060,3,0.0,79.0,0,0,True
3005067,5,0.0,182.0,0,0,True
3005068,7,13.0,182.0,0,0,False
3005070,4,0.0,100.0,0,0,True
3005077,3,0.0,115.0,0,0,True
3005080,3,0.0,80.0,0,0,True
3005095,5,0.0,130.0,0,0,True
3005105,3,0.0,141.0,0,0,True
3005106,7,0.0,70.0,0,0,True
3005107,5,0.0,201.0,0,1,True
3005150,5,0.0,458.0,0,0,True
3005151,4,0.0,125.0,0,0,True
3005184,5,0.0,170.0,0,0,True
3005210,5,0.0,78.0,0,0,True
3005217,6,0.0,180.0,0,0,True
3005259,3,0.0,158.0,0,0,True
3005262,4,0.0,79.0,0,0,True
3005263,4,0.0,93.0,0,0,True
3005264,5,0.0,239.0,0,0,True
3005266,7,0.0,139.0,0,0,True
3005267,4,0.0,81.0,0,0,True
3005298,4,0.0,83.0,0,0,True
3005306,4,0.0,72.0,0,0,True
3005308,4,0.0,100.0,0,0,True
3005311,4,0.0,65.0,0,0,True
3005314,5,0.0,100.0,0,0,True
3005315,3,0.0,62.0,0,0,True
3005316,4,0.0,142.0,0,0,True
3005317,5,0.0,142.0,0,0,True
3005351,9,0.0,88.0,0,0,True
3005352,2,0.0,79.0,0,0,True
3005362,2,0.0,78.0,0,0,True
3005367,2,0.0,220.0,0,0,True
3005370,5,0.0,199.0,0,0,True
3005371,5,0.0,139.0,0,0,True
3005372,2,0.0,64.0,0,0,True
3005379,3,0.0,98.0,0,0,True
3005386,2,0.0,40.0,0,0,True
3005388,3,0.0,100.0,0,0,True
3005389,6,0.0,199.0,0,0,True
3005392,3,0.0,92.0,0,0,True
3005393,9,0.0,93.0,0,0,True
3005394,2,0.0,119.0,0,0,True
3005395,11,0.0,80.0,0,1,True
3005399,2,0.0,30.0,0,0,True
3005400,7,0.0,320.0,0,0,True
3005403,3,0.0,185.0,0,0,True
3005404,7,0.0,201.0,0,0,True
3005405,6,0.0,70.0,0,0,True
3005406,4,0.0,201.0,0,0,True
3005407,6,0.0,101.0,0,0,True
3005408,5,0.0,100.0,0,0,True
3005409,5,0.0,85.0,0,0,True
3005410,7,0.0,170.0,0,0,True
3005411,2,0.0,141.0,0,0,True
3005426,3,0.0,47.0,0,0,True
3005444,6,0.0,105.0,0,1,True
3005453,3,0.0,54.0,0,0,True
3005488,3,0.0,106.0,0,0,True
3005489,2,0.0,43.0,0,0,True
3005490,1,0.0,37.0,0,0,True
3005507,4,0.0,182.0,0,0,True
3005523,4,0.0,140.0,0,0,True
3005601,2,6.0,100.0,0,0,False
3005611,1,4.0,47.0,0,0,False
3005618,3,3.0,64.0,0,0,False
3005619,7,0.0,140.0,0,0,True
3005633,3,0.0,174.0,0,0,True
3005634,5,0.0,179.0,0,0,True
3005635,5,0.0,339.0,0,0,True
3005639,5,0.0,75.0,0,0,True
3005640,4,0.0,82.0,0,0,True
3005657,3,0.0,61.0,0,0,True
3005676,7,0.0,210.0,0,0,True
3005679,4,0.0,201.0,0,0,True
3005716,5,0.0,201.0,0,0,True
3005731,3,0.0,95.0,0,0,True
3005733,3,0.0,70.0,0,0,True
3005743,2,0.8,36.0,0,0,True
3005788,5,0.0,40.0,0,0,True
3005789,9,0.0,150.0,0,0,True
3005791,8,0.0,190.0,0,0,True
3005794,4,0.0,50.0,0,0,True
3005819,7,0.0,139.0,0,0,True
3005820,5,0.0,61.0,0,0,True
3005822,7,0.0,142.0,0,0,True
3005823,9,6.0,300.0,0,0,False
3005828,10,0.0,86.0,0,0,True
3005863,6,0.0,65.0,0,0,True
3005881,5,0.0,145.0,0,0,True
3005887,2,0.0,70.0,0,0,True
3005899,8,0.0,145.0,0,0,True
3005902,5,0.0,54.0,0,0,True
3005905,5,0.0,80.0,0,0,True
3005907,3,0.0,57.0,0,0,True
3005910,5,0.0,168.0,0,0,True
3005912,5,2.0,158.0,0,0,False
3005919,5,2.0,119.0,0,0,False
3005930,3,31.0,159.0,0,0,False
3005931,2,3.0,47.0,0,0,False
3005936,2,0.5,12.0,0,0,True
3005937,1,0.0,79.0,0,0,True
3005938,4,0.5,12.0,0,0,True
3005939,3,0.5,12.0,0,0,True
3005941,5,0.0,79.0,0,0,True
3005945,7,0.0,179.0,0,0,True
3005949,3,0.0,50.0,0,0,True
3005951,5,0.0,50.0,0,0,True
3005953,5,0.0,182.0,0,0,True
3005972,4,0.0,50.0,0,0,True
3005977,3,0.0,81.0,0,0,True
3006002,4,0.0,30.0,0,0,True
3006003,8,0.0,35.0,0,0,True
3006006,7,0.0,35.0,0,0,True
3006007,8,0.0,50.0,0,0,True
3006033,1,5.0,87.0,0,0,False
3006034,6,0.0,198.0,0,0,True
3006039,6,0.0,174.0,0,0,True
3006040,4,0.0,40.0,0,0,True
3006042,5,0.0,94.0,0,0,True
3006058,3,0.0,111.0,0,0,True
3006071,4,0.0,36.0,0,0,True
3006074,4,0.0,58.0,0,0,True
3006110,3,0.0,62.0,0,0,True
3006111,3,0.0,64.0,0,0,True
3006124,2,39.0,108.0,0,0,False
3006125,3,0.0,198.0,0,0,True
3006128,3,9.0,88.0,0,0,False
3006146,2,0.0,80.0,0,0,True
3006147,3,0.0,80.0,0,0,True
3006206,9,0.0,150.0,0,1,True
3006207,3,0.0,101.0,0,0,True
3006208,4,0.0,161.0,0,0,True
3006209,7,0.0,141.0,0,0,True
3006213,3,0.0,85.0,0,0,True
3006223,6,0.0,120.0,0,0,True
3006225,4,0.0,120.0,0,0,True
3006238,2,15.0,81.0,0,0,False
3006261,5,0.0,37.0,0,0,True
3006262,7,0.0,134.0,0,0,True
3006263,7,0.0,139.0,0,0,True
3006264,4,0.0,199.0,0,0,True
3006282,4,0.5,42.0,0,0,True
3006283,5,0.0,43.0,0,0,True
3006286,5,0.5,42.0,0,0,True
3006287,6,0.5,42.0,0,0,True
3006288,7,0.5,42.0,0,0,True
3006333,5,0.0,110.0,0,0,True
3006335,5,0.0,110.0,0,0,True
3006365,5,0.0,178.0,0,0,True
3006411,6,0.0,222.0,0,0,True
3006452,6,0.0,181.0,0,0,True
3006480,6,0.0,74.0,0,0,True
3006500,4,0.0,46.0,0,0,True
3006533,6,10.0,182.0,0,0,False
3006541,7,0.0,90.0,0,0,True
3006545,7,0.0,165.0,0,0,True
3006571,5,0.0,85.0,0,0,True
3006582,3,0.0,95.0,0,0,True
3006590,3,0.0,60.0,0,0,True
3006618,10,8.0,192.0,0,1,False
3006638,2,0.0,90.0,0,0,True
3006648,7,0.0,79.0,0,0,True
3006649,6,0.0,63.0,0,0,True
3006689,3,0.0,35.0,0,0,True
3006718,6,0.0,121.0,0,0,True
3006721,7,0.0,52.0,0,0,True
3006731,6,0.0,94.0,0,0,True
3006733,5,0.0,101.0,0,0,True
3006756,3,0.0,50.0,0,0,True
3006759,3,0.0,40.0,0,0,True
3006766,4,0.0,59.0,0,0,True
3006773,3,0.0,81.0,0,0,True
3006775,6,11.0,182.0,0,0,False
3006776,4,2.0,122.0,0,0,False
3006792,7,0.0,182.0,0,0,True
3006809,4,0.0,68.0,0,0,True
3006813,4,0.0,162.0,0,0,True
3006814,6,0.0,162.0,0,0,True
3006823,6,0.0,141.0,0,1,True
3006849,4,0.0,61.0,0,0,True
3006886,4,0.0,52.0,0,0,True
3006895,4,0.0,91.0,0,3,True
3006897,6,0.0,91.0,0,1,True
3006920,3,0.0,141.0,0,1,True
3006935,5,0.0,56.0,0,2,True
3006936,5,0.0,56.0,0,2,True
3006937,6,0.0,91.0,0,1,True
3006938,8,0.0,56.0,0,1,True
3006939,9,0.0,65.0,0,1,True
3006940,5,0.0,51.0,0,1,True
3006941,6,0.0,81.0,0,1,True
3006959,4,0.0,65.0,0,1,True
3006960,6,0.0,91.0,0,1,True
3006961,4,0.0,234.0,0,0,True
3006962,7,0.0,189.0,0,0,True
3006965,7,0.0,159.0,0,1,True
3007026,5,3.0,159.0,0,0,False
3007046,6,0.0,133.0,0,0,True
3007063,3,0.0,52.0,0,0,True
3007064,2,0.0,110.0,0,0,True
3007069,3,0.0,40.0,0,0,True
3007074,1,17.0,38.0,0,0,False
3007081,7,0.0,101.0,0,0,True
3007082,7,0.0,101.0,0,0,True
3007083,6,0.0,81.0,0,0,True
3007086,6,0.0,141.0,0,0,True
3007100,3,0.0,83.0,0,0,True
3007122,2,0.5,20.0,0,0,True
3007128,3,0.5,20.0,0,0,True
3007129,3,0.5,20.0,0,0,True
3007130,3,0.5,20.0,0,0,True
3007131,2,0.5,20.0,0,0,True
3007134,4,0.0,51.0,0,0,True
3007171,5,0.0,128.0,0,0,True
3007172,3,80.0,239.0,0,0,False
3007173,5,4.0,90.0,0,0,False
3007174,3,0.0,84.0,0,0,True
3007183,3,0.0,104.0,0,0,True
3007190,9,0.0,222.0,0,0,True
3007207,3,0.0,300.0,0,0,True
3007208,5,0.0,50.0,0,0,True
3007221,4,0.0,75.0,0,0,True
3007223,6,16.0,182.0,0,0,False
3007237,4,0.5,13.0,0,0,True
3007238,3,0.5,13.0,0,0,True
3007239,3,0.5,13.0,0,0,True
3007243,4,0.0,69.0,0,0,True
3007283,9,0.0,202.0,0,0,True
3007299,3,0.0,188.0,0,0,True
3007300,3,0.0,188.0,0,0,True
3007301,3,0.0,188.0,0,0,True
3007302,3,0.0,188.0,0,0,True
3007304,2,0.0,101.0,0,0,True
3007328,3,0.0,65.0,0,0,True
3007333,4,0.0,64.0,0,0,True
3007338,6,0.0,275.0,0,0,True
3007376,6,0.0,309.0,0,0,True
3007377,7,0.0,539.0,0,0,True
3007381,4,0.0,159.0,0,0,True
3007382,6,0.0,279.0,0,0,True
3007384,7,0.0,180.0,0,0,True
3007385,3,0.0,79.0,0,0,True
3007386,5,0.0,134.0,0,0,True
3007388,5,0.0,54.0,0,0,True
3007409,4,0.0,182.0,0,0,True
3007432,5,0.0,121.0,0,0,True
3007433,2,0.0,161.0,0,0,True
3007434,6,0.0,141.0,0,0,True
3007435,5,0.0,121.0,0,0,True
3007438,3,0.0,104.0,0,0,True
3007457,2,0.0,55.0,0,0,True
3007459,2,0.0,47.0,0,0,True
3007499,5,0.0,50.0,0,0,True
3007524,4,0.0,88.0,0,0,True
3007547,3,0.0,82.0,0,0,True
3007549,5,0.0,199.0,0,0,True
3007550,2,0.6,36.0,0,0,True
3007552,4,0.0,191.0,0,0,True
3007554,3,0.0,36.0,0,0,True
3007555,2,0.6,36.0,0,0,True
3007556,5,0.0,300.0,0,0,True
3007559,4,0.0,180.0,0,0,True
3007561,10,0.0,120.0,0,0,True
3007562,10,0.0,165.0,0,0,True
3007563,6,0.0,130.0,0,0,True
3007584,9,15.0,202.0,0,0,False
3007594,5,0.0,50.0,0,0,True
3007595,3,0.0,161.0,0,0,True
3007601,3,15.0,135.0,0,0,False
3007603,4,0.0,120.0,0,0,True
3007618,2,0.0,57.0,0,0,True
3007634,9,12.0,182.0,0,0,False
3007636,6,0.0,109.0,0,0,True
3007658,1,4.0,40.0,0,0,False
3007666,3,14.0,119.0,0,0,False
3007682,4,0.0,83.0,0,0,True
3007690,6,0.0,458.0,0,0,True
3007707,3,0.0,161.0,0,0,True
3007708,3,0.0,161.0,0,0,True
3007715,5,0.0,177.0,0,0,True
3007716,2,0.0,42.0,0,0,True
3007763,4,82.0,98.0,0,0,False
3007779,6,0.0,102.0,0,0,True
3007780,6,0.0,125.0,0,0,True
3007782,5,0.0,202.0,0,0,True
3007783,6,0.0,138.0,0,0,True
3007790,4,0.0,125.0,0,1,True
3007796,4,0.0,142.0,0,0,True
3007797,6,15.0,182.0,0,0,False
3007801,4,0.0,90.0,0,0,True
3007803,9,0.0,94.0,0,0,True
3007827,4,0.0,50.0,0,0,True
3007829,5,0.0,150.0,0,0,True
3007831,6,0.0,110.0,0,0,True
3007845,4,0.0,80.0,0,0,True
3007848,4,0.0,34.0,0,0,True
3007870,3,0.0,60.0,0,0,True
3007872,4,95.0,238.0,0,0,False
3007938,3,0.0,151.0,0,0,True
3007939,3,26.0,80.0,0,0,False
3007944,2,84.0,200.0,0,0,False
3007947,3,10.0,72.0,0,0,False
3007948,1,5.0,59.0,0,0,False
3007950,3,0.0,159.0,0,0,True
3007954,4,0.0,198.0,0,0,True
3007961,5,0.0,101.0,0,0,True
3007962,3,0.0,63.0,0,0,True
3007984,2,27.0,118.0,0,0,False
3007985,3,7.0,103.0,0,0,False
3007989,3,40.0,260.0,0,0,False
3007990,4,3.0,178.0,0,0,False
3007993,1,5.0,75.0,0,0,False
3008021,5,0.0,70.0,0,0,True
3008023,4,0.0,50.0,0,0,True
3008024,5,0.0,55.0,0,0,True
3008025,5,0.0,142.0,0,0,True
3008026,3,0.0,63.0,0,0,True
3008048,6,0.0,66.0,1,0,True
3008057,4,0.0,194.0,0,0,True
3008064,6,0.0,110.0,0,0,True
3008067,4,0.0,57.0,0,0,True
3008108,5,0.0,54.0,0,0,True
3008114,7,0.0,130.0,0,0,True
3008120,4,0.0,202.0,0,0,True
3008122,4,0.0,115.0,0,0,True
3008127,4,0.8,42.0,0,0,True
3008139,4,0.5,16.0,0,0,True
3008140,5,0.5,15.0,0,0,True
3008141,4,0.1,13.0,0,0,True
3008142,4,0.7,15.0,1,0,True
3008157,5,0.0,137.0,0,0,True
3008164,3,0.0,83.0,0,0,True
3008165,4,0.0,122.0,0,0,True
3008180,7,0.0,242.0,0,0,True
3008239,2,0.0,103.0,0,0,True
3008259,4,0.0,135.0,0,0,True
3008283,5,0.0,264.0,0,0,True
3008284,5,0.0,172.0,0,0,True
3008285,5,0.0,68.0,0,0,True
3008308,5,0.0,65.0,0,0,True
3008339,5,0.0,120.0,0,0,True
3008411,11,0.0,97.0,1,1,True
3008412,10,0.0,106.0,0,0,True
3008430,4,0.0,70.0,0,0,True
3008435,5,0.0,70.0,0,0,True
3008436,5,0.0,50.0,0,0,True
3008437,4,0.0,182.0,0,0,True
3008440,3,0.0,100.0,0,0,True
3008461,4,0.0,94.0,0,0,True
3008462,2,0.0,101.0,0,0,True
3008463,7,0.0,65.0,0,0,True
3008467,3,0.0,35.0,0,0,True
3008491,7,0.0,63.0,0,1,True
3008492,3,0.0,35.0,0,0,True
3008493,5,0.0,66.0,0,0,True
3008505,5,0.0,87.0,0,0,True
3008550,5,0.0,70.0,0,0,True
3008556,4,0.0,82.0,0,0,True
3008599,4,0.0,67.0,0,0,True
3008601,3,0.0,201.0,0,0,True
3008631,2,0.0,101.0,0,0,True
3008653,3,0.0,26.0,0,0,True
3008656,5,0.0,30.0,0,0,True
3008657,7,0.0,218.0,0,0,True
3008658,3,0.0,64.0,0,0,True
3008692,4,0.0,65.0,0,0,True
3008740,8,0.0,302.0,0,0,True
3008749,4,0.0,60.0,0,0,True
3008764,4,0.0,110.0,1,0,True
3008786,4,0.0,178.0,0,0,True
3008808,3,0.0,121.0,0,0,True
3008811,3,0.0,58.0,0,0,True
3008819,3,0.0,152.0,0,0,True
3008863,6,0.0,121.0,0,0,True
3008878,8,0.0,113.0,0,0,True
3008879,7,0.0,104.0,0,0,True
3008888,6,0.0,93.0,0,0,True
3008892,5,0.0,86.0,0,0,True
3008905,7,0.0,122.0,0,0,True
3008907,5,0.0,62.0,0,0,True
3008936,6,0.0,279.0,0,0,True
3008946,5,0.0,153.0,0,0,True
3008947,8,0.0,120.0,0,0,True
3008952,3,0.0,63.0,0,0,True
3008968,6,0.0,80.0,0,0,True
3008969,5,0.0,79.0,0,0,True
3008972,2,0.0,40.0,0,0,True
3008985,6,0.0,100.0,0,0,True
3008986,3,0.0,60.0,0,0,True
3008992,4,0.0,121.0,0,0,True
3008994,5,0.0,48.0,0,0,True
3008995,3,0.0,56.0,0,0,True
3008998,4,0.0,48.0,0,0,True
3008999,6,0.0,50.0,0,0,True
3009006,6,0.0,222.0,0,0,True
3009060,3,0.0,70.0,0,0,True
3009063,8,0.0,201.0,0,0,True
3009067,5,0.0,115.0,0,0,True
3009087,5,0.0,126.0,0,0,True
3009088,4,0.0,74.0,0,0,True
3009114,8,0.0,182.0,0,0,True
3009121,4,3.0,138.0,0,0,False
3009125,10,0.0,170.0,0,0,True
3009184,4,0.0,135.0,0,0,True
3009185,3,0.0,110.0,0,0,True
3009233,6,0.0,387.0,0,0,True
3009234,4,0.0,137.0,0,0,True
3009250,5,0.0,130.0,0,0,True
3009251,5,0.0,105.0,0,0,True
3009252,4,0.0,114.0,0,0,True
3009264,6,0.0,73.0,0,0,True
3009293,4,0.0,133.0,0,0,True
3009307,4,0.0,72.0,0,0,True
3009315,4,0.0,181.0,0,0,True
3009351,5,0.0,74.0,0,0,True
3009353,4,0.0,42.0,0,0,True
3009368,5,16.0,123.0,0,0,False
3009377,3,187.0,258.0,0,0,False
3009378,7,0.0,92.0,0,0,True
3009413,4,0.0,41.0,0,0,True
3009415,5,0.0,42.0,0,0,True
3009416,5,0.0,49.0,0,0,True
3009417,4,0.0,40.0,0,0,True
3009426,3,6.0,90.0,0,0,False
3009436,4,31.0,198.0,0,0,False
3009439,6,0.0,219.0,0,0,True
3009443,3,33.0,98.0,0,0,False
3009448,4,0.0,258.0,0,0,True
3009453,1,15.0,58.0,0,0,False
3009455,3,0.0,41.0,0,0,True
3009464,5,0.0,94.0,0,0,True
3009472,1,2.0,142.0,0,0,False
3009474,8,0.0,202.0,0,0,True
3009484,5,0.0,227.0,0,0,True
3009486,4,0.0,340.0,0,0,True
3009491,3,0.0,86.0,0,0,True
3009494,3,0.0,83.0,0,0,True
3009498,10,0.0,155.0,0,0,True
3009501,2,0.0,70.0,0,0,True
3009506,4,0.0,128.0,0,0,True
3009508,7,0.0,169.0,0,0,True
3009510,6,0.0,102.0,0,0,True
3009517,2,0.0,122.0,0,0,True
3009523,3,0.0,80.0,0,0,True
3009524,3,0.0,78.0,0,0,True
3009533,5,0.0,110.0,0,0,True
3009535,5,0.0,100.0,0,0,True
3009542,4,0.0,149.0,0,0,True
3009554,3,0.0,152.0,0,0,True
3009594,9,0.0,100.0,0,0,True
3009611,4,0.0,62.5,0,0,True
3009626,3,0.0,158.0,0,0,True
3009629,5,0.0,298.0,0,0,True
3009639,4,122.0,358.0,0,0,False
3009640,4,0.0,181.0,0,0,True
3009642,3,67.0,190.0,0,0,False
3009646,2,6.0,76.0,0,0,False
3009651,5,0.0,130.0,0,0,True
3009669,3,0.0,94.0,0,0,True
3009684,8,0.0,48.0,0,0,True
3009707,4,11.0,118.0,0,0,False
3009734,5,0.0,96.0,0,0,True
3009753,6,0.0,189.0,0,0,True
3009766,5,0.0,178.0,0,0,True
3009767,3,58.0,178.0,0,0,False
3009783,3,0.0,161.0,0,0,True
3009793,4,0.0,100.0,0,0,True
3009798,5,122.0,278.0,0,0,False
3009799,7,0.0,149.0,0,0,True
3009803,2,0.0,160.0,0,0,True
3009812,4,0.0,82.0,0,0,True
3009836,4,0.0,180.0,0,0,True
3009837,6,0.0,141.0,0,0,True
3009871,4,0.0,290.0,0,0,True
3009872,4,0.0,93.0,0,0,True
3009873,3,0.0,187.0,0,0,True
3009880,5,0.0,49.0,0,0,True
3009890,6,0.0,98.0,0,0,True
3009897,5,0.0,31.9,0,0,True
3009923,5,0.0,84.0,0,0,True
3009927,6,0.0,83.0,0,0,True
3009928,4,0.0,97.0,0,0,True
3009946,3,0.0,141.0,0,0,True
3009950,10,0.0,211.0,0,0,True
3009956,3,0.0,67.0,0,0,True
3009960,5,0.0,43.0,0,0,True
3009961,4,0.0,25.0,0,0,True
3009962,5,0.0,49.0,0,0,True
3009963,5,0.0,20.0,0,0,True
3009964,5,0.0,25.0,0,0,True
3009965,5,0.0,49.0,0,0,True
3009966,8,0.0,21.0,0,0,True
3009970,3,0.0,49.0,0,0,True
3009972,3,0.0,49.0,0,0,True
3009973,4,0.0,49.0,0,0,True
3009975,6,0.0,49.0,0,0,True
3009978,6,0.0,49.0,0,0,True
3009979,8,0.0,46.0,0,0,True
3009985,4,0.0,87.0,0,0,True
3010015,4,0.5,16.0,0,0,True
3010017,6,0.5,16.0,0,0,True
3010019,5,0.0,16.0,0,0,True
3010021,6,0.0,16.0,0,0,True
3010023,6,0.0,16.0,0,0,True
3010024,5,0.0,16.0,0,0,True
3010025,6,0.0,15.0,0,0,True
3010026,5,0.0,15.0,0,0,True
3010043,4,0.0,87.0,0,0,True
3010044,3,7.0,86.0,0,0,False
3010084,3,0.0,34.0,0,0,True
3010123,7,0.0,122.0,0,0,True
3010126,3,0.0,141.0,0,0,True
3010134,4,0.5,36.0,0,0,True
3010135,5,0.5,36.0,0,0,True
3010142,3,0.0,60.0,0,0,True
3010160,5,0.0,28.0,0,0,True
3010163,9,0.0,32.0,0,0,True
3010182,10,0.0,36.0,0,0,True
3010183,8,0.8,40.0,0,0,True
3010185,9,0.0,40.0,0,0,True
3010186,3,0.0,100.0,0,0,True
3010187,10,0.0,37.0,0,2,True
3010189,7,0.0,40.0,0,0,True
3010200,1,1.0,6.0,0,0,True
3010202,1,1.0,6.5,0,0,True
3010212,5,0.0,63.0,0,0,True
3010229,7,0.0,114.0,0,0,True
3010249,5,0.0,110.0,0,0,True
3010250,2,0.0,50.0,0,0,True
3010251,4,0.0,117.0,0,0,True
3010252,4,0.0,86.0,0,0,True
3010259,4,0.0,95.0,0,0,True
3010283,5,0.0,94.0,0,0,True
3010284,8,0.0,144.0,0,0,True
3010292,3,0.0,63.0,0,0,True
3010314,3,0.0,108.0,0,0,True
3010328,9,0.0,282.0,0,0,True
3010333,5,0.5,12.0,0,0,True
3010334,3,0.5,12.0,0,0,True
3010335,4,1.0,14.0,0,0,True
3010336,7,0.0,14.0,0,0,True
3010337,4,1.0,14.0,0,0,True
3010338,2,0.5,14.0,0,0,True
3010339,4,0.5,15.5,0,0,True
3010341,5,0.0,15.0,0,0,True
3010348,2,0.0,59.0,0,0,True
3010349,3,6.0,58.0,0,0,False
3010355,5,0.0,100.0,0,0,True
3010357,4,0.0,141.0,0,0,True
3010368,8,0.0,51.0,0,0,True
3010370,7,11.0,82.0,0,0,False
3010436,5,0.0,134.0,0,0,True
3010458,4,0.0,122.0,0,0,True
3010461,3,0.0,108.0,0,0,True
3010463,4,0.0,66.0,0,0,True
3010484,5,0.0,100.0,0,0,True
3010496,6,0.0,130.0,0,0,True
3010505,6,0.0,80.0,0,0,True
3010533,4,0.0,202.0,0,0,True
3010551,3,0.0,102.0,0,0,True
3010586,5,0.0,179.0,0,0,True
3010603,9,0.0,220.0,0,0,True
3010606,8,0.0,182.0,0,0,True
3010619,5,0.0,110.0,0,0,True
3010624,5,0.0,65.0,0,0,True
3010635,7,11.0,142.0,0,0,False
3010723,8,0.0,240.0,0,0,True
3010749,5,0.0,66.0,0,0,True
3010751,4,0.0,55.0,0,0,True
3010765,7,0.0,222.0,0,0,True
3010793,4,0.0,70.0,0,0,True
3010805,5,0.0,350.0,0,0,True
3010807,4,0.0,132.0,0,0,True
3010818,11,0.0,290.0,0,0,True
3010820,3,0.5,45.0,0,0,True
3010823,3,0.5,45.0,0,0,True
3010827,6,0.5,45.0,0,0,True
3010828,3,0.0,36.0,0,0,True
3010841,9,0.0,150.0,0,0,True
3010873,5,0.0,187.0,0,0,True
3010882,5,11.0,119.0,0,0,False
3010887,4,0.0,39.0,0,0,True
3010888,5,0.0,100.0,0,0,True
3010889,4,0.0,161.0,0,0,True
3010890,4,0.0,161.0,0,0,True
3010891,5,0.0,60.0,0,0,True
3010893,4,0.0,141.0,0,0,True
3010895,4,0.0,141.0,0,0,True
3010896,7,0.0,141.0,0,0,True
3010901,3,0.0,240.0,0,0,True
3010932,4,0.0,103.0,0,0,True
3010945,3,0.0,96.0,0,0,True
3010950,4,0.0,161.0,0,0,True
3010953,6,0.0,141.0,0,0,True
3010954,10,0.0,193.0,0,0,True
3010955,5,0.0,142.0,0,0,True
3010956,6,0.0,141.0,1,0,True
3010983,5,0.0,103.0,0,0,True
3011018,5,0.0,180.0,0,0,True
3011029,8,0.0,119.0,0,0,True
3011042,3,6.0,114.0,0,0,False
3011055,5,0.0,122.0,0,0,True
3011074,3,0.0,35.0,0,0,True
3011076,2,0.0,32.0,0,0,True
3011077,2,0.0,62.0,0,0,True
3011079,2,0.0,35.0,0,0,True
3011081,2,0.0,33.5,0,0,True
3011082,4,0.0,88.3,0,0,True
3011086,3,0.0,121.0,0,0,True
3011090,6,0.0,25.0,0,0,True
3011092,7,0.0,24.0,0,0,True
3011093,6,0.0,21.0,0,0,True
3011098,9,0.0,100.0,0,0,True
3011101,4,0.0,167.0,0,0,True
3011124,2,0.0,27.3,0,0,True
3011148,5,0.0,100.0,0,0,True
3011149,8,0.0,152.0,0,0,True
3011195,5,181.0,412.0,0,0,False
3011274,3,0.0,141.0,0,0,True
3011280,5,0.0,181.0,0,0,True
3011294,3,0.0,42.0,0,0,True
3011349,9,0.0,302.0,0,0,True
3011358,4,0.0,12.0,0,0,True
3011361,4,0.0,12.0,0,0,True
3011377,1,7.0,51.0,0,0,False
3011378,4,3.0,71.0,0,0,False
3011399,3,0.0,60.0,0,0,True
3011401,3,0.0,60.0,0,0,True
3011403,6,0.0,48.0,0,0,True
3011404,3,0.0,60.0,0,0,True
3011405,5,0.0,107.0,0,0,True
3011457,4,0.0,56.0,0,0,True
3011466,9,0.0,150.0,0,0,True
3011481,3,12.0,142.0,0,0,False
3011482,6,0.0,182.0,0,0,True
3011502,3,0.0,70.0,0,0,True
3011571,4,0.0,156.0,0,0,True
3011584,6,0.0,295.0,0,0,True
3011600,3,0.0,39.0,0,0,True
3011634,3,0.0,121.0,0,0,True
3011635,3,0.0,70.0,0,0,True
3011646,3,0.0,71.0,0,0,True
3011686,9,0.0,254.0,0,0,True
3011698,3,0.0,160.0,0,0,True
3011714,8,0.0,150.0,0,0,True
3011794,1,4.0,50.0,0,0,False
3011795,3,27.0,179.0,0,0,False
3011798,3,0.0,178.0,0,0,True
3011799,2,14.0,78.0,0,0,False
3011800,3,49.0,138.0,0,0,False
3011801,5,3.0,166.0,0,0,False
3011802,3,39.0,195.0,0,0,False
3011803,1,13.0,174.0,0,0,False
3011804,5,32.0,300.0,0,0,False
3011806,3,0.0,158.0,0,0,True
3011810,1,0.0,101.0,0,0,True
3011811,5,0.0,141.0,0,0,True
3011813,3,0.0,101.0,0,0,True
3011814,3,0.0,79.0,0,0,True
3011819,6,0.0,164.0,0,0,True
3011828,6,12.0,222.0,0,0,False
3011829,4,39.0,182.0,0,0,False
3011857,8,0.0,162.0,0,0,True
3011886,8,0.5,45.0,0,0,True
3011888,9,0.0,28.0,0,0,True
3011889,8,0.0,45.0,1,0,True
3011890,5,0.0,16.0,0,0,True
3011891,6,0.0,45.0,0,0,True
3011901,5,0.0,270.0,0,0,True
3011908,4,0.0,49.7,0,0,True
3011909,4,0.3,53.5,0,0,True
3011910,5,0.0,49.6,0,0,True
3011921,6,17.0,100.0,0,0,False
3011927,10,0.0,124.0,0,0,True
3011929,3,0.0,80.0,0,0,True
3011931,12,0.0,105.0,0,0,True
3011952,4,9.0,82.0,0,0,False
3011969,11,0.0,73.5,0,1,True
3011970,3,0.0,43.0,0,0,True
3011971,3,0.0,102.0,0,0,True
3011973,10,0.0,120.0,0,1,True
3011981,9,7.0,162.0,0,0,False
3012004,3,0.0,158.0,0,0,True
3012007,3,0.0,126.0,0,0,True
3012025,3,0.0,110.0,0,0,True
3012045,7,0.0,93.0,0,0,True
3012058,4,0.0,60.0,0,0,True
3012060,2,0.0,50.0,0,0,True
3012063,5,0.0,100.0,0,0,True
3012073,4,0.0,116.0,0,0,True
3012132,8,0.0,182.0,0,0,True
3012157,5,0.0,30.0,0,0,True
3012159,5,0.0,24.0,0,0,True
3012160,3,0.0,86.0,0,0,True
3012161,4,0.0,70.0,0,0,True
3012163,4,0.0,14.0,1,0,True
3012165,5,0.0,16.0,0,0,True
3012167,4,0.0,30.0,0,0,True
3012168,4,0.0,28.0,0,0,True
3012169,5,0.0,28.0,0,0,True
3012170,4,0.0,51.0,0,0,True
3012173,9,0.0,44.0,0,0,True
3012177,4,0.0,44.0,0,0,True
3012178,5,0.0,36.0,0,0,True
3012204,8,4.0,162.0,0,0,False
3012206,7,7.0,162.0,0,1,False
3012240,7,0.0,30.0,0,0,True
3012257,5,0.0,182.0,0,0,True
3012258,5,8.0,182.0,0,0,False
3012292,3,0.0,85.0,0,0,True
3012308,2,0.0,133.0,0,0,True
3012313,4,0.5,43.4,0,0,True
3012322,10,0.5,43.7,0,0,True
3012324,3,0.0,71.0,0,0,True
3012334,10,0.5,43.1,0,0,True
3012394,10,0.0,85.5,0,0,True
3012416,2,13.0,66.0,0,0,False
3012420,3,0.0,70.0,0,0,True
3012469,3,0.0,56.0,0,0,True
3012533,6,0.0,80.0,0,0,True
3012543,5,0.0,210.0,0,0,True
3012544,10,0.0,145.0,0,0,True
3012554,2,0.5,18.0,0,0,True
3012556,2,0.5,50.0,0,0,True
3012564,4,0.0,137.0,0,0,True
3012590,5,0.0,60.0,0,0,True
3012603,3,0.0,115.0,0,0,True
3012614,4,0.0,89.0,0,0,True
3012617,6,0.0,147.0,0,0,True
3012619,4,0.0,79.0,0,0,True
3012621,9,0.0,121.0,0,0,True
3012622,7,0.0,100.0,0,0,True
3012623,2,0.0,119.0,0,0,True
3012662,6,0.0,210.0,0,0,True
3012674,2,0.5,13.0,0,0,True
3012675,2,0.5,13.0,0,0,True
3012680,6,0.0,54.0,0,0,True
3012695,5,0.0,250.0,0,0,True
3012696,3,1.0,12.0,0,0,True
3012697,3,0.0,20.0,0,0,True
3012698,2,0.0,12.0,0,0,True
3012699,2,0.0,50.0,0,0,True
3012721,5,0.0,77.0,0,0,True
3012751,3,0.0,15.0,0,0,True
3012752,3,0.0,100.0,0,0,True
3012754,4,4.0,16.0,0,0,False
3012756,3,4.0,16.0,0,0,False
3012757,2,4.0,18.0,0,0,False
3012763,5,0.0,28.5,0,0,True
3012764,1,0.0,22.0,0,0,True
3012765,3,0.0,13.0,0,0,True
3012766,4,0.0,67.5,0,0,True
3012767,4,0.0,76.0,0,0,True
3012768,3,0.0,150.0,0,0,True
3012769,3,0.0,100.0,0,0,True
3012785,3,0.0,120.0,0,0,True
3012813,3,0.0,60.0,0,0,True
3012815,4,0.0,195.0,0,0,True
3012823,3,0.0,60.0,0,0,True
3012827,4,0.0,180.0,0,0,True
3012832,3,0.0,75.0,0,0,True
3012848,8,0.0,59.0,0,0,True
3012861,5,1.0,24.0,0,0,True
3012865,6,1.0,34.0,0,0,True
3012866,4,1.0,25.0,0,0,True
3012867,6,1.0,21.0,0,0,True
3012868,6,1.0,33.0,0,0,True
3012869,3,2.0,33.0,0,0,False
3012870,4,0.0,33.0,0,0,True
3012940,3,0.0,55.0,0,0,True
3012942,3,5.0,64.0,0,0,False
3012949,7,0.0,96.0,0,0,True
3012957,3,0.0,121.0,0,0,True
3012975,4,0.0,59.0,0,0,True
3012985,5,0.0,190.0,0,0,True
3012998,3,0.5,50.0,0,0,True
3012999,3,0.5,50.0,0,0,True
3013000,3,0.5,50.0,0,0,True
3013002,3,0.5,50.0,0,0,True
3013003,3,0.5,50.0,0,0,True
3013004,3,0.5,50.0,0,0,True
3013005,3,0.5,50.0,0,0,True
3013006,8,0.0,260.0,0,0,True
3013007,5,0.0,117.0,0,0,True
3013025,6,0.0,60.0,0,0,True
3013038,5,0.0,105.0,0,0,True
3013053,6,0.0,122.0,0,0,True
3013079,4,0.0,180.0,0,0,True
3013080,3,0.0,78.0,0,0,True
3013098,4,0.0,39.0,0,0,True
3013100,4,0.0,131.0,0,0,True
3013103,6,0.0,199.0,0,0,True
3013118,2,35.0,82.0,0,0,False
3013120,3,15.0,97.0,0,0,False
3013121,4,6.0,38.0,0,0,False
3013123,5,16.0,129.0,0,0,False
3013125,2,14.0,118.0,0,0,False
3013126,1,18.0,98.0,0,0,False
3013127,3,31.0,88.0,0,0,False
3013129,5,7.0,117.0,0,0,False
3013130,4,6.0,112.0,0,0,False
3013131,1,3.0,42.0,0,0,False
3013132,2,15.0,93.0,0,0,False
3013135,5,0.0,160.0,0,0,True
3013137,3,0.0,138.0,0,0,True
3013138,4,0.0,117.0,0,0,True
3013139,4,0.0,63.0,0,0,True
3013140,6,0.0,82.0,0,0,True
3013141,2,0.0,70.0,0,0,True
3013163,4,0.0,178.0,0,0,True
3013186,3,0.0,110.0,0,0,True
3013191,8,0.0,165.0,0,0,True
3013193,3,0.0,50.0,0,0,True
3013195,9,0.0,114.0,0,0,True
3013198,7,0.5,30.0,0,0,True
3013199,2,0.0,162.0,0,0,True
3013200,12,0.0,84.0,0,0,True
3013211,12,0.0,84.0,0,0,True
3013212,6,0.0,80.0,0,0,True
3013215,12,0.0,84.0,0,0,True
3013217,12,0.0,80.0,0,0,True
3013218,12,0.0,80.0,0,0,True
3013222,12,0.0,80.0,0,0,True
3013229,21,0.0,105.0,0,2,True
3013231,21,0.0,105.0,0,2,True
3013232,21,0.0,105.0,0,2,True
3013248,4,30.0,158.0,0,0,False
3013256,3,46.0,185.0,0,0,False
3013258,3,28.0,90.0,0,0,False
3013259,2,16.0,75.0,0,0,False
3013264,1,8.0,48.0,0,0,False
3013266,4,7.0,258.0,0,0,False
3013308,5,0.0,50.0,0,0,True
3013370,4,0.0,161.0,0,0,True
3013378,3,0.0,50.0,0,0,True
3013381,6,0.0,95.0,0,0,True
3013382,4,0.0,44.0,0,0,True
3013464,4,0.0,30.0,0,0,True
3013466,11,0.0,50.0,0,0,True
3013469,11,0.0,50.0,0,0,True
3013470,3,0.0,40.0,0,0,True
3013471,3,0.0,40.0,0,0,True
3013472,6,0.0,45.0,0,0,True
3013473,6,0.0,45.0,0,0,True
3013474,3,0.0,45.0,0,0,True
3013475,3,0.0,45.0,0,0,True
3013476,6,0.0,40.0,0,0,True
3013478,6,0.0,40.0,0,0,True
3013480,6,0.0,45.0,0,0,True
3013489,6,0.0,45.0,0,0,True
3013490,3,0.0,97.0,0,0,True
3013497,6,8.0,175.0,0,0,False
3013504,4,0.0,20.0,0,1,True
3013506,10,0.0,43.0,0,8,True
3013508,7,0.0,34.0,0,3,True
3013523,6,12.0,182.0,0,0,False
3013535,4,0.0,174.0,0,0,True
3013537,2,0.0,75.0,0,0,True
3013539,3,0.0,103.0,0,0,True
3013540,2,0.0,74.0,0,0,True
3013566,4,0.0,13.0,0,0,True
3013574,2,0.0,43.0,0,0,True
3013576,2,0.0,32.0,0,0,True
3013577,2,0.0,45.0,0,0,True
3013613,2,11.0,202.0,0,0,False
3013614,9,0.0,222.0,0,0,True
3013630,3,0.0,78.0,0,0,True
3013647,3,0.0,101.0,0,0,True
3013649,4,0.0,112.0,0,0,True
3013687,3,0.0,44.0,0,0,True
3013688,5,0.0,147.0,0,0,True
3013689,5,0.5,29.0,0,0,True
3013707,3,0.0,181.0,0,0,True
3013731,6,0.0,219.0,0,0,True
3013732,5,0.0,124.0,0,0,True
3013733,6,0.0,191.0,0,0,True
3013745,6,0.0,68.0,0,0,True
3013776,6,0.0,28.0,0,0,True
3013788,11,0.0,145.0,0,0,True
3013809,5,0.0,83.0,0,0,True
3013834,1,3.0,32.0,0,0,False
3013837,1,7.0,35.0,0,0,False
3013838,1,6.0,42.0,0,0,False
3013839,1,1.0,54.0,0,0,True
3013840,1,4.0,30.0,0,0,False
3013842,3,0.0,78.0,0,0,True
3013848,2,0.0,64.0,0,0,True
3013852,5,0.0,100.0,0,0,True
3013860,5,0.0,146.0,0,0,True
3013882,6,0.0,124.0,0,0,True
3013887,4,0.0,164.0,0,0,True
3013908,2,0.0,71.0,0,0,True
3013956,5,0.0,95.0,0,0,True
3013962,8,4.0,182.0,0,0,False
3013963,10,0.0,160.0,2,1,True
3013975,3,0.0,77.0,0,0,True
3013997,6,10.0,201.0,0,0,False
3014029,3,0.0,60.0,0,0,True
3014034,3,0.0,121.0,0,0,True
3014039,7,0.0,162.0,0,0,True
3014062,5,0.5,30.0,0,0,True
3014063,5,0.5,28.0,0,0,True
3014065,5,0.0,38.0,0,0,True
3014077,7,0.0,121.0,0,0,True
3014090,6,0.0,50.0,0,0,True
3014093,4,0.0,45.0,0,0,True
3014095,5,0.0,80.0,0,0,True
3014105,6,0.0,115.0,0,0,True
3014135,5,0.0,100.0,0,0,True
3014136,3,0.0,44.0,0,0,True
3014143,4,0.0,662.0,0,0,True
3014152,4,0.0,100.0,0,0,True
3014171,4,0.0,44.0,0,0,True
3014173,3,0.0,56.0,0,0,True
3014174,6,0.0,98.0,0,0,True
3014175,3,0.0,53.0,0,0,True
3014180,4,0.0,100.0,0,0,True
3014187,6,0.0,121.0,0,0,True
3014215,6,0.0,184.0,0,0,True
3014221,3,0.0,60.0,0,0,True
3014247,5,0.0,119.0,0,0,True
3014263,4,0.0,71.0,0,0,True
3014275,3,13.0,118.0,0,0,False
3014292,3,0.0,35.0,0,0,True
3014295,5,0.0,130.0,0,0,True
3014318,5,0.0,104.0,0,0,True
3014338,4,0.0,132.0,0,0,True
3014339,9,28.0,208.0,0,1,False
3014382,6,0.0,70.0,0,0,True
3014385,2,0.0,101.0,0,0,True
3014386,2,0.0,101.0,0,0,True
3014387,3,0.0,90.0,0,0,True
3014390,3,0.0,55.0,0,0,True
3014391,3,0.0,50.0,0,0,True
3014395,3,0.0,55.0,0,0,True
3014397,3,0.0,90.0,0,0,True
3014410,5,0.0,380.0,0,0,True
3014412,2,0.0,55.0,0,0,True
3014418,4,0.0,182.0,0,0,True
3014419,2,12.0,141.0,0,0,False
3014429,2,0.0,120.0,0,0,True
3014444,5,0.0,130.0,0,0,True
3014460,3,0.0,82.0,0,0,True
3014461,4,0.0,102.0,0,0,True
3014479,12,0.0,180.0,0,0,True
3014480,3,3.0,41.0,0,0,False
3014481,1,6.0,39.0,0,0,False
3014482,2,26.0,108.0,0,0,False
3014484,1,6.0,44.0,0,0,False
3014486,1,8.0,46.0,0,0,False
3014487,12,0.0,203.0,0,0,True
3014488,1,4.0,40.0,0,0,False
3014489,3,0.0,75.0,0,0,True
3014490,8,0.0,180.0,0,0,True
3014492,3,0.0,92.0,0,0,True
3014495,5,73.0,238.0,0,0,False
3014502,5,0.0,72.0,0,0,True
3014509,8,0.0,127.0,0,0,True
3014515,1,35.0,100.0,0,0,False
3014519,2,0.0,91.0,0,0,True
3014520,8,0.0,180.0,0,0,True
3014528,1,7.0,45.0,0,0,False
3014529,1,9.0,44.0,0,0,False
3014530,1,3.0,40.0,0,0,False
3014531,1,2.0,43.0,0,0,False
3014532,1,6.0,43.0,0,0,False
3014533,2,13.0,87.0,0,0,False
3014538,3,0.0,101.0,0,0,True
3014605,2,0.0,97.0,0,0,True
3014612,5,0.0,100.0,0,0,True
3014616,3,0.0,55.0,0,0,True
3014617,6,0.0,116.0,0,0,True
3014618,2,0.0,127.0,1,0,True
3014620,5,0.0,179.0,0,0,True
3014623,5,0.0,148.0,0,0,True
3014631,2,0.0,30.0,0,0,True
3014632,6,0.0,202.0,0,0,True
3014658,4,0.0,231.0,0,0,True
3014659,6,0.0,65.0,0,0,True
3014660,6,0.0,199.0,0,0,True
3014684,3,0.0,101.0,0,0,True
3014692,7,0.0,90.0,0,0,True
3014700,1,0.0,26.0,0,0,True
3014702,5,3.0,238.0,0,0,False
3014709,3,0.0,114.0,0,0,True
3014787,6,0.0,126.0,0,0,True
3014819,3,0.0,100.0,0,0,True
3014823,5,0.0,70.0,0,0,True
3014829,2,0.0,80.0,0,0,True
3014836,7,18.0,86.0,0,0,False
3014846,5,0.0,24.5,0,0,True
3014847,6,0.0,20.0,0,0,True
3014849,5,0.0,20.0,0,0,True
3014850,4,0.5,20.0,0,0,True
3014851,5,0.0,20.0,0,0,True
3014852,5,0.0,90.0,0,0,True
3014853,5,0.0,20.0,0,0,True
3014854,6,0.0,20.0,0,0,True
3014855,6,0.0,20.0,0,0,True
3014857,3,0.0,122.0,0,0,True
3014858,3,0.0,122.0,0,0,True
3014859,7,0.0,126.0,0,0,True
3014871,4,0.0,107.0,0,0,True
3014887,4,0.0,146.0,0,0,True
3014888,2,0.0,103.0,0,0,True
3014889,2,0.0,56.0,0,0,True
3014890,2,0.0,63.0,0,0,True
3014896,4,0.0,198.0,0,0,True
3014917,8,0.0,113.0,0,0,True
3014928,3,3.0,117.0,0,0,False
3014939,4,0.0,70.0,0,0,True
3014948,4,0.0,66.0,0,0,True
3014962,4,0.0,140.0,0,0,True
3014964,3,0.0,51.0,0,0,True
3015047,12,0.0,33.3,0,0,True
3015048,9,0.0,60.0,0,0,True
3015049,17,0.0,40.0,0,2,True
3015050,12,0.0,32.0,0,0,True
3015051,14,0.0,34.0,0,1,True
3015052,14,0.0,38.0,0,2,True
3015053,6,0.5,40.0,0,0,True
3015062,4,0.0,48.0,0,0,True
3015072,1,0.5,15.0,0,0,True
3015073,7,0.0,162.0,0,0,True
3015074,1,0.5,15.0,0,0,True
3015076,1,0.5,15.0,0,0,True
3015078,1,0.5,15.0,0,0,True
3015088,5,0.0,98.0,0,0,True
3015146,2,0.0,61.0,0,0,True
3015148,7,0.0,141.0,0,0,True
3015152,3,0.0,75.0,0,0,True
3015156,5,0.0,85.0,0,0,True
3015157,4,0.0,66.0,0,0,True
3015163,7,0.0,34.0,0,3,True
3015175,7,0.0,120.0,0,0,True
3015177,2,0.0,80.0,0,0,True
3015209,6,18.0,82.0,1,1,False
3015252,9,0.0,379.0,0,0,True
3015257,2,0.0,50.0,0,0,True
3015262,3,0.0,46.0,0,0,True
3015264,4,0.0,24.0,0,0,True
3015266,4,0.0,23.5,0,0,True
3015267,3,0.0,28.0,0,0,True
3015289,9,9.0,122.0,0,0,False
3015312,1,0.0,67.0,0,0,True
3015318,4,0.0,139.0,0,0,True
3015322,3,0.0,98.0,0,0,True
3015351,5,0.0,40.0,0,0,True
3015352,5,0.0,47.0,0,0,True
3015355,9,0.0,182.0,0,0,True
3015366,4,0.0,50.0,0,0,True
3015368,3,0.0,39.0,0,0,True
3015379,2,0.0,47.0,0,0,True
3015416,1,34.0,117.0,0,0,False
3015420,6,0.0,59.0,0,0,True
3015427,3,0.0,60.0,0,0,True
3015467,3,0.0,94.0,0,0,True
3015468,7,0.0,182.0,0,0,True
3015470,11,0.0,302.0,0,1,True
3015476,1,4.0,60.0,0,0,False
3015480,3,44.0,157.0,0,0,False
3015481,5,11.0,192.0,0,0,False
3015519,9,0.0,61.0,0,0,True
3015570,5,0.0,37.0,0,0,True
3015572,4,0.0,34.0,0,0,True
3015574,6,0.0,34.0,0,0,True
3015579,7,0.0,48.0,0,0,True
3015580,7,0.0,36.0,0,0,True
3015583,6,0.0,42.0,0,0,True
3015586,5,0.0,39.0,0,0,True
3015587,4,0.0,39.0,0,0,True
3015588,4,0.0,38.0,0,0,True
3015590,3,0.0,32.0,0,0,True
3015591,6,0.0,39.0,0,0,True
3015593,6,0.0,39.0,0,0,True
3015595,6,0.0,39.0,0,0,True
3015597,4,0.0,39.0,0,0,True
3015599,5,0.0,39.0,0,0,True
3015601,5,0.0,40.0,0,0,True
3015630,5,0.0,350.0,0,0,True
3015633,6,0.0,178.0,0,0,True
3015634,5,0.0,152.0,0,0,True
3015636,7,0.0,121.0,0,0,True
3015676,4,0.0,161.0,0,0,True
3015678,6,0.0,141.0,0,0,True
3015687,7,0.0,141.0,0,0,True
3015696,5,0.0,95.0,0,0,True
3015702,3,0.0,66.0,0,0,True
3015706,3,0.0,60.0,0,0,True
3015707,5,0.0,100.0,0,0,True
3015708,6,0.6,19.0,0,0,True
3015709,5,0.6,20.0,0,0,True
3015710,5,0.6,30.0,0,0,True
3015713,5,0.0,100.0,0,0,True
3015719,3,0.0,125.0,0,0,True
3015746,4,14.0,202.0,0,0,False
3015758,5,0.0,50.0,0,0,True
3015769,4,0.0,60.0,0,0,True
3015776,4,0.0,55.0,0,0,True
3015799,2,0.0,45.0,0,0,True
3015834,4,0.0,110.0,0,0,True
3015835,3,0.0,90.0,0,0,True
3015856,4,0.0,68.0,0,0,True
3015866,10,0.0,82.0,0,0,True
3015890,9,0.0,142.0,0,0,True
3015893,5,0.0,85.0,0,0,True
3015916,5,0.0,342.0,0,0,True
3015929,10,0.0,113.0,0,0,True
3015935,4,0.0,81.0,0,0,True
3015940,2,0.0,32.0,0,0,True
3015943,4,0.0,202.0,0,0,True
3015958,1,11.0,50.0,0,0,False
3015962,1,17.0,106.0,0,0,False
3015966,4,3.0,218.0,0,0,False
3015971,3,0.0,55.0,0,0,True
3015976,3,0.0,55.0,0,0,True
3015985,10,0.0,61.0,0,0,True
3016028,4,0.0,86.0,0,0,True
3016029,5,0.0,139.0,0,0,True
3016031,8,0.0,82.0,0,0,True
3016032,5,0.0,141.0,0,0,True
3016034,5,0.0,66.0,0,0,True
3016063,5,0.0,90.0,0,0,True
3016079,1,0.0,80.0,0,0,True
3016087,3,0.0,45.0,0,0,True
3016108,3,0.0,146.0,0,0,True
3016110,3,0.0,86.0,0,0,True
3016112,3,29.0,98.0,0,0,False
3016134,6,0.0,40.0,0,0,True
3016135,5,0.0,40.0,0,0,True
3016192,3,0.0,160.0,0,0,True
3016207,3,0.0,90.0,0,0,True
3016210,3,0.0,141.0,0,0,True
3016212,6,0.0,201.0,0,0,True
3016235,8,0.5,44.0,0,1,True
3016236,7,0.5,44.0,0,0,True
3016237,9,0.5,36.5,0,0,True
3016239,10,0.5,42.0,0,1,True
3016240,7,0.5,44.0,0,0,True
3016242,5,0.0,44.0,0,0,True
3016245,5,0.5,40.0,0,0,True
3016246,7,0.0,40.0,0,0,True
3016257,2,0.0,53.0,0,0,True
3016258,6,0.0,69.0,0,0,True
3016260,5,0.0,65.0,0,0,True
3016261,6,0.0,177.0,0,0,True
3016263,8,0.0,76.0,0,0,True
3016268,3,6.0,84.0,0,0,False
3016273,4,0.0,178.0,0,0,True
3016274,2,0.0,178.0,0,0,True
3016284,7,0.0,16.0,0,0,True
3016321,3,0.0,98.0,0,0,True
3016348,15,0.0,75.0,0,2,True
3016353,14,0.0,95.0,0,2,True
3016355,12,0.0,75.0,0,2,True
3016370,2,0.0,121.0,0,0,True
3016376,10,0.0,74.0,0,0,True
3016387,3,0.0,50.0,0,0,True
3016389,5,0.0,161.0,0,0,True
3016398,5,0.0,202.0,0,0,True
3016448,10,0.0,111.0,0,0,True
3016463,6,0.0,155.0,0,0,True
3016480,2,0.0,120.0,0,0,True
3016486,3,0.0,146.0,0,0,True
3016495,5,0.0,110.0,0,0,True
3016496,5,0.0,107.0,0,0,True
3016498,4,0.0,50.0,0,0,True
3016499,6,0.0,157.0,0,0,True
3016500,6,0.0,62.0,0,0,True
3016502,6,0.0,33.0,0,0,True
3016503,4,0.0,33.0,0,0,True
3016514,5,0.0,175.0,0,0,True
3016516,5,0.0,15.0,0,0,True
3016517,3,0.0,17.0,1,0,True
3016519,5,0.5,20.0,0,2,True
3016520,7,0.0,20.0,0,1,True
3016523,3,0.5,12.0,0,0,True
3016525,2,0.5,14.0,0,0,True
3016534,6,0.0,60.0,0,0,True
3016535,4,0.0,30.0,0,0,True
3016576,3,0.0,15.0,0,0,True
3016577,3,0.0,15.0,0,0,True
3016578,3,0.0,15.5,0,0,True
3016579,3,0.0,15.0,0,0,True
3016598,3,0.0,66.0,0,0,True
3016604,9,4.0,160.0,0,0,False
3016680,10,0.0,102.0,0,0,True
3016688,3,11.0,122.0,0,0,False
3016712,3,0.0,161.0,0,0,True
3016713,5,0.0,150.0,0,0,True
3016719,5,0.0,190.0,0,0,True
3016741,1,0.0,29.5,0,0,True
3016743,1,0.0,86.0,0,0,True
3016744,1,0.0,33.0,0,0,True
3016745,1,0.0,78.5,0,0,True
3016746,1,0.0,87.5,0,0,True
3016754,11,0.0,52.0,0,1,True
3016756,11,0.0,39.0,0,2,True
3016758,12,0.0,37.0,0,0,True
3016759,9,0.0,40.0,0,0,True
3016760,8,0.0,20.0,0,1,True
3016762,5,0.0,16.0,0,2,True
3016793,1,0.0,37.0,0,0,True
3016794,1,0.0,36.0,0,0,True
3016796,1,0.0,56.0,0,0,True
3016799,1,0.0,36.0,0,0,True
3016800,1,0.0,56.0,0,0,True
3016801,1,0.0,37.5,0,0,True
3016811,1,0.0,57.5,0,0,True
3016813,1,0.0,87.5,0,0,True
3016816,1,0.0,67.5,0,0,True
3016817,1,0.0,37.5,0,0,True
3016819,1,0.0,78.5,0,0,True
3016821,1,0.0,35.0,0,0,True
3016823,1,0.0,55.0,0,0,True
3016824,1,0.0,80.0,0,0,True
3016825,1,0.0,35.0,0,0,True
3016827,3,0.0,48.0,0,0,True
3016830,1,0.0,55.0,0,0,True
3016831,1,0.0,85.0,0,0,True
3016833,1,0.0,25.0,0,0,True
3016834,1,0.0,45.0,0,0,True
3016835,1,0.0,80.0,0,0,True
3016836,1,0.0,27.5,0,0,True
3016837,1,0.0,57.5,0,0,True
3016839,1,0.0,30.0,0,0,True
3016840,1,0.0,89.0,0,0,True
3016841,1,0.0,27.0,0,0,True
3016842,1,0.0,56.0,0,0,True
3016843,1,0.0,25.0,0,0,True
3016844,1,0.0,70.0,0,0,True
3016845,1,0.0,30.0,0,0,True
3016846,1,0.0,92.0,0,0,True
3016860,3,0.0,70.0,0,0,True
3016861,5,0.0,162.0,0,0,True
3016864,1,0.0,86.0,0,0,True
3016865,1,0.0,86.0,0,0,True
3016866,1,0.0,66.0,0,0,True
3016867,1,0.0,21.0,0,0,True
3016869,1,0.0,66.0,0,0,True
3016870,5,0.0,40.0,0,0,True
3016871,1,0.0,86.0,0,0,True
3016872,1,0.0,36.0,0,0,True
3016874,1,0.0,66.0,0,0,True
3016876,10,0.5,39.0,0,1,True
3016877,1,0.0,96.0,0,0,True
3016878,1,0.0,35.0,0,0,True
3016879,8,0.0,41.5,0,0,True
3016880,1,0.0,56.0,0,0,True
3016881,7,0.0,48.0,0,0,True
3016882,1,0.0,96.0,0,0,True
3016883,6,0.0,39.5,0,0,True
3016886,1,0.0,56.0,0,0,True
3016887,1,0.0,27.5,0,0,True
3016888,1,0.0,67.5,0,0,True
3016889,1,0.0,97.5,0,0,True
3016890,1,0.0,36.0,0,0,True
3016891,1,0.0,56.0,0,0,True
3016892,1,0.0,35.0,0,0,True
3016895,1,0.0,36.0,0,0,True
3016896,1,0.0,36.0,0,0,True
3016897,1,0.0,36.0,0,0,True
3016898,1,0.0,66.0,0,0,True
3016900,1,0.0,35.0,0,0,True
3016901,1,0.0,38.0,0,0,True
3016902,1,0.0,34.0,0,0,True
3016904,1,0.0,56.0,0,0,True
3016908,1,0.0,67.0,0,0,True
3016909,1,0.0,29.0,0,0,True
3016911,1,0.0,26.0,0,0,True
3016912,1,0.0,66.0,0,0,True
3016914,1,0.0,27.0,0,0,True
3016916,5,0.5,25.0,0,0,True
3016920,5,0.5,28.0,0,0,True
3016921,1,0.0,67.0,0,0,True
3016923,1,0.0,37.0,0,0,True
3016924,5,0.0,138.0,0,0,True
3016926,1,0.0,67.5,0,0,True
3016928,1,0.0,36.0,0,0,True
3016929,1,0.0,30.0,0,0,True
3016930,1,0.0,87.0,0,0,True
3016931,1,0.0,97.5,0,0,True
3016932,1,0.0,28.5,0,0,True
3016933,1,0.0,67.0,0,0,True
3016934,1,0.0,37.0,0,0,True
3016935,1,0.0,67.0,0,0,True
3016936,1,0.0,30.0,0,0,True
3016937,1,0.0,30.0,0,0,True
3016939,1,0.0,24.0,0,0,True
3016940,1,0.0,31.0,0,0,True
3016942,1,0.0,35.0,0,0,True
3016943,1,0.0,26.0,0,0,True
3016944,1,0.0,46.0,0,0,True
3016947,1,0.0,26.0,0,0,True
3016948,1,0.0,39.0,0,0,True
3016949,3,0.0,98.0,0,0,True
3016950,1,0.0,37.5,0,0,True
3016951,1,0.0,26.0,0,0,True
3016952,6,0.0,120.0,0,0,True
3016953,1,0.0,28.0,0,0,True
3016954,5,0.0,120.0,0,0,True
3016955,1,0.0,26.0,0,0,True
3016956,1,0.0,35.0,0,0,True
3016972,6,0.0,64.0,0,0,True
3016990,5,0.0,63.0,0,0,True
3017006,6,0.0,98.0,0,0,True
3017026,6,0.0,122.0,0,0,True
3017039,4,0.0,43.0,0,0,True
3017043,3,0.0,270.0,0,0,True
3017048,2,0.0,82.0,0,0,True
3017049,3,0.0,83.0,0,0,True
3017053,11,0.0,170.0,0,1,True
3017065,3,0.0,80.0,0,0,True
3017066,3,0.0,43.0,0,0,True
3017068,3,0.0,110.0,0,0,True
3017105,5,0.0,162.0,0,0,True
3017106,5,0.0,60.0,0,0,True
3017107,8,6.0,210.0,0,1,False
3017129,6,0.0,150.0,0,0,True
3017132,5,0.0,110.0,0,0,True
3017136,6,0.0,74.0,0,0,True
3017138,4,0.0,121.0,0,0,True
3017145,7,0.0,560.0,0,2,True
3017156,5,0.0,105.0,0,0,True
3017160,3,0.0,60.0,0,0,True
3017166,6,0.0,42.0,0,0,True
3017179,3,0.5,15.0,0,0,True
3017180,3,0.5,18.0,0,0,True
3017181,3,0.5,18.0,0,0,True
3017214,4,0.0,222.0,0,1,True
3017237,24,0.0,216.0,0,2,True
3017239,35,0.0,218.0,0,3,True
3017240,9,0.0,222.0,0,0,True
3017243,39,0.0,217.0,1,5,True
3017268,4,0.0,90.0,0,0,True
3017307,5,0.0,110.0,0,0,True
3017309,5,0.0,182.0,0,0,True
3017314,4,0.0,139.0,0,0,True
3017335,2,0.0,127.0,0,0,True
3017389,5,0.0,66.0,0,0,True
3017392,8,0.0,122.0,0,0,True
3017393,6,0.0,342.0,0,0,True
3017409,4,0.0,195.0,0,0,True
3017453,4,0.0,141.0,0,0,True
3017464,8,0.5,47.0,0,0,True
3017476,5,0.5,46.0,0,0,True
3017478,9,0.0,170.0,0,0,True
3017480,4,0.5,44.0,0,0,True
3017495,8,2.0,120.0,0,0,False
3017501,6,0.5,44.5,0,0,True
3017507,5,0.0,150.0,0,0,True
3017508,5,0.0,182.0,0,0,True
3017518,4,0.5,40.0,0,0,True
3017527,3,0.0,141.0,0,0,True
3017529,7,0.0,121.0,0,0,True
3017530,5,0.0,102.0,0,0,True
3017531,7,0.0,98.0,0,0,True
3017543,2,4.0,122.0,0,0,False
3017552,10,0.0,175.0,0,2,True
3017579,5,12.0,277.0,0,0,False
3017615,4,0.0,177.0,0,0,True
3017617,4,0.0,120.0,0,0,True
3017624,3,0.0,46.0,0,0,True
3017627,9,0.0,120.0,0,0,True
3017637,6,0.0,71.0,0,0,True
3017639,6,14.0,182.0,0,0,False
3017640,3,0.0,61.0,0,0,True
3017641,4,0.0,107.0,0,0,True
3017660,5,0.0,199.0,0,0,True
3017694,7,0.0,38.0,0,0,True
3017696,4,0.0,60.0,0,0,True
3017697,8,0.0,33.0,0,1,True
3017698,3,0.0,72.0,0,0,True
3017699,7,0.0,38.0,0,0,True
3017700,2,0.0,34.0,0,0,True
3017702,6,0.0,38.0,0,0,True
3017715,2,0.0,38.0,0,0,True
3017718,4,0.0,32.0,0,1,True
3017719,4,0.0,28.0,0,0,True
3017721,4,0.0,66.0,0,0,True
3017724,5,0.0,36.0,0,0,True
3017727,3,0.0,38.0,0,0,True
3017777,2,0.0,38.0,0,0,True
3017797,4,0.0,53.0,0,0,True
3017798,2,0.0,65.0,0,0,True
3017806,5,0.5,43.5,0,0,True
3017808,4,0.5,43.0,0,0,True
3017811,4,0.5,43.5,0,0,True
3017814,4,0.0,200.0,0,0,True
3017815,5,0.0,200.0,0,0,True
3017816,7,0.0,43.0,0,0,True
3017819,6,0.0,50.0,0,0,True
3017820,5,0.0,70.0,0,0,True
3017821,8,0.0,80.0,0,0,True
3017822,12,0.0,60.0,0,0,True
3017823,3,0.0,43.3,0,0,True
3017841,6,0.0,99.0,0,0,True
3017842,7,0.0,179.0,0,0,True
3017844,4,0.0,129.0,0,0,True
3017846,6,0.0,579.0,0,0,True
3017847,5,0.0,116.0,0,0,True
3017849,7,0.0,50.0,0,0,True
3017850,7,0.0,60.0,0,0,True
3017851,4,0.0,25.0,0,0,True
3017853,10,0.0,60.0,0,0,True
3017854,6,1.0,45.0,0,0,True
3017855,2,0.0,63.0,0,0,True
3017856,3,0.0,45.0,0,0,True
3017859,3,0.0,46.0,0,0,True
3017861,3,0.0,50.0,0,0,True
3017863,3,0.0,160.0,0,0,True
3017869,5,0.0,114.0,0,0,True
3017896,2,0.0,38.0,0,0,True
3017899,6,0.0,100.0,0,0,True
3017909,5,0.0,200.0,0,0,True
3017915,8,1.0,70.0,0,0,True
3017917,5,0.0,50.0,0,0,True
3017918,8,0.0,75.0,0,0,True
3017919,5,0.0,50.0,0,0,True
3017920,9,0.0,70.0,0,0,True
3017921,3,1.0,36.0,0,0,True
3017923,5,1.0,65.0,0,0,True
3017931,3,0.0,59.0,0,0,True
3017932,3,0.0,85.0,0,0,True
3017942,4,0.5,49.5,0,0,True
3017944,3,0.5,49.1,0,0,True
3017955,3,0.0,150.0,0,0,True
3017956,6,0.0,105.0,0,0,True
3017957,3,0.0,49.0,0,0,True
3017961,3,0.0,200.0,0,0,True
3017977,3,0.0,67.0,0,0,True
3017980,6,0.0,232.0,0,0,True
3017982,4,0.0,180.0,0,0,True
3017983,4,0.0,51.0,0,0,True
3017986,5,0.0,53.0,0,0,True
3018004,5,0.0,141.0,0,0,True
3018005,4,0.0,110.0,0,0,True
3018006,10,0.0,250.0,0,0,True
3018025,17,4.0,43.0,0,2,False
3018026,8,4.0,41.5,0,0,False
3018028,3,0.0,43.0,0,0,True
3018030,5,4.0,46.5,0,0,False
3018033,5,0.0,46.0,0,0,True
3018034,5,0.0,70.0,0,0,True
3018036,5,0.0,170.0,0,0,True
3018039,5,0.0,55.0,0,0,True
3018061,4,0.0,79.0,0,0,True
3018089,4,0.0,79.0,0,0,True
3018092,3,0.0,160.0,0,0,True
3018100,7,0.0,150.0,0,0,True
3018123,3,0.0,76.0,0,0,True
3018129,4,0.0,55.0,0,0,True
3018136,2,0.0,24.0,0,0,True
3018137,3,1.0,30.0,0,0,True
3018139,3,1.0,24.0,0,0,True
3018145,3,0.0,120.0,0,0,True
3018147,1,0.6,24.0,0,0,True
3018149,1,0.6,24.0,0,0,True
3018153,1,0.6,24.0,0,0,True
3018155,1,0.6,24.0,0,0,True
3018156,1,0.6,24.0,0,0,True
3018158,1,6.0,35.0,0,0,False
3018160,1,0.6,35.0,0,0,True
3018165,2,0.0,42.0,0,0,True
3018176,3,0.0,57.0,0,0,True
3018178,5,0.0,85.0,0,0,True
3018203,4,0.0,58.0,0,0,True
3018205,8,0.0,81.0,0,0,True
3018210,4,0.0,160.0,0,0,True
3018217,4,0.0,168.0,0,0,True
3018218,6,0.0,46.0,0,0,True
3018219,5,0.0,158.0,0,0,True
3018225,3,0.0,50.0,0,0,True
3018226,7,0.0,202.0,0,0,True
3018228,3,0.0,50.0,0,0,True
3018240,7,8.0,46.0,0,0,False
3018243,1,0.6,35.0,0,0,True
3018244,2,0.0,100.0,0,0,True
3018245,1,0.6,35.0,0,0,True
3018246,1,0.6,35.0,0,0,True
3018247,1,0.6,35.0,0,0,True
3018250,2,0.0,44.0,0,0,True
3018262,1,0.0,21.0,0,0,True
3018263,1,0.0,20.0,0,0,True
3018264,1,0.0,44.0,0,0,True
3018280,4,0.0,60.0,0,0,True
3018303,8,0.0,33.0,0,0,True
3018306,11,0.0,29.0,0,1,True
3018307,9,0.0,43.0,0,0,True
3018308,3,0.0,160.0,0,0,True
3018309,9,0.0,42.0,0,1,True
3018310,4,0.0,141.0,0,0,True
3018313,4,0.0,61.0,0,0,True
3018316,8,0.0,115.0,0,0,True
3018319,3,0.0,59.0,0,0,True
3018320,4,0.0,70.0,0,0,True
3018321,3,0.0,50.0,0,0,True
3018329,3,0.0,120.0,0,0,True
3018336,5,12.0,182.0,0,0,False
3018351,4,0.0,235.0,0,0,True
3018354,8,0.0,181.0,0,0,True
3018355,4,0.0,84.0,0,0,True
3018356,6,0.0,93.0,0,0,True
3018358,2,0.0,74.0,0,0,True
3018364,5,0.0,45.0,0,0,True
3018366,3,0.0,71.0,0,0,True
3018370,4,0.0,200.0,0,0,True
3018393,5,0.0,155.0,0,0,True
3018413,5,0.0,105.0,0,0,True
3018450,7,0.0,242.0,0,0,True
3018467,4,0.0,67.0,0,0,True
3018470,3,0.0,15.0,0,0,True
3018472,5,0.0,15.0,0,0,True
3018473,4,0.0,15.0,0,0,True
3018475,3,0.0,15.0,0,0,True
3018481,2,0.5,15.5,0,0,True
3018482,2,1.0,15.0,0,0,True
3018483,5,0.5,15.0,0,0,True
3018484,2,1.0,15.0,0,0,True
3018503,9,0.0,122.0,0,0,True
3018522,5,0.0,133.0,0,0,True
3018526,3,0.0,110.0,0,0,True
3018536,4,0.0,80.0,0,0,True
3018545,2,0.0,45.0,0,0,True
3018551,2,0.0,41.0,0,0,True
3018567,5,4.0,42.5,0,0,False
3018571,2,4.0,24.0,0,0,False
3018577,2,0.0,52.0,0,0,True
3018581,2,0.0,66.0,0,0,True
3018583,4,0.0,108.0,0,0,True
3018585,4,0.0,110.0,0,0,True
3018601,4,0.0,77.0,0,0,True
3018615,4,0.0,159.0,0,0,True
3018618,2,0.0,60.0,0,0,True
3018620,2,0.0,48.0,0,0,True
3018629,5,0.0,42.0,0,0,True
3018631,4,0.0,38.0,0,0,True
3018645,3,0.0,115.0,0,0,True
3018654,4,0.0,97.0,0,0,True
3018658,5,0.0,260.0,0,0,True
3018725,9,0.0,95.0,0,0,True
3018753,2,0.0,64.0,0,0,True
3018760,4,0.0,179.0,0,0,True
3018765,3,0.0,49.0,0,0,True
3018783,4,0.0,147.0,0,0,True
3018795,5,0.0,125.0,0,0,True
3018809,9,0.5,25.8,0,0,True
3018810,12,0.4,27.0,0,2,True
3018811,4,0.0,70.0,0,0,True
3018814,3,0.0,46.0,0,0,True
3018842,4,0.0,198.0,0,0,True
3018843,4,0.0,161.0,0,0,True
3018845,4,0.0,201.0,0,0,True
3018848,3,0.0,26.0,0,0,True
3018849,7,0.0,45.0,0,0,True
3018850,16,0.0,60.0,0,1,True
3018851,5,0.0,36.0,0,0,True
3018852,8,0.0,60.0,0,0,True
3018853,7,0.0,45.0,0,1,True
3018854,7,1.0,21.0,0,0,True
3018855,13,1.0,50.0,0,1,True
3018857,11,1.0,60.0,0,0,True
3018858,7,0.0,34.0,0,0,True
3018866,4,0.0,108.0,0,0,True
3018904,11,0.0,196.0,0,1,True
3018905,4,0.0,100.0,0,0,True
3018906,6,0.0,202.0,0,0,True
3018908,1,0.0,130.0,0,0,True
3018909,2,0.0,20.0,0,0,True
3018912,3,0.0,159.0,0,0,True
3018913,1,0.0,120.0,0,0,True
3018915,6,0.0,160.0,0,0,True
3018916,1,0.0,120.0,0,0,True
3018939,5,0.0,118.0,0,0,True
3018947,9,0.0,80.0,0,0,True
3018951,3,7.0,90.0,0,0,False
3018969,5,0.0,356.0,0,0,True
3018990,5,0.0,130.0,0,0,True
3018991,4,0.0,121.0,0,0,True
3018993,2,0.0,100.0,0,0,True
3019003,3,0.0,50.5,0,0,True
3019012,5,0.0,70.0,0,0,True
3019016,3,0.0,138.0,0,0,True
3019076,9,0.0,114.0,0,0,True
3019082,7,0.0,85.0,0,0,True
3019083,6,0.0,342.0,0,0,True
3019085,7,0.0,142.0,0,0,True
3019118,2,0.0,45.0,0,0,True
3019120,4,0.8,15.0,0,0,True
3019152,7,0.0,150.0,0,0,True
3019176,8,0.5,11.0,0,0,True
3019179,7,0.5,11.0,0,0,True
3019182,5,0.0,8.0,0,0,True
3019222,4,8.0,162.0,0,0,False
3019240,4,0.0,165.0,0,0,True
3019241,4,0.0,205.0,0,0,True
3019264,3,0.5,38.7,0,0,True
3019265,4,0.0,154.0,0,0,True
3019269,3,0.5,38.7,0,0,True
3019271,4,0.0,38.4,0,0,True
3019307,6,0.0,68.0,0,0,True
3019308,6,0.0,162.0,0,0,True
3019313,2,0.0,85.0,0,0,True
3019326,2,0.0,112.0,0,0,True
3019327,4,0.0,100.0,0,0,True
3019363,3,0.0,65.0,0,0,True
3019364,5,0.0,70.0,0,0,True
3019370,5,0.0,71.0,0,0,True
3019390,8,8.0,102.0,0,0,False
3019397,7,0.0,90.0,0,0,True
3019398,5,0.0,121.0,0,0,True
3019411,2,0.0,37.0,0,0,True
3019422,5,0.0,159.0,0,0,True
3019423,6,0.0,104.0,0,1,True
3019425,6,0.0,159.0,0,0,True
3019434,3,0.0,141.0,0,0,True
3019436,5,0.5,16.0,0,0,True
3019438,5,0.5,16.0,0,0,True
3019439,4,0.5,16.0,0,0,True
3019452,4,0.0,90.0,0,0,True
3019454,2,0.0,110.0,0,0,True
3019460,5,0.0,121.0,0,0,True
3019463,3,0.0,121.0,0,0,True
3019470,3,0.0,87.0,0,0,True
3019484,5,0.0,86.0,0,0,True
3019489,7,0.0,157.0,0,0,True
3019513,8,0.0,222.0,0,0,True
3019561,6,0.0,16.0,0,0,True
3019562,7,0.5,16.0,0,0,True
3019563,4,0.5,16.0,0,0,True
3019568,6,0.0,138.0,0,0,True
3019574,6,0.0,97.0,0,0,True
3019583,6,0.0,144.0,0,0,True
3019587,5,0.0,98.0,0,0,True
3019612,5,0.0,220.0,0,0,True
3019615,2,0.0,220.0,0,0,True
3019619,4,0.0,93.0,0,0,True
3019627,8,0.0,210.0,0,0,True
3019634,5,0.0,35.0,0,0,True
3019635,2,0.0,47.0,0,0,True
3019637,4,0.0,150.0,0,0,True
3019640,4,0.0,30.0,0,0,True
3019644,3,0.0,25.0,0,0,True
3019647,3,0.0,25.0,0,0,True
3019649,3,0.0,25.0,0,0,True
3019655,5,0.0,130.0,0,0,True
3019662,2,0.0,58.0,0,0,True
3019671,4,0.0,143.0,0,0,True
3019693,3,0.0,141.0,0,0,True
3019695,4,3.0,20.0,0,0,False
3019698,4,0.0,415.0,0,0,True
3019700,5,0.0,20.0,0,0,True
3019702,3,0.0,15.0,0,0,True
3019712,4,0.0,182.0,0,0,True
3019739,4,17.0,342.0,0,0,False
3019751,3,0.0,100.0,0,0,True
3019755,4,0.0,30.0,0,0,True
3019761,5,0.0,160.0,0,0,True
3019774,5,0.0,70.0,0,0,True
3019782,8,0.0,28.0,0,0,True
3019784,7,0.0,28.0,0,0,True
3019785,6,0.0,21.0,0,0,True
3019795,6,0.5,25.0,0,0,True
3019796,5,0.5,26.5,0,0,True
3019811,7,0.0,93.0,0,0,True
3019812,7,0.0,142.0,0,0,True
3019814,4,0.0,159.0,0,0,True
3019874,2,0.0,52.0,0,0,True
3019876,4,0.0,222.0,0,0,True
3019894,6,0.0,399.0,0,0,True
3019896,5,0.0,48.0,0,0,True
3019897,2,0.0,41.0,0,0,True
3019902,6,0.0,113.0,0,0,True
3019934,3,0.0,101.0,0,0,True
3019939,5,0.0,101.0,0,0,True
3019956,6,0.0,155.0,0,0,True
3019970,2,0.0,50.0,0,0,True
3019987,5,0.0,115.0,0,0,True
3019988,8,0.0,167.0,0,0,True
3019991,2,0.0,58.0,0,0,True
3020010,4,0.0,140.0,0,0,True
3020028,2,0.0,50.0,0,0,True
3020029,2,0.0,39.0,0,0,True
3020036,8,0.0,242.0,0,0,True
3020070,1,0.0,27.0,0,0,True
3020071,1,0.0,26.0,0,0,True
3020072,1,0.0,29.5,0,0,True
3020073,1,0.0,35.0,0,0,True
3020074,1,0.0,28.0,0,0,True
3020075,1,0.0,23.0,0,0,True
3020076,1,0.0,27.0,0,0,True
3020077,1,0.0,42.5,0,0,True
3020078,1,0.0,45.0,0,0,True
3020081,2,0.0,52.0,0,0,True
3020085,1,0.0,30.0,0,0,True
3020086,1,0.0,30.0,0,0,True
3020088,1,0.0,30.0,0,0,True
3020089,1,0.0,30.0,0,0,True
3020090,9,0.0,70.0,0,0,True
3020091,1,0.0,49.0,0,0,True
3020092,1,0.0,80.0,0,0,True
3020093,1,0.0,30.0,0,0,True
3020094,1,0.0,60.0,0,0,True
3020095,1,0.0,25.0,0,0,True
3020096,1,0.0,50.0,0,0,True
3020097,1,0.0,80.0,0,0,True
3020100,1,0.0,50.0,0,0,True
3020101,1,0.0,15.0,0,0,True
3020102,1,0.0,50.0,0,0,True
3020104,4,0.0,83.0,0,0,True
3020108,5,0.0,60.0,0,0,True
3020120,4,0.0,63.0,0,0,True
3020131,10,0.0,202.0,0,0,True
3020133,7,0.0,202.0,0,0,True
3020154,6,0.0,202.0,0,0,True
3020172,3,0.0,94.0,0,0,True
3020193,5,0.0,144.0,0,0,True
3020208,6,0.5,49.3,0,0,True
3020210,7,1.5,24.0,0,0,False
3020212,13,2.0,55.5,0,1,False
3020214,18,4.0,80.0,0,2,False
3020215,3,0.5,49.5,0,0,True
3020216,4,0.5,49.6,0,0,True
3020218,6,2.0,23.6,0,0,False
3020224,13,2.5,55.0,0,1,False
3020227,13,3.0,80.0,0,1,False
3020229,12,0.5,80.0,0,1,True
3020230,13,3.5,55.0,0,1,False
3020232,12,1.5,80.5,0,1,False
3020234,9,5.0,35.0,0,0,False
3020235,9,7.0,35.0,0,0,False
3020241,6,0.0,161.0,0,0,True
3020245,10,0.0,166.0,0,0,True
3020246,3,0.0,181.0,0,0,True
3020247,2,0.0,45.0,0,0,True
3020248,2,0.0,37.0,0,0,True
3020249,2,0.0,50.0,0,0,True
3020250,9,4.0,35.0,0,0,False
3020253,16,6.0,60.0,0,2,False
3020254,6,0.5,30.0,0,0,True
3020255,10,0.5,39.0,0,0,True
3020256,4,4.0,24.0,0,0,False
3020257,7,0.5,34.0,0,0,True
3020258,2,0.0,40.0,0,0,True
3020260,2,1.0,25.0,0,0,True
3020261,8,1.0,35.1,0,0,True
3020262,9,0.5,59.0,2,0,True
3020270,10,4.0,40.0,1,0,False
3020271,8,1.5,30.5,1,0,False
3020274,4,1.0,10.0,1,1,True
3020275,12,1.5,44.0,2,0,False
3020277,5,1.0,29.0,0,0,True
3020279,11,3.5,50.0,0,0,False
3020284,6,4.0,20.0,1,0,False
3020286,15,2.0,55.0,1,1,False
3020288,11,1.0,25.0,0,0,True
3020290,7,2.0,70.0,1,0,False
3020291,9,1.0,30.0,0,0,True
3020292,3,1.0,32.0,0,0,True
3020293,12,1.0,50.0,0,1,True
3020297,12,4.0,35.0,0,1,False
3020299,11,2.0,55.0,0,0,False
3020301,17,5.0,75.0,0,2,False
3020305,6,0.0,167.0,0,0,True
3020306,6,0.0,167.0,0,0,True
3020307,11,1.0,35.0,2,0,True
3020308,6,5.0,39.0,1,1,False
3020309,16,2.0,58.0,1,1,False
3020316,20,1.0,73.0,2,2,True
3020318,7,4.0,19.0,1,0,False
3020319,25,1.0,69.0,3,3,True
3020322,3,3.0,45.0,0,0,False
3020324,9,1.0,35.0,0,0,True
3020325,12,1.0,39.0,0,1,True
3020327,19,5.0,80.0,0,2,False
3020328,10,2.0,34.0,0,0,False
3020330,10,5.0,37.0,0,0,False
3020337,13,5.0,79.0,0,1,False
3020339,10,2.0,64.0,0,0,False
3020340,18,2.0,80.0,0,2,False
3020341,2,2.0,20.0,0,0,False
3020342,11,5.0,55.0,0,0,False
3020343,11,1.0,75.0,0,2,True
3020345,10,1.0,35.0,0,0,True
3020346,11,1.0,35.0,0,0,True
3020348,9,3.0,35.0,0,0,False
3020349,12,1.0,55.0,0,1,True
3020350,10,0.5,50.0,0,2,True
3020351,12,0.5,50.0,0,2,True
3020353,10,0.5,46.0,0,1,True
3020355,8,0.5,50.0,0,1,True
3020357,11,2.0,33.0,0,0,False
3020359,15,1.0,62.0,0,1,True
3020361,17,0.5,80.0,0,2,True
3020364,11,10.0,95.0,0,0,False
3020365,20,2.5,86.0,0,2,False
3020366,12,5.0,68.0,0,1,False
3020369,4,0.0,155.0,0,0,True
3020370,7,0.0,70.0,0,0,True
3020371,5,0.0,202.0,0,0,True
3020380,6,3.0,35.0,0,0,False
3020381,8,2.0,35.0,0,0,False
3020382,6,1.0,34.0,0,0,True
3020383,10,1.0,27.0,0,0,True
3020386,11,2.0,55.0,0,0,False
3020387,8,2.0,35.0,0,0,False
3020388,10,2.0,55.0,0,0,False
3020389,10,0.5,26.0,2,0,True
3020390,8,8.0,55.0,0,0,False
3020396,5,0.0,119.0,0,0,True
3020400,5,2.0,19.0,0,0,False
3020401,11,0.5,39.0,1,0,True
3020415,12,0.0,119.0,0,2,True
3020417,14,2.0,69.0,0,1,False
3020418,19,2.5,55.0,0,2,False
3020419,13,1.0,55.5,0,1,True
3020420,11,0.5,22.1,0,0,True
3020426,3,0.0,9.0,0,0,True
3020429,3,0.0,78.0,0,0,True
3020431,3,0.0,50.0,0,0,True
3020433,7,0.0,90.0,0,0,True
3020434,3,0.0,96.0,0,0,True
3020436,4,0.0,9.0,0,0,True
3020442,9,0.0,30.0,0,0,True
3020446,8,0.0,24.0,0,0,True
3020453,4,0.0,122.0,0,0,True
3020460,2,0.0,70.0,0,0,True
3020529,2,0.0,36.0,0,0,True
3020537,4,0.0,110.0,0,0,True
3020540,5,0.0,100.0,0,0,True
3020544,4,0.0,50.0,0,0,True
3020549,3,0.0,141.0,0,0,True
3020567,4,0.0,34.0,0,0,True
3020576,4,0.0,101.0,0,0,True
3020578,4,0.0,141.0,0,0,True
3020583,2,6.0,142.0,0,0,False
3020602,2,0.0,38.0,0,0,True
3020603,5,0.0,87.0,0,0,True
3020609,8,0.0,122.0,0,0,True
3020610,6,0.0,71.0,0,0,True
3020612,5,0.0,142.0,0,0,True
3020613,4,0.0,28.0,0,0,True
3020633,2,0.0,120.0,0,0,True
3020635,4,11.0,202.0,0,0,False
3020640,9,0.0,130.0,0,0,True
3020648,4,0.0,12.0,0,0,True
3020649,6,0.0,28.0,0,0,True
3020666,8,0.0,130.0,0,0,True
3020682,2,0.0,85.0,0,0,True
3020727,6,0.0,57.0,0,0,True
3020732,3,0.0,200.0,0,0,True
3020740,2,16.0,241.0,0,0,False
3020759,4,1.0,32.0,0,0,True
3020760,3,1.0,32.0,0,0,True
3020763,6,0.0,34.0,0,0,True
3020778,5,0.0,70.0,0,0,True
3020783,3,0.0,70.0,0,0,True
3020791,16,0.0,151.0,0,3,True
3020792,10,0.0,147.0,0,0,True
3020823,3,0.0,200.0,0,0,True
3020824,3,0.0,260.0,0,0,True
3020830,2,0.0,14.5,0,0,True
3020855,3,0.0,61.0,0,0,True
3020858,5,0.0,182.0,0,0,True
3020883,6,0.0,70.0,0,0,True
3020885,5,0.0,70.0,0,0,True
3020915,4,0.0,130.0,0,0,True
3020926,2,0.0,58.0,0,0,True
3020937,5,0.0,64.0,0,0,True
3020939,3,0.0,144.0,0,0,True
3020948,4,0.0,159.0,0,0,True
3020952,4,0.0,70.0,0,0,True
3020964,4,0.0,22.0,0,0,True
3020965,4,0.0,16.0,0,0,True
3020966,6,0.0,19.0,0,0,True
3021002,3,0.0,114.0,0,0,True
3021003,3,0.0,117.0,0,0,True
3021012,3,0.0,157.0,0,0,True
3021019,7,0.0,102.0,0,0,True
3021020,3,0.0,41.0,0,0,True
3021021,4,0.0,170.0,0,0,True
3021030,3,0.0,96.0,0,0,True
3021033,3,0.0,122.0,0,0,True
3021047,4,0.0,70.0,0,0,True
3021086,4,0.0,200.0,0,0,True
3021099,5,0.0,121.0,0,1,True
3021111,4,0.0,179.0,0,0,True
3021114,4,0.0,78.0,0,0,True
3021115,3,0.0,50.0,0,0,True
3021117,2,0.0,50.0,0,0,True
3021121,3,0.0,200.0,0,0,True
3021163,5,0.0,45.0,0,0,True
3021178,4,0.0,220.0,0,0,True
3021186,3,0.0,106.0,0,0,True
3021203,4,0.0,174.0,0,0,True
3021207,6,0.0,235.0,0,0,True
3021209,9,0.0,100.0,0,0,True
3021226,7,0.0,170.0,0,0,True
3021229,10,0.0,105.0,0,0,True
3021255,4,0.0,101.0,0,0,True
3021267,7,0.0,157.0,0,0,True
3021268,5,0.0,152.0,0,0,True
3021298,6,0.0,143.0,0,0,True
3021340,3,0.0,130.0,0,0,True
3021343,5,0.0,89.0,0,0,True
3021346,4,0.0,87.0,0,0,True
3021347,5,0.0,73.0,0,0,True
3021348,6,0.0,77.0,0,0,True
3021382,5,0.0,102.0,0,0,True
3021386,19,0.0,116.0,0,2,True
3021387,6,0.0,201.0,0,0,True
3021396,5,0.0,70.0,0,0,True
3021398,7,0.0,36.0,0,0,True
3021399,3,0.0,50.0,0,0,True
3021402,7,0.0,56.0,0,0,True
3021403,10,0.0,102.0,0,0,True
3021404,21,0.0,166.0,0,2,True
3021436,3,0.0,40.0,0,0,True
3021438,3,0.0,141.0,0,0,True
3021439,5,0.0,45.0,0,0,True
3021442,3,0.0,320.0,0,0,True
3021461,3,0.0,84.0,0,0,True
3021466,3,0.0,282.0,0,1,True
3021499,3,0.0,94.0,0,0,True
3021522,5,0.0,20.0,0,0,True
3021524,6,0.0,20.0,0,1,True
3021525,7,0.0,24.0,0,0,True
3021526,7,0.0,28.0,0,0,True
3021533,5,0.0,85.0,0,0,True
3021561,4,0.0,108.0,0,0,True
3021564,4,0.0,101.0,0,0,True
3021569,5,0.5,14.0,0,0,True
3021570,4,0.5,14.0,0,0,True
3021571,4,0.5,14.0,0,0,True
3021589,7,0.0,90.0,0,1,True
3021592,4,0.0,155.0,0,0,True
3021603,4,0.0,137.0,0,0,True
3021607,3,0.0,82.0,0,0,True
3021608,4,0.0,207.0,0,0,True
3021657,3,0.0,50.0,0,0,True
3021658,5,0.0,70.0,0,0,True
3021659,5,0.0,95.0,0,0,True
3021677,3,0.0,15.0,0,0,True
3021678,5,0.0,15.0,0,0,True
3021680,8,0.0,16.0,0,0,True
3021711,5,0.0,140.0,0,0,True
3021730,3,0.0,167.0,0,0,True
3021736,8,0.0,35.0,0,0,True
3021737,6,0.0,35.0,0,0,True
3021739,9,0.0,35.0,0,1,True
3021741,9,0.0,150.0,0,0,True
3021742,4,0.5,20.0,0,0,True
3021744,7,1.0,35.0,0,0,True
3021767,3,9.0,140.0,0,0,False
3021791,4,0.0,73.0,0,0,True
3021802,4,0.0,193.0,0,0,True
3021811,6,0.0,43.0,0,0,True
3021819,3,0.0,55.0,0,0,True
3021820,5,0.0,200.0,0,0,True
3021821,9,0.0,74.0,0,1,True
3021822,3,0.0,220.0,0,0,True
3021845,6,0.0,43.0,0,0,True
3021846,8,0.0,319.0,0,0,True
3021857,4,0.0,320.0,0,0,True
3021863,3,0.0,86.0,0,0,True
3021889,6,7.0,202.0,0,0,False
3021900,2,0.0,14.5,0,0,True
3021901,4,0.0,36.0,0,0,True
3021903,6,0.0,36.0,0,0,True
3021914,4,0.0,182.0,0,0,True
3021945,3,10.0,162.0,0,0,False
3021948,4,0.0,69.0,0,0,True
3021949,7,0.0,62.0,0,0,True
3021976,5,0.0,70.0,0,0,True
3022009,4,0.0,56.0,0,0,True
3022011,3,0.0,187.0,0,0,True
3022013,3,0.0,101.0,0,0,True
3022014,3,0.0,118.0,0,0,True
3022048,3,13.0,131.0,0,0,False
3022050,3,0.0,49.0,0,0,True
3022051,7,0.0,79.0,0,0,True
3022069,5,0.0,225.0,0,0,True
3022137,6,0.0,141.0,0,0,True
3022139,6,0.0,130.0,0,0,True
3022147,8,0.0,103.0,0,0,True
3022148,4,0.0,70.0,0,0,True
3022149,7,0.0,78.0,0,0,True
3022173,3,0.0,160.0,0,0,True
3022186,4,0.0,50.0,0,0,True
3022187,3,0.0,50.0,0,0,True
3022188,3,0.0,50.0,0,0,True
3022189,4,0.0,46.0,0,0,True
3022196,9,0.0,127.0,0,0,True
3022198,6,0.0,219.0,0,0,True
3022210,4,0.0,121.0,0,0,True
3022213,3,0.0,60.0,0,0,True
3022214,5,0.0,210.0,0,0,True
3022216,3,0.0,60.0,0,0,True
3022225,2,0.0,78.0,0,0,True
3022231,11,0.0,98.0,1,0,True
3022243,3,0.0,120.0,0,0,True
3022245,4,0.0,244.0,0,0,True
3022260,5,0.0,50.0,0,0,True
3022261,10,0.0,369.0,0,0,True
3022271,5,0.0,202.0,0,1,True
3022301,7,0.0,115.0,0,0,True
3022318,7,0.0,52.5,0,0,True
3022327,4,0.0,94.0,0,1,True
3022342,6,0.0,201.0,0,0,True
3022343,3,0.0,80.0,0,0,True
3022345,8,0.0,135.0,0,1,True
3022352,3,0.0,121.0,0,0,True
3022355,4,0.0,50.0,0,1,True
3022370,2,0.0,40.0,0,0,True
3022375,7,0.0,61.0,0,0,True
3022379,4,0.0,105.0,0,1,True
3022388,6,0.0,17.0,0,0,True
3022397,3,0.0,138.0,0,1,True
3022405,5,0.0,140.0,0,0,True
3022419,8,0.0,230.0,0,0,True
3022428,5,0.0,50.0,0,1,True
3022432,12,0.5,55.0,0,1,True
3022435,4,0.0,26.0,0,0,True
3022436,8,0.0,45.0,0,0,True
3022438,21,0.5,90.0,0,2,True
3022440,6,0.0,69.0,0,0,True
3022444,9,0.0,120.0,0,0,True
3022446,15,0.5,70.0,0,1,True
3022462,15,0.5,89.0,0,1,True
3022481,13,0.5,67.0,0,1,True
3022484,16,0.5,95.0,0,2,True
3022485,9,0.0,45.0,0,0,True
3022487,12,0.0,60.0,0,0,True
3022490,14,0.0,100.0,0,1,True
3022493,9,0.0,40.0,0,0,True
3022496,7,0.0,73.0,0,0,True
3022497,12,0.0,100.0,0,0,True
3022498,9,0.0,80.0,0,0,True
3022504,7,0.0,255.0,0,1,True
3022508,9,0.0,50.0,0,0,True
3022519,4,0.0,85.0,0,0,True
3022521,5,0.0,105.0,0,0,True
3022529,2,3.0,44.0,0,0,False
3022530,4,3.0,60.0,0,0,False
3022547,4,0.0,162.0,0,1,True
3022548,3,0.0,60.0,0,0,True
3022551,5,0.0,119.0,0,0,True
3022552,6,0.0,599.0,0,0,True
3022562,5,0.0,55.0,0,0,True
3022616,6,0.0,79.0,0,0,True
3022626,5,0.0,120.0,0,0,True
3022630,7,0.0,199.0,0,1,True
3022635,6,0.0,122.0,0,1,True
3022640,4,0.0,540.0,0,0,True
3022657,7,0.0,85.0,0,1,True
3022666,3,0.0,72.0,0,0,True
3022668,3,0.0,52.0,0,0,True
3022689,2,0.5,30.0,0,0,True
3022695,5,0.0,222.0,0,1,True
3022706,4,0.5,42.0,0,0,True
3022713,4,0.0,42.5,0,0,True
3022721,12,0.0,175.0,0,0,True
3022775,6,0.0,84.0,0,0,True
3022778,5,0.0,132.0,0,1,True
3022823,4,0.0,100.0,0,0,True
3022824,4,0.0,202.0,0,0,True
3022844,6,0.5,12.0,0,0,True
3022845,5,0.5,10.0,0,0,True
3022846,4,0.5,9.0,0,0,True
3022848,5,0.0,165.0,0,0,True
3022852,5,0.0,95.0,0,0,True
3022853,5,0.0,93.0,0,0,True
3022857,4,0.0,200.0,0,0,True
3022861,5,0.0,70.0,0,0,True
3022862,4,0.0,161.0,0,0,True
3022879,10,0.0,100.0,0,0,True
3022881,8,0.0,78.0,0,0,True
3022882,5,0.0,105.0,0,0,True
3022884,4,0.0,61.0,0,0,True
3022885,3,0.0,54.0,0,0,True
3022918,2,0.0,20.0,0,0,True
3022930,5,0.0,54.0,0,0,True
3022933,6,0.0,54.0,0,0,True
3022934,3,0.0,59.0,0,0,True
3022935,6,0.0,53.0,0,0,True
3022948,4,0.0,47.0,0,0,True
3022967,4,0.0,76.0,1,2,True
3022968,10,0.0,110.0,0,0,True
3022972,5,0.0,221.0,0,0,True
3022976,17,0.0,201.0,2,3,True
3022979,24,0.0,193.0,2,4,True
3022980,4,0.0,220.0,0,0,True
3022981,10,0.0,76.0,1,2,True
3022983,22,0.0,201.0,1,3,True
3022984,11,0.0,76.0,2,1,True
3022986,4,0.0,161.0,0,0,True
3022987,3,0.0,55.0,0,0,True
3022988,4,0.0,200.0,0,0,True
3022989,18,0.0,201.0,1,3,True
3022990,10,0.0,76.0,1,2,True
3022997,5,0.0,124.0,0,0,True
3023003,6,0.0,76.0,1,2,True
3023006,13,0.0,76.0,1,2,True
3023009,9,0.0,82.0,2,1,True
3023010,5,0.0,28.0,0,0,True
3023011,4,0.0,24.0,0,0,True
3023012,6,0.0,24.0,0,0,True
3023015,5,0.0,48.0,0,0,True
3023035,3,0.0,76.0,0,0,True
3023050,9,14.0,100.0,1,0,False
3023067,3,0.0,60.0,0,0,True
3023077,6,0.0,117.0,0,0,True
3023086,6,0.0,50.0,0,0,True
3023087,4,0.0,63.0,0,0,True
3023092,2,0.0,83.0,0,0,True
3023101,2,0.0,140.0,0,0,True
3023102,5,0.0,100.0,0,0,True
3023111,3,0.0,36.0,0,0,True
3023116,5,0.0,158.0,0,0,True
3023185,3,0.0,120.0,0,0,True
3023193,3,0.0,47.0,0,0,True
3023194,5,0.0,39.0,0,0,True
3023195,5,0.0,47.0,0,0,True
3023197,7,0.0,46.0,0,0,True
3023198,3,8.0,238.0,0,0,False
3023204,3,0.0,180.0,0,0,True
3023222,8,0.0,115.0,0,0,True
3023227,2,0.0,42.0,0,0,True
3023228,2,0.0,30.0,0,0,True
3023229,2,0.0,28.0,0,0,True
3023232,6,0.0,160.0,0,0,True
3023261,7,0.0,182.0,0,0,True
3023266,5,0.0,179.0,0,0,True
3023267,3,0.0,80.0,0,0,True
3023269,8,0.0,154.0,0,0,True
3023271,4,0.0,125.0,0,0,True
3023275,8,0.0,133.0,0,0,True
3023278,4,0.0,120.0,0,0,True
3023298,5,0.0,141.0,0,0,True
3023322,3,6.0,141.0,0,0,False
3023353,10,0.0,140.0,0,0,True
3023354,11,0.0,115.0,0,0,True
3023371,5,0.0,121.0,0,0,True
3023377,2,0.0,121.0,0,0,True
3023378,3,0.0,105.0,0,0,True
3023379,5,0.0,75.0,0,0,True
3023381,2,0.0,141.0,0,0,True
3023382,9,0.0,71.0,0,0,True
3023416,6,0.0,180.0,0,0,True
3023418,3,0.0,160.0,0,0,True
3023420,5,0.0,161.0,0,0,True
3023431,3,0.0,240.0,0,0,True
3023436,5,0.0,104.0,0,1,True
3023439,4,0.0,104.0,0,0,True
3023453,8,0.0,108.0,0,0,True
3023458,6,0.0,262.0,0,0,True
3023459,3,0.0,72.0,0,0,True
3023482,3,0.0,121.0,0,0,True
3023483,3,0.0,121.0,0,0,True
3023505,3,0.0,121.0,0,0,True
3023507,3,0.0,75.0,0,0,True
3023513,3,0.0,140.0,0,0,True
3023546,3,0.0,125.0,0,0,True
3023547,11,0.0,72.0,0,1,True
3023548,10,0.0,66.0,0,0,True
3023551,3,0.0,118.0,0,0,True
3023562,5,0.0,50.0,0,0,True
3023563,8,0.0,86.0,0,0,True
3023605,2,0.0,174.0,0,0,True
3023613,4,0.0,120.0,0,0,True
3023614,4,0.0,42.0,0,0,True
3023616,9,0.0,30.0,0,1,True
3023618,8,0.0,25.0,0,1,True
3023619,10,0.0,28.0,0,0,True
3023620,4,0.0,16.0,0,0,True
3023623,7,0.0,24.0,0,1,True
3023624,9,0.0,28.0,0,1,True
3023636,4,0.0,50.0,0,0,True
3023707,6,0.0,219.0,0,0,True
3023710,6,0.0,103.0,0,0,True
3023715,6,0.0,115.0,0,0,True
3023716,4,0.0,84.0,0,0,True
3023722,5,0.0,150.0,0,0,True
3023725,5,0.0,75.0,0,0,True
3023726,3,0.0,121.0,0,0,True
3023743,5,0.0,182.0,0,0,True
3023746,10,0.0,109.0,0,0,True
3023752,6,0.0,50.0,0,0,True
3023774,4,0.0,63.0,0,0,True
3023776,12,0.0,105.0,0,2,True
3023778,3,0.0,202.0,0,0,True
3023779,9,0.0,85.0,0,0,True
3023782,6,0.0,81.5,0,0,True
3023783,5,0.0,118.0,0,0,True
3023790,9,0.0,181.0,0,0,True
3023800,3,0.0,80.0,0,0,True
3023801,7,0.0,262.0,0,0,True
3023802,3,0.0,59.0,0,0,True
3023816,3,0.0,200.0,0,0,True
3023819,8,0.0,111.0,0,1,True
3023820,3,0.0,80.0,0,0,True
3023836,3,0.0,220.0,0,0,True
3023862,7,0.0,60.0,0,0,True
3023914,7,11.0,250.0,0,0,False
3023967,1,0.0,13.0,0,0,True
3023976,3,0.0,121.0,0,0,True
3023978,3,0.0,100.0,0,0,True
3023992,3,0.0,120.0,0,0,True
3023993,3,0.0,35.0,0,0,True
3023998,3,0.0,90.0,0,0,True
3024007,12,0.0,192.0,0,0,True
3024012,4,0.0,84.0,0,0,True
3024042,5,0.0,29.0,0,0,True
3024043,5,0.0,30.0,0,2,True
3024046,3,0.6,28.0,0,0,True
3024048,3,0.0,30.0,0,0,True
3024083,4,0.0,121.0,0,0,True
3024095,5,0.0,85.0,0,0,True
3024097,3,0.0,121.0,0,0,True
3024098,5,0.0,60.0,0,0,True
3024125,12,0.0,106.0,0,0,True
3024137,6,0.0,220.0,0,0,True
3024140,3,0.0,141.0,0,0,True
3024173,8,0.0,42.0,0,0,True
3024176,4,0.0,36.0,0,0,True
3024177,5,0.0,36.0,0,1,True
3024178,4,0.0,42.0,0,0,True
3024179,5,0.0,36.0,0,1,True
3024181,4,0.0,36.0,0,0,True
3024182,6,0.5,32.0,0,0,True
3024183,4,0.0,36.0,0,0,True
3024184,7,0.0,32.0,0,0,True
3024185,8,0.0,32.0,0,0,True
3024186,7,0.0,32.0,0,0,True
3024187,6,0.0,32.0,0,0,True
3024191,4,0.0,58.0,0,0,True
3024192,4,0.0,105.0,0,0,True
3024195,4,0.0,42.0,0,0,True
3024199,9,0.0,170.0,0,0,True
3024200,8,0.0,120.0,0,0,True
3024223,6,0.0,105.0,0,1,True
3024240,5,0.0,152.0,0,0,True
3024262,6,0.5,20.0,0,0,True
3024284,11,0.0,124.0,0,1,True
3024293,3,0.0,121.0,0,0,True
3024303,3,0.0,161.0,0,0,True
3024305,6,0.0,150.0,0,0,True
3024308,2,1.0,13.5,0,0,True
3024309,5,0.5,13.5,0,0,True
3024310,2,1.0,13.5,0,0,True
3024323,6,0.0,83.0,0,0,True
3024325,4,0.0,67.0,0,0,True
3024326,4,17.0,222.0,0,0,False
3024338,2,0.0,60.0,0,0,True
3024354,5,0.0,75.0,0,0,True
3024369,5,0.0,150.0,0,0,True
3024388,6,0.0,175.0,0,0,True
3024389,3,0.0,82.0,0,0,True
3024395,6,0.0,290.0,0,0,True
3024396,8,0.0,330.0,0,0,True
3024449,3,0.0,100.0,0,0,True
3024453,8,0.0,31.0,0,5,True
3024454,10,0.4,31.0,0,6,True
3024455,8,0.5,32.2,0,7,True
3024459,9,0.5,29.3,0,6,True
3024466,4,0.5,49.6,0,0,True
3024487,5,0.0,195.0,0,0,True
3024489,3,0.0,55.0,0,0,True
3024508,7,0.0,62.0,0,1,True
3024511,2,0.0,62.0,0,0,True
3024512,3,0.0,318.0,0,0,True
3024515,4,0.0,178.0,0,0,True
3024572,4,0.0,50.0,0,0,True
3024577,3,0.0,38.0,0,0,True
3024586,7,0.0,170.0,0,0,True
3024590,4,0.0,122.0,0,0,True
3024601,5,0.0,135.0,0,1,True
3024606,9,0.0,100.0,0,0,True
3024607,5,0.0,87.0,0,0,True
3024619,5,31.0,213.0,0,0,False
3024636,2,0.0,122.0,0,0,True
3024637,2,0.0,175.0,0,0,True
3024639,6,0.0,57.0,0,0,True
3024645,3,0.0,74.0,0,0,True
3024647,10,0.0,182.0,0,0,True
3024649,3,0.0,67.0,0,0,True
3024651,2,0.0,100.0,0,0,True
3024655,1,39.0,47.0,0,0,False
3024659,9,0.0,30.0,0,0,True
3024661,3,0.0,25.0,0,0,True
3024665,10,0.0,24.0,0,0,True
3024668,9,0.0,30.0,0,1,True
3024671,10,0.0,30.0,0,0,True
3024673,11,0.0,30.0,0,1,True
3024676,5,0.0,30.0,0,0,True
3024677,4,0.0,30.0,0,0,True
3024679,7,0.0,31.0,0,0,True
3024681,5,0.0,30.0,0,0,True
3024682,7,0.0,30.0,0,0,True
3024696,3,0.0,94.0,0,0,True
3024698,6,0.0,318.0,0,0,True
3024701,2,0.0,45.0,0,0,True
3024705,2,0.0,43.0,0,0,True
3024717,6,0.0,50.0,0,0,True
3024718,8,0.0,146.0,0,0,True
3024730,4,0.0,161.0,0,0,True
3024732,4,0.0,222.0,0,0,True
3024734,8,0.0,125.0,0,0,True
3024738,4,0.0,138.0,0,0,True
3024740,6,0.0,259.0,0,0,True
3024753,3,0.0,47.0,0,0,True
3024783,4,0.0,160.0,0,0,True
3024785,3,0.5,16.0,0,0,True
3024787,3,0.5,16.0,0,0,True
3024788,4,0.0,36.0,0,0,True
3024789,4,0.5,16.0,0,0,True
3024790,2,0.5,16.0,0,0,True
3024791,3,0.5,16.0,0,0,True
3024792,3,0.5,16.0,0,0,True
3024795,6,0.5,20.0,0,0,True
3024796,4,0.5,20.0,0,0,True
3024797,6,0.5,20.0,0,0,True
3024816,12,0.0,135.0,0,0,True
3024828,3,0.0,75.0,0,0,True
3024829,3,0.0,63.0,0,0,True
3024850,2,0.0,45.0,0,0,True
3024859,2,0.0,34.0,0,0,True
3024860,2,0.0,120.0,0,0,True
3024883,4,0.0,64.0,0,0,True
3024885,6,0.0,83.0,0,0,True
3024886,6,0.0,62.0,0,0,True
3024887,5,0.0,142.0,0,1,True
3024898,4,0.0,178.0,0,0,True
3024913,4,0.0,121.0,0,0,True
3024914,3,0.0,201.0,0,0,True
3024952,6,0.0,126.0,0,0,True
3024957,6,0.0,126.0,0,0,True
3024962,5,0.0,200.0,0,0,True
3024964,2,0.0,38.0,0,0,True
3024974,5,0.0,200.0,0,0,True
3025032,6,0.0,179.0,2,1,True
3025035,5,0.0,70.0,0,0,True
3025053,3,5.0,205.0,0,0,False
3025055,5,0.0,114.0,0,0,True
3025056,5,0.0,114.0,0,1,True
3025057,3,0.0,55.0,0,0,True
3025073,4,0.0,61.0,0,1,True
3025075,6,0.0,138.0,0,0,True
3025089,7,0.0,84.0,0,0,True
3025091,9,0.0,221.0,0,0,True
3025093,4,0.5,49.0,0,0,True
3025094,6,0.5,49.0,0,0,True
3025098,3,0.5,43.0,0,0,True
3025110,3,0.0,260.0,0,0,True
3025114,5,0.0,98.0,0,0,True
3025124,3,0.0,64.0,0,0,True
3025138,6,0.0,74.0,0,0,True
3025146,7,0.0,130.0,0,0,True
3025148,4,0.0,140.0,0,0,True
3025150,11,0.0,35.0,0,8,True
3025151,13,0.0,48.0,0,9,True
3025152,12,0.5,44.5,0,9,True
3025153,2,0.0,141.0,0,0,True
3025155,4,0.0,121.0,0,0,True
3025156,4,0.0,121.0,0,0,True
3025157,13,0.5,47.0,0,9,True
3025158,15,0.0,48.0,0,8,True
3025159,14,0.5,48.0,0,10,True
3025204,7,0.0,145.0,0,0,True
3025207,4,0.0,182.0,0,0,True
3025216,2,0.0,84.0,0,0,True
3025218,3,0.0,113.0,0,0,True
3025244,3,3.0,120.0,0,0,False
3025246,7,0.0,90.0,0,0,True
3025248,3,0.0,141.0,0,0,True
3025281,6,0.0,130.0,0,0,True
3025338,5,0.0,151.0,0,0,True
3025342,2,0.0,220.0,0,0,True
3025343,5,0.0,135.0,0,0,True
3025345,5,0.0,70.0,0,0,True
3025350,4,0.0,242.0,0,0,True
3025369,6,0.0,93.0,0,0,True
3025394,4,0.0,89.0,0,0,True
3025427,10,0.0,148.0,0,0,True
3025429,2,0.0,142.0,0,1,True
3025433,3,0.0,84.0,0,0,True
3025460,2,0.0,118.0,0,0,True
3025482,4,0.0,23.0,0,0,True
3025489,3,0.5,22.0,0,0,True
3025491,2,0.0,23.0,0,0,True
3025493,3,1.5,23.0,0,0,False
3025495,7,0.0,23.0,0,0,True
3025499,6,2.0,21.0,0,0,False
3025501,6,1.0,26.0,0,0,True
3025504,6,0.0,24.0,0,0,True
3025505,5,0.0,26.0,0,0,True
3025506,6,1.0,25.0,0,0,True
3025507,3,1.0,24.0,0,0,True
3025508,3,1.0,26.0,0,0,True
3025509,4,0.0,25.0,0,0,True
3025510,5,1.0,25.0,0,0,True
3025519,2,0.0,140.0,0,0,True
3025558,5,0.0,165.0,0,0,True
3025559,3,0.0,50.0,0,0,True
3025561,5,0.0,140.0,0,0,True
3025563,5,0.0,121.0,0,0,True
3025568,7,0.0,27.0,0,0,True
3025569,3,1.0,29.0,0,0,True
3025572,6,0.0,29.0,0,0,True
3025573,3,1.0,23.0,0,0,True
3025574,7,0.0,29.0,0,1,True
3025575,5,1.0,26.0,0,0,True
3025578,4,1.0,30.0,0,0,True
3025579,8,0.0,32.0,0,0,True
3025581,5,1.0,29.0,0,0,True
3025583,5,0.0,28.0,0,0,True
3025584,4,0.0,26.0,1,0,True
3025586,5,1.0,26.0,0,0,True
3025593,3,0.0,152.0,0,0,True
3025616,7,0.0,202.0,0,0,True
3025639,6,0.0,90.0,0,0,True
3025672,6,7.0,278.0,0,0,False
3025673,6,0.0,78.0,0,0,True
3025676,8,0.0,63.0,0,0,True
3025677,6,0.0,439.0,0,0,True
3025678,6,0.0,132.0,0,0,True
3025682,2,0.0,62.0,0,0,True
3025683,2,0.5,24.0,0,0,True
3025685,3,0.0,24.0,0,0,True
3025686,2,0.5,24.0,0,0,True
3025688,5,0.5,23.0,0,0,True
3025689,2,0.0,24.0,0,0,True
3025691,4,0.0,22.0,0,0,True
3025692,2,0.5,23.0,0,0,True
3025698,6,0.0,178.0,0,0,True
3025699,3,0.5,8.0,0,0,True
3025701,3,0.5,12.0,0,0,True
3025702,3,0.0,46.0,0,0,True
3025703,3,0.0,240.0,0,0,True
3025704,2,0.5,8.0,0,0,True
3025705,3,0.0,75.0,0,0,True
3025706,2,0.5,12.0,0,0,True
3025709,1,0.5,12.0,0,0,True
3025710,3,0.5,12.0,0,0,True
3025717,7,0.0,161.0,0,0,True
3025718,7,0.0,202.0,0,0,True
3025739,6,0.5,20.0,0,0,True
3025740,3,0.5,24.0,0,0,True
3025741,4,0.5,24.9,0,0,True
3025744,4,0.0,102.0,0,0,True
3025766,3,0.0,141.0,0,0,True
3025769,6,0.0,201.0,0,0,True
3025774,5,0.0,55.0,0,0,True
3025776,6,0.0,201.0,0,0,True
3025779,3,0.0,76.0,0,0,True
3025787,2,0.0,98.0,0,0,True
3025824,4,0.0,180.0,0,0,True
3025837,3,8.0,90.0,0,0,False
3025862,4,0.0,115.0,0,0,True
3025878,5,0.0,160.0,0,0,True
3025890,8,0.0,60.0,0,0,True
3025947,4,0.0,61.0,0,0,True
3025961,8,0.0,230.0,0,1,True
3025984,4,0.0,105.0,0,0,True
3026001,6,0.0,105.0,0,0,True
3026005,6,0.0,159.0,0,0,True
3026006,5,0.0,120.0,0,0,True
3026007,6,0.0,53.0,0,0,True
3026009,3,0.0,85.0,0,0,True
3026013,4,0.0,43.0,0,0,True
3026016,6,0.0,73.0,0,0,True
3026017,3,0.0,87.0,0,0,True
3026019,5,0.0,78.0,0,0,True
3026043,7,0.0,161.0,0,0,True
3026044,5,0.0,161.0,0,1,True
3026045,4,0.0,141.0,0,0,True
3026046,3,0.0,141.0,0,0,True
3026051,3,0.0,121.0,0,0,True
3026055,2,0.0,40.0,0,0,True
3026071,6,0.0,222.0,0,0,True
3026075,4,0.0,73.0,0,0,True
3026076,4,0.0,18.0,0,0,True
3026077,3,0.0,40.0,0,0,True
3026082,2,0.0,107.0,0,0,True
3026085,4,0.0,94.0,0,0,True
3026108,2,0.0,46.0,0,0,True
3026121,5,0.0,87.0,0,0,True
3026122,4,0.0,90.0,0,0,True
3026126,3,0.0,182.0,0,0,True
3026139,5,0.0,51.0,0,0,True
3026147,4,0.0,16.0,0,0,True
3026148,4,0.0,16.0,0,0,True
3026149,4,0.0,16.0,0,0,True
3026152,6,0.0,119.0,0,0,True
3026156,4,0.0,222.0,0,0,True
3026207,3,0.0,160.0,0,0,True
3026210,2,0.0,141.0,0,0,True
3026213,7,0.0,80.0,0,0,True
3026219,3,0.0,121.0,0,0,True
3026228,6,0.0,138.0,0,0,True
3026231,2,0.0,78.0,0,0,True
3026236,2,0.0,82.0,0,0,True
3026253,4,0.0,178.0,0,0,True
3026308,6,0.0,150.0,0,0,True
3026319,7,0.0,254.0,0,0,True
3026324,4,0.0,120.0,0,0,True
3026327,6,0.0,210.0,0,0,True
3026330,6,0.0,193.0,0,0,True
3026332,6,0.0,142.0,0,0,True
3026341,4,0.0,418.0,0,0,True
3026345,3,292.0,430.0,0,0,False
3026355,2,0.0,51.0,0,0,True
3026358,5,0.0,520.0,0,0,True
3026380,3,0.0,118.0,0,0,True
3026382,3,0.0,78.0,0,0,True
3026384,3,0.0,178.0,0,0,True
3026385,2,0.0,48.0,0,0,True
3026392,6,0.0,110.0,0,0,True
3026405,3,0.0,137.0,0,0,True
3026424,3,0.0,120.0,0,0,True
3026425,3,0.0,97.0,0,0,True
3026439,2,0.0,62.0,0,0,True
3026443,3,0.0,90.0,0,0,True
3026475,3,0.0,160.0,0,0,True
3026483,2,0.0,63.0,0,0,True
3026504,5,0.0,139.0,0,0,True
3026505,5,0.0,319.0,0,0,True
3026506,4,0.0,76.0,0,0,True
3026520,5,0.0,94.0,0,0,True
3026524,7,0.0,141.0,0,0,True
3026525,6,0.0,146.0,0,0,True
3026531,5,0.0,119.0,0,0,True
3026532,5,0.0,92.0,0,0,True
3026533,8,0.0,315.0,0,0,True
3026547,3,0.0,121.0,0,0,True
3026620,3,0.0,113.0,0,0,True
3026629,4,0.0,169.0,0,0,True
3026635,7,14.0,90.0,0,0,False
3026646,9,0.0,182.0,0,0,True
3026647,5,0.0,77.0,0,0,True
3026648,9,32.0,146.0,2,0,False
3026650,5,0.0,142.0,0,0,True
3026658,3,0.0,98.0,0,0,True
3026660,3,0.0,160.0,0,0,True
3026679,7,0.0,105.0,0,0,True
3026681,6,0.0,72.0,0,0,True
3026683,8,0.0,182.0,0,0,True
3026688,9,0.0,100.0,0,0,True
3026698,4,0.0,104.0,0,0,True
3026715,5,0.0,65.0,0,0,True
3026717,5,0.0,145.0,0,0,True
3026719,3,0.0,70.0,0,0,True
3026723,3,0.0,141.0,0,0,True
3026762,6,0.0,182.0,0,0,True
3026777,9,8.0,130.0,0,0,False
3026778,7,0.0,160.0,0,0,True
3026819,5,0.0,117.0,0,0,True
3026832,4,0.0,148.0,0,0,True
3026846,6,0.5,20.3,0,0,True
3026847,3,0.5,20.1,0,0,True
3026848,4,0.5,20.0,0,0,True
3026850,5,11.0,63.0,0,0,False
3026870,3,0.0,10.0,0,0,True
3026874,7,0.0,70.0,0,0,True
3026877,5,0.0,100.0,0,0,True
3026879,6,0.0,161.0,0,0,True
3026932,3,14.0,173.0,1,0,False
3026933,6,0.0,122.0,0,0,True
3026937,5,0.0,202.0,0,0,True
3026992,5,0.0,178.0,0,0,True
3027003,3,0.0,54.0,0,0,True
3027016,3,0.0,117.0,0,0,True
3027031,4,0.0,73.0,0,0,True
3027039,4,0.0,103.0,0,1,True
3027055,4,0.0,80.0,0,0,True
3027112,3,0.0,125.0,0,0,True
3027137,2,0.0,48.0,0,0,True
3027149,1,0.0,5.0,0,0,True
3027150,1,0.0,7.0,0,0,True
3027151,1,0.0,5.0,0,0,True
3027152,1,0.0,7.0,0,0,True
3027153,1,0.0,6.0,0,0,True
3027154,1,0.0,7.0,0,0,True
3027161,1,0.0,7.0,0,0,True
3027163,1,0.0,7.0,0,0,True
3027170,1,0.0,7.0,0,0,True
3027184,1,0.0,7.0,0,0,True
3027187,1,0.0,7.0,0,0,True
3027189,1,0.0,7.0,0,0,True
3027190,1,0.0,7.0,0,0,True
3027193,1,0.0,7.0,0,0,True
3027194,1,0.0,7.0,0,0,True
3027195,1,0.0,7.0,0,0,True
3027196,1,0.0,7.0,0,0,True
3027197,1,0.0,7.0,0,0,True
3027198,1,0.0,7.0,0,0,True
3027199,1,0.0,7.0,0,0,True
3027200,1,0.0,7.0,0,0,True
3027201,1,0.0,7.0,0,0,True
3027247,1,0.0,7.0,0,0,True
3027249,1,0.0,7.0,0,0,True
3027251,1,0.0,7.0,0,0,True
3027253,1,0.0,7.0,0,0,True
3027256,1,0.0,7.0,0,0,True
3027257,1,0.0,7.0,0,0,True
3027258,1,0.0,7.0,0,0,True
3027259,1,0.0,7.0,0,0,True
3027260,1,0.0,7.0,0,0,True
3027261,1,0.0,7.0,0,0,True
3027262,1,0.0,7.0,0,0,True
3027269,5,0.0,110.0,0,0,True
3027281,5,0.0,169.0,0,0,True
3027303,1,0.0,7.0,0,0,True
3027305,1,0.0,7.0,0,0,True
3027308,1,0.0,7.0,0,0,True
3027309,1,0.0,7.0,0,0,True
3027312,1,0.0,7.0,0,0,True
3027315,1,0.0,7.0,0,0,True
3027317,1,0.0,7.0,0,0,True
3027319,1,0.0,7.0,0,0,True
3027320,1,0.0,7.0,0,0,True
3027322,1,0.0,7.0,0,0,True
3027325,1,0.0,7.0,0,0,True
3027327,1,0.0,7.0,0,0,True
3027329,1,0.0,7.0,0,0,True
3027332,1,0.0,7.0,0,0,True
3027336,1,0.0,7.0,0,0,True
3027338,1,0.0,7.0,0,0,True
3027340,1,0.0,7.0,0,0,True
3027343,1,0.0,7.0,0,0,True
3027345,1,0.0,7.0,0,0,True
3027346,1,0.0,7.0,0,0,True
3027347,1,0.0,7.0,0,0,True
3027348,1,0.0,7.0,0,0,True
3027350,1,0.0,7.0,0,0,True
3027351,1,0.0,7.0,0,0,True
3027352,1,0.0,7.0,0,0,True
3027353,1,0.0,7.0,0,0,True
3027354,1,0.0,7.0,0,0,True
3027356,5,0.8,21.0,0,0,True
3027357,4,0.8,22.0,0,0,True
3027358,8,0.7,20.0,1,0,True
3027359,5,0.7,21.0,0,0,True
3027377,2,0.6,14.9,0,0,True
3027378,2,0.8,28.0,0,0,True
3027379,2,0.8,29.0,0,0,True
3027380,3,0.0,55.0,0,0,True
3027381,5,0.0,100.0,0,0,True
3027383,6,0.0,130.0,0,0,True
3027385,3,0.0,121.0,0,0,True
3027387,8,0.0,35.0,0,1,True
3027388,8,0.0,32.0,0,0,True
3027392,6,1.0,20.0,0,0,True
3027402,5,0.0,32.0,0,0,True
3027405,5,0.0,40.0,0,0,True
3027408,6,0.0,40.0,0,0,True
3027412,5,0.0,25.0,0,0,True
3027416,3,0.0,70.0,0,0,True
3027417,4,0.0,125.0,0,0,True
3027432,5,0.0,101.0,0,0,True
3027471,6,0.0,142.0,0,0,True
3027473,5,0.0,161.0,0,1,True
3027474,5,0.0,133.0,0,0,True
3027478,4,0.5,20.0,0,0,True
3027479,7,0.5,16.0,0,0,True
3027480,8,0.5,20.0,0,0,True
3027482,7,0.7,20.0,0,0,True
3027484,7,0.5,18.0,0,0,True
3027495,9,0.0,50.0,0,0,True
3027496,6,0.5,45.0,0,0,True
3027497,5,0.5,45.0,0,0,True
3027551,3,0.0,77.0,0,0,True
3027557,4,0.5,14.0,0,0,True
3027562,2,0.0,48.0,0,0,True
3027607,5,0.5,20.0,0,0,True
3027608,6,0.0,20.0,0,0,True
3027609,8,0.0,24.0,0,0,True
3027610,4,0.0,20.0,0,0,True
3027611,6,0.0,20.0,0,0,True
3027612,6,0.0,24.0,0,0,True
3027614,3,0.5,20.0,0,0,True
3027633,1,0.0,9.0,0,0,True
3027634,7,0.0,61.0,0,0,True
3027661,13,0.0,212.0,0,2,True
3027669,7,0.0,87.0,0,0,True
3027671,3,0.0,33.0,0,0,True
3027672,12,0.0,203.0,0,2,True
3027673,9,0.0,180.0,0,0,True
3027675,3,0.0,98.0,0,0,True
3027678,9,0.0,180.0,0,0,True
3027685,8,73.0,235.0,1,0,False
3027686,3,0.0,52.0,0,0,True
3027688,2,0.0,42.0,0,0,True
3027701,3,0.0,12.0,0,0,True
3027702,6,0.0,14.0,0,0,True
3027704,7,0.0,16.0,0,0,True
3027705,3,0.7,16.0,0,0,True
3027752,4,0.0,86.0,0,0,True
3027756,5,0.0,60.0,0,0,True
3027763,4,0.0,16.0,0,0,True
3027765,4,0.0,16.0,0,0,True
3027766,4,0.0,22.0,0,0,True
3027767,4,0.0,22.0,0,0,True
3027772,4,0.5,20.0,0,0,True
3027773,2,0.5,20.0,0,0,True
3027774,3,0.5,20.0,0,0,True
3027780,3,0.0,35.0,0,0,True
3027819,4,0.0,79.0,0,0,True
3027821,8,0.0,161.0,0,0,True
3027847,2,0.0,98.0,0,0,True
3027850,5,0.0,120.0,0,0,True
3027856,3,0.0,61.0,0,0,True
3027866,4,0.0,100.0,0,0,True
3027884,5,0.0,100.0,0,0,True
3027896,4,0.5,16.0,0,0,True
3027906,6,0.0,141.0,0,0,True
3027910,8,9.0,162.0,1,0,False
3027926,6,0.0,122.0,0,0,True
3027930,2,0.0,82.0,0,0,True
3027954,4,0.0,97.0,0,0,True
3027989,5,0.0,126.0,0,0,True
3027990,3,0.0,79.0,0,0,True
3027992,4,0.0,118.0,0,0,True
3027993,4,0.0,44.0,0,0,True
3028048,3,0.5,37.0,0,0,True
3028055,4,0.5,34.0,0,0,True
3028065,3,0.5,29.0,0,0,True
3028091,2,0.5,20.0,0,0,True
3028092,6,0.0,142.0,0,0,True
3028093,1,0.5,20.0,0,0,True
3028094,2,0.0,18.0,0,0,True
3028095,4,0.5,20.0,0,0,True
3028102,6,0.0,101.0,0,0,True
3028111,2,0.0,135.0,0,0,True
3028120,3,0.0,87.0,0,0,True
3028159,5,0.0,342.0,0,0,True
3028173,7,0.0,24.0,0,0,True
3028174,7,0.0,24.0,0,1,True
3028175,7,0.5,27.0,0,1,True
3028178,6,0.0,24.0,0,0,True
3028180,5,0.0,24.0,0,0,True
3028201,5,0.0,30.0,0,0,True
3028202,4,0.0,40.0,0,0,True
3028203,8,0.0,52.0,0,0,True
3028204,6,0.0,46.0,0,0,True
3028205,5,0.0,22.0,0,0,True
3028207,6,0.0,184.0,0,0,True
3028209,6,0.0,101.0,0,0,True
3028212,8,0.0,124.0,0,0,True
3028219,1,0.5,20.0,0,0,True
3028220,2,0.5,18.0,0,0,True
3028221,3,0.5,18.0,0,0,True
3028226,2,0.4,12.0,0,0,True
3028227,4,0.4,30.0,0,0,True
3028229,3,0.4,32.0,0,0,True
3028233,8,0.0,77.0,0,0,True
3028234,11,0.0,147.0,0,0,True
3028250,10,0.0,157.0,0,0,True
3028252,12,0.0,122.0,0,0,True
3028257,9,0.5,58.0,0,0,True
3028271,7,0.0,418.0,0,0,True
3028272,2,0.0,105.0,0,0,True
3028279,3,0.0,55.0,0,0,True
3028281,9,0.0,70.0,0,0,True
3028282,6,0.0,76.0,0,0,True
3028292,3,0.0,55.0,0,0,True
3028293,7,0.0,202.0,0,0,True
3028316,6,0.0,182.0,0,0,True
3028321,4,0.0,179.0,0,0,True
3028324,1,0.0,64.0,0,0,True
3028341,4,0.0,163.0,0,0,True
3028350,4,0.0,182.0,0,0,True
3028351,4,0.0,43.0,0,0,True
3028356,5,0.0,65.0,0,0,True
3028357,2,0.5,65.0,0,0,True
3028358,6,0.5,60.0,0,0,True
3028359,4,0.0,65.0,0,0,True
3028443,5,0.0,122.0,0,0,True
3028461,5,0.0,81.0,0,0,True
3028463,7,0.0,20.0,0,0,True
3028464,6,0.0,28.0,0,0,True
3028465,5,0.0,28.0,0,0,True
3028480,8,0.0,28.0,0,0,True
3028494,7,0.0,97.0,0,0,True
3028503,4,0.0,218.0,0,0,True
3028584,5,0.0,121.0,0,0,True
3028586,5,0.0,242.0,0,0,True
3028587,6,0.0,520.0,0,0,True
3028606,2,0.0,95.0,0,0,True
3028610,8,0.0,420.0,0,0,True
3028632,4,0.0,111.0,0,0,True
3028634,4,0.0,202.0,0,0,True
3028640,7,0.0,127.0,0,0,True
3028644,5,0.0,151.0,0,0,True
3028658,3,5.0,142.0,0,0,False
3028677,4,0.0,64.0,0,1,True
3028683,8,0.0,302.0,0,0,True
3028693,5,0.0,84.0,0,0,True
3028703,10,0.0,140.0,0,0,True
3028729,5,0.0,170.0,0,0,True
3028730,7,0.0,80.0,0,0,True
3028744,6,0.0,141.0,0,0,True
3028745,3,0.0,70.0,0,0,True
3028766,5,0.0,74.0,0,0,True
3028768,4,0.0,174.0,0,0,True
3028792,8,0.0,90.0,0,0,True
3028830,3,0.0,135.0,0,0,True
3028856,2,0.0,51.5,0,0,True
3028880,6,0.0,179.0,0,0,True
3028884,5,0.0,158.0,0,0,True
3028885,2,0.0,136.0,0,0,True
3028910,5,0.0,121.0,0,0,True
3028951,3,0.0,112.0,0,0,True
3028952,7,0.0,138.0,0,0,True
3028965,4,0.0,75.0,0,0,True
3028972,2,0.0,118.0,0,0,True
3028984,8,0.0,80.0,0,0,True
3029023,5,0.0,142.0,0,0,True
3029026,4,0.0,76.0,0,0,True
3029032,4,0.0,40.0,0,0,True
3029037,4,0.0,121.0,0,0,True
3029060,4,0.0,142.0,0,0,True
3029063,9,0.0,117.0,0,0,True
3029151,5,0.0,161.0,0,0,True
3029152,4,0.0,296.0,0,0,True
3029158,3,0.5,14.0,0,0,True
3029159,1,0.5,14.0,0,0,True
3029160,1,0.5,14.0,0,0,True
3029168,4,0.0,121.0,0,0,True
3029187,3,0.0,163.0,0,0,True
3029189,3,0.0,70.0,0,0,True
3029190,3,0.0,36.0,0,0,True
3029227,7,0.0,124.0,0,0,True
3029255,4,0.0,178.0,0,0,True
3029278,6,0.0,181.0,0,0,True
3029279,4,0.0,110.0,1,0,True
3029294,4,0.0,182.0,0,0,True
3029298,4,0.0,77.0,0,0,True
3029302,5,0.0,100.0,0,0,True
3029329,5,0.0,41.0,0,0,True
3029333,5,0.0,46.0,0,0,True
3029334,6,0.0,70.0,0,0,True
3029335,5,0.0,103.0,0,0,True
3029338,3,0.0,202.0,0,1,True
3029368,10,19.0,110.0,0,0,False
3029369,3,0.0,141.0,0,1,True
3029379,3,0.5,16.5,0,0,True
3029380,4,0.5,16.5,0,0,True
3029383,4,0.5,12.0,0,0,True
3029385,5,0.0,300.0,0,0,True
3029386,6,0.0,160.0,0,0,True
3029394,6,0.0,242.0,0,1,True
3029396,3,0.0,110.0,0,0,True
3029416,4,0.0,115.0,0,0,True
3029478,3,0.0,46.0,0,0,True
3029505,3,0.0,101.0,0,0,True
3029510,5,0.0,58.0,0,0,True
3029526,3,0.0,78.0,0,0,True
3029556,5,0.5,14.0,0,0,True
3029557,9,0.5,13.5,0,0,True
3029558,4,0.5,14.0,0,0,True
3029619,2,0.0,21.0,0,0,True
3029622,2,0.0,21.0,0,0,True
3029624,2,0.0,21.0,0,0,True
3029628,3,0.0,21.0,0,0,True
3029630,2,0.0,21.0,0,0,True
3029644,3,0.0,109.0,0,0,True
3029653,5,0.0,113.0,0,0,True
3029654,4,0.0,160.0,0,0,True
3029731,3,14.0,122.0,0,0,False
3029732,3,0.0,82.0,0,0,True
3029746,12,0.0,100.0,0,0,True
3029816,4,0.0,141.0,0,0,True
3029818,3,0.0,202.0,0,0,True
3029819,3,0.0,150.0,0,0,True
3029821,3,0.0,58.0,0,0,True
3029826,3,0.0,46.0,0,0,True
3029832,2,0.0,101.0,0,0,True
3029863,7,0.0,201.0,0,0,True
3029868,5,0.0,230.0,0,0,True
3029906,4,0.0,101.0,0,0,True
3029911,4,0.0,79.0,0,0,True
3029916,6,0.0,70.0,0,0,True
3029928,8,0.0,210.0,0,0,True
3029931,5,0.0,75.0,0,0,True
3029932,16,1.0,75.0,0,2,True
3029933,2,1.0,15.0,0,0,True
3029934,4,1.0,15.0,0,0,True
3029945,5,0.5,65.0,0,0,True
3029970,6,0.0,67.0,0,0,True
3029976,6,0.0,302.0,0,0,True
3030003,3,0.0,121.0,0,0,True
3030007,5,0.0,65.0,0,0,True
3030010,2,0.0,63.0,0,0,True
3030024,4,0.0,110.0,0,0,True
3030027,4,0.0,39.0,0,0,True
3030040,2,0.0,98.0,0,0,True
3030050,5,0.0,115.0,0,0,True
3030072,2,0.0,142.0,0,1,True
3030078,6,0.0,119.0,0,0,True
3030079,4,0.0,50.0,0,0,True
3030080,4,0.0,64.0,0,0,True
3030106,5,0.0,163.0,0,0,True
3030113,4,0.0,198.0,0,0,True
3030142,5,0.0,75.0,0,0,True
3030144,3,0.0,51.0,0,0,True
3030166,5,0.0,162.0,0,0,True
3030191,4,0.0,218.0,0,0,True
3030210,6,0.0,319.0,0,0,True
3030219,3,0.0,51.0,0,0,True
3030229,7,0.0,182.0,0,0,True
3030230,3,0.0,83.0,0,0,True
3030254,4,0.0,160.0,0,0,True
3030255,6,0.0,105.0,0,1,True
3030286,5,0.0,46.0,0,0,True
3030295,2,0.0,40.0,0,0,True
3030318,4,0.0,128.0,0,0,True
3030329,3,0.0,104.0,0,0,True
3030364,2,0.0,50.0,0,0,True
3030366,3,0.0,72.0,0,0,True
3030391,4,0.0,88.0,0,0,True
3030392,5,0.0,65.0,0,0,True
3030394,3,0.0,50.0,0,0,True
3030395,5,0.0,65.0,0,0,True
3030413,5,0.0,98.0,0,0,True
3030435,3,0.0,42.0,0,0,True
3030436,6,0.0,87.0,0,0,True
3030441,4,0.0,69.0,0,0,True
3030444,5,0.0,50.0,0,0,True
3030461,6,0.0,182.0,0,0,True
3030472,5,0.0,98.0,0,0,True
3030511,5,0.0,195.0,0,0,True
3030556,4,0.0,127.0,0,0,True
3030558,3,0.0,112.0,0,0,True
3030578,6,0.0,102.0,0,0,True
3030581,5,0.0,110.0,0,0,True
3030599,4,0.0,90.0,0,0,True
3030615,2,0.0,141.0,0,0,True
3030653,6,0.0,165.0,0,0,True
3030657,2,0.0,45.0,0,0,True
3030660,2,0.0,101.0,0,0,True
3030720,3,0.0,55.0,0,0,True
3030725,6,0.0,70.0,0,0,True
3030728,2,0.0,83.0,0,0,True
3030730,3,0.0,174.0,0,0,True
3030745,10,0.0,599.0,0,0,True
3030756,4,13.0,342.0,0,0,False
3030757,5,0.0,69.0,0,0,True
3030759,5,0.0,107.0,0,1,True
3030788,12,0.0,106.0,0,0,True
3030830,14,0.0,230.0,0,1,True
3030832,9,0.0,50.0,0,2,True
3030841,7,0.0,45.0,0,1,True
3030874,7,0.0,45.0,0,0,True
3030876,6,0.0,45.0,0,0,True
3030878,7,0.0,50.0,0,0,True
3030892,6,0.0,141.0,0,0,True
3030900,9,0.0,182.0,0,0,True
3030910,7,0.0,52.0,0,0,True
3030918,5,0.0,60.0,0,0,True
3030987,4,0.0,86.0,0,0,True
3030996,4,0.0,145.0,0,0,True
3031016,7,0.0,70.0,0,0,True
3031044,9,0.0,150.0,0,0,True
3031045,7,0.0,179.0,0,0,True
3031046,8,0.0,179.0,0,0,True
3031047,6,0.0,168.0,0,0,True
3031048,5,0.0,82.0,0,0,True
3031090,3,0.0,67.0,0,0,True
3031110,4,0.0,94.0,0,0,True
3031152,3,0.0,60.0,0,0,True
3031153,3,0.0,75.0,1,1,True
3031154,4,0.0,210.0,0,0,True
3031156,4,0.0,160.0,1,1,True
3031158,3,0.0,30.0,0,0,True
3031162,3,0.0,30.0,0,0,True
3031163,3,0.0,30.0,0,0,True
3031164,3,0.0,30.0,0,0,True
3031166,3,0.0,160.0,0,0,True
3031169,5,0.0,30.0,0,0,True
3031170,5,0.0,30.0,0,0,True
3031171,3,0.0,30.0,0,0,True
3031173,3,0.0,30.0,0,0,True
3031195,5,0.0,160.0,0,0,True
3031202,3,0.5,6.5,0,0,True
3031204,4,0.0,7.5,0,1,True
3031205,3,0.5,9.0,0,0,True
3031218,3,0.0,122.0,0,0,True
3031221,4,0.0,103.0,0,0,True
3031231,7,0.5,35.0,0,0,True
3031232,4,1.0,35.0,0,0,True
3031234,9,0.5,35.0,0,0,True
3031235,3,0.0,35.0,0,0,True
3031236,3,0.0,35.0,0,0,True
3031237,6,0.0,40.0,0,0,True
3031238,5,0.0,40.0,0,0,True
3031240,7,0.0,37.0,0,0,True
3031242,4,0.0,22.0,0,0,True
3031244,3,0.0,200.0,0,0,True
3031245,4,0.0,32.0,0,0,True
3031246,5,0.0,26.0,0,0,True
3031247,8,0.0,20.0,0,0,True
3031249,7,0.0,26.0,0,0,True
3031250,4,0.0,24.0,0,0,True
3031251,5,0.5,24.0,0,0,True
3031256,3,0.0,77.0,0,0,True
3031283,4,0.0,87.0,0,0,True
3031295,4,0.0,175.0,0,0,True
3031311,2,0.0,155.0,0,0,True
3031322,5,0.0,178.0,0,0,True
3031324,4,0.0,98.0,0,0,True
3031341,3,0.0,101.0,0,0,True
3031348,5,0.0,182.0,0,0,True
3031350,5,0.0,179.0,0,0,True
3031396,10,0.0,242.0,1,1,True
3031428,5,0.0,84.0,0,0,True
3031446,6,0.0,201.0,0,0,True
3031447,4,0.0,90.0,0,0,True
3031449,4,0.0,141.0,0,0,True
3031470,6,0.0,42.0,0,0,True
3031474,4,0.0,141.0,0,0,True
3031475,7,0.0,230.0,0,0,True
3031478,4,0.0,33.0,0,0,True
3031484,5,0.0,150.0,0,0,True
3031521,5,0.0,70.0,0,0,True
3031569,2,0.0,44.0,0,0,True
3031573,5,0.0,119.0,0,0,True
3031590,8,0.0,159.0,0,0,True
3031592,6,0.0,255.0,0,0,True
3031594,4,0.0,97.0,0,0,True
3031596,5,0.0,59.0,0,0,True
3031607,4,0.0,227.0,0,0,True
3031625,10,0.0,159.0,0,0,True
3031627,8,0.0,153.0,0,0,True
3031631,3,0.0,85.0,0,0,True
3031644,5,0.0,50.0,0,0,True
3031660,4,0.0,150.0,0,0,True
3031662,4,6.0,139.0,0,0,False
3031663,7,6.0,100.0,0,0,False
3031665,3,0.0,50.0,0,0,True
3031680,5,0.0,183.0,0,0,True
3031706,3,0.0,55.0,0,0,True
3031732,4,0.0,299.0,0,0,True
3031749,5,0.0,71.0,0,0,True
3031757,7,0.0,302.0,0,0,True
3031792,5,17.0,182.0,0,0,False
3031793,4,0.0,182.0,0,0,True
3031797,3,0.5,16.0,0,0,True
3031798,4,0.0,60.0,0,0,True
3031799,2,0.5,16.0,0,0,True
3031800,6,0.0,16.0,0,0,True
3031801,5,0.0,16.0,0,0,True
3031810,4,0.0,164.0,0,0,True
3031824,5,0.0,159.0,0,0,True
3031832,3,0.0,140.0,0,0,True
3031834,4,0.0,118.0,0,0,True
3031835,2,0.0,40.0,0,0,True
3031841,4,0.0,128.0,0,0,True
3031854,4,0.0,98.0,0,0,True
3031857,2,0.0,81.0,0,0,True
3031880,5,0.0,103.0,0,0,True
3031886,5,0.0,110.0,0,0,True
3031890,3,0.0,140.0,0,0,True
3031897,3,0.0,110.0,0,0,True
3031959,3,0.5,42.3,0,0,True
3031966,3,0.5,39.0,0,0,True
3031969,3,0.5,38.0,0,0,True
3032013,3,0.6,35.0,0,0,True
3032015,3,0.6,30.0,0,0,True
3032016,7,0.0,111.0,0,0,True
3032017,3,0.6,30.0,0,0,True
3032020,7,0.0,111.0,0,0,True
3032022,3,0.6,35.0,0,0,True
3032025,3,0.6,35.0,0,0,True
3032027,3,0.6,30.0,0,0,True
3032029,3,0.6,35.0,0,0,True
3032030,3,0.6,30.0,0,0,True
3032031,3,0.6,35.0,0,0,True
3032064,3,0.0,83.0,0,0,True
3032209,6,0.0,182.0,0,0,True
3032233,5,0.0,130.0,0,0,True
3032242,4,0.0,151.0,0,0,True
3032262,7,0.0,225.0,0,0,True
3032288,3,0.6,35.0,0,0,True
3032293,2,0.6,45.0,0,0,True
3032336,6,0.0,43.0,0,0,True
3032426,4,0.0,379.0,0,0,True
3032463,12,0.0,150.0,1,0,True
3032469,3,0.0,198.0,0,0,True
3032475,4,0.0,156.0,0,0,True
3032479,2,0.0,103.0,0,0,True
3032521,3,0.0,138.0,0,0,True
3032529,5,0.0,70.0,0,0,True
3032530,6,0.0,121.0,0,0,True
3032543,5,0.0,118.0,0,0,True
3032544,8,0.0,81.0,0,0,True
3032574,3,0.0,41.0,0,0,True
3032632,4,0.0,135.0,0,0,True
3032633,4,0.0,182.0,0,0,True
3032636,3,0.0,141.0,0,0,True
3032637,5,0.0,140.0,0,0,True
3032638,9,0.0,210.0,0,0,True
3032653,6,0.0,136.0,0,0,True
3032654,6,0.0,124.0,0,0,True
