prediction_target,omitted_obs,var_inc_pct
w001,streamflow,409.529
w001,w001,0.355
w001,w002,0.015
w001,w003,0.017
w001,w004,0.032
w001,w005,0.591
w001,w006,0.073
w001,w007,0.057
w001,w008,0.491
w001,w009,0.508
w001,w010,3.582
w001,w011,0.538
w001,w012,0.495
w001,w013,0.025
w001,w014,0.368
w001,w015,2.1
w001,w016,0.0
w001,w017,0.103
w001,w018,0.103
w001,w019,0.087
w001,w020,0.087
w001,w021,0.087
w001,w022,0.088
w001,w023,0.032
w001,w024,0.002
w001,w025,0.06
w001,w026,0.023
w001,w027,0.455
w001,w028,0.498
w001,w029,0.532
w001,w030,0.422
w001,w031,0.106
w001,w032,0.068
w001,w033,0.094
w001,w034,0.491
w001,w035,0.323
w001,w036,0.994
w001,w037,0.133
w001,w038,0.062
w001,w039,0.003
w001,w040,0.041
w001,w041,0.042
w001,w042,0.042
w001,w043,0.042
w001,w044,0.315
w001,w045,0.693
w001,w046,0.203
w001,w047,0.203
w001,w048,1.285
w001,w049,0.451
w001,w050,0.451
w001,w051,0.451
w001,w052,0.402
w001,w053,0.062
w001,w054,0.055
w001,w055,0.055
w001,w056,0.011
w001,w057,0.003
w001,w058,0.121
w001,w059,0.007
w001,w060,0.336
w001,w061,0.006
w001,w062,0.444
w001,w063,0.411
w001,w064,0.334
w001,w065,0.183
w001,w066,0.321
w001,w067,0.23
w001,w068,0.184
w001,w069,0.176
w001,w070,0.227
w001,w071,0.389
w001,w072,0.012
w001,w073,0.476
w001,w074,0.167
w001,w075,0.023
w001,w076,0.082
w001,w077,0.875
w001,w078,0.017
w001,w079,0.02
w001,w080,0.02
w001,w081,0.032
w001,w082,0.016
w001,w083,0.087
w001,w084,0.088
w001,w085,0.429
w002,streamflow,124.247
w002,w001,0.002
w002,w002,3.389
w002,w003,0.015
w002,w004,0.416
w002,w005,0.007
w002,w006,0.076
w002,w007,0.15
w002,w008,0.007
w002,w009,0.001
w002,w010,0.008
w002,w011,0.014
w002,w012,0.009
w002,w013,0.029
w002,w014,0.009
w002,w015,0.002
w002,w016,0.835
w002,w017,1.169
w002,w018,1.169
w002,w019,1.111
w002,w020,1.111
w002,w021,1.111
w002,w022,0.367
w002,w023,0.024
w002,w024,0.14
w002,w025,0.047
w002,w026,0.072
w002,w027,0.006
w002,w028,0.028
w002,w029,0.062
w002,w030,0.002
w002,w031,0.421
w002,w032,2.422
w002,w033,0.391
w002,w034,0.003
w002,w035,4.85
w002,w036,0.099
w002,w037,0.006
w002,w038,0.117
w002,w039,0.047
w002,w040,2.08
w002,w041,0.06
w002,w042,0.06
w002,w043,0.06
w002,w044,0.091
w002,w045,0.307
w002,w046,0.059
w002,w047,0.059
w002,w048,0.007
w002,w049,0.009
w002,w050,0.009
w002,w051,0.009
w002,w052,0.023
w002,w053,0.056
w002,w054,0.033
w002,w055,0.033
w002,w056,1.737
w002,w057,0.778
w002,w058,0.183
w002,w059,0.134
w002,w060,0.004
w002,w061,0.705
w002,w062,7.332
w002,w063,0.0
w002,w064,0.003
w002,w065,0.518
w002,w066,0.028
w002,w067,0.054
w002,w068,0.127
w002,w069,0.291
w002,w070,1.589
w002,w071,0.002
w002,w072,3.377
w002,w073,0.02
w002,w074,0.158
w002,w075,0.82
w002,w076,0.3
w002,w077,0.009
w002,w078,0.544
w002,w079,0.624
w002,w080,0.624
w002,w081,0.283
w002,w082,3.071
w002,w083,1.111
w002,w084,0.367
w002,w085,0.006
w003,streamflow,73.247
w003,w001,0.003
w003,w002,0.022
w003,w003,2.28
w003,w004,2.423
w003,w005,0.021
w003,w006,0.073
w003,w007,0.325
w003,w008,0.024
w003,w009,0.004
w003,w010,8.885
w003,w011,0.073
w003,w012,0.195
w003,w013,0.035
w003,w014,0.274
w003,w015,1.972
w003,w016,0.001
w003,w017,0.081
w003,w018,0.081
w003,w019,0.067
w003,w020,0.067
w003,w021,0.067
w003,w022,0.017
w003,w023,0.002
w003,w024,0.045
w003,w025,0.009
w003,w026,0.023
w003,w027,0.001
w003,w028,0.084
w003,w029,0.199
w003,w030,0.02
w003,w031,0.263
w003,w032,0.806
w003,w033,0.096
w003,w034,0.004
w003,w035,1.314
w003,w036,0.123
w003,w037,1.386
w003,w038,0.0
w003,w039,0.028
w003,w040,0.395
w003,w041,0.737
w003,w042,0.737
w003,w043,0.737
w003,w044,0.182
w003,w045,1.014
w003,w046,0.012
w003,w047,0.012
w003,w048,0.079
w003,w049,0.005
w003,w050,0.005
w003,w051,0.005
w003,w052,0.0
w003,w053,0.094
w003,w054,0.044
w003,w055,0.044
w003,w056,0.392
w003,w057,0.048
w003,w058,0.027
w003,w059,0.09
w003,w060,0.014
w003,w061,0.228
w003,w062,0.112
w003,w063,0.001
w003,w064,0.003
w003,w065,0.813
w003,w066,0.006
w003,w067,2.245
w003,w068,0.124
w003,w069,0.077
w003,w070,5.251
w003,w071,0.002
w003,w072,1.615
w003,w073,0.117
w003,w074,2.03
w003,w075,3.656
w003,w076,4.351
w003,w077,1.08
w003,w078,0.977
w003,w079,0.616
w003,w080,0.616
w003,w081,0.159
w003,w082,0.383
w003,w083,0.067
w003,w084,0.017
w003,w085,0.007
w004,streamflow,37.548
w004,w001,0.001
w004,w002,0.104
w004,w003,0.409
w004,w004,13.506
w004,w005,0.009
w004,w006,0.225
w004,w007,0.804
w004,w008,0.012
w004,w009,0.0
w004,w010,0.525
w004,w011,0.053
w004,w012,1.446
w004,w013,0.014
w004,w014,0.016
w004,w015,9.631
w004,w016,0.006
w004,w017,0.068
w004,w018,0.068
w004,w019,0.154
w004,w020,0.154
w004,w021,0.154
w004,w022,0.069
w004,w023,0.0
w004,w024,0.107
w004,w025,0.006
w004,w026,0.021
w004,w027,0.046
w004,w028,0.181
w004,w029,0.006
w004,w030,0.001
w004,w031,0.026
w004,w032,0.008
w004,w033,0.099
w004,w034,0.0
w004,w035,0.195
w004,w036,0.082
w004,w037,2.153
w004,w038,0.124
w004,w039,0.251
w004,w040,0.484
w004,w041,0.01
w004,w042,0.01
w004,w043,0.01
w004,w044,1.159
w004,w045,0.752
w004,w046,0.38
w004,w047,0.38
w004,w048,0.006
w004,w049,0.024
w004,w050,0.024
w004,w051,0.024
w004,w052,0.031
w004,w053,0.129
w004,w054,0.024
w004,w055,0.024
w004,w056,2.52
w004,w057,0.228
w004,w058,0.009
w004,w059,0.171
w004,w060,0.025
w004,w061,0.379
w004,w062,5.174
w004,w063,0.003
w004,w064,0.0
w004,w065,10.851
w004,w066,0.0
w004,w067,7.143
w004,w068,0.022
w004,w069,0.504
w004,w070,6.09
w004,w071,0.0
w004,w072,0.804
w004,w073,0.086
w004,w074,0.851
w004,w075,2.766
w004,w076,9.072
w004,w077,0.289
w004,w078,1.586
w004,w079,1.621
w004,w080,1.621
w004,w081,0.584
w004,w082,0.522
w004,w083,0.154
w004,w084,0.069
w004,w085,0.005
w005,streamflow,196.015
w005,w001,0.174
w005,w002,0.02
w005,w003,0.039
w005,w004,0.098
w005,w005,1.201
w005,w006,0.373
w005,w007,0.151
w005,w008,0.769
w005,w009,0.706
w005,w010,0.283
w005,w011,1.146
w005,w012,0.911
w005,w013,0.243
w005,w014,0.129
w005,w015,0.323
w005,w016,0.078
w005,w017,0.127
w005,w018,0.127
w005,w019,0.147
w005,w020,0.147
w005,w021,0.147
w005,w022,0.373
w005,w023,0.13
w005,w024,0.211
w005,w025,0.287
w005,w026,0.225
w005,w027,0.611
w005,w028,1.1
w005,w029,0.205
w005,w030,0.261
w005,w031,0.007
w005,w032,0.284
w005,w033,0.068
w005,w034,0.68
w005,w035,0.489
w005,w036,3.211
w005,w037,0.01
w005,w038,0.364
w005,w039,0.165
w005,w040,0.085
w005,w041,0.404
w005,w042,0.404
w005,w043,0.404
w005,w044,0.002
w005,w045,0.192
w005,w046,0.984
w005,w047,0.984
w005,w048,0.337
w005,w049,0.625
w005,w050,0.625
w005,w051,0.625
w005,w052,0.512
w005,w053,0.495
w005,w054,0.459
w005,w055,0.459
w005,w056,0.799
w005,w057,0.02
w005,w058,0.147
w005,w059,0.062
w005,w060,0.478
w005,w061,0.002
w005,w062,1.631
w005,w063,0.422
w005,w064,0.194
w005,w065,0.124
w005,w066,0.308
w005,w067,0.033
w005,w068,0.049
w005,w069,0.61
w005,w070,0.144
w005,w071,0.231
w005,w072,0.257
w005,w073,1.114
w005,w074,1.267
w005,w075,0.366
w005,w076,0.0
w005,w077,0.057
w005,w078,0.001
w005,w079,0.029
w005,w080,0.029
w005,w081,0.167
w005,w082,0.009
w005,w083,0.147
w005,w084,0.373
w005,w085,0.669
w006,streamflow,77.548
w006,w001,0.02
w006,w002,0.198
w006,w003,0.127
w006,w004,2.338
w006,w005,0.345
w006,w006,1.299
w006,w007,1.254
w006,w008,0.145
w006,w009,0.17
w006,w010,0.493
w006,w011,0.235
w006,w012,4.682
w006,w013,0.066
w006,w014,0.09
w006,w015,0.313
w006,w016,0.203
w006,w017,1.869
w006,w018,1.869
w006,w019,1.878
w006,w020,1.878
w006,w021,1.878
w006,w022,1.192
w006,w023,0.027
w006,w024,0.819
w006,w025,0.206
w006,w026,0.271
w006,w027,0.116
w006,w028,0.202
w006,w029,0.01
w006,w030,0.036
w006,w031,0.006
w006,w032,0.006
w006,w033,0.035
w006,w034,0.154
w006,w035,0.153
w006,w036,0.966
w006,w037,2.061
w006,w038,0.765
w006,w039,0.028
w006,w040,2.227
w006,w041,0.003
w006,w042,0.003
w006,w043,0.003
w006,w044,0.153
w006,w045,0.069
w006,w046,0.99
w006,w047,0.99
w006,w048,0.001
w006,w049,0.124
w006,w050,0.124
w006,w051,0.124
w006,w052,0.092
w006,w053,0.121
w006,w054,0.147
w006,w055,0.147
w006,w056,0.518
w006,w057,0.039
w006,w058,0.101
w006,w059,0.457
w006,w060,0.102
w006,w061,0.641
w006,w062,0.271
w006,w063,0.068
w006,w064,0.024
w006,w065,5.415
w006,w066,0.077
w006,w067,6.346
w006,w068,0.03
w006,w069,0.87
w006,w070,5.823
w006,w071,0.027
w006,w072,0.984
w006,w073,0.203
w006,w074,0.311
w006,w075,0.808
w006,w076,3.575
w006,w077,0.007
w006,w078,0.661
w006,w079,1.037
w006,w080,1.037
w006,w081,0.688
w006,w082,0.439
w006,w083,1.878
w006,w084,1.192
w006,w085,0.142
w007,streamflow,36.882
w007,w001,0.012
w007,w002,0.293
w007,w003,0.428
w007,w004,6.277
w007,w005,0.105
w007,w006,0.941
w007,w007,1.73
w007,w008,0.042
w007,w009,0.065
w007,w010,0.131
w007,w011,0.048
w007,w012,3.818
w007,w013,0.014
w007,w014,0.076
w007,w015,1.981
w007,w016,0.087
w007,w017,1.322
w007,w018,1.322
w007,w019,1.375
w007,w020,1.375
w007,w021,1.375
w007,w022,0.564
w007,w023,0.017
w007,w024,0.444
w007,w025,0.124
w007,w026,0.202
w007,w027,0.027
w007,w028,0.022
w007,w029,0.028
w007,w030,0.025
w007,w031,0.027
w007,w032,0.099
w007,w033,0.025
w007,w034,0.059
w007,w035,0.524
w007,w036,0.256
w007,w037,2.466
w007,w038,0.532
w007,w039,0.057
w007,w040,1.457
w007,w041,0.04
w007,w042,0.04
w007,w043,0.04
w007,w044,0.04
w007,w045,0.038
w007,w046,0.273
w007,w047,0.273
w007,w048,0.005
w007,w049,0.035
w007,w050,0.035
w007,w051,0.035
w007,w052,0.03
w007,w053,0.012
w007,w054,0.034
w007,w055,0.034
w007,w056,0.708
w007,w057,0.098
w007,w058,0.13
w007,w059,0.68
w007,w060,0.031
w007,w061,1.15
w007,w062,1.09
w007,w063,0.019
w007,w064,0.009
w007,w065,8.667
w007,w066,0.045
w007,w067,7.83
w007,w068,0.008
w007,w069,0.933
w007,w070,9.877
w007,w071,0.011
w007,w072,1.604
w007,w073,0.028
w007,w074,0.0
w007,w075,1.037
w007,w076,5.166
w007,w077,0.126
w007,w078,1.555
w007,w079,1.846
w007,w080,1.846
w007,w081,1.002
w007,w082,0.596
w007,w083,1.375
w007,w084,0.564
w007,w085,0.044
w008,streamflow,229.265
w008,w001,0.21
w008,w002,0.028
w008,w003,0.067
w008,w004,0.189
w008,w005,1.113
w008,w006,0.227
w008,w007,0.088
w008,w008,0.83
w008,w009,0.703
w008,w010,0.035
w008,w011,1.181
w008,w012,0.435
w008,w013,0.235
w008,w014,0.092
w008,w015,0.179
w008,w016,0.028
w008,w017,0.043
w008,w018,0.043
w008,w019,0.046
w008,w020,0.046
w008,w021,0.046
w008,w022,0.195
w008,w023,0.14
w008,w024,0.178
w008,w025,0.273
w008,w026,0.208
w008,w027,0.65
w008,w028,1.184
w008,w029,0.318
w008,w030,0.304
w008,w031,0.063
w008,w032,0.067
w008,w033,0.166
w008,w034,0.69
w008,w035,0.19
w008,w036,2.995
w008,w037,0.005
w008,w038,0.328
w008,w039,0.077
w008,w040,0.015
w008,w041,0.313
w008,w042,0.313
w008,w043,0.313
w008,w044,0.001
w008,w045,0.089
w008,w046,0.848
w008,w047,0.848
w008,w048,0.513
w008,w049,0.668
w008,w050,0.668
w008,w051,0.668
w008,w052,0.572
w008,w053,0.509
w008,w054,0.417
w008,w055,0.417
w008,w056,1.786
w008,w057,0.142
w008,w058,0.222
w008,w059,0.065
w008,w060,0.515
w008,w061,0.0
w008,w062,0.419
w008,w063,0.454
w008,w064,0.22
w008,w065,0.014
w008,w066,0.357
w008,w067,0.124
w008,w068,0.027
w008,w069,0.499
w008,w070,0.161
w008,w071,0.272
w008,w072,0.153
w008,w073,1.185
w008,w074,1.337
w008,w075,0.91
w008,w076,0.126
w008,w077,0.14
w008,w078,0.003
w008,w079,0.021
w008,w080,0.021
w008,w081,0.146
w008,w082,0.008
w008,w083,0.046
w008,w084,0.195
w008,w085,0.681
w009,streamflow,246.329
w009,w001,0.238
w009,w002,0.004
w009,w003,0.012
w009,w004,0.002
w009,w005,1.12
w009,w006,0.292
w009,w007,0.15
w009,w008,0.77
w009,w009,0.757
w009,w010,0.032
w009,w011,1.076
w009,w012,0.894
w009,w013,0.189
w009,w014,0.191
w009,w015,1.179
w009,w016,0.044
w009,w017,0.091
w009,w018,0.091
w009,w019,0.108
w009,w020,0.108
w009,w021,0.108
w009,w022,0.217
w009,w023,0.12
w009,w024,0.063
w009,w025,0.231
w009,w026,0.162
w009,w027,0.616
w009,w028,0.972
w009,w029,0.301
w009,w030,0.33
w009,w031,0.014
w009,w032,0.322
w009,w033,0.055
w009,w034,0.707
w009,w035,0.551
w009,w036,2.797
w009,w037,0.052
w009,w038,0.285
w009,w039,0.096
w009,w040,0.033
w009,w041,0.396
w009,w042,0.396
w009,w043,0.396
w009,w044,0.063
w009,w045,0.62
w009,w046,0.614
w009,w047,0.614
w009,w048,0.586
w009,w049,0.623
w009,w050,0.623
w009,w051,0.623
w009,w052,0.517
w009,w053,0.364
w009,w054,0.355
w009,w055,0.355
w009,w056,0.352
w009,w057,0.02
w009,w058,0.142
w009,w059,0.044
w009,w060,0.472
w009,w061,0.004
w009,w062,0.549
w009,w063,0.469
w009,w064,0.254
w009,w065,0.305
w009,w066,0.34
w009,w067,0.002
w009,w068,0.012
w009,w069,0.61
w009,w070,0.107
w009,w071,0.296
w009,w072,0.253
w009,w073,1.003
w009,w074,0.772
w009,w075,0.126
w009,w076,0.112
w009,w077,0.241
w009,w078,0.003
w009,w079,0.048
w009,w080,0.048
w009,w081,0.159
w009,w082,0.0
w009,w083,0.108
w009,w084,0.217
w009,w085,0.669
w010,streamflow,108.8
w010,w001,0.054
w010,w002,0.001
w010,w003,0.855
w010,w004,0.3
w010,w005,0.014
w010,w006,0.027
w010,w007,0.01
w010,w008,0.001
w010,w009,0.001
w010,w010,23.695
w010,w011,0.027
w010,w012,0.381
w010,w013,0.039
w010,w014,0.334
w010,w015,1.311
w010,w016,0.006
w010,w017,0.008
w010,w018,0.008
w010,w019,0.022
w010,w020,0.022
w010,w021,0.022
w010,w022,0.066
w010,w023,0.0
w010,w024,0.076
w010,w025,0.018
w010,w026,0.02
w010,w027,0.012
w010,w028,0.034
w010,w029,0.619
w010,w030,0.096
w010,w031,0.565
w010,w032,0.992
w010,w033,0.211
w010,w034,0.0
w010,w035,0.974
w010,w036,0.134
w010,w037,0.092
w010,w038,0.135
w010,w039,0.138
w010,w040,0.784
w010,w041,0.865
w010,w042,0.865
w010,w043,0.865
w010,w044,0.048
w010,w045,0.348
w010,w046,0.264
w010,w047,0.264
w010,w048,0.365
w010,w049,0.004
w010,w050,0.004
w010,w051,0.004
w010,w052,0.031
w010,w053,0.079
w010,w054,0.069
w010,w055,0.069
w010,w056,0.006
w010,w057,0.552
w010,w058,0.096
w010,w059,0.002
w010,w060,0.001
w010,w061,0.046
w010,w062,0.809
w010,w063,0.007
w010,w064,0.044
w010,w065,0.235
w010,w066,0.034
w010,w067,0.007
w010,w068,0.302
w010,w069,0.002
w010,w070,0.895
w010,w071,0.046
w010,w072,0.791
w010,w073,0.066
w010,w074,2.656
w010,w075,0.892
w010,w076,0.234
w010,w077,2.117
w010,w078,0.276
w010,w079,0.062
w010,w080,0.062
w010,w081,0.004
w010,w082,0.342
w010,w083,0.022
w010,w084,0.066
w010,w085,0.0
w011,streamflow,180.887
w011,w001,0.153
w011,w002,0.039
w011,w003,0.133
w011,w004,0.578
w011,w005,1.107
w011,w006,0.246
w011,w007,0.066
w011,w008,0.788
w011,w009,0.656
w011,w010,0.516
w011,w011,1.243
w011,w012,0.589
w011,w013,0.28
w011,w014,0.051
w011,w015,0.02
w011,w016,0.081
w011,w017,0.137
w011,w018,0.137
w011,w019,0.125
w011,w020,0.125
w011,w021,0.125
w011,w022,0.398
w011,w023,0.144
w011,w024,0.276
w011,w025,0.28
w011,w026,0.216
w011,w027,0.638
w011,w028,1.275
w011,w029,0.229
w011,w030,0.232
w011,w031,0.048
w011,w032,0.07
w011,w033,0.178
w011,w034,0.634
w011,w035,0.24
w011,w036,3.24
w011,w037,0.005
w011,w038,0.342
w011,w039,0.152
w011,w040,0.023
w011,w041,0.401
w011,w042,0.401
w011,w043,0.401
w011,w044,0.046
w011,w045,0.041
w011,w046,1.166
w011,w047,1.166
w011,w048,0.303
w011,w049,0.643
w011,w050,0.643
w011,w051,0.643
w011,w052,0.549
w011,w053,0.632
w011,w054,0.494
w011,w055,0.494
w011,w056,2.673
w011,w057,0.163
w011,w058,0.23
w011,w059,0.062
w011,w060,0.511
w011,w061,0.0
w011,w062,0.864
w011,w063,0.403
w011,w064,0.169
w011,w065,0.004
w011,w066,0.31
w011,w067,0.1
w011,w068,0.061
w011,w069,0.521
w011,w070,0.246
w011,w071,0.21
w011,w072,0.158
w011,w073,1.246
w011,w074,1.875
w011,w075,1.223
w011,w076,0.292
w011,w077,0.014
w011,w078,0.025
w011,w079,0.005
w011,w080,0.005
w011,w081,0.124
w011,w082,0.013
w011,w083,0.125
w011,w084,0.398
w011,w085,0.641
w012,streamflow,16.776
w012,w001,0.016
w012,w002,0.003
w012,w003,0.039
w012,w004,1.729
w012,w005,0.097
w012,w006,0.538
w012,w007,0.585
w012,w008,0.032
w012,w009,0.06
w012,w010,0.799
w012,w011,0.065
w012,w012,11.298
w012,w013,0.001
w012,w014,0.073
w012,w015,0.012
w012,w016,0.429
w012,w017,5.562
w012,w018,5.562
w012,w019,4.774
w012,w020,4.774
w012,w021,4.774
w012,w022,3.443
w012,w023,0.002
w012,w024,0.398
w012,w025,0.011
w012,w026,0.017
w012,w027,0.032
w012,w028,0.046
w012,w029,0.023
w012,w030,0.009
w012,w031,0.097
w012,w032,0.698
w012,w033,0.036
w012,w034,0.048
w012,w035,1.641
w012,w036,0.194
w012,w037,2.941
w012,w038,0.248
w012,w039,0.0
w012,w040,0.171
w012,w041,0.424
w012,w042,0.424
w012,w043,0.424
w012,w044,2.407
w012,w045,3.908
w012,w046,1.287
w012,w047,1.287
w012,w048,0.017
w012,w049,0.034
w012,w050,0.034
w012,w051,0.034
w012,w052,0.02
w012,w053,0.009
w012,w054,0.017
w012,w055,0.017
w012,w056,0.261
w012,w057,0.186
w012,w058,0.001
w012,w059,0.075
w012,w060,0.027
w012,w061,0.052
w012,w062,0.521
w012,w063,0.025
w012,w064,0.018
w012,w065,7.8
w012,w066,0.013
w012,w067,2.89
w012,w068,0.05
w012,w069,0.807
w012,w070,0.377
w012,w071,0.017
w012,w072,0.272
w012,w073,0.037
w012,w074,2.021
w012,w075,0.018
w012,w076,2.356
w012,w077,0.173
w012,w078,0.359
w012,w079,0.471
w012,w080,0.471
w012,w081,0.243
w012,w082,0.359
w012,w083,4.774
w012,w084,3.443
w012,w085,0.025
w013,streamflow,125.364
w013,w001,0.024
w013,w002,0.268
w013,w003,0.213
w013,w004,0.512
w013,w005,0.784
w013,w006,0.23
w013,w007,0.064
w013,w008,0.525
w013,w009,0.385
w013,w010,2.464
w013,w011,0.937
w013,w012,0.034
w013,w013,0.372
w013,w014,0.005
w013,w015,0.291
w013,w016,0.137
w013,w017,0.0
w013,w018,0.0
w013,w019,0.004
w013,w020,0.004
w013,w021,0.004
w013,w022,0.12
w013,w023,0.184
w013,w024,0.282
w013,w025,0.321
w013,w026,0.305
w013,w027,0.368
w013,w028,0.971
w013,w029,0.074
w013,w030,0.064
w013,w031,0.041
w013,w032,0.006
w013,w033,0.178
w013,w034,0.37
w013,w035,0.026
w013,w036,2.945
w013,w037,0.178
w013,w038,0.384
w013,w039,0.117
w013,w040,0.02
w013,w041,0.327
w013,w042,0.327
w013,w043,0.327
w013,w044,0.484
w013,w045,0.29
w013,w046,0.738
w013,w047,0.738
w013,w048,0.001
w013,w049,0.39
w013,w050,0.39
w013,w051,0.39
w013,w052,0.337
w013,w053,0.728
w013,w054,0.59
w013,w055,0.59
w013,w056,3.887
w013,w057,0.512
w013,w058,0.209
w013,w059,0.112
w013,w060,0.295
w013,w061,0.027
w013,w062,0.109
w013,w063,0.18
w013,w064,0.031
w013,w065,0.09
w013,w066,0.157
w013,w067,0.0
w013,w068,0.455
w013,w069,0.529
w013,w070,0.0
w013,w071,0.046
w013,w072,0.074
w013,w073,0.987
w013,w074,1.144
w013,w075,1.388
w013,w076,0.601
w013,w077,0.028
w013,w078,0.015
w013,w079,0.024
w013,w080,0.024
w013,w081,0.201
w013,w082,0.002
w013,w083,0.004
w013,w084,0.12
w013,w085,0.415
w014,streamflow,149.739
w014,w001,0.148
w014,w002,0.035
w014,w003,0.706
w014,w004,0.243
w014,w005,0.175
w014,w006,0.132
w014,w007,0.148
w014,w008,0.087
w014,w009,0.163
w014,w010,8.94
w014,w011,0.071
w014,w012,0.93
w014,w013,0.002
w014,w014,0.885
w014,w015,1.876
w014,w016,0.005
w014,w017,0.44
w014,w018,0.44
w014,w019,0.398
w014,w020,0.398
w014,w021,0.398
w014,w022,0.326
w014,w023,0.0
w014,w024,0.037
w014,w025,0.01
w014,w026,0.004
w014,w027,0.178
w014,w028,0.049
w014,w029,0.405
w014,w030,0.221
w014,w031,0.074
w014,w032,0.02
w014,w033,0.025
w014,w034,0.15
w014,w035,0.098
w014,w036,0.175
w014,w037,0.458
w014,w038,0.003
w014,w039,0.011
w014,w040,0.0
w014,w041,0.178
w014,w042,0.178
w014,w043,0.178
w014,w044,0.156
w014,w045,0.279
w014,w046,0.145
w014,w047,0.145
w014,w048,0.572
w014,w049,0.126
w014,w050,0.126
w014,w051,0.126
w014,w052,0.136
w014,w053,0.003
w014,w054,0.0
w014,w055,0.0
w014,w056,1.146
w014,w057,0.057
w014,w058,0.027
w014,w059,0.006
w014,w060,0.075
w014,w061,0.004
w014,w062,0.99
w014,w063,0.137
w014,w064,0.162
w014,w065,0.362
w014,w066,0.12
w014,w067,0.003
w014,w068,0.348
w014,w069,0.082
w014,w070,0.054
w014,w071,0.156
w014,w072,0.029
w014,w073,0.026
w014,w074,0.444
w014,w075,1.29
w014,w076,1.233
w014,w077,1.089
w014,w078,0.183
w014,w079,0.075
w014,w080,0.075
w014,w081,0.024
w014,w082,0.093
w014,w083,0.398
w014,w084,0.326
w014,w085,0.109
w015,streamflow,54.629
w015,w001,0.04
w015,w002,0.0
w015,w003,0.244
w015,w004,7.067
w015,w005,0.021
w015,w006,0.022
w015,w007,0.186
w015,w008,0.008
w015,w009,0.049
w015,w010,1.687
w015,w011,0.001
w015,w012,0.007
w015,w013,0.006
w015,w014,0.09
w015,w015,18.406
w015,w016,0.061
w015,w017,0.524
w015,w018,0.524
w015,w019,0.257
w015,w020,0.257
w015,w021,0.257
w015,w022,0.662
w015,w023,0.005
w015,w024,0.929
w015,w025,0.011
w015,w026,0.005
w015,w027,0.002
w015,w028,0.063
w015,w029,0.014
w015,w030,0.053
w015,w031,0.046
w015,w032,0.245
w015,w033,0.15
w015,w034,0.044
w015,w035,0.005
w015,w036,0.0
w015,w037,0.27
w015,w038,0.0
w015,w039,0.072
w015,w040,0.016
w015,w041,0.159
w015,w042,0.159
w015,w043,0.159
w015,w044,2.66
w015,w045,3.273
w015,w046,1.016
w015,w047,1.016
w015,w048,0.201
w015,w049,0.001
w015,w050,0.001
w015,w051,0.001
w015,w052,0.001
w015,w053,0.121
w015,w054,0.008
w015,w055,0.008
w015,w056,8.01
w015,w057,0.462
w015,w058,0.058
w015,w059,0.002
w015,w060,0.0
w015,w061,0.042
w015,w062,1.652
w015,w063,0.022
w015,w064,0.035
w015,w065,3.774
w015,w066,0.013
w015,w067,0.247
w015,w068,0.017
w015,w069,0.248
w015,w070,0.176
w015,w071,0.032
w015,w072,0.23
w015,w073,0.01
w015,w074,1.453
w015,w075,2.293
w015,w076,5.483
w015,w077,0.848
w015,w078,0.517
w015,w079,0.41
w015,w080,0.41
w015,w081,0.101
w015,w082,0.081
w015,w083,0.257
w015,w084,0.663
w015,w085,0.027
w016,streamflow,57.615
w016,w001,0.0
w016,w002,1.036
w016,w003,0.001
w016,w004,0.031
w016,w005,0.034
w016,w006,0.097
w016,w007,0.055
w016,w008,0.008
w016,w009,0.012
w016,w010,0.05
w016,w011,0.037
w016,w012,1.774
w016,w013,0.019
w016,w014,0.002
w016,w015,0.414
w016,w016,2.731
w016,w017,4.281
w016,w018,4.281
w016,w019,3.562
w016,w020,3.562
w016,w021,3.562
w016,w022,2.396
w016,w023,0.003
w016,w024,0.076
w016,w025,0.0
w016,w026,0.0
w016,w027,0.015
w016,w028,0.041
w016,w029,0.001
w016,w030,0.0
w016,w031,0.049
w016,w032,0.206
w016,w033,0.077
w016,w034,0.006
w016,w035,0.187
w016,w036,0.179
w016,w037,0.239
w016,w038,0.014
w016,w039,0.021
w016,w040,2.215
w016,w041,0.115
w016,w042,0.115
w016,w043,0.115
w016,w044,0.782
w016,w045,0.286
w016,w046,0.36
w016,w047,0.36
w016,w048,0.061
w016,w049,0.018
w016,w050,0.018
w016,w051,0.018
w016,w052,0.032
w016,w053,0.046
w016,w054,0.042
w016,w055,0.042
w016,w056,0.983
w016,w057,0.319
w016,w058,0.032
w016,w059,0.0
w016,w060,0.006
w016,w061,0.016
w016,w062,19.375
w016,w063,0.001
w016,w064,0.0
w016,w065,0.202
w016,w066,0.002
w016,w067,0.016
w016,w068,0.0
w016,w069,0.322
w016,w070,0.303
w016,w071,0.0
w016,w072,1.171
w016,w073,0.018
w016,w074,0.055
w016,w075,0.794
w016,w076,0.248
w016,w077,0.201
w016,w078,0.071
w016,w079,0.065
w016,w080,0.065
w016,w081,0.044
w016,w082,2.038
w016,w083,3.562
w016,w084,2.396
w016,w085,0.005
w017,streamflow,8.798
w017,w001,0.004
w017,w002,0.474
w017,w003,0.022
w017,w004,0.11
w017,w005,0.018
w017,w006,0.291
w017,w007,0.274
w017,w008,0.004
w017,w009,0.008
w017,w010,0.022
w017,w011,0.02
w017,w012,7.527
w017,w013,0.0
w017,w014,0.047
w017,w015,1.155
w017,w016,1.4
w017,w017,8.348
w017,w018,8.348
w017,w019,6.817
w017,w020,6.817
w017,w021,6.817
w017,w022,4.716
w017,w023,0.006
w017,w024,0.544
w017,w025,0.0
w017,w026,0.0
w017,w027,0.023
w017,w028,0.037
w017,w029,0.001
w017,w030,0.002
w017,w031,0.027
w017,w032,0.036
w017,w033,0.058
w017,w034,0.006
w017,w035,0.028
w017,w036,0.052
w017,w037,1.64
w017,w038,0.097
w017,w039,0.0
w017,w040,0.624
w017,w041,0.053
w017,w042,0.053
w017,w043,0.053
w017,w044,1.665
w017,w045,1.285
w017,w046,1.364
w017,w047,1.364
w017,w048,0.001
w017,w049,0.017
w017,w050,0.017
w017,w051,0.017
w017,w052,0.027
w017,w053,0.017
w017,w054,0.004
w017,w055,0.004
w017,w056,2.291
w017,w057,0.086
w017,w058,0.033
w017,w059,0.038
w017,w060,0.012
w017,w061,0.158
w017,w062,7.432
w017,w063,0.004
w017,w064,0.005
w017,w065,2.827
w017,w066,0.009
w017,w067,0.778
w017,w068,0.117
w017,w069,0.457
w017,w070,0.136
w017,w071,0.004
w017,w072,1.893
w017,w073,0.008
w017,w074,1.13
w017,w075,0.74
w017,w076,0.035
w017,w077,0.196
w017,w078,0.256
w017,w079,0.265
w017,w080,0.265
w017,w081,0.119
w017,w082,1.808
w017,w083,6.817
w017,w084,4.716
w017,w085,0.001
w018,streamflow,8.798
w018,w001,0.004
w018,w002,0.474
w018,w003,0.022
w018,w004,0.11
w018,w005,0.018
w018,w006,0.291
w018,w007,0.274
w018,w008,0.004
w018,w009,0.008
w018,w010,0.022
w018,w011,0.02
w018,w012,7.527
w018,w013,0.0
w018,w014,0.047
w018,w015,1.155
w018,w016,1.4
w018,w017,8.348
w018,w018,8.348
w018,w019,6.817
w018,w020,6.817
w018,w021,6.817
w018,w022,4.716
w018,w023,0.006
w018,w024,0.544
w018,w025,0.0
w018,w026,0.0
w018,w027,0.023
w018,w028,0.037
w018,w029,0.001
w018,w030,0.002
w018,w031,0.027
w018,w032,0.036
w018,w033,0.058
w018,w034,0.006
w018,w035,0.028
w018,w036,0.052
w018,w037,1.64
w018,w038,0.097
w018,w039,0.0
w018,w040,0.624
w018,w041,0.053
w018,w042,0.053
w018,w043,0.053
w018,w044,1.665
w018,w045,1.285
w018,w046,1.364
w018,w047,1.364
w018,w048,0.001
w018,w049,0.017
w018,w050,0.017
w018,w051,0.017
w018,w052,0.027
w018,w053,0.017
w018,w054,0.004
w018,w055,0.004
w018,w056,2.291
w018,w057,0.086
w018,w058,0.033
w018,w059,0.038
w018,w060,0.012
w018,w061,0.158
w018,w062,7.432
w018,w063,0.004
w018,w064,0.005
w018,w065,2.827
w018,w066,0.009
w018,w067,0.778
w018,w068,0.117
w018,w069,0.457
w018,w070,0.136
w018,w071,0.004
w018,w072,1.893
w018,w073,0.008
w018,w074,1.13
w018,w075,0.74
w018,w076,0.035
w018,w077,0.196
w018,w078,0.256
w018,w079,0.265
w018,w080,0.265
w018,w081,0.119
w018,w082,1.808
w018,w083,6.817
w018,w084,4.716
w018,w085,0.001
w019,streamflow,11.152
w019,w001,0.004
w019,w002,0.544
w019,w003,0.022
w019,w004,0.301
w019,w005,0.026
w019,w006,0.352
w019,w007,0.344
w019,w008,0.006
w019,w009,0.012
w019,w010,0.077
w019,w011,0.023
w019,w012,7.79
w019,w013,0.0
w019,w014,0.051
w019,w015,0.683
w019,w016,1.405
w019,w017,8.218
w019,w018,8.218
w019,w019,6.924
w019,w020,6.924
w019,w021,6.924
w019,w022,4.576
w019,w023,0.004
w019,w024,0.543
w019,w025,0.0
w019,w026,0.002
w019,w027,0.022
w019,w028,0.034
w019,w029,0.0
w019,w030,0.003
w019,w031,0.021
w019,w032,0.038
w019,w033,0.049
w019,w034,0.008
w019,w035,0.005
w019,w036,0.071
w019,w037,1.572
w019,w038,0.139
w019,w039,0.002
w019,w040,0.646
w019,w041,0.059
w019,w042,0.059
w019,w043,0.059
w019,w044,1.977
w019,w045,1.535
w019,w046,1.301
w019,w047,1.301
w019,w048,0.0
w019,w049,0.017
w019,w050,0.017
w019,w051,0.017
w019,w052,0.024
w019,w053,0.016
w019,w054,0.007
w019,w055,0.007
w019,w056,1.868
w019,w057,0.088
w019,w058,0.032
w019,w059,0.051
w019,w060,0.013
w019,w061,0.219
w019,w062,5.336
w019,w063,0.004
w019,w064,0.004
w019,w065,3.665
w019,w066,0.009
w019,w067,0.832
w019,w068,0.083
w019,w069,0.527
w019,w070,0.194
w019,w071,0.004
w019,w072,1.869
w019,w073,0.009
w019,w074,0.973
w019,w075,0.677
w019,w076,0.077
w019,w077,0.2
w019,w078,0.33
w019,w079,0.359
w019,w080,0.359
w019,w081,0.163
w019,w082,1.855
w019,w083,6.924
w019,w084,4.576
w019,w085,0.002
w020,streamflow,11.152
w020,w001,0.004
w020,w002,0.544
w020,w003,0.022
w020,w004,0.301
w020,w005,0.026
w020,w006,0.352
w020,w007,0.344
w020,w008,0.006
w020,w009,0.012
w020,w010,0.077
w020,w011,0.023
w020,w012,7.79
w020,w013,0.0
w020,w014,0.051
w020,w015,0.683
w020,w016,1.405
w020,w017,8.218
w020,w018,8.218
w020,w019,6.924
w020,w020,6.924
w020,w021,6.924
w020,w022,4.576
w020,w023,0.004
w020,w024,0.543
w020,w025,0.0
w020,w026,0.002
w020,w027,0.022
w020,w028,0.034
w020,w029,0.0
w020,w030,0.003
w020,w031,0.021
w020,w032,0.038
w020,w033,0.049
w020,w034,0.008
w020,w035,0.005
w020,w036,0.071
w020,w037,1.572
w020,w038,0.139
w020,w039,0.002
w020,w040,0.646
w020,w041,0.059
w020,w042,0.059
w020,w043,0.059
w020,w044,1.977
w020,w045,1.535
w020,w046,1.301
w020,w047,1.301
w020,w048,0.0
w020,w049,0.017
w020,w050,0.017
w020,w051,0.017
w020,w052,0.024
w020,w053,0.016
w020,w054,0.007
w020,w055,0.007
w020,w056,1.868
w020,w057,0.088
w020,w058,0.032
w020,w059,0.051
w020,w060,0.013
w020,w061,0.219
w020,w062,5.336
w020,w063,0.004
w020,w064,0.004
w020,w065,3.665
w020,w066,0.009
w020,w067,0.832
w020,w068,0.083
w020,w069,0.527
w020,w070,0.194
w020,w071,0.004
w020,w072,1.869
w020,w073,0.009
w020,w074,0.973
w020,w075,0.677
w020,w076,0.077
w020,w077,0.2
w020,w078,0.33
w020,w079,0.359
w020,w080,0.359
w020,w081,0.163
w020,w082,1.855
w020,w083,6.924
w020,w084,4.576
w020,w085,0.002
w021,streamflow,11.152
w021,w001,0.004
w021,w002,0.544
w021,w003,0.022
w021,w004,0.301
w021,w005,0.026
w021,w006,0.352
w021,w007,0.344
w021,w008,0.006
w021,w009,0.012
w021,w010,0.077
w021,w011,0.023
w021,w012,7.79
w021,w013,0.0
w021,w014,0.051
w021,w015,0.683
w021,w016,1.405
w021,w017,8.218
w021,w018,8.218
w021,w019,6.924
w021,w020,6.924
w021,w021,6.924
w021,w022,4.576
w021,w023,0.004
w021,w024,0.543
w021,w025,0.0
w021,w026,0.002
w021,w027,0.022
w021,w028,0.034
w021,w029,0.0
w021,w030,0.003
w021,w031,0.021
w021,w032,0.038
w021,w033,0.049
w021,w034,0.008
w021,w035,0.005
w021,w036,0.071
w021,w037,1.572
w021,w038,0.139
w021,w039,0.002
w021,w040,0.646
w021,w041,0.059
w021,w042,0.059
w021,w043,0.059
w021,w044,1.977
w021,w045,1.535
w021,w046,1.301
w021,w047,1.301
w021,w048,0.0
w021,w049,0.017
w021,w050,0.017
w021,w051,0.017
w021,w052,0.024
w021,w053,0.016
w021,w054,0.007
w021,w055,0.007
w021,w056,1.868
w021,w057,0.088
w021,w058,0.032
w021,w059,0.051
w021,w060,0.013
w021,w061,0.219
w021,w062,5.336
w021,w063,0.004
w021,w064,0.004
w021,w065,3.665
w021,w066,0.009
w021,w067,0.832
w021,w068,0.083
w021,w069,0.527
w021,w070,0.194
w021,w071,0.004
w021,w072,1.869
w021,w073,0.009
w021,w074,0.973
w021,w075,0.677
w021,w076,0.077
w021,w077,0.2
w021,w078,0.33
w021,w079,0.359
w021,w080,0.359
w021,w081,0.163
w021,w082,1.855
w021,w083,6.924
w021,w084,4.576
w021,w085,0.002
w022,streamflow,42.638
w022,w001,0.006
w022,w002,0.232
w022,w003,0.007
w022,w004,0.174
w022,w005,0.083
w022,w006,0.288
w022,w007,0.182
w022,w008,0.03
w022,w009,0.031
w022,w010,0.292
w022,w011,0.092
w022,w012,7.239
w022,w013,0.008
w022,w014,0.054
w022,w015,2.269
w022,w016,1.218
w022,w017,7.326
w022,w018,7.326
w022,w019,5.896
w022,w020,5.896
w022,w021,5.896
w022,w022,5.374
w022,w023,0.001
w022,w024,0.787
w022,w025,0.008
w022,w026,0.01
w022,w027,0.075
w022,w028,0.154
w022,w029,0.004
w022,w030,0.007
w022,w031,0.024
w022,w032,0.002
w022,w033,0.089
w022,w034,0.028
w022,w035,0.207
w022,w036,0.278
w022,w037,1.064
w022,w038,0.078
w022,w039,0.021
w022,w040,0.352
w022,w041,0.095
w022,w042,0.095
w022,w043,0.095
w022,w044,1.233
w022,w045,1.282
w022,w046,2.067
w022,w047,2.067
w022,w048,0.002
w022,w049,0.057
w022,w050,0.057
w022,w051,0.057
w022,w052,0.066
w022,w053,0.08
w022,w054,0.039
w022,w055,0.039
w022,w056,3.262
w022,w057,0.099
w022,w058,0.039
w022,w059,0.025
w022,w060,0.044
w022,w061,0.043
w022,w062,7.101
w022,w063,0.016
w022,w064,0.009
w022,w065,1.266
w022,w066,0.019
w022,w067,0.23
w022,w068,0.089
w022,w069,0.472
w022,w070,0.003
w022,w071,0.009
w022,w072,0.819
w022,w073,0.071
w022,w074,2.073
w022,w075,1.061
w022,w076,0.008
w022,w077,0.287
w022,w078,0.075
w022,w079,0.084
w022,w080,0.084
w022,w081,0.066
w022,w082,0.88
w022,w083,5.896
w022,w084,5.374
w022,w085,0.021
w023,streamflow,102.22
w023,w001,0.049
w023,w002,0.352
w023,w003,0.019
w023,w004,0.013
w023,w005,0.673
w023,w006,0.151
w023,w007,0.127
w023,w008,0.5
w023,w009,0.391
w023,w010,0.015
w023,w011,0.768
w023,w012,0.088
w023,w013,0.295
w023,w014,0.001
w023,w015,0.418
w023,w016,0.031
w023,w017,0.2
w023,w018,0.2
w023,w019,0.116
w023,w020,0.116
w023,w021,0.116
w023,w022,0.023
w023,w023,0.233
w023,w024,0.052
w023,w025,0.346
w023,w026,0.329
w023,w027,0.35
w023,w028,0.74
w023,w029,0.312
w023,w030,0.123
w023,w031,0.276
w023,w032,0.38
w023,w033,0.365
w023,w034,0.379
w023,w035,0.792
w023,w036,2.401
w023,w037,0.084
w023,w038,0.29
w023,w039,0.01
w023,w040,0.046
w023,w041,0.126
w023,w042,0.126
w023,w043,0.126
w023,w044,0.599
w023,w045,0.662
w023,w046,0.145
w023,w047,0.145
w023,w048,0.062
w023,w049,0.374
w023,w050,0.374
w023,w051,0.374
w023,w052,0.353
w023,w053,0.509
w023,w054,0.456
w023,w055,0.456
w023,w056,2.793
w023,w057,1.022
w023,w058,0.303
w023,w059,0.16
w023,w060,0.254
w023,w061,0.092
w023,w062,1.301
w023,w063,0.189
w023,w064,0.051
w023,w065,0.004
w023,w066,0.209
w023,w067,0.018
w023,w068,0.417
w023,w069,0.652
w023,w070,0.209
w023,w071,0.074
w023,w072,0.001
w023,w073,0.782
w023,w074,0.1
w023,w075,0.734
w023,w076,0.129
w023,w077,0.241
w023,w078,0.053
w023,w079,0.183
w023,w080,0.183
w023,w081,0.344
w023,w082,0.011
w023,w083,0.116
w023,w084,0.023
w023,w085,0.407
w024,streamflow,30.016
w024,w001,0.0
w024,w002,0.163
w024,w003,0.035
w024,w004,0.496
w024,w005,0.087
w024,w006,0.366
w024,w007,0.265
w024,w008,0.051
w024,w009,0.016
w024,w010,0.623
w024,w011,0.118
w024,w012,1.548
w024,w013,0.036
w024,w014,0.011
w024,w015,5.894
w024,w016,0.072
w024,w017,1.566
w024,w018,1.566
w024,w019,1.297
w024,w020,1.297
w024,w021,1.297
w024,w022,1.458
w024,w023,0.004
w024,w024,2.902
w024,w025,0.123
w024,w026,0.245
w024,w027,0.093
w024,w028,0.264
w024,w029,0.026
w024,w030,0.007
w024,w031,0.252
w024,w032,1.013
w024,w033,0.464
w024,w034,0.025
w024,w035,1.183
w024,w036,0.387
w024,w037,0.13
w024,w038,0.56
w024,w039,0.005
w024,w040,0.854
w024,w041,0.424
w024,w042,0.424
w024,w043,0.424
w024,w044,1.378
w024,w045,2.694
w024,w046,2.574
w024,w047,2.574
w024,w048,0.019
w024,w049,0.082
w024,w050,0.082
w024,w051,0.082
w024,w052,0.102
w024,w053,0.199
w024,w054,0.077
w024,w055,0.077
w024,w056,6.809
w024,w057,0.157
w024,w058,0.231
w024,w059,0.396
w024,w060,0.067
w024,w061,0.9
w024,w062,0.402
w024,w063,0.011
w024,w064,0.0
w024,w065,0.143
w024,w066,0.036
w024,w067,0.27
w024,w068,0.016
w024,w069,0.053
w024,w070,1.218
w024,w071,0.002
w024,w072,2.051
w024,w073,0.149
w024,w074,1.274
w024,w075,1.533
w024,w076,1.128
w024,w077,0.162
w024,w078,0.139
w024,w079,0.269
w024,w080,0.269
w024,w081,0.219
w024,w082,0.033
w024,w083,1.297
w024,w084,1.458
w024,w085,0.035
w025,streamflow,107.592
w025,w001,0.036
w025,w002,0.268
w025,w003,0.033
w025,w004,0.145
w025,w005,0.584
w025,w006,0.452
w025,w007,0.364
w025,w008,0.384
w025,w009,0.296
w025,w010,0.704
w025,w011,0.589
w025,w012,0.22
w025,w013,0.202
w025,w014,0.014
w025,w015,0.343
w025,w016,0.001
w025,w017,0.002
w025,w018,0.002
w025,w019,0.004
w025,w020,0.004
w025,w021,0.004
w025,w022,0.072
w025,w023,0.136
w025,w024,0.602
w025,w025,0.591
w025,w026,0.648
w025,w027,0.302
w025,w028,0.66
w025,w029,0.223
w025,w030,0.112
w025,w031,0.461
w025,w032,1.337
w025,w033,0.65
w025,w034,0.327
w025,w035,2.655
w025,w036,1.971
w025,w037,0.096
w025,w038,0.584
w025,w039,0.038
w025,w040,0.529
w025,w041,0.012
w025,w042,0.012
w025,w043,0.012
w025,w044,1.15
w025,w045,1.254
w025,w046,0.72
w025,w047,0.72
w025,w048,0.041
w025,w049,0.308
w025,w050,0.308
w025,w051,0.308
w025,w052,0.27
w025,w053,0.387
w025,w054,0.351
w025,w055,0.351
w025,w056,1.772
w025,w057,0.086
w025,w058,0.261
w025,w059,0.26
w025,w060,0.241
w025,w061,0.243
w025,w062,0.15
w025,w063,0.154
w025,w064,0.041
w025,w065,0.492
w025,w066,0.191
w025,w067,0.253
w025,w068,0.19
w025,w069,0.658
w025,w070,0.815
w025,w071,0.056
w025,w072,0.136
w025,w073,0.64
w025,w074,0.343
w025,w075,0.274
w025,w076,0.042
w025,w077,0.065
w025,w078,0.302
w025,w079,0.542
w025,w080,0.542
w025,w081,0.415
w025,w082,0.023
w025,w083,0.004
w025,w084,0.072
w025,w085,0.371
w026,streamflow,80.618
w026,w001,0.011
w026,w002,0.342
w026,w003,0.073
w026,w004,0.393
w026,w005,0.377
w026,w006,0.491
w026,w007,0.487
w026,w008,0.241
w026,w009,0.171
w026,w010,0.672
w026,w011,0.375
w026,w012,0.273
w026,w013,0.158
w026,w014,0.005
w026,w015,0.123
w026,w016,0.002
w026,w017,0.002
w026,w018,0.002
w026,w019,0.023
w026,w020,0.023
w026,w021,0.023
w026,w022,0.078
w026,w023,0.107
w026,w024,0.99
w026,w025,0.534
w026,w026,0.717
w026,w027,0.185
w026,w028,0.439
w026,w029,0.142
w026,w030,0.063
w026,w031,0.446
w026,w032,1.723
w026,w033,0.616
w026,w034,0.199
w026,w035,3.785
w026,w036,1.415
w026,w037,0.054
w026,w038,0.733
w026,w039,0.0
w026,w040,0.704
w026,w041,0.021
w026,w042,0.021
w026,w043,0.021
w026,w044,0.857
w026,w045,1.402
w026,w046,0.77
w026,w047,0.77
w026,w048,0.0
w026,w049,0.206
w026,w050,0.206
w026,w051,0.206
w026,w052,0.189
w026,w053,0.298
w026,w054,0.274
w026,w055,0.274
w026,w056,2.154
w026,w057,0.16
w026,w058,0.229
w026,w059,0.378
w026,w060,0.141
w026,w061,0.511
w026,w062,1.596
w026,w063,0.078
w026,w064,0.013
w026,w065,0.952
w026,w066,0.125
w026,w067,0.394
w026,w068,0.196
w026,w069,0.572
w026,w070,1.677
w026,w071,0.02
w026,w072,0.451
w026,w073,0.422
w026,w074,0.221
w026,w075,0.454
w026,w076,0.003
w026,w077,0.03
w026,w078,0.521
w026,w079,0.815
w026,w080,0.815
w026,w081,0.54
w026,w082,0.038
w026,w083,0.023
w026,w084,0.078
w026,w085,0.239
w027,streamflow,219.321
w027,w001,0.216
w027,w002,0.026
w027,w003,0.002
w027,w004,0.828
w027,w005,0.983
w027,w006,0.202
w027,w007,0.063
w027,w008,0.722
w027,w009,0.624
w027,w010,0.388
w027,w011,1.062
w027,w012,0.479
w027,w013,0.183
w027,w014,0.211
w027,w015,0.038
w027,w016,0.056
w027,w017,0.256
w027,w018,0.256
w027,w019,0.202
w027,w020,0.202
w027,w021,0.202
w027,w022,0.536
w027,w023,0.109
w027,w024,0.361
w027,w025,0.239
w027,w026,0.178
w027,w027,0.747
w027,w028,1.174
w027,w029,0.586
w027,w030,0.333
w027,w031,0.28
w027,w032,0.028
w027,w033,0.408
w027,w034,0.609
w027,w035,0.01
w027,w036,2.606
w027,w037,0.004
w027,w038,0.223
w027,w039,0.112
w027,w040,0.0
w027,w041,0.046
w027,w042,0.046
w027,w043,0.046
w027,w044,0.211
w027,w045,0.022
w027,w046,1.199
w027,w047,1.199
w027,w048,0.624
w027,w049,0.657
w027,w050,0.657
w027,w051,0.657
w027,w052,0.614
w027,w053,0.485
w027,w054,0.341
w027,w055,0.341
w027,w056,2.778
w027,w057,0.335
w027,w058,0.335
w027,w059,0.064
w027,w060,0.506
w027,w061,0.009
w027,w062,1.01
w027,w063,0.431
w027,w064,0.234
w027,w065,0.103
w027,w066,0.377
w027,w067,0.166
w027,w068,0.005
w027,w069,0.373
w027,w070,0.059
w027,w071,0.277
w027,w072,0.013
w027,w073,1.023
w027,w074,0.964
w027,w075,0.6
w027,w076,0.237
w027,w077,0.271
w027,w078,0.003
w027,w079,0.004
w027,w080,0.004
w027,w081,0.084
w027,w082,0.001
w027,w083,0.202
w027,w084,0.536
w027,w085,0.602
w028,streamflow,168.86
w028,w001,0.129
w028,w002,0.07
w028,w003,0.14
w028,w004,1.786
w028,w005,0.966
w028,w006,0.192
w028,w007,0.027
w028,w008,0.718
w028,w009,0.538
w028,w010,0.583
w028,w011,1.159
w028,w012,0.381
w028,w013,0.264
w028,w014,0.032
w028,w015,0.845
w028,w016,0.083
w028,w017,0.226
w028,w018,0.226
w028,w019,0.173
w028,w020,0.173
w028,w021,0.173
w028,w022,0.604
w028,w023,0.126
w028,w024,0.559
w028,w025,0.285
w028,w026,0.23
w028,w027,0.641
w028,w028,1.368
w028,w029,0.284
w028,w030,0.207
w028,w031,0.177
w028,w032,0.02
w028,w033,0.406
w028,w034,0.542
w028,w035,0.022
w028,w036,2.952
w028,w037,0.029
w028,w038,0.313
w028,w039,0.16
w028,w040,0.002
w028,w041,0.192
w028,w042,0.192
w028,w043,0.192
w028,w044,0.365
w028,w045,0.152
w028,w046,1.614
w028,w047,1.614
w028,w048,0.269
w028,w049,0.621
w028,w050,0.621
w028,w051,0.621
w028,w052,0.557
w028,w053,0.693
w028,w054,0.466
w028,w055,0.466
w028,w056,5.225
w028,w057,0.346
w028,w058,0.313
w028,w059,0.068
w028,w060,0.502
w028,w061,0.004
w028,w062,1.723
w028,w063,0.353
w028,w064,0.14
w028,w065,0.294
w028,w066,0.301
w028,w067,0.408
w028,w068,0.027
w028,w069,0.352
w028,w070,0.326
w028,w071,0.183
w028,w072,0.024
w028,w073,1.223
w028,w074,2.405
w028,w075,2.265
w028,w076,1.26
w028,w077,0.002
w028,w078,0.057
w028,w079,0.001
w028,w080,0.001
w028,w081,0.075
w028,w082,0.009
w028,w083,0.173
w028,w084,0.604
w028,w085,0.571
w029,streamflow,160.461
w029,w001,0.143
w029,w002,0.159
w029,w003,0.343
w029,w004,0.06
w029,w005,0.186
w029,w006,0.01
w029,w007,0.036
w029,w008,0.2
w029,w009,0.173
w029,w010,11.087
w029,w011,0.215
w029,w012,0.194
w029,w013,0.021
w029,w014,0.271
w029,w015,0.195
w029,w016,0.003
w029,w017,0.005
w029,w018,0.005
w029,w019,0.0
w029,w020,0.0
w029,w021,0.0
w029,w022,0.015
w029,w023,0.055
w029,w024,0.058
w029,w025,0.1
w029,w026,0.077
w029,w027,0.331
w029,w028,0.294
w029,w029,1.323
w029,w030,0.269
w029,w031,1.626
w029,w032,3.177
w029,w033,1.211
w029,w034,0.176
w029,w035,3.58
w029,w036,0.428
w029,w037,0.056
w029,w038,0.008
w029,w039,0.007
w029,w040,0.589
w029,w041,0.438
w029,w042,0.438
w029,w043,0.438
w029,w044,1.259
w029,w045,2.394
w029,w046,0.06
w029,w047,0.06
w029,w048,0.693
w029,w049,0.241
w029,w050,0.241
w029,w051,0.241
w029,w052,0.33
w029,w053,0.075
w029,w054,0.032
w029,w055,0.032
w029,w056,2.407
w029,w057,1.342
w029,w058,0.477
w029,w059,0.058
w029,w060,0.148
w029,w061,0.157
w029,w062,0.118
w029,w063,0.151
w029,w064,0.134
w029,w065,0.518
w029,w066,0.253
w029,w067,0.067
w029,w068,0.103
w029,w069,0.113
w029,w070,0.527
w029,w071,0.161
w029,w072,0.936
w029,w073,0.179
w029,w074,0.431
w029,w075,0.015
w029,w076,0.088
w029,w077,1.801
w029,w078,0.203
w029,w079,0.112
w029,w080,0.112
w029,w081,0.071
w029,w082,0.328
w029,w083,0.0
w029,w084,0.015
w029,w085,0.171
w030,streamflow,329.338
w030,w001,0.315
w030,w002,0.013
w030,w003,0.097
w030,w004,0.018
w030,w005,0.659
w030,w006,0.099
w030,w007,0.09
w030,w008,0.532
w030,w009,0.527
w030,w010,4.782
w030,w011,0.609
w030,w012,0.213
w030,w013,0.05
w030,w014,0.412
w030,w015,2.061
w030,w016,0.001
w030,w017,0.044
w030,w018,0.044
w030,w019,0.041
w030,w020,0.041
w030,w021,0.041
w030,w022,0.075
w030,w023,0.06
w030,w024,0.044
w030,w025,0.139
w030,w026,0.095
w030,w027,0.524
w030,w028,0.595
w030,w029,0.748
w030,w030,0.475
w030,w031,0.343
w030,w032,0.085
w030,w033,0.314
w030,w034,0.528
w030,w035,0.034
w030,w036,1.286
w030,w037,0.094
w030,w038,0.108
w030,w039,0.005
w030,w040,0.094
w030,w041,0.0
w030,w042,0.0
w030,w043,0.0
w030,w044,0.033
w030,w045,0.114
w030,w046,0.296
w030,w047,0.296
w030,w048,1.129
w030,w049,0.512
w030,w050,0.512
w030,w051,0.512
w030,w052,0.49
w030,w053,0.113
w030,w054,0.097
w030,w055,0.097
w030,w056,0.118
w030,w057,0.045
w030,w058,0.192
w030,w059,0.027
w030,w060,0.356
w030,w061,0.001
w030,w062,0.958
w030,w063,0.409
w030,w064,0.31
w030,w065,0.067
w030,w066,0.379
w030,w067,0.416
w030,w068,0.102
w030,w069,0.261
w030,w070,0.111
w030,w071,0.359
w030,w072,0.024
w030,w073,0.546
w030,w074,0.039
w030,w075,0.101
w030,w076,0.005
w030,w077,1.206
w030,w078,0.094
w030,w079,0.091
w030,w080,0.091
w030,w081,0.082
w030,w082,0.054
w030,w083,0.041
w030,w084,0.075
w030,w085,0.482
w031,streamflow,72.781
w031,w001,0.014
w031,w002,0.538
w031,w003,0.226
w031,w004,0.131
w031,w005,0.003
w031,w006,0.003
w031,w007,0.018
w031,w008,0.02
w031,w009,0.004
w031,w010,5.046
w031,w011,0.023
w031,w012,0.414
w031,w013,0.006
w031,w014,0.025
w031,w015,0.32
w031,w016,0.051
w031,w017,0.085
w031,w018,0.085
w031,w019,0.054
w031,w020,0.054
w031,w021,0.054
w031,w022,0.049
w031,w023,0.024
w031,w024,0.275
w031,w025,0.103
w031,w026,0.12
w031,w027,0.079
w031,w028,0.091
w031,w029,0.81
w031,w030,0.061
w031,w031,2.654
w031,w032,9.431
w031,w033,2.205
w031,w034,0.009
w031,w035,12.67
w031,w036,0.037
w031,w037,0.059
w031,w038,0.019
w031,w039,0.024
w031,w040,1.031
w031,w041,0.778
w031,w042,0.778
w031,w043,0.778
w031,w044,2.687
w031,w045,6.3
w031,w046,0.075
w031,w047,0.075
w031,w048,0.083
w031,w049,0.047
w031,w050,0.047
w031,w051,0.047
w031,w052,0.114
w031,w053,0.043
w031,w054,0.005
w031,w055,0.005
w031,w056,4.569
w031,w057,1.419
w031,w058,0.535
w031,w059,0.083
w031,w060,0.031
w031,w061,0.535
w031,w062,0.507
w031,w063,0.008
w031,w064,0.009
w031,w065,0.651
w031,w066,0.083
w031,w067,0.107
w031,w068,0.039
w031,w069,0.031
w031,w070,0.494
w031,w071,0.016
w031,w072,3.394
w031,w073,0.027
w031,w074,0.458
w031,w075,0.702
w031,w076,1.221
w031,w077,0.556
w031,w078,0.342
w031,w079,0.225
w031,w080,0.225
w031,w081,0.059
w031,w082,0.753
w031,w083,0.054
w031,w084,0.049
w031,w085,0.016
w032,streamflow,55.688
w032,w001,0.002
w032,w002,0.753
w032,w003,0.169
w032,w004,0.009
w032,w005,0.031
w032,w006,0.001
w032,w007,0.016
w032,w008,0.005
w032,w009,0.022
w032,w010,2.156
w032,w011,0.008
w032,w012,0.724
w032,w013,0.0
w032,w014,0.002
w032,w015,0.414
w032,w016,0.052
w032,w017,0.028
w032,w018,0.028
w032,w019,0.024
w032,w020,0.024
w032,w021,0.024
w032,w022,0.001
w032,w023,0.008
w032,w024,0.27
w032,w025,0.072
w032,w026,0.113
w032,w027,0.002
w032,w028,0.003
w032,w029,0.385
w032,w030,0.004
w032,w031,2.296
w032,w032,10.901
w032,w033,1.892
w032,w034,0.011
w032,w035,17.712
w032,w036,0.02
w032,w037,0.011
w032,w038,0.026
w032,w039,0.046
w032,w040,0.656
w032,w041,0.929
w032,w042,0.929
w032,w043,0.929
w032,w044,2.281
w032,w045,5.985
w032,w046,0.005
w032,w047,0.005
w032,w048,0.003
w032,w049,0.0
w032,w050,0.0
w032,w051,0.0
w032,w052,0.015
w032,w053,0.008
w032,w054,0.001
w032,w055,0.001
w032,w056,3.15
w032,w057,0.983
w032,w058,0.344
w032,w059,0.077
w032,w060,0.0
w032,w061,0.706
w032,w062,0.793
w032,w063,0.01
w032,w064,0.005
w032,w065,0.318
w032,w066,0.016
w032,w067,0.024
w032,w068,0.002
w032,w069,0.001
w032,w070,0.801
w032,w071,0.003
w032,w072,3.963
w032,w073,0.003
w032,w074,0.819
w032,w075,0.547
w032,w076,1.226
w032,w077,0.175
w032,w078,0.427
w032,w079,0.314
w032,w080,0.314
w032,w081,0.052
w032,w082,0.857
w032,w083,0.024
w032,w084,0.001
w032,w085,0.004
w033,streamflow,64.588
w033,w001,0.014
w033,w002,0.563
w033,w003,0.093
w033,w004,0.567
w033,w005,0.035
w033,w006,0.019
w033,w007,0.018
w033,w008,0.059
w033,w009,0.018
w033,w010,2.129
w033,w011,0.094
w033,w012,0.171
w033,w013,0.028
w033,w014,0.009
w033,w015,1.172
w033,w016,0.09
w033,w017,0.206
w033,w018,0.206
w033,w019,0.144
w033,w020,0.144
w033,w021,0.144
w033,w022,0.204
w033,w023,0.036
w033,w024,0.572
w033,w025,0.163
w033,w026,0.188
w033,w027,0.13
w033,w028,0.236
w033,w029,0.681
w033,w030,0.063
w033,w031,2.49
w033,w032,8.774
w033,w033,2.351
w033,w034,0.03
w033,w035,11.073
w033,w036,0.212
w033,w037,0.023
w033,w038,0.067
w033,w039,0.001
w033,w040,0.822
w033,w041,0.533
w033,w042,0.533
w033,w043,0.533
w033,w044,2.931
w033,w045,6.354
w033,w046,0.371
w033,w047,0.371
w033,w048,0.047
w033,w049,0.093
w033,w050,0.093
w033,w051,0.093
w033,w052,0.17
w033,w053,0.134
w033,w054,0.037
w033,w055,0.037
w033,w056,6.593
w033,w057,1.323
w033,w058,0.61
w033,w059,0.108
w033,w060,0.076
w033,w061,0.54
w033,w062,0.121
w033,w063,0.02
w033,w064,0.01
w033,w065,0.812
w033,w066,0.1
w033,w067,0.252
w033,w068,0.015
w033,w069,0.055
w033,w070,0.163
w033,w071,0.019
w033,w072,3.07
w033,w073,0.115
w033,w074,0.02
w033,w075,1.716
w033,w076,2.236
w033,w077,0.221
w033,w078,0.209
w033,w079,0.17
w033,w080,0.17
w033,w081,0.064
w033,w082,0.581
w033,w083,0.144
w033,w084,0.204
w033,w085,0.045
w034,streamflow,233.614
w034,w001,0.239
w034,w002,0.012
w034,w003,0.013
w034,w004,0.004
w034,w005,1.122
w034,w006,0.274
w034,w007,0.139
w034,w008,0.786
w034,w009,0.735
w034,w010,0.016
w034,w011,1.083
w034,w012,0.741
w034,w013,0.189
w034,w014,0.182
w034,w015,1.112
w034,w016,0.024
w034,w017,0.066
w034,w018,0.066
w034,w019,0.08
w034,w020,0.08
w034,w021,0.08
w034,w022,0.209
w034,w023,0.121
w034,w024,0.099
w034,w025,0.265
w034,w026,0.196
w034,w027,0.625
w034,w028,1.018
w034,w029,0.32
w034,w030,0.344
w034,w031,0.033
w034,w032,0.17
w034,w033,0.096
w034,w034,0.728
w034,w035,0.309
w034,w036,2.799
w034,w037,0.021
w034,w038,0.295
w034,w039,0.079
w034,w040,0.017
w034,w041,0.349
w034,w042,0.349
w034,w043,0.349
w034,w044,0.063
w034,w045,0.6
w034,w046,0.701
w034,w047,0.701
w034,w048,0.619
w034,w049,0.644
w034,w050,0.644
w034,w051,0.644
w034,w052,0.536
w034,w053,0.376
w034,w054,0.353
w034,w055,0.353
w034,w056,0.408
w034,w057,0.017
w034,w058,0.142
w034,w059,0.045
w034,w060,0.485
w034,w061,0.006
w034,w062,0.926
w034,w063,0.475
w034,w064,0.252
w034,w065,0.238
w034,w066,0.356
w034,w067,0.099
w034,w068,0.011
w034,w069,0.57
w034,w070,0.232
w034,w071,0.302
w034,w072,0.23
w034,w073,1.041
w034,w074,0.913
w034,w075,0.368
w034,w076,0.01
w034,w077,0.254
w034,w078,0.004
w034,w079,0.051
w034,w080,0.051
w034,w081,0.153
w034,w082,0.0
w034,w083,0.08
w034,w084,0.209
w034,w085,0.694
w035,streamflow,64.319
w035,w001,0.006
w035,w002,0.812
w035,w003,0.148
w035,w004,0.13
w035,w005,0.029
w035,w006,0.01
w035,w007,0.045
w035,w008,0.008
w035,w009,0.021
w035,w010,1.139
w035,w011,0.015
w035,w012,0.915
w035,w013,0.0
w035,w014,0.004
w035,w015,0.004
w035,w016,0.025
w035,w017,0.011
w035,w018,0.011
w035,w019,0.002
w035,w020,0.002
w035,w021,0.002
w035,w022,0.055
w035,w023,0.009
w035,w024,0.169
w035,w025,0.077
w035,w026,0.134
w035,w027,0.0
w035,w028,0.002
w035,w029,0.234
w035,w030,0.001
w035,w031,1.66
w035,w032,9.534
w035,w033,1.286
w035,w034,0.011
w035,w035,20.251
w035,w036,0.021
w035,w037,0.003
w035,w038,0.069
w035,w039,0.062
w035,w040,0.113
w035,w041,0.87
w035,w042,0.87
w035,w043,0.87
w035,w044,1.226
w035,w045,3.37
w035,w046,0.017
w035,w047,0.017
w035,w048,0.015
w035,w049,0.001
w035,w050,0.001
w035,w051,0.001
w035,w052,0.003
w035,w053,0.002
w035,w054,0.001
w035,w055,0.001
w035,w056,1.318
w035,w057,0.604
w035,w058,0.187
w035,w059,0.08
w035,w060,0.003
w035,w061,0.725
w035,w062,1.381
w035,w063,0.012
w035,w064,0.007
w035,w065,0.009
w035,w066,0.01
w035,w067,0.019
w035,w068,0.014
w035,w069,0.001
w035,w070,1.529
w035,w071,0.007
w035,w072,3.014
w035,w073,0.007
w035,w074,1.335
w035,w075,0.076
w035,w076,0.415
w035,w077,0.155
w035,w078,0.523
w035,w079,0.441
w035,w080,0.441
w035,w081,0.08
w035,w082,0.742
w035,w083,0.002
w035,w084,0.055
w035,w085,0.003
w036,streamflow,153.531
w036,w001,0.101
w036,w002,0.096
w036,w003,0.081
w036,w004,0.318
w036,w005,1.107
w036,w006,0.36
w036,w007,0.127
w036,w008,0.713
w036,w009,0.608
w036,w010,0.909
w036,w011,1.156
w036,w012,0.63
w036,w013,0.314
w036,w014,0.044
w036,w015,0.001
w036,w016,0.14
w036,w017,0.125
w036,w018,0.125
w036,w019,0.141
w036,w020,0.141
w036,w021,0.141
w036,w022,0.428
w036,w023,0.16
w036,w024,0.322
w036,w025,0.334
w036,w026,0.291
w036,w027,0.559
w036,w028,1.159
w036,w029,0.163
w036,w030,0.175
w036,w031,0.028
w036,w032,0.061
w036,w033,0.143
w036,w034,0.585
w036,w035,0.121
w036,w036,3.485
w036,w037,0.025
w036,w038,0.401
w036,w039,0.152
w036,w040,0.026
w036,w041,0.398
w036,w042,0.398
w036,w043,0.398
w036,w044,0.037
w036,w045,0.016
w036,w046,1.119
w036,w047,1.119
w036,w048,0.127
w036,w049,0.573
w036,w050,0.573
w036,w051,0.573
w036,w052,0.49
w036,w053,0.649
w036,w054,0.569
w036,w055,0.569
w036,w056,2.151
w036,w057,0.172
w036,w058,0.208
w036,w059,0.087
w036,w060,0.439
w036,w061,0.005
w036,w062,0.525
w036,w063,0.332
w036,w064,0.118
w036,w065,0.006
w036,w066,0.254
w036,w067,0.02
w036,w068,0.175
w036,w069,0.679
w036,w070,0.053
w036,w071,0.147
w036,w072,0.173
w036,w073,1.151
w036,w074,1.358
w036,w075,0.835
w036,w076,0.121
w036,w077,0.001
w036,w078,0.004
w036,w079,0.03
w036,w080,0.03
w036,w081,0.195
w036,w082,0.004
w036,w083,0.141
w036,w084,0.428
w036,w085,0.603
w037,streamflow,61.08
w037,w001,0.005
w037,w002,0.002
w037,w003,0.334
w037,w004,3.077
w037,w005,0.001
w037,w006,0.283
w037,w007,0.451
w037,w008,0.0
w037,w009,0.004
w037,w010,0.23
w037,w011,0.001
w037,w012,3.515
w037,w013,0.007
w037,w014,0.043
w037,w015,0.525
w037,w016,0.069
w037,w017,1.448
w037,w018,1.448
w037,w019,1.151
w037,w020,1.151
w037,w021,1.151
w037,w022,0.605
w037,w023,0.002
w037,w024,0.04
w037,w025,0.006
w037,w026,0.004
w037,w027,0.0
w037,w028,0.004
w037,w029,0.008
w037,w030,0.005
w037,w031,0.017
w037,w032,0.012
w037,w033,0.006
w037,w034,0.002
w037,w035,0.007
w037,w036,0.009
w037,w037,9.452
w037,w038,0.053
w037,w039,0.164
w037,w040,2.971
w037,w041,0.016
w037,w042,0.016
w037,w043,0.016
w037,w044,3.082
w037,w045,2.622
w037,w046,0.118
w037,w047,0.118
w037,w048,0.038
w037,w049,0.0
w037,w050,0.0
w037,w051,0.0
w037,w052,0.0
w037,w053,0.017
w037,w054,0.006
w037,w055,0.006
w037,w056,0.243
w037,w057,1.107
w037,w058,0.0
w037,w059,0.067
w037,w060,0.0
w037,w061,0.036
w037,w062,23.015
w037,w063,0.001
w037,w064,0.005
w037,w065,3.84
w037,w066,0.007
w037,w067,9.006
w037,w068,0.083
w037,w069,0.274
w037,w070,3.09
w037,w071,0.004
w037,w072,2.545
w037,w073,0.007
w037,w074,0.001
w037,w075,3.813
w037,w076,8.553
w037,w077,0.029
w037,w078,0.678
w037,w079,0.632
w037,w080,0.632
w037,w081,0.195
w037,w082,0.425
w037,w083,1.151
w037,w084,0.605
w037,w085,0.0
w038,streamflow,65.193
w038,w001,0.016
w038,w002,0.283
w038,w003,0.0
w038,w004,1.203
w038,w005,0.313
w038,w006,0.711
w038,w007,0.658
w038,w008,0.195
w038,w009,0.154
w038,w010,2.282
w038,w011,0.305
w038,w012,2.002
w038,w013,0.102
w038,w014,0.002
w038,w015,0.002
w038,w016,0.028
w038,w017,0.578
w038,w018,0.578
w038,w019,0.687
w038,w020,0.687
w038,w021,0.687
w038,w022,0.3
w038,w023,0.048
w038,w024,1.163
w038,w025,0.247
w038,w026,0.376
w038,w027,0.119
w038,w028,0.306
w038,w029,0.007
w038,w030,0.037
w038,w031,0.037
w038,w032,0.204
w038,w033,0.113
w038,w034,0.154
w038,w035,1.005
w038,w036,0.999
w038,w037,0.356
w038,w038,1.397
w038,w039,0.005
w038,w040,1.049
w038,w041,0.002
w038,w042,0.002
w038,w043,0.002
w038,w044,0.098
w038,w045,0.063
w038,w046,1.188
w038,w047,1.188
w038,w048,0.0
w038,w049,0.159
w038,w050,0.159
w038,w051,0.159
w038,w052,0.124
w038,w053,0.214
w038,w054,0.182
w038,w055,0.182
w038,w056,1.849
w038,w057,0.0
w038,w058,0.073
w038,w059,0.423
w038,w060,0.102
w038,w061,0.684
w038,w062,1.116
w038,w063,0.068
w038,w064,0.014
w038,w065,3.773
w038,w066,0.087
w038,w067,1.603
w038,w068,0.118
w038,w069,0.475
w038,w070,1.52
w038,w071,0.023
w038,w072,0.986
w038,w073,0.335
w038,w074,0.926
w038,w075,0.744
w038,w076,0.016
w038,w077,0.032
w038,w078,0.447
w038,w079,0.934
w038,w080,0.934
w038,w081,0.603
w038,w082,0.099
w038,w083,0.687
w038,w084,0.3
w038,w085,0.159
w039,streamflow,74.453
w039,w001,0.001
w039,w002,0.082
w039,w003,0.033
w039,w004,1.74
w039,w005,0.102
w039,w006,0.019
w039,w007,0.05
w039,w008,0.033
w039,w009,0.037
w039,w010,1.681
w039,w011,0.097
w039,w012,0.002
w039,w013,0.022
w039,w014,0.005
w039,w015,0.683
w039,w016,0.029
w039,w017,0.002
w039,w018,0.002
w039,w019,0.008
w039,w020,0.008
w039,w021,0.008
w039,w022,0.059
w039,w023,0.001
w039,w024,0.007
w039,w025,0.012
w039,w026,0.0
w039,w027,0.043
w039,w028,0.113
w039,w029,0.005
w039,w030,0.001
w039,w031,0.033
w039,w032,0.26
w039,w033,0.001
w039,w034,0.03
w039,w035,0.641
w039,w036,0.272
w039,w037,0.799
w039,w038,0.003
w039,w039,1.947
w039,w040,2.839
w039,w041,0.139
w039,w042,0.139
w039,w043,0.139
w039,w044,7.463
w039,w045,5.06
w039,w046,0.214
w039,w047,0.214
w039,w048,0.0
w039,w049,0.026
w039,w050,0.026
w039,w051,0.026
w039,w052,0.012
w039,w053,0.06
w039,w054,0.051
w039,w055,0.051
w039,w056,1.401
w039,w057,2.345
w039,w058,0.002
w039,w059,0.04
w039,w060,0.051
w039,w061,0.203
w039,w062,52.515
w039,w063,0.022
w039,w064,0.004
w039,w065,1.152
w039,w066,0.007
w039,w067,0.341
w039,w068,0.002
w039,w069,0.03
w039,w070,0.896
w039,w071,0.003
w039,w072,0.109
w039,w073,0.09
w039,w074,0.114
w039,w075,2.185
w039,w076,0.685
w039,w077,0.231
w039,w078,0.343
w039,w079,0.284
w039,w080,0.284
w039,w081,0.117
w039,w082,0.088
w039,w083,0.008
w039,w084,0.059
w039,w085,0.04
w040,streamflow,40.439
w040,w001,0.001
w040,w002,0.412
w040,w003,0.053
w040,w004,0.382
w040,w005,0.006
w040,w006,0.169
w040,w007,0.147
w040,w008,0.001
w040,w009,0.001
w040,w010,1.085
w040,w011,0.002
w040,w012,0.113
w040,w013,0.0
w040,w014,0.0
w040,w015,0.017
w040,w016,0.353
w040,w017,0.304
w040,w018,0.304
w040,w019,0.261
w040,w020,0.261
w040,w021,0.261
w040,w022,0.11
w040,w023,0.001
w040,w024,0.145
w040,w025,0.018
w040,w026,0.029
w040,w027,0.0
w040,w028,0.0
w040,w029,0.045
w040,w030,0.003
w040,w031,0.16
w040,w032,0.418
w040,w033,0.113
w040,w034,0.001
w040,w035,0.133
w040,w036,0.005
w040,w037,1.64
w040,w038,0.086
w040,w039,0.323
w040,w040,17.119
w040,w041,0.068
w040,w042,0.068
w040,w043,0.068
w040,w044,4.953
w040,w045,3.702
w040,w046,0.027
w040,w047,0.027
w040,w048,0.0
w040,w049,0.0
w040,w050,0.0
w040,w051,0.0
w040,w052,0.007
w040,w053,0.0
w040,w054,0.0
w040,w055,0.0
w040,w056,0.826
w040,w057,2.101
w040,w058,0.009
w040,w059,0.1
w040,w060,0.001
w040,w061,0.055
w040,w062,6.552
w040,w063,0.001
w040,w064,0.0
w040,w065,0.422
w040,w066,0.0
w040,w067,10.495
w040,w068,0.002
w040,w069,0.021
w040,w070,7.026
w040,w071,0.0
w040,w072,0.008
w040,w073,0.003
w040,w074,0.001
w040,w075,9.293
w040,w076,7.86
w040,w077,0.034
w040,w078,0.004
w040,w079,0.036
w040,w080,0.036
w040,w081,0.03
w040,w082,0.541
w040,w083,0.261
w040,w084,0.11
w040,w085,0.001
w041,streamflow,72.293
w041,w001,0.005
w041,w002,0.065
w041,w003,0.54
w041,w004,0.044
w041,w005,0.156
w041,w006,0.001
w041,w007,0.023
w041,w008,0.083
w041,w009,0.096
w041,w010,6.583
w041,w011,0.16
w041,w012,1.54
w041,w013,0.039
w041,w014,0.051
w041,w015,0.942
w041,w016,0.101
w041,w017,0.143
w041,w018,0.143
w041,w019,0.131
w041,w020,0.131
w041,w021,0.131
w041,w022,0.164
w041,w023,0.009
w041,w024,0.395
w041,w025,0.002
w041,w026,0.005
w041,w027,0.011
w041,w028,0.084
w041,w029,0.186
w041,w030,0.0
w041,w031,0.664
w041,w032,3.252
w041,w033,0.403
w041,w034,0.082
w041,w035,5.66
w041,w036,0.445
w041,w037,0.05
w041,w038,0.001
w041,w039,0.087
w041,w040,0.374
w041,w041,3.113
w041,w042,3.113
w041,w043,3.113
w041,w044,3.056
w041,w045,7.424
w041,w046,0.016
w041,w047,0.016
w041,w048,0.002
w041,w049,0.031
w041,w050,0.031
w041,w051,0.031
w041,w052,0.004
w041,w053,0.039
w041,w054,0.087
w041,w055,0.087
w041,w056,0.796
w041,w057,0.596
w041,w058,0.162
w041,w059,0.144
w041,w060,0.026
w041,w061,0.951
w041,w062,1.739
w041,w063,0.036
w041,w064,0.007
w041,w065,0.806
w041,w066,0.0
w041,w067,0.2
w041,w068,0.154
w041,w069,0.309
w041,w070,5.243
w041,w071,0.008
w041,w072,2.42
w041,w073,0.159
w041,w074,2.153
w041,w075,0.84
w041,w076,0.111
w041,w077,0.413
w041,w078,0.205
w041,w079,0.092
w041,w080,0.092
w041,w081,0.01
w041,w082,0.052
w041,w083,0.131
w041,w084,0.164
w041,w085,0.068
w042,streamflow,72.293
w042,w001,0.005
w042,w002,0.065
w042,w003,0.54
w042,w004,0.044
w042,w005,0.156
w042,w006,0.001
w042,w007,0.023
w042,w008,0.083
w042,w009,0.096
w042,w010,6.583
w042,w011,0.16
w042,w012,1.54
w042,w013,0.039
w042,w014,0.051
w042,w015,0.942
w042,w016,0.101
w042,w017,0.143
w042,w018,0.143
w042,w019,0.131
w042,w020,0.131
w042,w021,0.131
w042,w022,0.164
w042,w023,0.009
w042,w024,0.395
w042,w025,0.002
w042,w026,0.005
w042,w027,0.011
w042,w028,0.084
w042,w029,0.186
w042,w030,0.0
w042,w031,0.664
w042,w032,3.252
w042,w033,0.403
w042,w034,0.082
w042,w035,5.66
w042,w036,0.445
w042,w037,0.05
w042,w038,0.001
w042,w039,0.087
w042,w040,0.374
w042,w041,3.113
w042,w042,3.113
w042,w043,3.113
w042,w044,3.056
w042,w045,7.424
w042,w046,0.016
w042,w047,0.016
w042,w048,0.002
w042,w049,0.031
w042,w050,0.031
w042,w051,0.031
w042,w052,0.004
w042,w053,0.039
w042,w054,0.087
w042,w055,0.087
w042,w056,0.796
w042,w057,0.596
w042,w058,0.162
w042,w059,0.144
w042,w060,0.026
w042,w061,0.951
w042,w062,1.739
w042,w063,0.036
w042,w064,0.007
w042,w065,0.806
w042,w066,0.0
w042,w067,0.2
w042,w068,0.154
w042,w069,0.309
w042,w070,5.243
w042,w071,0.008
w042,w072,2.42
w042,w073,0.159
w042,w074,2.153
w042,w075,0.84
w042,w076,0.111
w042,w077,0.413
w042,w078,0.205
w042,w079,0.092
w042,w080,0.092
w042,w081,0.01
w042,w082,0.052
w042,w083,0.131
w042,w084,0.164
w042,w085,0.068
w043,streamflow,72.293
w043,w001,0.005
w043,w002,0.065
w043,w003,0.54
w043,w004,0.044
w043,w005,0.156
w043,w006,0.001
w043,w007,0.023
w043,w008,0.083
w043,w009,0.096
w043,w010,6.583
w043,w011,0.16
w043,w012,1.54
w043,w013,0.039
w043,w014,0.051
w043,w015,0.942
w043,w016,0.101
w043,w017,0.143
w043,w018,0.143
w043,w019,0.131
w043,w020,0.131
w043,w021,0.131
w043,w022,0.164
w043,w023,0.009
w043,w024,0.395
w043,w025,0.002
w043,w026,0.005
w043,w027,0.011
w043,w028,0.084
w043,w029,0.186
w043,w030,0.0
w043,w031,0.664
w043,w032,3.252
w043,w033,0.403
w043,w034,0.082
w043,w035,5.66
w043,w036,0.445
w043,w037,0.05
w043,w038,0.001
w043,w039,0.087
w043,w040,0.374
w043,w041,3.113
w043,w042,3.113
w043,w043,3.113
w043,w044,3.056
w043,w045,7.424
w043,w046,0.016
w043,w047,0.016
w043,w048,0.002
w043,w049,0.031
w043,w050,0.031
w043,w051,0.031
w043,w052,0.004
w043,w053,0.039
w043,w054,0.087
w043,w055,0.087
w043,w056,0.796
w043,w057,0.596
w043,w058,0.162
w043,w059,0.144
w043,w060,0.026
w043,w061,0.951
w043,w062,1.739
w043,w063,0.036
w043,w064,0.007
w043,w065,0.806
w043,w066,0.0
w043,w067,0.2
w043,w068,0.154
w043,w069,0.309
w043,w070,5.243
w043,w071,0.008
w043,w072,2.42
w043,w073,0.159
w043,w074,2.153
w043,w075,0.84
w043,w076,0.111
w043,w077,0.413
w043,w078,0.205
w043,w079,0.092
w043,w080,0.092
w043,w081,0.01
w043,w082,0.052
w043,w083,0.131
w043,w084,0.164
w043,w085,0.068
w044,streamflow,25.827
w044,w001,0.004
w044,w002,0.01
w044,w003,0.014
w044,w004,0.513
w044,w005,0.0
w044,w006,0.006
w044,w007,0.002
w044,w008,0.0
w044,w009,0.002
w044,w010,0.037
w044,w011,0.002
w044,w012,0.892
w044,w013,0.006
w044,w014,0.005
w044,w015,1.606
w044,w016,0.07
w044,w017,0.456
w044,w018,0.456
w044,w019,0.449
w044,w020,0.449
w044,w021,0.449
w044,w022,0.217
w044,w023,0.005
w044,w024,0.131
w044,w025,0.022
w044,w026,0.02
w044,w027,0.005
w044,w028,0.016
w044,w029,0.055
w044,w030,0.0
w044,w031,0.234
w044,w032,0.816
w044,w033,0.226
w044,w034,0.001
w044,w035,0.815
w044,w036,0.004
w044,w037,0.955
w044,w038,0.004
w044,w039,0.477
w044,w040,2.781
w044,w041,0.312
w044,w042,0.312
w044,w043,0.312
w044,w044,30.491
w044,w045,33.938
w044,w046,0.019
w044,w047,0.019
w044,w048,0.01
w044,w049,0.0
w044,w050,0.0
w044,w051,0.0
w044,w052,0.001
w044,w053,0.025
w044,w054,0.005
w044,w055,0.005
w044,w056,0.298
w044,w057,0.226
w044,w058,0.098
w044,w059,0.045
w044,w060,0.003
w044,w061,0.077
w044,w062,11.92
w044,w063,0.001
w044,w064,0.003
w044,w065,1.779
w044,w066,0.002
w044,w067,1.498
w044,w068,0.001
w044,w069,0.111
w044,w070,0.957
w044,w071,0.002
w044,w072,0.84
w044,w073,0.004
w044,w074,0.176
w044,w075,1.696
w044,w076,0.198
w044,w077,0.011
w044,w078,0.013
w044,w079,0.006
w044,w080,0.006
w044,w081,0.0
w044,w082,0.032
w044,w083,0.449
w044,w084,0.217
w044,w085,0.0
w045,streamflow,27.831
w045,w001,0.005
w045,w002,0.022
w045,w003,0.049
w045,w004,0.214
w045,w005,0.005
w045,w006,0.002
w045,w007,0.001
w045,w008,0.002
w045,w009,0.01
w045,w010,0.174
w045,w011,0.001
w045,w012,0.932
w045,w013,0.002
w045,w014,0.005
w045,w015,1.272
w045,w016,0.017
w045,w017,0.227
w045,w018,0.227
w045,w019,0.224
w045,w020,0.224
w045,w021,0.224
w045,w022,0.145
w045,w023,0.003
w045,w024,0.165
w045,w025,0.016
w045,w026,0.021
w045,w027,0.0
w045,w028,0.004
w045,w029,0.067
w045,w030,0.001
w045,w031,0.353
w045,w032,1.378
w045,w033,0.315
w045,w034,0.009
w045,w035,1.441
w045,w036,0.001
w045,w037,0.523
w045,w038,0.002
w045,w039,0.208
w045,w040,1.338
w045,w041,0.488
w045,w042,0.488
w045,w043,0.488
w045,w044,21.851
w045,w045,47.357
w045,w046,0.005
w045,w047,0.005
w045,w048,0.007
w045,w049,0.001
w045,w050,0.001
w045,w051,0.001
w045,w052,0.001
w045,w053,0.01
w045,w054,0.001
w045,w055,0.001
w045,w056,0.267
w045,w057,0.037
w045,w058,0.162
w045,w059,0.053
w045,w060,0.0
w045,w061,0.226
w045,w062,7.163
w045,w063,0.006
w045,w064,0.006
w045,w065,1.412
w045,w066,0.001
w045,w067,0.968
w045,w068,0.0
w045,w069,0.074
w045,w070,1.725
w045,w071,0.005
w045,w072,1.83
w045,w073,0.0
w045,w074,0.391
w045,w075,1.022
w045,w076,0.053
w045,w077,0.01
w045,w078,0.003
w045,w079,0.006
w045,w080,0.006
w045,w081,0.007
w045,w082,0.007
w045,w083,0.224
w045,w084,0.145
w045,w085,0.004
w046,streamflow,46.592
w046,w001,0.02
w046,w002,0.055
w046,w003,0.007
w046,w004,1.394
w046,w005,0.321
w046,w006,0.349
w046,w007,0.128
w046,w008,0.191
w046,w009,0.126
w046,w010,1.698
w046,w011,0.394
w046,w012,3.95
w046,w013,0.075
w046,w014,0.035
w046,w015,5.079
w046,w016,0.267
w046,w017,3.094
w046,w018,3.094
w046,w019,2.447
w046,w020,2.447
w046,w021,2.447
w046,w022,3.018
w046,w023,0.009
w046,w024,2.029
w046,w025,0.115
w046,w026,0.15
w046,w027,0.243
w046,w028,0.6
w046,w029,0.021
w046,w030,0.038
w046,w031,0.054
w046,w032,0.015
w046,w033,0.237
w046,w034,0.139
w046,w035,0.094
w046,w036,1.059
w046,w037,0.303
w046,w038,0.451
w046,w039,0.113
w046,w040,0.125
w046,w041,0.013
w046,w042,0.013
w046,w043,0.013
w046,w044,0.159
w046,w045,0.069
w046,w046,3.681
w046,w047,3.681
w046,w048,0.018
w046,w049,0.226
w046,w050,0.226
w046,w051,0.226
w046,w052,0.217
w046,w053,0.337
w046,w054,0.176
w046,w055,0.176
w046,w056,5.737
w046,w057,0.008
w046,w058,0.111
w046,w059,0.124
w046,w060,0.18
w046,w061,0.114
w046,w062,5.042
w046,w063,0.084
w046,w064,0.025
w046,w065,0.151
w046,w066,0.083
w046,w067,0.0
w046,w068,0.021
w046,w069,0.225
w046,w070,0.084
w046,w071,0.035
w046,w072,0.486
w046,w073,0.42
w046,w074,3.835
w046,w075,2.924
w046,w076,1.167
w046,w077,0.299
w046,w078,0.002
w046,w079,0.04
w046,w080,0.04
w046,w081,0.086
w046,w082,0.02
w046,w083,2.447
w046,w084,3.018
w046,w085,0.144
w047,streamflow,46.592
w047,w001,0.02
w047,w002,0.055
w047,w003,0.007
w047,w004,1.394
w047,w005,0.321
w047,w006,0.349
w047,w007,0.128
w047,w008,0.191
w047,w009,0.126
w047,w010,1.698
w047,w011,0.394
w047,w012,3.95
w047,w013,0.075
w047,w014,0.035
w047,w015,5.079
w047,w016,0.267
w047,w017,3.094
w047,w018,3.094
w047,w019,2.447
w047,w020,2.447
w047,w021,2.447
w047,w022,3.018
w047,w023,0.009
w047,w024,2.029
w047,w025,0.115
w047,w026,0.15
w047,w027,0.243
w047,w028,0.6
w047,w029,0.021
w047,w030,0.038
w047,w031,0.054
w047,w032,0.015
w047,w033,0.237
w047,w034,0.139
w047,w035,0.094
w047,w036,1.059
w047,w037,0.303
w047,w038,0.451
w047,w039,0.113
w047,w040,0.125
w047,w041,0.013
w047,w042,0.013
w047,w043,0.013
w047,w044,0.159
w047,w045,0.069
w047,w046,3.681
w047,w047,3.681
w047,w048,0.018
w047,w049,0.226
w047,w050,0.226
w047,w051,0.226
w047,w052,0.217
w047,w053,0.337
w047,w054,0.176
w047,w055,0.176
w047,w056,5.737
w047,w057,0.008
w047,w058,0.111
w047,w059,0.124
w047,w060,0.18
w047,w061,0.114
w047,w062,5.042
w047,w063,0.084
w047,w064,0.025
w047,w065,0.151
w047,w066,0.083
w047,w067,0.0
w047,w068,0.021
w047,w069,0.225
w047,w070,0.084
w047,w071,0.035
w047,w072,0.486
w047,w073,0.42
w047,w074,3.835
w047,w075,2.924
w047,w076,1.167
w047,w077,0.299
w047,w078,0.002
w047,w079,0.04
w047,w080,0.04
w047,w081,0.086
w047,w082,0.02
w047,w083,2.447
w047,w084,3.018
w047,w085,0.144
w048,streamflow,294.185
w048,w001,0.252
w048,w002,0.013
w048,w003,0.099
w048,w004,0.047
w048,w005,0.224
w048,w006,0.0
w048,w007,0.005
w048,w008,0.236
w048,w009,0.246
w048,w010,4.797
w048,w011,0.209
w048,w012,0.104
w048,w013,0.0
w048,w014,0.281
w048,w015,2.053
w048,w016,0.092
w048,w017,0.004
w048,w018,0.004
w048,w019,0.0
w048,w020,0.0
w048,w021,0.0
w048,w022,0.005
w048,w023,0.008
w048,w024,0.031
w048,w025,0.014
w048,w026,0.0
w048,w027,0.258
w048,w028,0.204
w048,w029,0.508
w048,w030,0.297
w048,w031,0.122
w048,w032,0.018
w048,w033,0.061
w048,w034,0.25
w048,w035,0.167
w048,w036,0.245
w048,w037,0.2
w048,w038,0.0
w048,w039,0.0
w048,w040,0.0
w048,w041,0.003
w048,w042,0.003
w048,w043,0.003
w048,w044,0.168
w048,w045,0.181
w048,w046,0.036
w048,w047,0.036
w048,w048,1.805
w048,w049,0.227
w048,w050,0.227
w048,w051,0.227
w048,w052,0.21
w048,w053,0.003
w048,w054,0.001
w048,w055,0.001
w048,w056,0.049
w048,w057,0.02
w048,w058,0.049
w048,w059,0.001
w048,w060,0.162
w048,w061,0.024
w048,w062,0.977
w048,w063,0.251
w048,w064,0.246
w048,w065,0.062
w048,w066,0.225
w048,w067,0.003
w048,w068,0.226
w048,w069,0.05
w048,w070,0.044
w048,w071,0.279
w048,w072,0.002
w048,w073,0.189
w048,w074,0.006
w048,w075,0.205
w048,w076,0.616
w048,w077,1.169
w048,w078,0.015
w048,w079,0.002
w048,w080,0.002
w048,w081,0.002
w048,w082,0.009
w048,w083,0.0
w048,w084,0.005
w048,w085,0.212
w049,streamflow,240.016
w049,w001,0.225
w049,w002,0.043
w049,w003,0.017
w049,w004,0.453
w049,w005,1.057
w049,w006,0.227
w049,w007,0.085
w049,w008,0.78
w049,w009,0.664
w049,w010,0.123
w049,w011,1.124
w049,w012,0.537
w049,w013,0.204
w049,w014,0.157
w049,w015,0.023
w049,w016,0.068
w049,w017,0.194
w049,w018,0.194
w049,w019,0.163
w049,w020,0.163
w049,w021,0.163
w049,w022,0.43
w049,w023,0.122
w049,w024,0.334
w049,w025,0.256
w049,w026,0.208
w049,w027,0.69
w049,w028,1.195
w049,w029,0.449
w049,w030,0.342
w049,w031,0.175
w049,w032,0.0
w049,w033,0.308
w049,w034,0.659
w049,w035,0.034
w049,w036,2.809
w049,w037,0.0
w049,w038,0.312
w049,w039,0.071
w049,w040,0.007
w049,w041,0.134
w049,w042,0.134
w049,w043,0.134
w049,w044,0.015
w049,w045,0.029
w049,w046,1.171
w049,w047,1.171
w049,w048,0.577
w049,w049,0.711
w049,w050,0.711
w049,w051,0.711
w049,w052,0.635
w049,w053,0.489
w049,w054,0.374
w049,w055,0.374
w049,w056,2.379
w049,w057,0.193
w049,w058,0.251
w049,w059,0.065
w049,w060,0.505
w049,w061,0.0
w049,w062,1.252
w049,w063,0.448
w049,w064,0.233
w049,w065,0.005
w049,w066,0.383
w049,w067,0.358
w049,w068,0.0
w049,w069,0.453
w049,w070,0.274
w049,w071,0.286
w049,w072,0.008
w049,w073,1.113
w049,w074,1.252
w049,w075,1.295
w049,w076,0.399
w049,w077,0.22
w049,w078,0.0
w049,w079,0.024
w049,w080,0.024
w049,w081,0.126
w049,w082,0.001
w049,w083,0.163
w049,w084,0.43
w049,w085,0.652
w050,streamflow,240.016
w050,w001,0.225
w050,w002,0.043
w050,w003,0.017
w050,w004,0.453
w050,w005,1.057
w050,w006,0.227
w050,w007,0.085
w050,w008,0.78
w050,w009,0.664
w050,w010,0.123
w050,w011,1.124
w050,w012,0.537
w050,w013,0.204
w050,w014,0.157
w050,w015,0.023
w050,w016,0.068
w050,w017,0.194
w050,w018,0.194
w050,w019,0.163
w050,w020,0.163
w050,w021,0.163
w050,w022,0.43
w050,w023,0.122
w050,w024,0.334
w050,w025,0.256
w050,w026,0.208
w050,w027,0.69
w050,w028,1.195
w050,w029,0.449
w050,w030,0.342
w050,w031,0.175
w050,w032,0.0
w050,w033,0.308
w050,w034,0.659
w050,w035,0.034
w050,w036,2.809
w050,w037,0.0
w050,w038,0.312
w050,w039,0.071
w050,w040,0.007
w050,w041,0.134
w050,w042,0.134
w050,w043,0.134
w050,w044,0.015
w050,w045,0.029
w050,w046,1.171
w050,w047,1.171
w050,w048,0.577
w050,w049,0.711
w050,w050,0.711
w050,w051,0.711
w050,w052,0.635
w050,w053,0.489
w050,w054,0.374
w050,w055,0.374
w050,w056,2.379
w050,w057,0.193
w050,w058,0.251
w050,w059,0.065
w050,w060,0.505
w050,w061,0.0
w050,w062,1.252
w050,w063,0.448
w050,w064,0.233
w050,w065,0.005
w050,w066,0.383
w050,w067,0.358
w050,w068,0.0
w050,w069,0.453
w050,w070,0.274
w050,w071,0.286
w050,w072,0.008
w050,w073,1.113
w050,w074,1.252
w050,w075,1.295
w050,w076,0.399
w050,w077,0.22
w050,w078,0.0
w050,w079,0.024
w050,w080,0.024
w050,w081,0.126
w050,w082,0.001
w050,w083,0.163
w050,w084,0.43
w050,w085,0.652
w051,streamflow,240.016
w051,w001,0.225
w051,w002,0.043
w051,w003,0.017
w051,w004,0.453
w051,w005,1.057
w051,w006,0.227
w051,w007,0.085
w051,w008,0.78
w051,w009,0.664
w051,w010,0.123
w051,w011,1.124
w051,w012,0.537
w051,w013,0.204
w051,w014,0.157
w051,w015,0.023
w051,w016,0.068
w051,w017,0.194
w051,w018,0.194
w051,w019,0.163
w051,w020,0.163
w051,w021,0.163
w051,w022,0.43
w051,w023,0.122
w051,w024,0.334
w051,w025,0.256
w051,w026,0.208
w051,w027,0.69
w051,w028,1.195
w051,w029,0.449
w051,w030,0.342
w051,w031,0.175
w051,w032,0.0
w051,w033,0.308
w051,w034,0.659
w051,w035,0.034
w051,w036,2.809
w051,w037,0.0
w051,w038,0.312
w051,w039,0.071
w051,w040,0.007
w051,w041,0.134
w051,w042,0.134
w051,w043,0.134
w051,w044,0.015
w051,w045,0.029
w051,w046,1.171
w051,w047,1.171
w051,w048,0.577
w051,w049,0.711
w051,w050,0.711
w051,w051,0.711
w051,w052,0.635
w051,w053,0.489
w051,w054,0.374
w051,w055,0.374
w051,w056,2.379
w051,w057,0.193
w051,w058,0.251
w051,w059,0.065
w051,w060,0.505
w051,w061,0.0
w051,w062,1.252
w051,w063,0.448
w051,w064,0.233
w051,w065,0.005
w051,w066,0.383
w051,w067,0.358
w051,w068,0.0
w051,w069,0.453
w051,w070,0.274
w051,w071,0.286
w051,w072,0.008
w051,w073,1.113
w051,w074,1.252
w051,w075,1.295
w051,w076,0.399
w051,w077,0.22
w051,w078,0.0
w051,w079,0.024
w051,w080,0.024
w051,w081,0.126
w051,w082,0.001
w051,w083,0.163
w051,w084,0.43
w051,w085,0.652
w052,streamflow,199.63
w052,w001,0.208
w052,w002,0.113
w052,w003,0.001
w052,w004,0.616
w052,w005,0.896
w052,w006,0.174
w052,w007,0.076
w052,w008,0.691
w052,w009,0.57
w052,w010,1.057
w052,w011,0.993
w052,w012,0.331
w052,w013,0.183
w052,w014,0.176
w052,w015,0.027
w052,w016,0.129
w052,w017,0.324
w052,w018,0.324
w052,w019,0.243
w052,w020,0.243
w052,w021,0.243
w052,w022,0.516
w052,w023,0.12
w052,w024,0.431
w052,w025,0.233
w052,w026,0.198
w052,w027,0.668
w052,w028,1.108
w052,w029,0.635
w052,w030,0.339
w052,w031,0.442
w052,w032,0.244
w052,w033,0.58
w052,w034,0.568
w052,w035,0.094
w052,w036,2.487
w052,w037,0.002
w052,w038,0.252
w052,w039,0.035
w052,w040,0.166
w052,w041,0.016
w052,w042,0.016
w052,w043,0.016
w052,w044,0.064
w052,w045,0.074
w052,w046,1.161
w052,w047,1.161
w052,w048,0.552
w052,w049,0.657
w052,w050,0.657
w052,w051,0.657
w052,w052,0.687
w052,w053,0.47
w052,w054,0.332
w052,w055,0.332
w052,w056,4.11
w052,w057,0.575
w052,w058,0.381
w052,w059,0.081
w052,w060,0.458
w052,w061,0.03
w052,w062,1.042
w052,w063,0.395
w052,w064,0.211
w052,w065,0.122
w052,w066,0.37
w052,w067,0.455
w052,w068,0.002
w052,w069,0.418
w052,w070,0.13
w052,w071,0.265
w052,w072,0.087
w052,w073,0.964
w052,w074,0.752
w052,w075,1.684
w052,w076,0.851
w052,w077,0.365
w052,w078,0.009
w052,w079,0.04
w052,w080,0.04
w052,w081,0.142
w052,w082,0.047
w052,w083,0.243
w052,w084,0.516
w052,w085,0.563
w053,streamflow,103.478
w053,w001,0.026
w053,w002,0.226
w053,w003,0.258
w053,w004,2.091
w053,w005,0.714
w053,w006,0.189
w053,w007,0.026
w053,w008,0.507
w053,w009,0.332
w053,w010,2.252
w053,w011,0.945
w053,w012,0.127
w053,w013,0.325
w053,w014,0.003
w053,w015,2.679
w053,w016,0.151
w053,w017,0.166
w053,w018,0.166
w053,w019,0.131
w053,w020,0.131
w053,w021,0.131
w053,w022,0.514
w053,w023,0.142
w053,w024,0.696
w053,w025,0.275
w053,w026,0.256
w053,w027,0.436
w053,w028,1.14
w053,w029,0.12
w053,w030,0.065
w053,w031,0.138
w053,w032,0.104
w053,w033,0.378
w053,w034,0.329
w053,w035,0.042
w053,w036,2.718
w053,w037,0.188
w053,w038,0.359
w053,w039,0.14
w053,w040,0.001
w053,w041,0.148
w053,w042,0.148
w053,w043,0.148
w053,w044,0.921
w053,w045,0.592
w053,w046,1.491
w053,w047,1.491
w053,w048,0.006
w053,w049,0.418
w053,w050,0.418
w053,w051,0.418
w053,w052,0.388
w053,w053,0.832
w053,w054,0.543
w053,w055,0.543
w053,w056,8.02
w053,w057,0.828
w053,w058,0.317
w053,w059,0.118
w053,w060,0.339
w053,w061,0.052
w053,w062,0.409
w053,w063,0.177
w053,w064,0.034
w053,w065,0.525
w053,w066,0.172
w053,w067,0.086
w053,w068,0.207
w053,w069,0.347
w053,w070,0.03
w053,w071,0.052
w053,w072,0.003
w053,w073,1.027
w053,w074,2.199
w053,w075,2.836
w053,w076,2.041
w053,w077,0.081
w053,w078,0.069
w053,w079,0.0
w053,w080,0.0
w053,w081,0.116
w053,w082,0.005
w053,w083,0.131
w053,w084,0.514
w053,w085,0.376
w054,streamflow,128.366
w054,w001,0.032
w054,w002,0.181
w054,w003,0.161
w054,w004,0.527
w054,w005,0.884
w054,w006,0.307
w054,w007,0.095
w054,w008,0.555
w054,w009,0.431
w054,w010,2.61
w054,w011,0.985
w054,w012,0.315
w054,w013,0.352
w054,w014,0.0
w054,w015,0.223
w054,w016,0.185
w054,w017,0.06
w054,w018,0.06
w054,w019,0.074
w054,w020,0.074
w054,w021,0.074
w054,w022,0.338
w054,w023,0.17
w054,w024,0.358
w054,w025,0.333
w054,w026,0.315
w054,w027,0.408
w054,w028,1.023
w054,w029,0.068
w054,w030,0.074
w054,w031,0.02
w054,w032,0.013
w054,w033,0.141
w054,w034,0.412
w054,w035,0.022
w054,w036,3.181
w054,w037,0.095
w054,w038,0.409
w054,w039,0.161
w054,w040,0.012
w054,w041,0.432
w054,w042,0.432
w054,w043,0.432
w054,w044,0.227
w054,w045,0.038
w054,w046,1.041
w054,w047,1.041
w054,w048,0.004
w054,w049,0.426
w054,w050,0.426
w054,w051,0.426
w054,w052,0.365
w054,w053,0.724
w054,w054,0.624
w054,w055,0.624
w054,w056,3.524
w054,w057,0.366
w054,w058,0.183
w054,w059,0.099
w054,w060,0.323
w054,w061,0.009
w054,w062,0.254
w054,w063,0.202
w054,w064,0.041
w054,w065,0.014
w054,w066,0.165
w054,w067,0.009
w054,w068,0.376
w054,w069,0.64
w054,w070,0.039
w054,w071,0.057
w054,w072,0.167
w054,w073,1.019
w054,w074,1.544
w054,w075,1.438
w054,w076,0.439
w054,w077,0.043
w054,w078,0.013
w054,w079,0.023
w054,w080,0.023
w054,w081,0.197
w054,w082,0.007
w054,w083,0.074
w054,w084,0.338
w054,w085,0.454
w055,streamflow,128.366
w055,w001,0.032
w055,w002,0.181
w055,w003,0.161
w055,w004,0.527
w055,w005,0.884
w055,w006,0.307
w055,w007,0.095
w055,w008,0.555
w055,w009,0.431
w055,w010,2.61
w055,w011,0.985
w055,w012,0.315
w055,w013,0.352
w055,w014,0.0
w055,w015,0.223
w055,w016,0.185
w055,w017,0.06
w055,w018,0.06
w055,w019,0.074
w055,w020,0.074
w055,w021,0.074
w055,w022,0.338
w055,w023,0.17
w055,w024,0.358
w055,w025,0.333
w055,w026,0.315
w055,w027,0.408
w055,w028,1.023
w055,w029,0.068
w055,w030,0.074
w055,w031,0.02
w055,w032,0.013
w055,w033,0.141
w055,w034,0.412
w055,w035,0.022
w055,w036,3.181
w055,w037,0.095
w055,w038,0.409
w055,w039,0.161
w055,w040,0.012
w055,w041,0.432
w055,w042,0.432
w055,w043,0.432
w055,w044,0.227
w055,w045,0.038
w055,w046,1.041
w055,w047,1.041
w055,w048,0.004
w055,w049,0.426
w055,w050,0.426
w055,w051,0.426
w055,w052,0.365
w055,w053,0.724
w055,w054,0.624
w055,w055,0.624
w055,w056,3.524
w055,w057,0.366
w055,w058,0.183
w055,w059,0.099
w055,w060,0.323
w055,w061,0.009
w055,w062,0.254
w055,w063,0.202
w055,w064,0.041
w055,w065,0.014
w055,w066,0.165
w055,w067,0.009
w055,w068,0.376
w055,w069,0.64
w055,w070,0.039
w055,w071,0.057
w055,w072,0.167
w055,w073,1.019
w055,w074,1.544
w055,w075,1.438
w055,w076,0.439
w055,w077,0.043
w055,w078,0.013
w055,w079,0.023
w055,w080,0.023
w055,w081,0.197
w055,w082,0.007
w055,w083,0.074
w055,w084,0.338
w055,w085,0.454
w056,streamflow,12.957
w056,w001,0.0
w056,w002,0.235
w056,w003,0.036
w056,w004,1.358
w056,w005,0.038
w056,w006,0.027
w056,w007,0.049
w056,w008,0.059
w056,w009,0.011
w056,w010,0.006
w056,w011,0.133
w056,w012,0.117
w056,w013,0.058
w056,w014,0.04
w056,w015,5.882
w056,w016,0.107
w056,w017,0.763
w056,w018,0.763
w056,w019,0.516
w056,w020,0.516
w056,w021,0.516
w056,w022,0.699
w056,w023,0.026
w056,w024,0.788
w056,w025,0.042
w056,w026,0.062
w056,w027,0.083
w056,w028,0.285
w056,w029,0.127
w056,w030,0.002
w056,w031,0.484
w056,w032,1.37
w056,w033,0.618
w056,w034,0.012
w056,w035,1.065
w056,w036,0.299
w056,w037,0.092
w056,w038,0.103
w056,w039,0.109
w056,w040,0.564
w056,w041,0.099
w056,w042,0.099
w056,w043,0.099
w056,w044,0.362
w056,w045,0.505
w056,w046,0.842
w056,w047,0.842
w056,w048,0.004
w056,w049,0.067
w056,w050,0.067
w056,w051,0.067
w056,w052,0.113
w056,w053,0.266
w056,w054,0.088
w056,w055,0.088
w056,w056,25.066
w056,w057,5.252
w056,w058,0.379
w056,w059,0.189
w056,w060,0.047
w056,w061,0.406
w056,w062,4.848
w056,w063,0.007
w056,w064,0.0
w056,w065,0.297
w056,w066,0.039
w056,w067,0.154
w056,w068,0.001
w056,w069,0.091
w056,w070,0.585
w056,w071,0.002
w056,w072,0.676
w056,w073,0.171
w056,w074,1.623
w056,w075,5.39
w056,w076,3.983
w056,w077,0.002
w056,w078,0.005
w056,w079,0.029
w056,w080,0.029
w056,w081,0.109
w056,w082,0.02
w056,w083,0.516
w056,w084,0.699
w056,w085,0.018
w057,streamflow,84.259
w057,w001,0.0
w057,w002,0.286
w057,w003,0.012
w057,w004,0.335
w057,w005,0.003
w057,w006,0.005
w057,w007,0.018
w057,w008,0.013
w057,w009,0.002
w057,w010,1.42
w057,w011,0.022
w057,w012,0.229
w057,w013,0.021
w057,w014,0.006
w057,w015,0.924
w057,w016,0.095
w057,w017,0.078
w057,w018,0.078
w057,w019,0.066
w057,w020,0.066
w057,w021,0.066
w057,w022,0.058
w057,w023,0.026
w057,w024,0.05
w057,w025,0.006
w057,w026,0.012
w057,w027,0.027
w057,w028,0.051
w057,w029,0.193
w057,w030,0.002
w057,w031,0.409
w057,w032,1.164
w057,w033,0.338
w057,w034,0.001
w057,w035,1.329
w057,w036,0.065
w057,w037,1.137
w057,w038,0.0
w057,w039,0.496
w057,w040,3.906
w057,w041,0.201
w057,w042,0.201
w057,w043,0.201
w057,w044,0.748
w057,w045,0.188
w057,w046,0.003
w057,w047,0.003
w057,w048,0.004
w057,w049,0.015
w057,w050,0.015
w057,w051,0.015
w057,w052,0.043
w057,w053,0.075
w057,w054,0.025
w057,w055,0.025
w057,w056,14.3
w057,w057,9.206
w057,w058,0.277
w057,w059,0.072
w057,w060,0.005
w057,w061,0.334
w057,w062,25.707
w057,w063,0.0
w057,w064,0.0
w057,w065,0.289
w057,w066,0.014
w057,w067,1.418
w057,w068,0.006
w057,w069,0.058
w057,w070,0.339
w057,w071,0.0
w057,w072,0.048
w057,w073,0.021
w057,w074,0.02
w057,w075,4.281
w057,w076,4.108
w057,w077,0.183
w057,w078,0.032
w057,w079,0.023
w057,w080,0.023
w057,w081,0.075
w057,w082,0.052
w057,w083,0.066
w057,w084,0.058
w057,w085,0.002
w058,streamflow,130.967
w058,w001,0.036
w058,w002,0.522
w058,w003,0.052
w058,w004,0.096
w058,w005,0.148
w058,w006,0.11
w058,w007,0.188
w058,w008,0.155
w058,w009,0.09
w058,w010,1.903
w058,w011,0.24
w058,w012,0.013
w058,w013,0.065
w058,w014,0.02
w058,w015,0.902
w058,w016,0.072
w058,w017,0.233
w058,w018,0.233
w058,w019,0.185
w058,w020,0.185
w058,w021,0.185
w058,w022,0.175
w058,w023,0.059
w058,w024,0.562
w058,w025,0.129
w058,w026,0.138
w058,w027,0.21
w058,w028,0.359
w058,w029,0.53
w058,w030,0.076
w058,w031,1.193
w058,w032,3.149
w058,w033,1.205
w058,w034,0.087
w058,w035,3.184
w058,w036,0.607
w058,w037,0.001
w058,w038,0.085
w058,w039,0.002
w058,w040,0.126
w058,w041,0.424
w058,w042,0.424
w058,w043,0.424
w058,w044,2.495
w058,w045,6.436
w058,w046,0.343
w058,w047,0.343
w058,w048,0.074
w058,w049,0.15
w058,w050,0.15
w058,w051,0.15
w058,w052,0.22
w058,w053,0.221
w058,w054,0.096
w058,w055,0.096
w058,w056,7.976
w058,w057,2.14
w058,w058,1.191
w058,w059,0.43
w058,w060,0.203
w058,w061,1.411
w058,w062,2.707
w058,w063,0.058
w058,w064,0.032
w058,w065,0.231
w058,w066,0.133
w058,w067,0.44
w058,w068,0.002
w058,w069,0.152
w058,w070,3.541
w058,w071,0.043
w058,w072,1.878
w058,w073,0.237
w058,w074,0.003
w058,w075,0.214
w058,w076,0.419
w058,w077,0.182
w058,w078,0.151
w058,w079,0.207
w058,w080,0.207
w058,w081,0.237
w058,w082,0.398
w058,w083,0.185
w058,w084,0.175
w058,w085,0.101
w059,streamflow,95.354
w059,w001,0.002
w059,w002,0.419
w059,w003,0.19
w059,w004,2.135
w059,w005,0.069
w059,w006,0.549
w059,w007,1.087
w059,w008,0.05
w059,w009,0.031
w059,w010,0.047
w059,w011,0.071
w059,w012,0.787
w059,w013,0.038
w059,w014,0.005
w059,w015,0.033
w059,w016,0.0
w059,w017,0.295
w059,w018,0.295
w059,w019,0.329
w059,w020,0.329
w059,w021,0.329
w059,w022,0.123
w059,w023,0.034
w059,w024,1.062
w059,w025,0.142
w059,w026,0.251
w059,w027,0.044
w059,w028,0.086
w059,w029,0.071
w059,w030,0.012
w059,w031,0.203
w059,w032,0.778
w059,w033,0.234
w059,w034,0.03
w059,w035,1.498
w059,w036,0.282
w059,w037,0.587
w059,w038,0.547
w059,w039,0.071
w059,w040,1.58
w059,w041,0.415
w059,w042,0.415
w059,w043,0.415
w059,w044,1.274
w059,w045,2.316
w059,w046,0.423
w059,w047,0.423
w059,w048,0.001
w059,w049,0.043
w059,w050,0.043
w059,w051,0.043
w059,w052,0.052
w059,w053,0.091
w059,w054,0.057
w059,w055,0.057
w059,w056,4.376
w059,w057,0.614
w059,w058,0.473
w059,w059,1.082
w059,w060,0.057
w059,w061,2.219
w059,w062,5.205
w059,w063,0.009
w059,w064,0.001
w059,w065,2.701
w059,w066,0.048
w059,w067,6.5
w059,w068,0.019
w059,w069,0.376
w059,w070,11.802
w059,w071,0.003
w059,w072,2.374
w059,w073,0.073
w059,w074,0.017
w059,w075,0.127
w059,w076,0.877
w059,w077,0.069
w059,w078,0.889
w059,w079,1.265
w059,w080,1.265
w059,w081,0.891
w059,w082,0.216
w059,w083,0.328
w059,w084,0.123
w059,w085,0.032
w060,streamflow,264.448
w060,w001,0.202
w060,w002,0.024
w060,w003,0.053
w060,w004,0.576
w060,w005,0.97
w060,w006,0.225
w060,w007,0.09
w060,w008,0.723
w060,w009,0.604
w060,w010,0.025
w060,w011,1.075
w060,w012,0.519
w060,w013,0.186
w060,w014,0.112
w060,w015,0.005
w060,w016,0.029
w060,w017,0.172
w060,w018,0.172
w060,w019,0.148
w060,w020,0.148
w060,w021,0.148
w060,w022,0.396
w060,w023,0.1
w060,w024,0.331
w060,w025,0.241
w060,w026,0.172
w060,w027,0.64
w060,w028,1.16
w060,w029,0.331
w060,w030,0.286
w060,w031,0.14
w060,w032,0.0
w060,w033,0.302
w060,w034,0.597
w060,w035,0.101
w060,w036,2.586
w060,w037,0.0
w060,w038,0.241
w060,w039,0.166
w060,w040,0.039
w060,w041,0.136
w060,w042,0.136
w060,w043,0.136
w060,w044,0.132
w060,w045,0.005
w060,w046,1.118
w060,w047,1.118
w060,w048,0.495
w060,w049,0.607
w060,w050,0.607
w060,w051,0.607
w060,w052,0.532
w060,w053,0.477
w060,w054,0.341
w060,w055,0.341
w060,w056,1.994
w060,w057,0.077
w060,w058,0.41
w060,w059,0.104
w060,w060,0.591
w060,w061,0.052
w060,w062,0.67
w060,w063,0.412
w060,w064,0.212
w060,w065,0.01
w060,w066,0.335
w060,w067,0.108
w060,w068,0.0
w060,w069,0.333
w060,w070,0.084
w060,w071,0.255
w060,w072,0.04
w060,w073,1.079
w060,w074,1.444
w060,w075,0.664
w060,w076,0.217
w060,w077,0.051
w060,w078,0.013
w060,w079,0.004
w060,w080,0.004
w060,w081,0.086
w060,w082,0.002
w060,w083,0.148
w060,w084,0.396
w060,w085,0.598
w061,streamflow,51.737
w061,w001,0.001
w061,w002,0.77
w061,w003,0.167
w061,w004,1.649
w061,w005,0.001
w061,w006,0.268
w061,w007,0.641
w061,w008,0.0
w061,w009,0.001
w061,w010,0.349
w061,w011,0.0
w061,w012,0.189
w061,w013,0.003
w061,w014,0.001
w061,w015,0.252
w061,w016,0.014
w061,w017,0.426
w061,w018,0.426
w061,w019,0.488
w061,w020,0.488
w061,w021,0.488
w061,w022,0.075
w061,w023,0.007
w061,w024,0.841
w061,w025,0.046
w061,w026,0.118
w061,w027,0.002
w061,w028,0.002
w061,w029,0.067
w061,w030,0.0
w061,w031,0.457
w061,w032,2.48
w061,w033,0.409
w061,w034,0.001
w061,w035,4.735
w061,w036,0.006
w061,w037,0.109
w061,w038,0.308
w061,w039,0.127
w061,w040,0.301
w061,w041,0.955
w061,w042,0.955
w061,w043,0.955
w061,w044,0.76
w061,w045,3.452
w061,w046,0.135
w061,w047,0.135
w061,w048,0.014
w061,w049,0.0
w061,w050,0.0
w061,w051,0.0
w061,w052,0.007
w061,w053,0.014
w061,w054,0.002
w061,w055,0.002
w061,w056,3.279
w061,w057,0.991
w061,w058,0.542
w061,w059,0.774
w061,w060,0.01
w061,w061,3.103
w061,w062,9.906
w061,w063,0.003
w061,w064,0.002
w061,w065,1.746
w061,w066,0.012
w061,w067,3.91
w061,w068,0.001
w061,w069,0.094
w061,w070,10.982
w061,w071,0.002
w061,w072,3.878
w061,w073,0.0
w061,w074,0.255
w061,w075,0.124
w061,w076,0.17
w061,w077,0.021
w061,w078,0.827
w061,w079,1.011
w061,w080,1.011
w061,w081,0.536
w061,w082,0.527
w061,w083,0.488
w061,w084,0.075
w061,w085,0.001
w062,streamflow,25.57
w062,w001,0.001
w062,w002,0.172
w062,w003,0.002
w062,w004,0.483
w062,w005,0.014
w062,w006,0.002
w062,w007,0.013
w062,w008,0.002
w062,w009,0.003
w062,w010,0.132
w062,w011,0.007
w062,w012,0.041
w062,w013,0.0
w062,w014,0.006
w062,w015,0.21
w062,w016,0.366
w062,w017,0.429
w062,w018,0.429
w062,w019,0.255
w062,w020,0.255
w062,w021,0.255
w062,w022,0.264
w062,w023,0.002
w062,w024,0.008
w062,w025,0.001
w062,w026,0.008
w062,w027,0.005
w062,w028,0.016
w062,w029,0.001
w062,w030,0.003
w062,w031,0.009
w062,w032,0.06
w062,w033,0.002
w062,w034,0.005
w062,w035,0.193
w062,w036,0.013
w062,w037,1.504
w062,w038,0.011
w062,w039,0.707
w062,w040,0.775
w062,w041,0.037
w062,w042,0.037
w062,w043,0.037
w062,w044,2.512
w062,w045,2.345
w062,w046,0.128
w062,w047,0.128
w062,w048,0.012
w062,w049,0.006
w062,w050,0.006
w062,w051,0.006
w062,w052,0.005
w062,w053,0.002
w062,w054,0.001
w062,w055,0.001
w062,w056,0.84
w062,w057,1.636
w062,w058,0.022
w062,w059,0.039
w062,w060,0.003
w062,w061,0.212
w062,w062,144.677
w062,w063,0.005
w062,w064,0.002
w062,w065,0.301
w062,w066,0.002
w062,w067,0.081
w062,w068,0.027
w062,w069,0.017
w062,w070,0.551
w062,w071,0.002
w062,w072,0.652
w062,w073,0.008
w062,w074,0.002
w062,w075,0.911
w062,w076,0.412
w062,w077,0.038
w062,w078,0.011
w062,w079,0.021
w062,w080,0.021
w062,w081,0.027
w062,w082,0.366
w062,w083,0.255
w062,w084,0.264
w062,w085,0.006
w063,streamflow,314.976
w063,w001,0.288
w063,w002,0.001
w063,w003,0.006
w063,w004,0.075
w063,w005,0.999
w063,w006,0.175
w063,w007,0.065
w063,w008,0.743
w063,w009,0.701
w063,w010,0.341
w063,w011,0.989
w063,w012,0.566
w063,w013,0.132
w063,w014,0.239
w063,w015,0.801
w063,w016,0.004
w063,w017,0.059
w063,w018,0.059
w063,w019,0.055
w063,w020,0.055
w063,w021,0.055
w063,w022,0.172
w063,w023,0.087
w063,w024,0.064
w063,w025,0.179
w063,w026,0.111
w063,w027,0.635
w063,w028,0.952
w063,w029,0.394
w063,w030,0.384
w063,w031,0.042
w063,w032,0.21
w063,w033,0.092
w063,w034,0.683
w063,w035,0.496
w063,w036,2.28
w063,w037,0.027
w063,w038,0.186
w063,w039,0.083
w063,w040,0.039
w063,w041,0.223
w063,w042,0.223
w063,w043,0.223
w063,w044,0.049
w063,w045,0.575
w063,w046,0.611
w063,w047,0.611
w063,w048,0.894
w063,w049,0.628
w063,w050,0.628
w063,w051,0.628
w063,w052,0.535
w063,w053,0.29
w063,w054,0.248
w063,w055,0.248
w063,w056,0.33
w063,w057,0.002
w063,w058,0.137
w063,w059,0.019
w063,w060,0.48
w063,w061,0.019
w063,w062,1.408
w063,w063,0.507
w063,w064,0.301
w063,w065,0.047
w063,w066,0.367
w063,w067,0.168
w063,w068,0.01
w063,w069,0.341
w063,w070,0.268
w063,w071,0.354
w063,w072,0.203
w063,w073,0.944
w063,w074,0.819
w063,w075,0.171
w063,w076,0.01
w063,w077,0.373
w063,w078,0.002
w063,w079,0.006
w063,w080,0.006
w063,w081,0.068
w063,w082,0.006
w063,w083,0.055
w063,w084,0.172
w063,w085,0.643
w064,streamflow,376.234
w064,w001,0.336
w064,w002,0.03
w064,w003,0.022
w064,w004,0.003
w064,w005,0.662
w064,w006,0.089
w064,w007,0.047
w064,w008,0.519
w064,w009,0.547
w064,w010,2.962
w064,w011,0.598
w064,w012,0.582
w064,w013,0.033
w064,w014,0.406
w064,w015,1.817
w064,w016,0.0
w064,w017,0.107
w064,w018,0.107
w064,w019,0.088
w064,w020,0.088
w064,w021,0.088
w064,w022,0.13
w064,w023,0.034
w064,w024,0.004
w064,w025,0.069
w064,w026,0.026
w064,w027,0.496
w064,w028,0.542
w064,w029,0.502
w064,w030,0.418
w064,w031,0.069
w064,w032,0.147
w064,w033,0.066
w064,w034,0.521
w064,w035,0.419
w064,w036,1.166
w064,w037,0.148
w064,w038,0.056
w064,w039,0.024
w064,w040,0.0
w064,w041,0.06
w064,w042,0.06
w064,w043,0.06
w064,w044,0.232
w064,w045,0.772
w064,w046,0.262
w064,w047,0.262
w064,w048,1.259
w064,w049,0.47
w064,w050,0.47
w064,w051,0.47
w064,w052,0.411
w064,w053,0.081
w064,w054,0.073
w064,w055,0.073
w064,w056,0.001
w064,w057,0.002
w064,w058,0.107
w064,w059,0.003
w064,w060,0.356
w064,w061,0.017
w064,w062,0.976
w064,w063,0.433
w064,w064,0.352
w064,w065,0.133
w064,w066,0.326
w064,w067,0.15
w064,w068,0.171
w064,w069,0.182
w064,w070,0.157
w064,w071,0.387
w064,w072,0.057
w064,w073,0.525
w064,w074,0.17
w064,w075,0.007
w064,w076,0.215
w064,w077,0.772
w064,w078,0.005
w064,w079,0.007
w064,w080,0.007
w064,w081,0.024
w064,w082,0.002
w064,w083,0.088
w064,w084,0.13
w064,w085,0.456
w065,streamflow,19.481
w065,w001,0.004
w065,w002,0.117
w065,w003,0.123
w065,w004,9.749
w065,w005,0.01
w065,w006,0.468
w065,w007,0.997
w065,w008,0.001
w065,w009,0.015
w065,w010,0.37
w065,w011,0.0
w065,w012,5.861
w065,w013,0.002
w065,w014,0.021
w065,w015,4.621
w065,w016,0.037
w065,w017,1.57
w065,w018,1.57
w065,w019,1.688
w065,w020,1.688
w065,w021,1.688
w065,w022,0.452
w065,w023,0.0
w065,w024,0.028
w065,w025,0.019
w065,w026,0.045
w065,w027,0.005
w065,w028,0.027
w065,w029,0.046
w065,w030,0.002
w065,w031,0.115
w065,w032,0.23
w065,w033,0.127
w065,w034,0.012
w065,w035,0.013
w065,w036,0.001
w065,w037,2.414
w065,w038,0.351
w065,w039,0.149
w065,w040,0.48
w065,w041,0.167
w065,w042,0.167
w065,w043,0.167
w065,w044,3.608
w065,w045,4.448
w065,w046,0.037
w065,w047,0.037
w065,w048,0.007
w065,w049,0.0
w065,w050,0.0
w065,w051,0.0
w065,w052,0.006
w065,w053,0.029
w065,w054,0.001
w065,w055,0.001
w065,w056,0.496
w065,w057,0.177
w065,w058,0.018
w065,w059,0.194
w065,w060,0.0
w065,w061,0.36
w065,w062,2.898
w065,w063,0.002
w065,w064,0.003
w065,w065,15.034
w065,w066,0.004
w065,w067,5.392
w065,w068,0.005
w065,w069,0.784
w065,w070,3.315
w065,w071,0.002
w065,w072,0.47
w065,w073,0.004
w065,w074,0.086
w065,w075,0.413
w065,w076,5.971
w065,w077,0.002
w065,w078,1.32
w065,w079,1.53
w065,w080,1.53
w065,w081,0.595
w065,w082,0.476
w065,w083,1.688
w065,w084,0.452
w065,w085,0.002
w066,streamflow,200.913
w066,w001,0.238
w066,w002,0.198
w066,w003,0.027
w066,w004,0.0
w066,w005,0.774
w066,w006,0.209
w066,w007,0.164
w066,w008,0.619
w066,w009,0.538
w066,w010,1.692
w066,w011,0.807
w066,w012,0.311
w066,w013,0.122
w066,w014,0.221
w066,w015,0.517
w066,w016,0.011
w066,w017,0.155
w066,w018,0.155
w066,w019,0.133
w066,w020,0.133
w066,w021,0.133
w066,w022,0.216
w066,w023,0.102
w066,w024,0.216
w066,w025,0.236
w066,w026,0.187
w066,w027,0.589
w066,w028,0.863
w066,w029,0.7
w066,w030,0.376
w066,w031,0.46
w066,w032,0.354
w066,w033,0.491
w066,w034,0.543
w066,w035,0.439
w066,w036,1.851
w066,w037,0.143
w066,w038,0.254
w066,w039,0.03
w066,w040,0.004
w066,w041,0.001
w066,w042,0.001
w066,w043,0.001
w066,w044,0.116
w066,w045,0.11
w066,w046,0.639
w066,w047,0.639
w066,w048,0.849
w066,w049,0.569
w066,w050,0.569
w066,w051,0.569
w066,w052,0.532
w066,w053,0.299
w066,w054,0.216
w066,w055,0.216
w066,w056,2.034
w066,w057,0.278
w066,w058,0.332
w066,w059,0.109
w066,w060,0.414
w066,w061,0.079
w066,w062,0.718
w066,w063,0.389
w066,w064,0.241
w066,w065,0.124
w066,w066,0.478
w066,w067,0.013
w066,w068,0.005
w066,w069,0.453
w066,w070,0.181
w066,w071,0.292
w066,w072,0.227
w066,w073,0.793
w066,w074,0.344
w066,w075,0.313
w066,w076,0.0
w066,w077,0.731
w066,w078,0.119
w066,w079,0.184
w066,w080,0.184
w066,w081,0.189
w066,w082,0.15
w066,w083,0.133
w066,w084,0.216
w066,w085,0.529
w067,streamflow,24.922
w067,w001,0.003
w067,w002,0.008
w067,w003,0.213
w067,w004,4.01
w067,w005,0.002
w067,w006,0.342
w067,w007,0.563
w067,w008,0.004
w067,w009,0.0
w067,w010,0.007
w067,w011,0.005
w067,w012,1.357
w067,w013,0.0
w067,w014,0.0
w067,w015,0.189
w067,w016,0.002
w067,w017,0.27
w067,w018,0.27
w067,w019,0.239
w067,w020,0.239
w067,w021,0.239
w067,w022,0.051
w067,w023,0.0
w067,w024,0.033
w067,w025,0.006
w067,w026,0.012
w067,w027,0.005
w067,w028,0.023
w067,w029,0.004
w067,w030,0.008
w067,w031,0.012
w067,w032,0.011
w067,w033,0.025
w067,w034,0.003
w067,w035,0.016
w067,w036,0.003
w067,w037,3.538
w067,w038,0.093
w067,w039,0.028
w067,w040,7.467
w067,w041,0.026
w067,w042,0.026
w067,w043,0.026
w067,w044,1.899
w067,w045,1.906
w067,w046,0.0
w067,w047,0.0
w067,w048,0.0
w067,w049,0.011
w067,w050,0.011
w067,w051,0.011
w067,w052,0.013
w067,w053,0.003
w067,w054,0.0
w067,w055,0.0
w067,w056,0.161
w067,w057,0.543
w067,w058,0.022
w067,w059,0.292
w067,w060,0.003
w067,w061,0.504
w067,w062,0.485
w067,w063,0.004
w067,w064,0.002
w067,w065,3.369
w067,w066,0.0
w067,w067,24.062
w067,w068,0.021
w067,w069,0.21
w067,w070,17.002
w067,w071,0.004
w067,w072,1.305
w067,w073,0.014
w067,w074,0.218
w067,w075,9.806
w067,w076,12.81
w067,w077,0.004
w067,w078,0.474
w067,w079,0.636
w067,w080,0.636
w067,w081,0.359
w067,w082,0.247
w067,w083,0.239
w067,w084,0.051
w067,w085,0.007
w068,streamflow,279.892
w068,w001,0.047
w068,w002,0.311
w068,w003,0.204
w068,w004,0.212
w068,w005,0.043
w068,w006,0.028
w068,w007,0.01
w068,w008,0.016
w068,w009,0.007
w068,w010,5.159
w068,w011,0.055
w068,w012,0.409
w068,w013,0.122
w068,w014,0.222
w068,w015,0.222
w068,w016,0.001
w068,w017,0.704
w068,w018,0.704
w068,w019,0.414
w068,w020,0.414
w068,w021,0.414
w068,w022,0.346
w068,w023,0.07
w068,w024,0.033
w068,w025,0.081
w068,w026,0.101
w068,w027,0.002
w068,w028,0.026
w068,w029,0.098
w068,w030,0.035
w068,w031,0.075
w068,w032,0.016
w068,w033,0.026
w068,w034,0.006
w068,w035,0.206
w068,w036,0.439
w068,w037,0.567
w068,w038,0.118
w068,w039,0.003
w068,w040,0.02
w068,w041,0.345
w068,w042,0.345
w068,w043,0.345
w068,w044,0.014
w068,w045,0.005
w068,w046,0.056
w068,w047,0.056
w068,w048,0.295
w068,w049,0.0
w068,w050,0.0
w068,w051,0.0
w068,w052,0.001
w068,w053,0.124
w068,w054,0.169
w068,w055,0.169
w068,w056,0.023
w068,w057,0.038
w068,w058,0.002
w068,w059,0.015
w068,w060,0.0
w068,w061,0.003
w068,w062,2.836
w068,w063,0.004
w068,w064,0.043
w068,w065,0.049
w068,w066,0.002
w068,w067,0.362
w068,w068,1.386
w068,w069,0.185
w068,w070,0.37
w068,w071,0.04
w068,w072,0.338
w068,w073,0.077
w068,w074,0.0
w068,w075,0.053
w068,w076,0.006
w068,w077,0.193
w068,w078,0.001
w068,w079,0.042
w068,w080,0.042
w068,w081,0.106
w068,w082,0.008
w068,w083,0.414
w068,w084,0.346
w068,w085,0.014
w069,streamflow,49.913
w069,w001,0.032
w069,w002,0.505
w069,w003,0.09
w069,w004,3.486
w069,w005,0.375
w069,w006,0.579
w069,w007,0.827
w069,w008,0.212
w069,w009,0.237
w069,w010,0.019
w069,w011,0.332
w069,w012,4.67
w069,w013,0.101
w069,w014,0.037
w069,w015,2.334
w069,w016,0.45
w069,w017,1.955
w069,w018,1.955
w069,w019,1.869
w069,w020,1.869
w069,w021,1.869
w069,w022,1.299
w069,w023,0.078
w069,w024,0.078
w069,w025,0.199
w069,w026,0.21
w069,w027,0.143
w069,w028,0.247
w069,w029,0.077
w069,w030,0.064
w069,w031,0.042
w069,w032,0.006
w069,w033,0.067
w069,w034,0.213
w069,w035,0.006
w069,w036,1.212
w069,w037,1.328
w069,w038,0.34
w069,w039,0.03
w069,w040,0.188
w069,w041,0.493
w069,w042,0.493
w069,w043,0.493
w069,w044,1.728
w069,w045,1.801
w069,w046,0.425
w069,w047,0.425
w069,w048,0.046
w069,w049,0.165
w069,w050,0.165
w069,w051,0.165
w069,w052,0.147
w069,w053,0.148
w069,w054,0.204
w069,w055,0.204
w069,w056,1.165
w069,w057,0.272
w069,w058,0.093
w069,w059,0.209
w069,w060,0.101
w069,w061,0.149
w069,w062,1.237
w069,w063,0.089
w069,w064,0.033
w069,w065,6.035
w069,w066,0.111
w069,w067,2.586
w069,w068,0.131
w069,w069,1.952
w069,w070,1.826
w069,w071,0.04
w069,w072,0.345
w069,w073,0.271
w069,w074,0.465
w069,w075,0.126
w069,w076,2.188
w069,w077,0.068
w069,w078,0.877
w069,w079,1.117
w069,w080,1.117
w069,w081,0.764
w069,w082,0.856
w069,w083,1.869
w069,w084,1.299
w069,w085,0.184
w070,streamflow,57.112
w070,w001,0.003
w070,w002,0.204
w070,w003,0.454
w070,w004,3.115
w070,w005,0.007
w070,w006,0.286
w070,w007,0.647
w070,w008,0.005
w070,w009,0.003
w070,w010,0.803
w070,w011,0.012
w070,w012,0.161
w070,w013,0.0
w070,w014,0.002
w070,w015,0.122
w070,w016,0.031
w070,w017,0.043
w070,w018,0.043
w070,w019,0.051
w070,w020,0.051
w070,w021,0.051
w070,w022,0.001
w070,w023,0.002
w070,w024,0.134
w070,w025,0.018
w070,w026,0.046
w070,w027,0.002
w070,w028,0.017
w070,w029,0.026
w070,w030,0.002
w070,w031,0.05
w070,w032,0.331
w070,w033,0.015
w070,w034,0.006
w070,w035,1.172
w070,w036,0.007
w070,w037,1.106
w070,w038,0.08
w070,w039,0.066
w070,w040,4.555
w070,w041,0.618
w070,w042,0.618
w070,w043,0.618
w070,w044,1.105
w070,w045,3.093
w070,w046,0.012
w070,w047,0.012
w070,w048,0.003
w070,w049,0.008
w070,w050,0.008
w070,w051,0.008
w070,w052,0.003
w070,w053,0.001
w070,w054,0.001
w070,w055,0.001
w070,w056,0.556
w070,w057,0.118
w070,w058,0.16
w070,w059,0.483
w070,w060,0.002
w070,w061,1.29
w070,w062,3.02
w070,w063,0.005
w070,w064,0.002
w070,w065,1.887
w070,w066,0.003
w070,w067,15.493
w070,w068,0.019
w070,w069,0.135
w070,w070,26.406
w070,w071,0.003
w070,w072,2.115
w070,w073,0.015
w070,w074,0.69
w070,w075,7.292
w070,w076,7.994
w070,w077,0.166
w070,w078,0.691
w070,w079,0.793
w070,w080,0.793
w070,w081,0.479
w070,w082,0.291
w070,w083,0.051
w070,w084,0.001
w070,w085,0.007
w071,streamflow,392.153
w071,w001,0.343
w071,w002,0.015
w071,w003,0.01
w071,w004,0.001
w071,w005,0.689
w071,w006,0.087
w071,w007,0.045
w071,w008,0.561
w071,w009,0.557
w071,w010,2.716
w071,w011,0.648
w071,w012,0.481
w071,w013,0.043
w071,w014,0.342
w071,w015,1.457
w071,w016,0.001
w071,w017,0.092
w071,w018,0.092
w071,w019,0.074
w071,w020,0.074
w071,w021,0.074
w071,w022,0.116
w071,w023,0.042
w071,w024,0.014
w071,w025,0.082
w071,w026,0.036
w071,w027,0.513
w071,w028,0.622
w071,w029,0.527
w071,w030,0.423
w071,w031,0.103
w071,w032,0.083
w071,w033,0.109
w071,w034,0.545
w071,w035,0.37
w071,w036,1.271
w071,w037,0.1
w071,w038,0.078
w071,w039,0.012
w071,w040,0.013
w071,w041,0.064
w071,w042,0.064
w071,w043,0.064
w071,w044,0.18
w071,w045,0.542
w071,w046,0.319
w071,w047,0.319
w071,w048,1.251
w071,w049,0.504
w071,w050,0.504
w071,w051,0.504
w071,w052,0.451
w071,w053,0.107
w071,w054,0.088
w071,w055,0.088
w071,w056,0.115
w071,w057,0.005
w071,w058,0.128
w071,w059,0.007
w071,w060,0.374
w071,w061,0.012
w071,w062,0.692
w071,w063,0.445
w071,w064,0.338
w071,w065,0.074
w071,w066,0.346
w071,w067,0.265
w071,w068,0.139
w071,w069,0.193
w071,w070,0.22
w071,w071,0.403
w071,w072,0.023
w071,w073,0.595
w071,w074,0.323
w071,w075,0.067
w071,w076,0.034
w071,w077,0.776
w071,w078,0.003
w071,w079,0.007
w071,w080,0.007
w071,w081,0.036
w071,w082,0.003
w071,w083,0.074
w071,w084,0.116
w071,w085,0.482
w072,streamflow,86.367
w072,w001,0.0
w072,w002,1.107
w072,w003,0.356
w072,w004,1.05
w072,w005,0.03
w072,w006,0.124
w072,w007,0.268
w072,w008,0.012
w072,w009,0.019
w072,w010,1.813
w072,w011,0.019
w072,w012,0.297
w072,w013,0.003
w072,w014,0.002
w072,w015,0.409
w072,w016,0.309
w072,w017,1.527
w072,w018,1.527
w072,w019,1.251
w072,w020,1.251
w072,w021,1.251
w072,w022,0.425
w072,w023,0.0
w072,w024,0.575
w072,w025,0.008
w072,w026,0.031
w072,w027,0.001
w072,w028,0.003
w072,w029,0.12
w072,w030,0.001
w072,w031,0.871
w072,w032,4.177
w072,w033,0.698
w072,w034,0.016
w072,w035,5.902
w072,w036,0.058
w072,w037,2.325
w072,w038,0.133
w072,w039,0.021
w072,w040,0.013
w072,w041,0.729
w072,w042,0.729
w072,w043,0.729
w072,w044,2.476
w072,w045,8.38
w072,w046,0.173
w072,w047,0.173
w072,w048,0.0
w072,w049,0.001
w072,w050,0.001
w072,w051,0.001
w072,w052,0.006
w072,w053,0.0
w072,w054,0.01
w072,w055,0.01
w072,w056,1.638
w072,w057,0.043
w072,w058,0.216
w072,w059,0.248
w072,w060,0.002
w072,w061,1.163
w072,w062,9.117
w072,w063,0.01
w072,w064,0.002
w072,w065,0.683
w072,w066,0.011
w072,w067,3.035
w072,w068,0.045
w072,w069,0.065
w072,w070,5.4
w072,w071,0.001
w072,w072,10.343
w072,w073,0.018
w072,w074,0.441
w072,w075,0.072
w072,w076,0.207
w072,w077,0.048
w072,w078,1.011
w072,w079,0.944
w072,w080,0.944
w072,w081,0.329
w072,w082,1.928
w072,w083,1.251
w072,w084,0.426
w072,w085,0.016
w073,streamflow,184.227
w073,w001,0.131
w073,w002,0.053
w073,w003,0.207
w073,w004,0.903
w073,w005,1.04
w073,w006,0.205
w073,w007,0.037
w073,w008,0.765
w073,w009,0.591
w073,w010,1.224
w073,w011,1.204
w073,w012,0.327
w073,w013,0.285
w073,w014,0.018
w073,w015,0.142
w073,w016,0.038
w073,w017,0.054
w073,w018,0.054
w073,w019,0.049
w073,w020,0.049
w073,w021,0.049
w073,w022,0.295
w073,w023,0.141
w073,w024,0.336
w073,w025,0.294
w073,w026,0.235
w073,w027,0.594
w073,w028,1.3
w073,w029,0.184
w073,w030,0.202
w073,w031,0.055
w073,w032,0.025
w073,w033,0.21
w073,w034,0.589
w073,w035,0.117
w073,w036,3.118
w073,w037,0.05
w073,w038,0.363
w073,w039,0.136
w073,w040,0.044
w073,w041,0.384
w073,w042,0.384
w073,w043,0.384
w073,w044,0.1
w073,w045,0.004
w073,w046,1.201
w073,w047,1.201
w073,w048,0.265
w073,w049,0.615
w073,w050,0.615
w073,w051,0.615
w073,w052,0.515
w073,w053,0.664
w073,w054,0.494
w073,w055,0.494
w073,w056,3.334
w073,w057,0.151
w073,w058,0.22
w073,w059,0.062
w073,w060,0.496
w073,w061,0.0
w073,w062,0.94
w073,w063,0.372
w073,w064,0.144
w073,w065,0.05
w073,w066,0.295
w073,w067,0.255
w073,w068,0.083
w073,w069,0.411
w073,w070,0.306
w073,w071,0.187
w073,w072,0.147
w073,w073,1.286
w073,w074,2.274
w073,w075,1.827
w073,w076,0.69
w073,w077,0.001
w073,w078,0.053
w073,w079,0.0
w073,w080,0.0
w073,w081,0.101
w073,w082,0.036
w073,w083,0.049
w073,w084,0.295
w073,w085,0.614
w074,streamflow,38.084
w074,w001,0.007
w074,w002,0.065
w074,w003,0.562
w074,w004,1.396
w074,w005,0.185
w074,w006,0.049
w074,w007,0.0
w074,w008,0.135
w074,w009,0.071
w074,w010,7.641
w074,w011,0.283
w074,w012,2.771
w074,w013,0.052
w074,w014,0.048
w074,w015,3.247
w074,w016,0.018
w074,w017,1.145
w074,w018,1.145
w074,w019,0.818
w074,w020,0.818
w074,w021,0.818
w074,w022,1.352
w074,w023,0.003
w074,w024,0.449
w074,w025,0.025
w074,w026,0.019
w074,w027,0.087
w074,w028,0.399
w074,w029,0.069
w074,w030,0.002
w074,w031,0.148
w074,w032,1.084
w074,w033,0.006
w074,w034,0.081
w074,w035,3.282
w074,w036,0.574
w074,w037,0.002
w074,w038,0.157
w074,w039,0.027
w074,w040,0.001
w074,w041,0.814
w074,w042,0.814
w074,w043,0.814
w074,w044,0.651
w074,w045,2.25
w074,w046,1.714
w074,w047,1.714
w074,w048,0.001
w074,w049,0.108
w074,w050,0.108
w074,w051,0.108
w074,w052,0.063
w074,w053,0.222
w074,w054,0.117
w074,w055,0.117
w074,w056,4.938
w074,w057,0.022
w074,w058,0.0
w074,w059,0.002
w074,w060,0.104
w074,w061,0.096
w074,w062,0.027
w074,w063,0.05
w074,w064,0.007
w074,w065,0.157
w074,w066,0.02
w074,w067,0.636
w074,w068,0.0
w074,w069,0.11
w074,w070,2.212
w074,w071,0.016
w074,w072,0.554
w074,w073,0.355
w074,w074,8.237
w074,w075,6.0
w074,w076,1.862
w074,w077,0.724
w074,w078,0.234
w074,w079,0.074
w074,w080,0.074
w074,w081,0.0
w074,w082,0.24
w074,w083,0.818
w074,w084,1.352
w074,w085,0.08
w075,streamflow,32.638
w075,w001,0.0
w075,w002,0.137
w075,w003,0.411
w075,w004,1.84
w075,w005,0.022
w075,w006,0.052
w075,w007,0.088
w075,w008,0.037
w075,w009,0.005
w075,w010,1.041
w075,w011,0.075
w075,w012,0.01
w075,w013,0.025
w075,w014,0.056
w075,w015,2.079
w075,w016,0.107
w075,w017,0.304
w075,w018,0.304
w075,w019,0.231
w075,w020,0.231
w075,w021,0.231
w075,w022,0.281
w075,w023,0.008
w075,w024,0.219
w075,w025,0.008
w075,w026,0.016
w075,w027,0.022
w075,w028,0.153
w075,w029,0.001
w075,w030,0.002
w075,w031,0.092
w075,w032,0.294
w075,w033,0.199
w075,w034,0.013
w075,w035,0.076
w075,w036,0.143
w075,w037,1.775
w075,w038,0.051
w075,w039,0.209
w075,w040,7.834
w075,w041,0.129
w075,w042,0.129
w075,w043,0.129
w075,w044,2.547
w075,w045,2.385
w075,w046,0.53
w075,w047,0.53
w075,w048,0.018
w075,w049,0.045
w075,w050,0.045
w075,w051,0.045
w075,w052,0.057
w075,w053,0.116
w075,w054,0.044
w075,w055,0.044
w075,w056,6.653
w075,w057,1.941
w075,w058,0.013
w075,w059,0.007
w075,w060,0.019
w075,w061,0.019
w075,w062,6.492
w075,w063,0.004
w075,w064,0.0
w075,w065,0.306
w075,w066,0.007
w075,w067,11.62
w075,w068,0.004
w075,w069,0.012
w075,w070,9.482
w075,w071,0.001
w075,w072,0.036
w075,w073,0.116
w075,w074,2.434
w075,w075,20.306
w075,w076,15.21
w075,w077,0.132
w075,w078,0.058
w075,w079,0.032
w075,w080,0.032
w075,w081,0.003
w075,w082,0.0
w075,w083,0.231
w075,w084,0.281
w075,w085,0.018
w076,streamflow,10.731
w076,w001,0.001
w076,w002,0.05
w076,w003,0.489
w076,w004,6.044
w076,w005,0.0
w076,w006,0.229
w076,w007,0.441
w076,w008,0.005
w076,w009,0.004
w076,w010,0.274
w076,w011,0.018
w076,w012,1.313
w076,w013,0.011
w076,w014,0.054
w076,w015,4.978
w076,w016,0.033
w076,w017,0.014
w076,w018,0.014
w076,w019,0.026
w076,w020,0.026
w076,w021,0.026
w076,w022,0.002
w076,w023,0.001
w076,w024,0.161
w076,w025,0.001
w076,w026,0.0
w076,w027,0.009
w076,w028,0.085
w076,w029,0.006
w076,w030,0.0
w076,w031,0.16
w076,w032,0.659
w076,w033,0.259
w076,w034,0.0
w076,w035,0.414
w076,w036,0.021
w076,w037,3.988
w076,w038,0.001
w076,w039,0.066
w076,w040,6.638
w076,w041,0.017
w076,w042,0.017
w076,w043,0.017
w076,w044,0.298
w076,w045,0.124
w076,w046,0.212
w076,w047,0.212
w076,w048,0.055
w076,w049,0.014
w076,w050,0.014
w076,w051,0.014
w076,w052,0.029
w076,w053,0.084
w076,w054,0.014
w076,w055,0.014
w076,w056,4.924
w076,w057,1.866
w076,w058,0.025
w076,w059,0.047
w076,w060,0.006
w076,w061,0.026
w076,w062,2.943
w076,w063,0.0
w076,w064,0.004
w076,w065,4.428
w076,w066,0.0
w076,w067,15.204
w076,w068,0.0
w076,w069,0.211
w076,w070,10.412
w076,w071,0.001
w076,w072,0.106
w076,w073,0.044
w076,w074,0.757
w076,w075,15.235
w076,w076,20.272
w076,w077,0.137
w076,w078,0.456
w076,w079,0.437
w076,w080,0.437
w076,w081,0.158
w076,w082,0.073
w076,w083,0.026
w076,w084,0.002
w076,w085,0.001
w077,streamflow,143.48
w077,w001,0.094
w077,w002,0.01
w077,w003,0.745
w077,w004,1.179
w077,w005,0.021
w077,w006,0.003
w077,w007,0.066
w077,w008,0.035
w077,w009,0.055
w077,w010,15.172
w077,w011,0.005
w077,w012,0.591
w077,w013,0.003
w077,w014,0.291
w077,w015,4.721
w077,w016,0.166
w077,w017,0.496
w077,w018,0.496
w077,w019,0.419
w077,w020,0.419
w077,w021,0.419
w077,w022,0.466
w077,w023,0.017
w077,w024,0.142
w077,w025,0.012
w077,w026,0.006
w077,w027,0.061
w077,w028,0.001
w077,w029,0.72
w077,w030,0.173
w077,w031,0.446
w077,w032,0.576
w077,w033,0.157
w077,w034,0.056
w077,w035,0.95
w077,w036,0.002
w077,w037,0.082
w077,w038,0.013
w077,w039,0.136
w077,w040,0.175
w077,w041,0.389
w077,w042,0.389
w077,w043,0.389
w077,w044,0.097
w077,w045,0.146
w077,w046,0.333
w077,w047,0.333
w077,w048,0.638
w077,w049,0.047
w077,w050,0.047
w077,w051,0.047
w077,w052,0.076
w077,w053,0.02
w077,w054,0.008
w077,w055,0.008
w077,w056,0.014
w077,w057,0.51
w077,w058,0.065
w077,w059,0.023
w077,w060,0.009
w077,w061,0.02
w077,w062,1.668
w077,w063,0.057
w077,w064,0.082
w077,w065,0.009
w077,w066,0.106
w077,w067,0.031
w077,w068,0.081
w077,w069,0.04
w077,w070,1.325
w077,w071,0.095
w077,w072,0.149
w077,w073,0.0
w077,w074,1.804
w077,w075,0.809
w077,w076,0.842
w077,w077,3.307
w077,w078,0.409
w077,w079,0.206
w077,w080,0.206
w077,w081,0.075
w077,w082,0.099
w077,w083,0.419
w077,w084,0.466
w077,w085,0.04
w078,streamflow,41.875
w078,w001,0.002
w078,w002,0.717
w078,w003,0.866
w078,w004,8.335
w078,w005,0.001
w078,w006,0.334
w078,w007,1.047
w078,w008,0.001
w078,w009,0.001
w078,w010,2.548
w078,w011,0.012
w078,w012,1.579
w078,w013,0.002
w078,w014,0.063
w078,w015,3.703
w078,w016,0.075
w078,w017,0.831
w078,w018,0.831
w078,w019,0.89
w078,w020,0.89
w078,w021,0.89
w078,w022,0.157
w078,w023,0.005
w078,w024,0.157
w078,w025,0.069
w078,w026,0.145
w078,w027,0.001
w078,w028,0.03
w078,w029,0.104
w078,w030,0.017
w078,w031,0.353
w078,w032,1.81
w078,w033,0.191
w078,w034,0.001
w078,w035,4.121
w078,w036,0.006
w078,w037,2.493
w078,w038,0.243
w078,w039,0.26
w078,w040,0.028
w078,w041,0.248
w078,w042,0.248
w078,w043,0.248
w078,w044,0.155
w078,w045,0.057
w078,w046,0.002
w078,w047,0.002
w078,w048,0.011
w078,w049,0.0
w078,w050,0.0
w078,w051,0.0
w078,w052,0.002
w078,w053,0.022
w078,w054,0.003
w078,w055,0.003
w078,w056,0.053
w078,w057,0.114
w078,w058,0.07
w078,w059,0.374
w078,w060,0.003
w078,w061,0.998
w078,w062,0.64
w078,w063,0.0
w078,w064,0.001
w078,w065,7.72
w078,w066,0.022
w078,w067,4.441
w078,w068,0.001
w078,w069,0.666
w078,w070,7.102
w078,w071,0.001
w078,w072,4.067
w078,w073,0.027
w078,w074,0.749
w078,w075,0.457
w078,w076,3.593
w078,w077,0.527
w078,w078,2.57
w078,w079,2.399
w078,w080,2.399
w078,w081,0.845
w078,w082,1.467
w078,w083,0.89
w078,w084,0.157
w078,w085,0.0
w079,streamflow,25.407
w079,w001,0.003
w079,w002,0.814
w079,w003,0.541
w079,w004,8.44
w079,w005,0.013
w079,w006,0.519
w079,w007,1.231
w079,w008,0.007
w079,w009,0.014
w079,w010,0.565
w079,w011,0.002
w079,w012,2.051
w079,w013,0.003
w079,w014,0.026
w079,w015,2.91
w079,w016,0.068
w079,w017,0.854
w079,w018,0.854
w079,w019,0.959
w079,w020,0.959
w079,w021,0.959
w079,w022,0.173
w079,w023,0.016
w079,w024,0.301
w079,w025,0.123
w079,w026,0.225
w079,w027,0.001
w079,w028,0.0
w079,w029,0.057
w079,w030,0.017
w079,w031,0.23
w079,w032,1.318
w079,w033,0.154
w079,w034,0.014
w079,w035,3.442
w079,w036,0.04
w079,w037,2.301
w079,w038,0.503
w079,w039,0.213
w079,w040,0.238
w079,w041,0.11
w079,w042,0.11
w079,w043,0.11
w079,w044,0.067
w079,w045,0.11
w079,w046,0.056
w079,w047,0.056
w079,w048,0.001
w079,w049,0.006
w079,w050,0.006
w079,w051,0.006
w079,w052,0.011
w079,w053,0.0
w079,w054,0.006
w079,w055,0.006
w079,w056,0.282
w079,w057,0.08
w079,w058,0.095
w079,w059,0.527
w079,w060,0.001
w079,w061,1.209
w079,w062,1.172
w079,w063,0.001
w079,w064,0.001
w079,w065,8.867
w079,w066,0.034
w079,w067,5.902
w079,w068,0.023
w079,w069,0.84
w079,w070,8.068
w079,w071,0.001
w079,w072,3.764
w079,w073,0.0
w079,w074,0.236
w079,w075,0.247
w079,w076,3.411
w079,w077,0.263
w079,w078,2.376
w079,w079,2.595
w079,w080,2.595
w079,w081,1.062
w079,w082,1.311
w079,w083,0.959
w079,w084,0.173
w079,w085,0.009
w080,streamflow,25.407
w080,w001,0.003
w080,w002,0.814
w080,w003,0.541
w080,w004,8.44
w080,w005,0.013
w080,w006,0.519
w080,w007,1.231
w080,w008,0.007
w080,w009,0.014
w080,w010,0.565
w080,w011,0.002
w080,w012,2.051
w080,w013,0.003
w080,w014,0.026
w080,w015,2.91
w080,w016,0.068
w080,w017,0.854
w080,w018,0.854
w080,w019,0.959
w080,w020,0.959
w080,w021,0.959
w080,w022,0.173
w080,w023,0.016
w080,w024,0.301
w080,w025,0.123
w080,w026,0.225
w080,w027,0.001
w080,w028,0.0
w080,w029,0.057
w080,w030,0.017
w080,w031,0.23
w080,w032,1.318
w080,w033,0.154
w080,w034,0.014
w080,w035,3.442
w080,w036,0.04
w080,w037,2.301
w080,w038,0.503
w080,w039,0.213
w080,w040,0.238
w080,w041,0.11
w080,w042,0.11
w080,w043,0.11
w080,w044,0.067
w080,w045,0.11
w080,w046,0.056
w080,w047,0.056
w080,w048,0.001
w080,w049,0.006
w080,w050,0.006
w080,w051,0.006
w080,w052,0.011
w080,w053,0.0
w080,w054,0.006
w080,w055,0.006
w080,w056,0.282
w080,w057,0.08
w080,w058,0.095
w080,w059,0.527
w080,w060,0.001
w080,w061,1.209
w080,w062,1.172
w080,w063,0.001
w080,w064,0.001
w080,w065,8.867
w080,w066,0.034
w080,w067,5.902
w080,w068,0.023
w080,w069,0.84
w080,w070,8.068
w080,w071,0.001
w080,w072,3.764
w080,w073,0.0
w080,w074,0.236
w080,w075,0.247
w080,w076,3.411
w080,w077,0.263
w080,w078,2.376
w080,w079,2.595
w080,w080,2.595
w080,w081,1.062
w080,w082,1.311
w080,w083,0.959
w080,w084,0.173
w080,w085,0.009
w081,streamflow,38.572
w081,w001,0.009
w081,w002,0.71
w081,w003,0.268
w081,w004,5.846
w081,w005,0.148
w081,w006,0.662
w081,w007,1.284
w081,w008,0.09
w081,w009,0.089
w081,w010,0.069
w081,w011,0.115
w081,w012,2.034
w081,w013,0.056
w081,w014,0.016
w081,w015,1.377
w081,w016,0.09
w081,w017,0.735
w081,w018,0.735
w081,w019,0.837
w081,w020,0.837
w081,w021,0.837
w081,w022,0.264
w081,w023,0.059
w081,w024,0.471
w081,w025,0.182
w081,w026,0.287
w081,w027,0.047
w081,w028,0.076
w081,w029,0.07
w081,w030,0.029
w081,w031,0.115
w081,w032,0.417
w081,w033,0.112
w081,w034,0.082
w081,w035,1.194
w081,w036,0.504
w081,w037,1.368
w081,w038,0.624
w081,w039,0.168
w081,w040,0.386
w081,w041,0.024
w081,w042,0.024
w081,w043,0.024
w081,w044,0.004
w081,w045,0.26
w081,w046,0.234
w081,w047,0.234
w081,w048,0.003
w081,w049,0.067
w081,w050,0.067
w081,w051,0.067
w081,w052,0.072
w081,w053,0.072
w081,w054,0.091
w081,w055,0.091
w081,w056,2.016
w081,w057,0.51
w081,w058,0.209
w081,w059,0.714
w081,w060,0.038
w081,w061,1.232
w081,w062,2.894
w081,w063,0.025
w081,w064,0.006
w081,w065,6.627
w081,w066,0.067
w081,w067,6.391
w081,w068,0.109
w081,w069,1.105
w081,w070,9.377
w081,w071,0.011
w081,w072,2.522
w081,w073,0.096
w081,w074,0.0
w081,w075,0.041
w081,w076,2.369
w081,w077,0.184
w081,w078,1.61
w081,w079,2.04
w081,w080,2.04
w081,w081,1.35
w081,w082,0.706
w081,w083,0.837
w081,w084,0.264
w081,w085,0.07
w082,streamflow,46.783
w082,w001,0.001
w082,w002,2.143
w082,w003,0.18
w082,w004,1.453
w082,w005,0.002
w082,w006,0.117
w082,w007,0.212
w082,w008,0.001
w082,w009,0.0
w082,w010,1.667
w082,w011,0.003
w082,w012,0.836
w082,w013,0.0
w082,w014,0.017
w082,w015,0.307
w082,w016,1.147
w082,w017,3.109
w082,w018,3.109
w082,w019,2.645
w082,w020,2.645
w082,w021,2.645
w082,w022,0.975
w082,w023,0.001
w082,w024,0.019
w082,w025,0.003
w082,w026,0.006
w082,w027,0.0
w082,w028,0.002
w082,w029,0.089
w082,w030,0.005
w082,w031,0.412
w082,w032,1.923
w082,w033,0.281
w082,w034,0.0
w082,w035,3.096
w082,w036,0.003
w082,w037,0.827
w082,w038,0.029
w082,w039,0.035
w082,w040,1.907
w082,w041,0.034
w082,w042,0.034
w082,w043,0.034
w082,w044,0.202
w082,w045,0.07
w082,w046,0.015
w082,w047,0.015
w082,w048,0.003
w082,w049,0.0
w082,w050,0.0
w082,w051,0.0
w082,w052,0.007
w082,w053,0.001
w082,w054,0.001
w082,w055,0.001
w082,w056,0.104
w082,w057,0.098
w082,w058,0.098
w082,w059,0.048
w082,w060,0.0
w082,w061,0.337
w082,w062,10.894
w082,w063,0.001
w082,w064,0.0
w082,w065,1.475
w082,w066,0.015
w082,w067,1.225
w082,w068,0.002
w082,w069,0.344
w082,w070,1.58
w082,w071,0.0
w082,w072,4.107
w082,w073,0.009
w082,w074,0.407
w082,w075,0.0
w082,w076,0.304
w082,w077,0.068
w082,w078,0.777
w082,w079,0.701
w082,w080,0.701
w082,w081,0.196
w082,w082,4.855
w082,w083,2.645
w082,w084,0.975
w082,w085,0.001
w083,streamflow,11.152
w083,w001,0.004
w083,w002,0.544
w083,w003,0.022
w083,w004,0.301
w083,w005,0.026
w083,w006,0.352
w083,w007,0.344
w083,w008,0.006
w083,w009,0.012
w083,w010,0.077
w083,w011,0.023
w083,w012,7.79
w083,w013,0.0
w083,w014,0.051
w083,w015,0.683
w083,w016,1.405
w083,w017,8.218
w083,w018,8.218
w083,w019,6.924
w083,w020,6.924
w083,w021,6.924
w083,w022,4.576
w083,w023,0.004
w083,w024,0.543
w083,w025,0.0
w083,w026,0.002
w083,w027,0.022
w083,w028,0.034
w083,w029,0.0
w083,w030,0.003
w083,w031,0.021
w083,w032,0.038
w083,w033,0.049
w083,w034,0.008
w083,w035,0.005
w083,w036,0.071
w083,w037,1.572
w083,w038,0.139
w083,w039,0.002
w083,w040,0.646
w083,w041,0.059
w083,w042,0.059
w083,w043,0.059
w083,w044,1.977
w083,w045,1.535
w083,w046,1.301
w083,w047,1.301
w083,w048,0.0
w083,w049,0.017
w083,w050,0.017
w083,w051,0.017
w083,w052,0.024
w083,w053,0.016
w083,w054,0.007
w083,w055,0.007
w083,w056,1.868
w083,w057,0.088
w083,w058,0.032
w083,w059,0.051
w083,w060,0.013
w083,w061,0.219
w083,w062,5.336
w083,w063,0.004
w083,w064,0.004
w083,w065,3.665
w083,w066,0.009
w083,w067,0.832
w083,w068,0.083
w083,w069,0.527
w083,w070,0.194
w083,w071,0.004
w083,w072,1.869
w083,w073,0.009
w083,w074,0.973
w083,w075,0.677
w083,w076,0.077
w083,w077,0.2
w083,w078,0.33
w083,w079,0.359
w083,w080,0.359
w083,w081,0.163
w083,w082,1.855
w083,w083,6.924
w083,w084,4.576
w083,w085,0.002
w084,streamflow,42.638
w084,w001,0.006
w084,w002,0.232
w084,w003,0.007
w084,w004,0.174
w084,w005,0.083
w084,w006,0.288
w084,w007,0.182
w084,w008,0.03
w084,w009,0.031
w084,w010,0.292
w084,w011,0.092
w084,w012,7.239
w084,w013,0.008
w084,w014,0.054
w084,w015,2.269
w084,w016,1.218
w084,w017,7.326
w084,w018,7.326
w084,w019,5.896
w084,w020,5.896
w084,w021,5.896
w084,w022,5.374
w084,w023,0.001
w084,w024,0.787
w084,w025,0.008
w084,w026,0.01
w084,w027,0.075
w084,w028,0.154
w084,w029,0.004
w084,w030,0.007
w084,w031,0.024
w084,w032,0.002
w084,w033,0.089
w084,w034,0.028
w084,w035,0.207
w084,w036,0.278
w084,w037,1.064
w084,w038,0.078
w084,w039,0.021
w084,w040,0.352
w084,w041,0.095
w084,w042,0.095
w084,w043,0.095
w084,w044,1.233
w084,w045,1.282
w084,w046,2.067
w084,w047,2.067
w084,w048,0.002
w084,w049,0.057
w084,w050,0.057
w084,w051,0.057
w084,w052,0.066
w084,w053,0.08
w084,w054,0.039
w084,w055,0.039
w084,w056,3.262
w084,w057,0.099
w084,w058,0.039
w084,w059,0.025
w084,w060,0.044
w084,w061,0.043
w084,w062,7.101
w084,w063,0.016
w084,w064,0.009
w084,w065,1.266
w084,w066,0.019
w084,w067,0.23
w084,w068,0.089
w084,w069,0.472
w084,w070,0.003
w084,w071,0.009
w084,w072,0.819
w084,w073,0.071
w084,w074,2.073
w084,w075,1.061
w084,w076,0.008
w084,w077,0.287
w084,w078,0.075
w084,w079,0.084
w084,w080,0.084
w084,w081,0.066
w084,w082,0.88
w084,w083,5.896
w084,w084,5.374
w084,w085,0.021
w085,streamflow,219.352
w085,w001,0.214
w085,w002,0.029
w085,w003,0.023
w085,w004,0.097
w085,w005,1.129
w085,w006,0.258
w085,w007,0.107
w085,w008,0.793
w085,w009,0.711
w085,w010,0.01
w085,w011,1.119
w085,w012,0.392
w085,w013,0.217
w085,w014,0.136
w085,w015,0.71
w085,w016,0.021
w085,w017,0.013
w085,w018,0.013
w085,w019,0.023
w085,w020,0.023
w085,w021,0.023
w085,w022,0.155
w085,w023,0.133
w085,w024,0.145
w085,w025,0.308
w085,w026,0.241
w085,w027,0.631
w085,w028,1.098
w085,w029,0.317
w085,w030,0.322
w085,w031,0.059
w085,w032,0.055
w085,w033,0.149
w085,w034,0.71
w085,w035,0.092
w085,w036,2.953
w085,w037,0.001
w085,w038,0.313
w085,w039,0.109
w085,w040,0.03
w085,w041,0.296
w085,w042,0.296
w085,w043,0.296
w085,w044,0.002
w085,w045,0.243
w085,w046,0.747
w085,w047,0.747
w085,w048,0.536
w085,w049,0.651
w085,w050,0.651
w085,w051,0.651
w085,w052,0.543
w085,w053,0.439
w085,w054,0.398
w085,w055,0.398
w085,w056,0.643
w085,w057,0.026
w085,w058,0.169
w085,w059,0.048
w085,w060,0.497
w085,w061,0.004
w085,w062,1.289
w085,w063,0.458
w085,w064,0.226
w085,w065,0.044
w085,w066,0.355
w085,w067,0.232
w085,w068,0.027
w085,w069,0.504
w085,w070,0.261
w085,w071,0.273
w085,w072,0.229
w085,w073,1.11
w085,w074,0.925
w085,w075,0.509
w085,w076,0.019
w085,w077,0.186
w085,w078,0.0
w085,w079,0.034
w085,w080,0.034
w085,w081,0.132
w085,w082,0.004
w085,w083,0.023
w085,w084,0.155
w085,w085,0.712
